District,Incidence_Month,Year,Incidence_per_1k,lag1_rainfall,lag2_rainfall,lag3_rainfall,lag1_temperature,lag2_temperature,lag3_temperature
Balaka,April,2018,80.5487,0.01,0.02,0.01,297.434,297.607,297.506
Balaka,May,2018,66.012200000000007,0.01,0.01,0.02,295.855,297.434,297.607
Balaka,June,2018,28.4061,0,0.01,0.01,294.801,295.855,297.434
Balaka,July,2018,20.9347,0,0,0.01,292.411,294.801,295.855
Balaka,August,2018,17.0414,0,0,0,291.335,292.411,294.801
Balaka,September,2018,19.9619,0,0,0,295.088,291.335,292.411
Balaka,October,2018,17.1624,0,0,0,298.098,295.088,291.335
Balaka,November,2018,13.1207,0,0,0,297.742,298.098,295.088
Balaka,December,2018,18.8933,0.01,0,0,298.358,297.742,298.098
Balaka,January,2019,99.8046,0.02,0.01,0,297.547,298.358,297.742
Balaka,February,2019,54.7786,0.02,0.02,0.01,296.986,297.547,298.358
Balaka,March,2019,61.8457,0.01,0.02,0.02,297.239,296.986,297.547
Balaka,April,2019,61.4554,0.03,0.01,0.02,296.82,297.239,296.986
Balaka,May,2019,64.0721,0,0.03,0.01,296.442,296.82,297.239
Balaka,June,2019,33.9874,0,0,0.03,293.852,296.442,296.82
Balaka,July,2019,27.4458,0,0,0,291.502,293.852,296.442
Balaka,August,2019,22.7381,0,0,0,291.536,291.502,293.852
Balaka,September,2019,20.8333,0,0,0,294.467,291.536,291.502
Balaka,October,2019,21.5074,0,0,0,295.762,294.467,291.536
Balaka,November,2019,16.5025,0,0,0,299.799,295.762,294.467
Balaka,December,2019,26.0111,0.01,0,0,300.448,299.799,295.762
Balaka,January,2020,64.9856,0.02,0.01,0,298.378,300.448,299.799
Balaka,February,2020,65.3152,0.03,0.02,0.01,296.889,298.378,300.448
Balaka,March,2020,95.9162,0.01,0.03,0.02,297.481,296.889,298.378
Balaka,April,2020,69.1678,0,0.01,0.03,297.039,297.481,296.889
Balaka,May,2020,51.773,0,0,0.01,297.16,297.039,297.481
Balaka,June,2020,35.5783,0,0,0,294.08,297.16,297.039
Balaka,July,2020,12.7062,0,0,0,292.129,294.08,297.16
Balaka,August,2020,16.6515,0,0,0,291.32,292.129,294.08
Balaka,September,2020,20.6053,0,0,0,294.127,291.32,292.129
Balaka,October,2020,18.1318,0,0,0,296.598,294.127,291.32
Balaka,November,2020,17.5521,0,0,0,299.146,296.598,294.127
Balaka,December,2020,10.9976,0,0,0,301.503,299.146,296.598
Balaka,January,2021,24.226,0.01,0,0,298.863,301.503,299.146
Balaka,February,2021,18.1093,0.02,0.01,0,297.64,298.863,301.503
Balaka,March,2021,41.623,0.02,0.02,0.01,297.959,297.64,298.863
Balaka,April,2021,42.5007,0.02,0.02,0.02,296.081,297.959,297.64
Balaka,May,2021,51.7743,0,0.02,0.02,294.826,296.081,297.959
Balaka,June,2021,36.1557,0,0,0.02,292.578,294.826,296.081
Balaka,July,2021,24.7245,0,0,0,291.509,292.578,294.826
Balaka,August,2021,17.7511,0,0,0,291.132,291.509,292.578
Balaka,September,2021,20.9414,0,0,0,293.424,291.132,291.509
Balaka,October,2021,16.6597,0,0,0,296.106,293.424,291.132
Balaka,November,2021,11.6825,0,0,0,298.403,296.106,293.424
Balaka,December,2021,7.3757,0,0,0,300.872,298.403,296.106
Balaka,January,2022,8.4087,0,0,0,301.071,300.872,298.403
Balaka,February,2022,13.9261,0.03,0,0,296.793,301.071,300.872
Balaka,March,2022,13.7978,0.02,0.03,0,296.955,296.793,301.071
Balaka,April,2022,29.1399,0.01,0.02,0.03,296.565,296.955,296.793
Balaka,May,2022,50.0526,0,0.01,0.02,296.02,296.565,296.955
Balaka,June,2022,38.0926,0,0,0.01,293.714,296.02,296.565
Balaka,July,2022,27.9297,0,0,0,290.898,293.714,296.02
Balaka,August,2022,37.0861,0,0,0,291.387,290.898,293.714
Balaka,September,2022,24.1441,0,0,0,293.783,291.387,290.898
Balaka,October,2022,23.8568,0,0,0,295.814,293.783,291.387
Balaka,November,2022,12.8137,0,0,0,299.564,295.814,293.783
Balaka,December,2022,6.4873,0,0,0,299.608,299.564,295.814
Balaka,January,2023,12.529,0.02,0,0,297.236,299.608,299.564
Balaka,February,2023,13.2428,0.02,0.02,0,296.645,297.236,299.608
Balaka,March,2023,10.2489,0.02,0.02,0.02,297.03,296.645,297.236
Balaka,April,2023,16.3181,0.03,0.02,0.02,296.405,297.03,296.645
Balaka,May,2023,15.7609,0.01,0.03,0.02,295.35,296.405,297.03
Balaka,June,2023,28.4069,0,0.01,0.03,294.311,295.35,296.405
Balaka,July,2023,22.7263,0,0,0.01,293.506,294.311,295.35
Balaka,August,2023,13.4768,0,0,0,291.848,293.506,294.311
Balaka,September,2023,14.4325,0,0,0,293.646,291.848,293.506
Balaka,October,2023,25.871,0,0,0,297.764,293.646,291.848
Balaka,November,2023,25.6806,0,0,0,299.965,297.764,293.646
Balaka,December,2023,12.9097,0,0,0,299.527,299.965,297.764
Balaka,January,2024,20.3841,0.01,0,0,300.671,299.527,299.965
Balaka,February,2024,27.5886,0.02,0.01,0,297.961,300.671,299.527
Balaka,March,2024,33.3531,0.02,0.02,0.01,298.358,297.961,300.671
Balaka,April,2024,46.7179,0.01,0.02,0.02,297.595,298.358,297.961
Balaka,May,2024,52.4572,0,0.01,0.02,296.449,297.595,298.358
Balaka,June,2024,25.7489,0,0,0.01,294.339,296.449,297.595
Balaka,July,2024,21.5713,0,0,0,292.426,294.339,296.449
Balaka,August,2024,18.3184,0,0,0,293.467,292.426,294.339
Balaka,September,2024,15.5057,0,0,0,294.408,293.467,292.426
Balaka,October,2024,12.4632,0,0,0,296.761,294.408,293.467
Balaka,November,2024,9.776,0,0,0,297.523,296.761,294.408
Balaka,December,2024,14.4188,0,0,0,299.406,297.523,296.761
Blantyre,April,2018,33.2112,0.01,0.02,0.01,297.524,298.014,297.92
Blantyre,May,2018,27.0543,0.01,0.01,0.02,295.99,297.524,298.014
Blantyre,June,2018,19.4002,0,0.01,0.01,294.943,295.99,297.524
Blantyre,July,2018,12.971,0,0,0.01,292.393,294.943,295.99
Blantyre,August,2018,12.3283,0,0,0,291.05,292.393,294.943
Blantyre,September,2018,9.5943,0,0,0,294.941,291.05,292.393
Blantyre,October,2018,7.2564,0,0,0,298.034,294.941,291.05
Blantyre,November,2018,7.5103,0,0,0,297.554,298.034,294.941
Blantyre,December,2018,8.6969,0.01,0,0,298.533,297.554,298.034
Blantyre,January,2019,16.6274,0.02,0.01,0,297.802,298.533,297.554
Blantyre,February,2019,14.0416,0.03,0.02,0.01,297.233,297.802,298.533
Blantyre,March,2019,30.9185,0.01,0.03,0.02,297.496,297.233,297.802
Blantyre,April,2019,27.6279,0.03,0.01,0.03,296.743,297.496,297.233
Blantyre,May,2019,26.5955,0,0.03,0.01,296.305,296.743,297.496
Blantyre,June,2019,16.7839,0,0,0.03,293.612,296.305,296.743
Blantyre,July,2019,13.0905,0,0,0,291.404,293.612,296.305
Blantyre,August,2019,15.7272,0,0,0,291.313,291.404,293.612
Blantyre,September,2019,14.3044,0,0,0,294.353,291.313,291.404
Blantyre,October,2019,12.3208,0,0,0,295.595,294.353,291.313
Blantyre,November,2019,13.7795,0,0,0,299.997,295.595,294.353
Blantyre,December,2019,9.4799,0.01,0,0,300.445,299.997,295.595
Blantyre,January,2020,41.645,0.01,0.01,0,298.981,300.445,299.997
Blantyre,February,2020,36.2324,0.03,0.01,0.01,297.15,298.981,300.445
Blantyre,March,2020,46.1001,0.01,0.03,0.01,297.716,297.15,298.981
Blantyre,April,2020,37.1417,0,0.01,0.03,297.011,297.716,297.15
Blantyre,May,2020,31.2721,0,0,0.01,297.133,297.011,297.716
Blantyre,June,2020,16.2272,0,0,0,293.997,297.133,297.011
Blantyre,July,2020,16.2785,0,0,0,291.866,293.997,297.133
Blantyre,August,2020,15.6966,0,0,0,291.042,291.866,293.997
Blantyre,September,2020,12.7802,0,0,0,293.901,291.042,291.866
Blantyre,October,2020,12.3402,0,0,0,296.6,293.901,291.042
Blantyre,November,2020,12.6361,0,0,0,298.813,296.6,293.901
Blantyre,December,2020,9.8708,0,0,0,301.587,298.813,296.6
Blantyre,January,2021,29.7563,0.01,0,0,299.145,301.587,298.813
Blantyre,February,2021,25.061,0.02,0.01,0,298.022,299.145,301.587
Blantyre,March,2021,31.3795,0.01,0.02,0.01,298.464,298.022,299.145
Blantyre,April,2021,29.9608,0.01,0.01,0.02,296.553,298.464,298.022
Blantyre,May,2021,26.1249,0,0.01,0.01,295.021,296.553,298.464
Blantyre,June,2021,18.7719,0,0,0.01,292.705,295.021,296.553
Blantyre,July,2021,14.6729,0,0,0,291.756,292.705,295.021
Blantyre,August,2021,9.8446,0,0,0,291.127,291.756,292.705
Blantyre,September,2021,9.7709,0,0,0,293.274,291.127,291.756
Blantyre,October,2021,10.7603,0,0,0,296.042,293.274,291.127
Blantyre,November,2021,6.8756,0,0,0,298.311,296.042,293.274
Blantyre,December,2021,8.5913,0.01,0,0,300.616,298.311,296.042
Blantyre,January,2022,9.2744,0,0.01,0,301.118,300.616,298.311
Blantyre,February,2022,17.9713,0.03,0,0.01,296.978,301.118,300.616
Blantyre,March,2022,16.7814,0.02,0.03,0,297.139,296.978,301.118
Blantyre,April,2022,18.9014,0.02,0.02,0.03,296.549,297.139,296.978
Blantyre,May,2022,21.1911,0,0.02,0.02,295.976,296.549,297.139
Blantyre,June,2022,17.1421,0,0,0.02,293.573,295.976,296.549
Blantyre,July,2022,13.6435,0,0,0,290.781,293.573,295.976
Blantyre,August,2022,12.3548,0,0,0,291.121,290.781,293.573
Blantyre,September,2022,9.8999,0,0,0,293.651,291.121,290.781
Blantyre,October,2022,11.4682,0,0,0,295.847,293.651,291.121
Blantyre,November,2022,8.7972,0,0,0,299.593,295.847,293.651
Blantyre,December,2022,10.4701,0,0,0,299.235,299.593,295.847
Blantyre,January,2023,20.2329,0.02,0,0,297.702,299.235,299.593
Blantyre,February,2023,26.2949,0.02,0.02,0,296.874,297.702,299.235
Blantyre,March,2023,24.8598,0.02,0.02,0.02,297.402,296.874,297.702
Blantyre,April,2023,26.9227,0.03,0.02,0.02,296.408,297.402,296.874
Blantyre,May,2023,25.9314,0,0.03,0.02,295.664,296.408,297.402
Blantyre,June,2023,34.8152,0,0,0.03,294.723,295.664,296.408
Blantyre,July,2023,30.575,0,0,0,293.813,294.723,295.664
Blantyre,August,2023,24.6411,0,0,0,292.022,293.813,294.723
Blantyre,September,2023,19.4806,0,0,0,293.69,292.022,293.813
Blantyre,October,2023,22.9584,0,0,0,297.993,293.69,292.022
Blantyre,November,2023,22.2625,0,0,0,299.878,297.993,293.69
Blantyre,December,2023,18.8145,0,0,0,299.639,299.878,297.993
Blantyre,January,2024,40.8281,0.01,0,0,300.772,299.639,299.878
Blantyre,February,2024,32.8736,0.01,0.01,0,298.253,300.772,299.639
Blantyre,March,2024,40.0125,0.01,0.01,0.01,299.085,298.253,300.772
Blantyre,April,2024,51.7175,0.01,0.01,0.01,298.198,299.085,298.253
Blantyre,May,2024,41.2057,0,0.01,0.01,296.665,298.198,299.085
Blantyre,June,2024,28.2961,0,0,0.01,294.508,296.665,298.198
Blantyre,July,2024,26.2211,0,0,0,292.543,294.508,296.665
Blantyre,August,2024,25.377,0,0,0,293.252,292.543,294.508
Blantyre,September,2024,24.6616,0,0,0,294.453,293.252,292.543
Blantyre,October,2024,16.7682,0,0,0,296.69,294.453,293.252
Blantyre,November,2024,19.0096,0,0,0,297.508,296.69,294.453
Blantyre,December,2024,25.4673,0.01,0,0,299.382,297.508,296.69
Chikwawa,April,2018,31.8798,0.01,0.02,0,299.487,300.04,300.347
Chikwawa,May,2018,38.1339,0,0.01,0.02,298.455,299.487,300.04
Chikwawa,June,2018,22.9933,0,0,0.01,297.489,298.455,299.487
Chikwawa,July,2018,20.5168,0,0,0,294.746,297.489,298.455
Chikwawa,August,2018,19.4422,0,0,0,292.83,294.746,297.489
Chikwawa,September,2018,18.9678,0,0,0,297.457,292.83,294.746
Chikwawa,October,2018,11.5028,0,0,0,300.608,297.457,292.83
Chikwawa,November,2018,7.18,0,0,0,299.667,300.608,297.457
Chikwawa,December,2018,8.7891,0.01,0,0,300.478,299.667,300.608
Chikwawa,January,2019,24.0884,0.01,0.01,0,299.662,300.478,299.667
Chikwawa,February,2019,45.4727,0.03,0.01,0.01,299.103,299.662,300.478
Chikwawa,March,2019,45.5593,0.01,0.03,0.01,299.323,299.103,299.662
Chikwawa,April,2019,51.0001,0.03,0.01,0.03,298.26,299.323,299.103
Chikwawa,May,2019,66.3049,0,0.03,0.01,297.787,298.26,299.323
Chikwawa,June,2019,40.8368,0,0,0.03,295.297,297.787,298.26
Chikwawa,July,2019,36.5558,0,0,0,293.132,295.297,297.787
Chikwawa,August,2019,31.6689,0,0,0,293.194,293.132,295.297
Chikwawa,September,2019,35.5621,0,0,0,296.305,293.194,293.132
Chikwawa,October,2019,29.1328,0,0,0,297.638,296.305,293.194
Chikwawa,November,2019,12.4519,0,0,0,302.178,297.638,296.305
Chikwawa,December,2019,10.8108,0.01,0,0,302.416,302.178,297.638
Chikwawa,January,2020,33.2759,0.01,0.01,0,301.569,302.416,302.178
Chikwawa,February,2020,47.9548,0.03,0.01,0.01,298.993,301.569,302.416
Chikwawa,March,2020,67.1937,0.01,0.03,0.01,299.501,298.993,301.569
Chikwawa,April,2020,44.8618,0,0.01,0.03,299.22,299.501,298.993
Chikwawa,May,2020,48.485,0,0,0.01,299.217,299.22,299.501
Chikwawa,June,2020,50.8801,0,0,0,296.081,299.217,299.22
Chikwawa,July,2020,30.0778,0,0,0,293.852,296.081,299.217
Chikwawa,August,2020,28.3281,0,0,0,292.918,293.852,296.081
Chikwawa,September,2020,42.5192,0,0,0,295.901,292.918,293.852
Chikwawa,October,2020,18.2937,0,0,0,298.778,295.901,292.918
Chikwawa,November,2020,14.784,0,0,0,300.873,298.778,295.901
Chikwawa,December,2020,11.0135,0,0,0,304.092,300.873,298.778
Chikwawa,January,2021,27.5704,0.01,0,0,300.829,304.092,300.873
Chikwawa,February,2021,45.241,0.02,0.01,0,299.945,300.829,304.092
Chikwawa,March,2021,45.9143,0.01,0.02,0.01,300.858,299.945,300.829
Chikwawa,April,2021,53.3433,0.01,0.01,0.02,298.962,300.858,299.945
Chikwawa,May,2021,55.3465,0,0.01,0.01,297.465,298.962,300.858
Chikwawa,June,2021,47.4614,0,0,0.01,295.101,297.465,298.962
Chikwawa,July,2021,41.1185,0,0,0,293.951,295.101,297.465
Chikwawa,August,2021,35.6661,0,0,0,293.202,293.951,295.101
Chikwawa,September,2021,33.9647,0,0,0,295.572,293.202,293.951
Chikwawa,October,2021,22.534300000000002,0,0,0,298.364,295.572,293.202
Chikwawa,November,2021,12.0971,0,0,0,300.245,298.364,295.572
Chikwawa,December,2021,12.4951,0.01,0,0,302.632,300.245,298.364
Chikwawa,January,2022,12.5584,0,0.01,0,303.089,302.632,300.245
Chikwawa,February,2022,17.6048,0.03,0,0.01,298.873,303.089,302.632
Chikwawa,March,2022,22.5749,0.02,0.03,0,298.827,298.873,303.089
Chikwawa,April,2022,26.4453,0.02,0.02,0.03,298.212,298.827,298.873
Chikwawa,May,2022,24.7091,0,0.02,0.02,297.637,298.212,298.827
Chikwawa,June,2022,14.1712,0,0,0.02,295.29,297.637,298.212
Chikwawa,July,2022,10.3949,0,0,0,292.387,295.29,297.637
Chikwawa,August,2022,12.4625,0,0,0,292.956,292.387,295.29
Chikwawa,September,2022,8.402,0,0,0,295.61,292.956,292.387
Chikwawa,October,2022,7.6078,0,0,0,298.075,295.61,292.956
Chikwawa,November,2022,5.2852,0,0,0,302.001,298.075,295.61
Chikwawa,December,2022,5.1179,0,0,0,301.093,302.001,298.075
Chikwawa,January,2023,12.827,0.02,0,0,299.912,301.093,302.001
Chikwawa,February,2023,27.6627,0.02,0.02,0,298.751,299.912,301.093
Chikwawa,March,2023,27.572,0.02,0.02,0.02,299.292,298.751,299.912
Chikwawa,April,2023,40.0569,0.02,0.02,0.02,297.959,299.292,298.751
Chikwawa,May,2023,32.5809,0,0.02,0.02,297.52,297.959,299.292
Chikwawa,June,2023,42.9393,0,0,0.02,296.683,297.52,297.959
Chikwawa,July,2023,30.8794,0,0,0,295.821,296.683,297.52
Chikwawa,August,2023,33.4022,0,0,0,293.996,295.821,296.683
Chikwawa,September,2023,29.8162,0,0,0,295.582,293.996,295.821
Chikwawa,October,2023,28.5652,0,0,0,300.301,295.582,293.996
Chikwawa,November,2023,18.4424,0,0,0,301.858,300.301,295.582
Chikwawa,December,2023,12.8446,0,0,0,302.059,301.858,300.301
Chikwawa,January,2024,22.8446,0.01,0,0,303.004,302.059,301.858
Chikwawa,February,2024,35.8079,0.01,0.01,0,300.164,303.004,302.059
Chikwawa,March,2024,22.7385,0,0.01,0.01,301.579,300.164,303.004
Chikwawa,April,2024,33.6684,0,0,0.01,300.789,301.579,300.164
Chikwawa,May,2024,45.3225,0,0,0,298.715,300.789,301.579
Chikwawa,June,2024,29.4597,0,0,0,296.604,298.715,300.789
Chikwawa,July,2024,29.2178,0,0,0,294.592,296.604,298.715
Chikwawa,August,2024,39.3722,0,0,0,295.263,294.592,296.604
Chikwawa,September,2024,28.6544,0,0,0,296.585,295.263,294.592
Chikwawa,October,2024,10.3026,0,0,0,298.711,296.585,295.263
Chikwawa,November,2024,16.0703,0,0,0,299.641,298.711,296.585
Chikwawa,December,2024,15.585,0,0,0,301.778,299.641,298.711
Chiradzulu,April,2018,37.9389,0.01,0.02,0.01,296.745,297.176,296.89
Chiradzulu,May,2018,32.6938,0.01,0.01,0.02,295.039,296.745,297.176
Chiradzulu,June,2018,15.1112,0,0.01,0.01,293.936,295.039,296.745
Chiradzulu,July,2018,7.2491,0,0,0.01,291.54,293.936,295.039
Chiradzulu,August,2018,4.6965,0,0,0,290.316,291.54,293.936
Chiradzulu,September,2018,6.3367000000000004,0,0,0,294.087,290.316,291.54
Chiradzulu,October,2018,5.5614,0,0,0,297.073,294.087,290.316
Chiradzulu,November,2018,3.3783,0,0,0,296.518,297.073,294.087
Chiradzulu,December,2018,4.3635,0.01,0,0,297.606,296.518,297.073
Chiradzulu,January,2019,14.4267,0.02,0.01,0,297.081,297.606,296.518
Chiradzulu,February,2019,17.3197,0.03,0.02,0.01,296.527,297.081,297.606
Chiradzulu,March,2019,26.2516,0.01,0.03,0.02,296.818,296.527,297.081
Chiradzulu,April,2019,28.0044,0.03,0.01,0.03,296.09,296.818,296.527
Chiradzulu,May,2019,40.0189,0,0.03,0.01,295.661,296.09,296.818
Chiradzulu,June,2019,14.1135,0,0,0.03,292.932,295.661,296.09
Chiradzulu,July,2019,5.5388,0,0,0,290.792,292.932,295.661
Chiradzulu,August,2019,2.7694,0,0,0,290.637,290.792,292.932
Chiradzulu,September,2019,2.6925,0,0,0,293.674,290.637,290.792
Chiradzulu,October,2019,2.7419,0,0,0,294.87,293.674,290.637
Chiradzulu,November,2019,3.0524,0,0,0,299.127,294.87,293.674
Chiradzulu,December,2019,4.7283,0.01,0,0,299.499,299.127,294.87
Chiradzulu,January,2020,20.6731,0.01,0.01,0,298.002,299.499,299.127
Chiradzulu,February,2020,16.2152,0.04,0.01,0.01,296.433,298.002,299.499
Chiradzulu,March,2020,27.9131,0.01,0.04,0.01,297.042,296.433,298.002
Chiradzulu,April,2020,35.0317,0,0.01,0.04,296.256,297.042,296.433
Chiradzulu,May,2020,22.5728,0,0,0.01,296.298,296.256,297.042
Chiradzulu,June,2020,8.0415,0,0,0,293.252,296.298,296.256
Chiradzulu,July,2020,4.9841,0,0,0,291.16,293.252,296.298
Chiradzulu,August,2020,2.3423,0,0,0,290.288,291.16,293.252
Chiradzulu,September,2020,2.6607,0,0,0,293.141,290.288,291.16
Chiradzulu,October,2020,3.9641,0,0,0,295.773,293.141,290.288
Chiradzulu,November,2020,3.8669,0,0,0,297.928,295.773,293.141
Chiradzulu,December,2020,5.1514,0,0,0,300.583,297.928,295.773
Chiradzulu,January,2021,16.6824,0.02,0,0,298.286,300.583,297.928
Chiradzulu,February,2021,12.9142,0.02,0.02,0,297.25,298.286,300.583
Chiradzulu,March,2021,37.4115,0.02,0.02,0.02,297.576,297.25,298.286
Chiradzulu,April,2021,32.381100000000004,0.01,0.02,0.02,295.641,297.576,297.25
Chiradzulu,May,2021,23.6726,0,0.01,0.02,294.085,295.641,297.576
Chiradzulu,June,2021,14.6087,0,0,0.01,291.816,294.085,295.641
Chiradzulu,July,2021,5.6616,0,0,0,290.924,291.816,294.085
Chiradzulu,August,2021,2.4503,0,0,0,290.362,290.924,291.816
Chiradzulu,September,2021,2.7181,0,0,0,292.477,290.362,290.924
Chiradzulu,October,2021,2.8295,0,0,0,295.234,292.477,290.362
Chiradzulu,November,2021,2.7817,0,0,0,297.481,295.234,292.477
Chiradzulu,December,2021,3.2113,0.01,0,0,299.741,297.481,295.234
Chiradzulu,January,2022,3.4884,0,0.01,0,300.317,299.741,297.481
Chiradzulu,February,2022,2.5993,0.03,0,0.01,296.203,300.317,299.741
Chiradzulu,March,2022,2.6046,0.02,0.03,0,296.486,296.203,300.317
Chiradzulu,April,2022,3.7335,0.02,0.02,0.03,295.839,296.486,296.203
Chiradzulu,May,2022,6.0564,0,0.02,0.02,295.289,295.839,296.486
Chiradzulu,June,2022,4.6251,0,0,0.02,292.902,295.289,295.839
Chiradzulu,July,2022,1.9241,0,0,0,290.134,292.902,295.289
Chiradzulu,August,2022,1.5669,0,0,0,290.459,290.134,292.902
Chiradzulu,September,2022,1.5669,0,0,0,292.874,290.459,290.134
Chiradzulu,October,2022,2.7949,0,0,0,294.944,292.874,290.459
Chiradzulu,November,2022,2.555,0,0,0,298.698,294.944,292.874
Chiradzulu,December,2022,4.5312,0,0,0,298.332,298.698,294.944
Chiradzulu,January,2023,14.1308,0.02,0,0,296.797,298.332,298.698
Chiradzulu,February,2023,16.9159,0.03,0.02,0,296.151,296.797,298.332
Chiradzulu,March,2023,12.0509,0.02,0.03,0.02,296.666,296.151,296.797
Chiradzulu,April,2023,14.0975,0.04,0.02,0.03,295.709,296.666,296.151
Chiradzulu,May,2023,12.133,0,0.04,0.02,294.94,295.709,296.666
Chiradzulu,June,2023,23.5633,0,0,0.04,294.044,294.94,295.709
Chiradzulu,July,2023,19.796,0,0,0,293.207,294.044,294.94
Chiradzulu,August,2023,11.7945,0,0,0,291.343,293.207,294.044
Chiradzulu,September,2023,6.2704,0,0,0,292.909,291.343,293.207
Chiradzulu,October,2023,8.5811,0,0,0,297.138,292.909,291.343
Chiradzulu,November,2023,14.9335,0,0,0,299.028,297.138,292.909
Chiradzulu,December,2023,12.7126,0,0,0,298.62,299.028,297.138
Chiradzulu,January,2024,45.1365,0.01,0,0,299.726,298.62,299.028
Chiradzulu,February,2024,30.3838,0.01,0.01,0,297.42,299.726,298.62
Chiradzulu,March,2024,38.8543,0.01,0.01,0.01,298.058,297.42,299.726
Chiradzulu,April,2024,43.453,0.01,0.01,0.01,297.195,298.058,297.42
Chiradzulu,May,2024,72.8802,0,0.01,0.01,295.741,297.195,298.058
Chiradzulu,June,2024,26.4464,0,0,0.01,293.682,295.741,297.195
Chiradzulu,July,2024,13.1929,0,0,0,291.764,293.682,295.741
Chiradzulu,August,2024,15.3332,0,0,0,292.578,291.764,293.682
Chiradzulu,September,2024,11.9738,0,0,0,293.723,292.578,291.764
Chiradzulu,October,2024,11.5018,0,0,0,295.918,293.723,292.578
Chiradzulu,November,2024,8.7482,0,0,0,296.657,295.918,293.723
Chiradzulu,December,2024,17.7739,0.01,0,0,298.405,296.657,295.918
Chitipa,April,2018,40.5309,0.03,0.02,0.02,293.716,294.6,293.35
Chitipa,May,2018,26.0367,0.02,0.03,0.02,292.98,293.716,294.6
Chitipa,June,2018,23.6387,0,0.02,0.03,292.267,292.98,293.716
Chitipa,July,2018,19.5925,0,0,0.02,289.925,292.267,292.98
Chitipa,August,2018,18.5788,0,0,0,288.897,289.925,292.267
Chitipa,September,2018,18.1827,0,0,0,291.486,288.897,289.925
Chitipa,October,2018,12.7734,0,0,0,294.248,291.486,288.897
Chitipa,November,2018,11.5809,0,0,0,294.921,294.248,291.486
Chitipa,December,2018,27.0461,0.01,0,0,295.783,294.921,294.248
Chitipa,January,2019,31.0728,0.02,0.01,0,294.403,295.783,294.921
Chitipa,February,2019,21.3288,0.02,0.02,0.01,294.529,294.403,295.783
Chitipa,March,2019,18.7014,0.02,0.02,0.02,294.489,294.529,294.403
Chitipa,April,2019,24.0399,0.02,0.02,0.02,294.524,294.489,294.529
Chitipa,May,2019,32.738,0.01,0.02,0.02,294.001,294.524,294.489
Chitipa,June,2019,14.8064,0,0.01,0.02,292.693,294.001,294.524
Chitipa,July,2019,10.2628,0,0,0.01,289.458,292.693,294.001
Chitipa,August,2019,6.0623,0,0,0,289.894,289.458,292.693
Chitipa,September,2019,4.8071,0,0,0,291.628,289.894,289.458
Chitipa,October,2019,4.9787,0,0,0,293.701,291.628,289.894
Chitipa,November,2019,3.6733,0,0,0,296.026,293.701,291.628
Chitipa,December,2019,7.2379,0.01,0,0,296.432,296.026,293.701
Chitipa,January,2020,13.7101,0.03,0.01,0,294.392,296.432,296.026
Chitipa,February,2020,19.634,0.03,0.03,0.01,294.54,294.392,296.432
Chitipa,March,2020,27.268,0.03,0.03,0.03,294.46,294.54,294.392
Chitipa,April,2020,36.7643,0.03,0.03,0.03,294.071,294.46,294.54
Chitipa,May,2020,26.9227,0.01,0.03,0.03,293.693,294.071,294.46
Chitipa,June,2020,39.013,0,0.01,0.03,291.932,293.693,294.071
Chitipa,July,2020,10.3144,0,0,0.01,290.161,291.932,293.693
Chitipa,August,2020,4.9702,0,0,0,288.822,290.161,291.932
Chitipa,September,2020,9.8416,0,0,0,291.645,288.822,290.161
Chitipa,October,2020,11.5271,0,0,0,293.479,291.645,288.822
Chitipa,November,2020,9.7594,0,0,0,296.036,293.479,291.645
Chitipa,December,2020,23.9094,0,0,0,296.37,296.036,293.479
Chitipa,January,2021,31.6911,0.02,0,0,294.36,296.37,296.036
Chitipa,February,2021,22.2088,0.03,0.02,0,293.745,294.36,296.37
Chitipa,March,2021,32.0144,0.02,0.03,0.02,294.232,293.745,294.36
Chitipa,April,2021,50.1547,0.02,0.02,0.03,293.801,294.232,293.745
Chitipa,May,2021,45.6944,0.01,0.02,0.02,293.045,293.801,294.232
Chitipa,June,2021,38.0989,0,0.01,0.02,291.028,293.045,293.801
Chitipa,July,2021,15.9223,0,0,0.01,289.972,291.028,293.045
Chitipa,August,2021,9.6681,0,0,0,288.841,289.972,291.028
Chitipa,September,2021,10.6297,0,0,0,291.439,288.841,289.972
Chitipa,October,2021,12.0034,0,0,0,293.772,291.439,288.841
Chitipa,November,2021,11.4903,0,0,0,295.779,293.772,291.439
Chitipa,December,2021,14.2699,0,0,0,297.436,295.779,293.772
Chitipa,January,2022,30.9455,0,0,0,296.884,297.436,295.779
Chitipa,February,2022,35.381,0.02,0,0,293.818,296.884,297.436
Chitipa,March,2022,25.846800000000002,0.03,0.02,0,293.503,293.818,296.884
Chitipa,April,2022,26.1764,0.02,0.03,0.02,294.075,293.503,293.818
Chitipa,May,2022,17.1783,0.01,0.02,0.03,293.659,294.075,293.503
Chitipa,June,2022,12.5005,0,0.01,0.02,291.922,293.659,294.075
Chitipa,July,2022,7.8744,0,0,0.01,289.258,291.922,293.659
Chitipa,August,2022,4.2648,0,0,0,289.486,289.258,291.922
Chitipa,September,2022,3.7009,0,0,0,291.266,289.486,289.258
Chitipa,October,2022,2.9147,0,0,0,293.009,291.266,289.486
Chitipa,November,2022,3.141,0,0,0,295.58,293.009,291.266
Chitipa,December,2022,6.0874,0,0,0,296.058,295.58,293.009
Chitipa,January,2023,28.0878,0.02,0,0,293.936,296.058,295.58
Chitipa,February,2023,22.1314,0.02,0.02,0,293.623,293.936,296.058
Chitipa,March,2023,9.321,0.02,0.02,0.02,294.423,293.623,293.936
Chitipa,April,2023,16.1438,0.03,0.02,0.02,293.893,294.423,293.623
Chitipa,May,2023,18.6419,0.02,0.03,0.02,293.28,293.893,294.423
Chitipa,June,2023,21.382,0,0.02,0.03,292.382,293.28,293.893
Chitipa,July,2023,16.6044,0,0,0.02,291.339,292.382,293.28
Chitipa,August,2023,12.9588,0,0,0,289.746,291.339,292.382
Chitipa,September,2023,8.6535,0,0,0,291.448,289.746,291.339
Chitipa,October,2023,10.5505,0,0,0,294.659,291.448,289.746
Chitipa,November,2023,11.8542,0,0,0,297.194,294.659,291.448
Chitipa,December,2023,13.8956,0.01,0,0,296.736,297.194,294.659
Chitipa,January,2024,45.4402,0.02,0.01,0,295.83,296.736,297.194
Chitipa,February,2024,24.6869,0.03,0.02,0.01,294.166,295.83,296.736
Chitipa,March,2024,34.4534,0.03,0.03,0.02,294.907,294.166,295.83
Chitipa,April,2024,46.4572,0.03,0.03,0.03,294.648,294.907,294.166
Chitipa,May,2024,44.9183,0.02,0.03,0.03,293.591,294.648,294.907
Chitipa,June,2024,24.6562,0,0.02,0.03,291.832,293.591,294.648
Chitipa,July,2024,19.8899,0,0,0.02,289.805,291.832,293.591
Chitipa,August,2024,13.1704,0,0,0,290.139,289.805,291.832
Chitipa,September,2024,12.9594,0,0,0,291.241,290.139,289.805
Chitipa,October,2024,16.4055,0,0,0,293.91,291.241,290.139
Chitipa,November,2024,21.0527,0,0,0,295.191,293.91,291.241
Chitipa,December,2024,33.966,0.01,0,0,296.235,295.191,293.91
Dedza,April,2018,39.2654,0.01,0.02,0.01,296.036,296.314,296.211
Dedza,May,2018,31.3432,0.01,0.01,0.02,294.749,296.036,296.314
Dedza,June,2018,19.7205,0,0.01,0.01,294.074,294.749,296.036
Dedza,July,2018,13.9608,0,0,0.01,291.761,294.074,294.749
Dedza,August,2018,11.7936,0,0,0,290.838,291.761,294.074
Dedza,September,2018,14.3096,0,0,0,293.928,290.838,291.761
Dedza,October,2018,18.5924,0,0,0,296.597,293.928,290.838
Dedza,November,2018,16.4768,0,0,0,296.677,296.597,293.928
Dedza,December,2018,17.8371,0,0,0,297.431,296.677,296.597
Dedza,January,2019,44.6116,0.02,0,0,296.394,297.431,296.677
Dedza,February,2019,37.736,0.02,0.02,0,296.068,296.394,297.431
Dedza,March,2019,38.8094,0.02,0.02,0.02,296.252,296.068,296.394
Dedza,April,2019,30.6182,0.02,0.02,0.02,296.141,296.252,296.068
Dedza,May,2019,25.8306,0,0.02,0.02,295.619,296.141,296.252
Dedza,June,2019,15.0351,0,0,0.02,293.511,295.619,296.141
Dedza,July,2019,9.6985,0,0,0,291.103,293.511,295.619
Dedza,August,2019,7.9514,0,0,0,291.248,291.103,293.511
Dedza,September,2019,8.8826,0,0,0,293.609,291.248,291.103
Dedza,October,2019,13.3162,0,0,0,295.091,293.609,291.248
Dedza,November,2019,13.1822,0,0,0,298.297,295.091,293.609
Dedza,December,2019,23.5967,0.01,0,0,298.741,298.297,295.091
Dedza,January,2020,51.2951,0.02,0.01,0,296.921,298.741,298.297
Dedza,February,2020,45.0804,0.03,0.02,0.01,296.03,296.921,298.741
Dedza,March,2020,52.5875,0.01,0.03,0.02,296.406,296.03,296.921
Dedza,April,2020,45.1402,0,0.01,0.03,296.187,296.406,296.03
Dedza,May,2020,27.4114,0,0,0.01,296.195,296.187,296.406
Dedza,June,2020,21.7198,0,0,0,293.776,296.195,296.187
Dedza,July,2020,11.728,0,0,0,291.846,293.776,296.195
Dedza,August,2020,9.3698,0,0,0,290.748,291.846,293.776
Dedza,September,2020,10.3345,0,0,0,293.199,290.748,291.846
Dedza,October,2020,14.614,0,0,0,295.501,293.199,290.748
Dedza,November,2020,17.6311,0,0,0,298.159,295.501,293.199
Dedza,December,2020,21.9406,0,0,0,299.672,298.159,295.501
Dedza,January,2021,48.1037,0.01,0,0,297.256,299.672,298.159
Dedza,February,2021,46.4164,0.03,0.01,0,296.199,297.256,299.672
Dedza,March,2021,50.9102,0.02,0.03,0.01,296.458,296.199,297.256
Dedza,April,2021,28.5911,0.02,0.02,0.03,294.98,296.458,296.199
Dedza,May,2021,21.9681,0,0.02,0.02,294.247,294.98,296.458
Dedza,June,2021,13.8355,0,0,0.02,292.27,294.247,294.98
Dedza,July,2021,8.4723,0,0,0,291.119,292.27,294.247
Dedza,August,2021,6.5848,0,0,0,290.655,291.119,292.27
Dedza,September,2021,8.4318,0,0,0,292.902,290.655,291.119
Dedza,October,2021,10.8479,0,0,0,295.424,292.902,290.655
Dedza,November,2021,14.4733,0,0,0,297.552,295.424,292.902
Dedza,December,2021,19.3967,0,0,0,299.73,297.552,295.424
Dedza,January,2022,32.4154,0,0,0,299.607,299.73,297.552
Dedza,February,2022,34.9207,0.02,0,0,295.765,299.607,299.73
Dedza,March,2022,33.8871,0.03,0.02,0,295.657,295.765,299.607
Dedza,April,2022,31.5282,0.01,0.03,0.02,295.919,295.657,295.765
Dedza,May,2022,29.2354,0,0.01,0.03,295.382,295.919,295.657
Dedza,June,2022,20.0619,0,0,0.01,293.546,295.382,295.919
Dedza,July,2022,10.676,0,0,0,290.561,293.546,295.382
Dedza,August,2022,8.4888,0,0,0,291.003,290.561,293.546
Dedza,September,2022,8.1036,0,0,0,293.004,291.003,290.561
Dedza,October,2022,10.9776,0,0,0,294.936,293.004,291.003
Dedza,November,2022,11.5158,0,0,0,298.392,294.936,293.004
Dedza,December,2022,13.4366,0,0,0,298.346,298.392,294.936
Dedza,January,2023,26.3616,0.02,0,0,295.885,298.346,298.392
Dedza,February,2023,41.137,0.03,0.02,0,295.525,295.885,298.346
Dedza,March,2023,32.7941,0.03,0.03,0.02,295.909,295.525,295.885
Dedza,April,2023,33.7046,0.02,0.03,0.03,295.596,295.909,295.525
Dedza,May,2023,23.6722,0.01,0.02,0.03,294.817,295.596,295.909
Dedza,June,2023,23.8144,0,0.01,0.02,293.997,294.817,295.596
Dedza,July,2023,23.4082,0,0,0.01,293.111,293.997,294.817
Dedza,August,2023,14.825,0,0,0,291.363,293.111,293.997
Dedza,September,2023,10.8911,0,0,0,293.023,291.363,293.111
Dedza,October,2023,16.3766,0,0,0,296.75,293.023,291.363
Dedza,November,2023,20.93,0,0,0,299.051,296.75,293.023
Dedza,December,2023,21.0507,0.01,0,0,298.473,299.051,296.75
Dedza,January,2024,43.6542,0.01,0.01,0,298.673,298.473,299.051
Dedza,February,2024,35.4321,0.02,0.01,0.01,296.8,298.673,298.473
Dedza,March,2024,44.4445,0.01,0.02,0.01,297.215,296.8,298.673
Dedza,April,2024,34.6873,0.01,0.01,0.02,296.653,297.215,296.8
Dedza,May,2024,38.227,0,0.01,0.01,295.682,296.653,297.215
Dedza,June,2024,21.7965,0,0,0.01,293.642,295.682,296.653
Dedza,July,2024,13.4953,0,0,0,291.869,293.642,295.682
Dedza,August,2024,9.9271,0,0,0,292.78,291.869,293.642
Dedza,September,2024,10.5707,0,0,0,293.668,292.78,291.869
Dedza,October,2024,13.9637,0,0,0,296.003,293.668,292.78
Dedza,November,2024,15.4524,0,0,0,296.932,296.003,293.668
Dedza,December,2024,25.3848,0,0,0,298.299,296.932,296.003
Dowa,April,2018,57.6053,0.01,0.01,0.01,294.745,295.147,294.95
Dowa,May,2018,68.6939,0.01,0.01,0.01,293.58,294.745,295.147
Dowa,June,2018,28.8188,0,0.01,0.01,293.129,293.58,294.745
Dowa,July,2018,25.9309,0,0,0.01,290.693,293.129,293.58
Dowa,August,2018,14.1151,0,0,0,289.924,290.693,293.129
Dowa,September,2018,15.7648,0,0,0,292.925,289.924,290.693
Dowa,October,2018,21.8292,0,0,0,295.678,292.925,289.924
Dowa,November,2018,15.4853,0,0,0,296.069,295.678,292.925
Dowa,December,2018,19.7474,0,0,0,296.908,296.069,295.678
Dowa,January,2019,32.6299,0.02,0,0,295.291,296.908,296.069
Dowa,February,2019,28.5486,0.02,0.02,0,294.962,295.291,296.908
Dowa,March,2019,36.163,0.02,0.02,0.02,295.076,294.962,295.291
Dowa,April,2019,40.1485,0.01,0.02,0.02,295.058,295.076,294.962
Dowa,May,2019,39.4429,0,0.01,0.02,294.433,295.058,295.076
Dowa,June,2019,22.6567,0,0,0.01,292.603,294.433,295.058
Dowa,July,2019,13.684,0,0,0,290.044,292.603,294.433
Dowa,August,2019,8.4624,0,0,0,290.352,290.044,292.603
Dowa,September,2019,8.5909,0,0,0,292.816,290.352,290.044
Dowa,October,2019,12.8372,0,0,0,294.56,292.816,290.352
Dowa,November,2019,13.4572,0,0,0,297.646,294.56,292.816
Dowa,December,2019,30.6025,0.01,0,0,297.761,297.646,294.56
Dowa,January,2020,68.5522,0.02,0.01,0,295.89,297.761,297.646
Dowa,February,2020,46.5116,0.02,0.02,0.01,294.997,295.89,297.761
Dowa,March,2020,72.1427,0.01,0.02,0.02,295.311,294.997,295.89
Dowa,April,2020,68.6921,0.01,0.01,0.02,294.889,295.311,294.997
Dowa,May,2020,66.199,0,0.01,0.01,294.804,294.889,295.311
Dowa,June,2020,38.2687,0,0,0.01,292.841,294.804,294.889
Dowa,July,2020,20.3134,0,0,0,291.022,292.841,294.804
Dowa,August,2020,13.6135,0,0,0,289.791,291.022,292.841
Dowa,September,2020,17.1598,0,0,0,292.436,289.791,291.022
Dowa,October,2020,27.0195,0,0,0,294.65,292.436,289.791
Dowa,November,2020,35.5828,0,0,0,297.427,294.65,292.436
Dowa,December,2020,49.578,0,0,0,298.456,297.427,294.65
Dowa,January,2021,89.846,0.01,0,0,296.039,298.456,297.427
Dowa,February,2021,70.2257,0.02,0.01,0,294.791,296.039,298.456
Dowa,March,2021,84.696,0.02,0.02,0.01,295.109,294.791,296.039
Dowa,April,2021,60.7523,0.02,0.02,0.02,293.744,295.109,294.791
Dowa,May,2021,50.2716,0,0.02,0.02,293.051,293.744,295.109
Dowa,June,2021,35.5178,0,0,0.02,291.074,293.051,293.744
Dowa,July,2021,18.0245,0,0,0,289.954,291.074,293.051
Dowa,August,2021,9.4818,0,0,0,289.514,289.954,291.074
Dowa,September,2021,15.2706,0,0,0,292.158,289.514,289.954
Dowa,October,2021,21.5416,0,0,0,294.66,292.158,289.514
Dowa,November,2021,25.5838,0,0,0,296.923,294.66,292.158
Dowa,December,2021,33.2771,0,0,0,298.971,296.923,294.66
Dowa,January,2022,29.3454,0,0,0,298.523,298.971,296.923
Dowa,February,2022,25.0038,0.02,0,0,294.635,298.523,298.971
Dowa,March,2022,13.0296,0.02,0.02,0,294.394,294.635,298.523
Dowa,April,2022,12.6879,0.01,0.02,0.02,294.849,294.394,294.635
Dowa,May,2022,11.8051,0,0.01,0.02,294.193,294.849,294.394
Dowa,June,2022,8.9725,0,0,0.01,292.417,294.193,294.849
Dowa,July,2022,5.5463,0,0,0,289.586,292.417,294.193
Dowa,August,2022,5.4145,0,0,0,289.968,289.586,292.417
Dowa,September,2022,4.7941,0,0,0,292.182,289.968,289.586
Dowa,October,2022,6.948,0,0,0,294.058,292.182,289.968
Dowa,November,2022,7.2874,0,0,0,297.427,294.058,292.182
Dowa,December,2022,9.5521,0,0,0,297.421,297.427,294.058
Dowa,January,2023,28.3129,0.02,0,0,294.787,297.421,297.427
Dowa,February,2023,19.1065,0.02,0.02,0,294.442,294.787,297.421
Dowa,March,2023,11.5205,0.02,0.02,0.02,294.865,294.442,294.787
Dowa,April,2023,14.3179,0.02,0.02,0.02,294.536,294.865,294.442
Dowa,May,2023,10.2117,0,0.02,0.02,293.74,294.536,294.865
Dowa,June,2023,13.2888,0,0,0.02,292.796,293.74,294.536
Dowa,July,2023,11.8799,0,0,0,291.781,292.796,293.74
Dowa,August,2023,8.4479,0,0,0,290.361,291.781,292.796
Dowa,September,2023,7.5723,0,0,0,292.377,290.361,291.781
Dowa,October,2023,13.2882,0,0,0,296.035,292.377,290.361
Dowa,November,2023,20.5757,0,0,0,298.371,296.035,292.377
Dowa,December,2023,19.6376,0,0,0,297.896,298.371,296.035
Dowa,January,2024,53.0834,0.01,0,0,297.688,297.896,298.371
Dowa,February,2024,28.4174,0.02,0.01,0,295.604,297.688,297.896
Dowa,March,2024,31.8261,0.02,0.02,0.01,295.887,295.604,297.688
Dowa,April,2024,42.9949,0.01,0.02,0.02,295.547,295.887,295.604
Dowa,May,2024,47.9188,0,0.01,0.02,294.417,295.547,295.887
Dowa,June,2024,26.6626,0,0,0.01,292.385,294.417,295.547
Dowa,July,2024,16.1815,0,0,0,290.502,292.385,294.417
Dowa,August,2024,16.1704,0,0,0,291.502,290.502,292.385
Dowa,September,2024,21.6411,0,0,0,292.663,291.502,290.502
Dowa,October,2024,29.8417,0,0,0,295.265,292.663,291.502
Dowa,November,2024,34.4705,0,0,0,296.378,295.265,292.663
Dowa,December,2024,46.1951,0,0,0,297.626,296.378,295.265
Karonga,April,2018,49.3305,0.03,0.02,0.03,295.718,296.476,295.504
Karonga,May,2018,40.7878,0.02,0.03,0.02,294.775,295.718,296.476
Karonga,June,2018,36.8374,0,0.02,0.03,294.163,294.775,295.718
Karonga,July,2018,38.6068,0,0,0.02,291.918,294.163,294.775
Karonga,August,2018,48.1344,0,0,0,290.867,291.918,294.163
Karonga,September,2018,41.4791,0,0,0,293.122,290.867,291.918
Karonga,October,2018,37.8771,0,0,0,295.528,293.122,290.867
Karonga,November,2018,27.3482,0,0,0,296.096,295.528,293.122
Karonga,December,2018,19.8946,0.01,0,0,297.123,296.096,295.528
Karonga,January,2019,5.5779,0.02,0.01,0,296.14,297.123,296.096
Karonga,February,2019,15.8587,0.02,0.02,0.01,296.533,296.14,297.123
Karonga,March,2019,13.3731,0.02,0.02,0.02,296.307,296.533,296.14
Karonga,April,2019,10.7962,0.02,0.02,0.02,296.507,296.307,296.533
Karonga,May,2019,10.1815,0.02,0.02,0.02,295.698,296.507,296.307
Karonga,June,2019,8.3615,0.01,0.02,0.02,294.286,295.698,296.507
Karonga,July,2019,7.0167,0,0.01,0.02,291.326,294.286,295.698
Karonga,August,2019,8.0958,0,0,0.01,291.632,291.326,294.286
Karonga,September,2019,7.3603,0,0,0,293.172,291.632,291.326
Karonga,October,2019,6.9174,0,0,0,294.991,293.172,291.632
Karonga,November,2019,5.4759,0,0,0,297.154,294.991,293.172
Karonga,December,2019,8.077,0.01,0,0,297.871,297.154,294.991
Karonga,January,2020,23.0053,0.03,0.01,0,296.239,297.871,297.154
Karonga,February,2020,20.2282,0.03,0.03,0.01,296.675,296.239,297.871
Karonga,March,2020,20.1283,0.03,0.03,0.03,296.231,296.675,296.239
Karonga,April,2020,18.2892,0.03,0.03,0.03,295.686,296.231,296.675
Karonga,May,2020,20.0705,0.01,0.03,0.03,295.441,295.686,296.231
Karonga,June,2020,21.8887,0,0.01,0.03,293.839,295.441,295.686
Karonga,July,2020,22.3852,0,0,0.01,292.039,293.839,295.441
Karonga,August,2020,21.6154,0,0,0,290.764,292.039,293.839
Karonga,September,2020,25.0652,0,0,0,292.965,290.764,292.039
Karonga,October,2020,20.3254,0,0,0,294.854,292.965,290.764
Karonga,November,2020,17.388,0,0,0,297.246,294.854,292.965
Karonga,December,2020,14.4348,0.01,0,0,297.812,297.246,294.854
Karonga,January,2021,43.6777,0.03,0.01,0,296.289,297.812,297.246
Karonga,February,2021,28.2731,0.02,0.03,0.01,295.903,296.289,297.812
Karonga,March,2021,38.5462,0.02,0.02,0.03,296.367,295.903,296.289
Karonga,April,2021,29.109,0.02,0.02,0.02,295.663,296.367,295.903
Karonga,May,2021,32.4297,0.02,0.02,0.02,294.734,295.663,296.367
Karonga,June,2021,35.6963,0,0.02,0.02,292.991,294.734,295.663
Karonga,July,2021,32.5917,0,0,0.02,291.789,292.991,294.734
Karonga,August,2021,33.4611,0,0,0,290.796,291.789,292.991
Karonga,September,2021,36.3496,0,0,0,292.85,290.796,291.789
Karonga,October,2021,31.4034,0,0,0,295.026,292.85,290.796
Karonga,November,2021,21.0402,0,0,0,296.964,295.026,292.85
Karonga,December,2021,21.8067,0,0,0,298.713,296.964,295.026
Karonga,January,2022,27.7036,0.01,0,0,298.204,298.713,296.964
Karonga,February,2022,29.8617,0.03,0.01,0,295.772,298.204,298.713
Karonga,March,2022,20.1084,0.03,0.03,0.01,295.543,295.772,298.204
Karonga,April,2022,14.6866,0.02,0.03,0.03,295.83,295.543,295.772
Karonga,May,2022,13.2915,0.02,0.02,0.03,295.369,295.83,295.543
Karonga,June,2022,13.6768,0,0.02,0.02,293.841,295.369,295.83
Karonga,July,2022,13.2184,0,0,0.02,291.173,293.841,295.369
Karonga,August,2022,13.9613,0,0,0,291.143,291.173,293.841
Karonga,September,2022,10.7656,0,0,0,292.7,291.143,291.173
Karonga,October,2022,10.7908,0,0,0,294.295,292.7,291.143
Karonga,November,2022,8.9172,0,0,0,296.737,294.295,292.7
Karonga,December,2022,8.27,0.01,0,0,297.546,296.737,294.295
Karonga,January,2023,22.4262,0.03,0.01,0,295.872,297.546,296.737
Karonga,February,2023,36.0521,0.03,0.03,0.01,295.614,295.872,297.546
Karonga,March,2023,31.5693,0.02,0.03,0.03,296.547,295.614,295.872
Karonga,April,2023,30.2329,0.04,0.02,0.03,295.841,296.547,295.614
Karonga,May,2023,35.1965,0.02,0.04,0.02,294.976,295.841,296.547
Karonga,June,2023,42.8108,0,0.02,0.04,294.226,294.976,295.841
Karonga,July,2023,41.6765,0,0,0.02,293.297,294.226,294.976
Karonga,August,2023,37.1568,0,0,0,291.576,293.297,294.226
Karonga,September,2023,46.4305,0,0,0,292.852,291.576,293.297
Karonga,October,2023,46.3689,0,0,0,295.818,292.852,291.576
Karonga,November,2023,34.474,0,0,0,298.314,295.818,292.852
Karonga,December,2023,21.2279,0.01,0,0,297.98,298.314,295.818
Karonga,January,2024,52.7819,0.02,0.01,0,297.444,297.98,298.314
Karonga,February,2024,62.3448,0.04,0.02,0.01,296.126,297.444,297.98
Karonga,March,2024,39.6643,0.03,0.04,0.02,296.658,296.126,297.444
Karonga,April,2024,48.2033,0.03,0.03,0.04,296.33,296.658,296.126
Karonga,May,2024,42.3352,0.02,0.03,0.03,295.439,296.33,296.658
Karonga,June,2024,34.2526,0.01,0.02,0.03,293.699,295.439,296.33
Karonga,July,2024,46.7617,0,0.01,0.02,291.973,293.699,295.439
Karonga,August,2024,47.3364,0,0,0.01,292.175,291.973,293.699
Karonga,September,2024,47.7614,0,0,0,293.116,292.175,291.973
Karonga,October,2024,35.1026,0,0,0,295.199,293.116,292.175
Karonga,November,2024,30.227,0,0,0,296.456,295.199,293.116
Karonga,December,2024,25.8609,0.01,0,0,297.589,296.456,295.199
Kasungu,April,2018,71.8998,0.01,0.01,0.01,294.838,295.448,294.942
Kasungu,May,2018,71.1151,0,0.01,0.01,293.96,294.838,295.448
Kasungu,June,2018,41.7582,0,0,0.01,293.659,293.96,294.838
Kasungu,July,2018,23.2522,0,0,0,291.268,293.659,293.96
Kasungu,August,2018,16.4601,0,0,0,290.433,291.268,293.659
Kasungu,September,2018,16.3024,0,0,0,293.249,290.433,291.268
Kasungu,October,2018,19.8206,0,0,0,296.081,293.249,290.433
Kasungu,November,2018,15.4537,0,0,0,296.6,296.081,293.249
Kasungu,December,2018,14.9985,0,0,0,297.551,296.6,296.081
Kasungu,January,2019,44.8185,0.02,0,0,295.592,297.551,296.6
Kasungu,February,2019,47.9959,0.02,0.02,0,295.122,295.592,297.551
Kasungu,March,2019,63.6784,0.02,0.02,0.02,295.272,295.122,295.592
Kasungu,April,2019,68.9587,0.01,0.02,0.02,295.252,295.272,295.122
Kasungu,May,2019,62.6038,0,0.01,0.02,294.754,295.252,295.272
Kasungu,June,2019,37.913,0,0,0.01,293.192,294.754,295.252
Kasungu,July,2019,24.0569,0,0,0,290.472,293.192,294.754
Kasungu,August,2019,15.1793,0,0,0,290.971,290.472,293.192
Kasungu,September,2019,15.0359,0,0,0,293.273,290.971,290.472
Kasungu,October,2019,21.6788,0,0,0,295.305,293.273,290.971
Kasungu,November,2019,23.2519,0,0,0,298.238,295.305,293.273
Kasungu,December,2019,27.0782,0.01,0,0,298.223,298.238,295.305
Kasungu,January,2020,77.4731,0.02,0.01,0,296.066,298.223,298.238
Kasungu,February,2020,68.3078,0.02,0.02,0.01,295.184,296.066,298.223
Kasungu,March,2020,90.3939,0.02,0.02,0.02,295.436,295.184,296.066
Kasungu,April,2020,77.9699,0.01,0.02,0.02,295.065,295.436,295.184
Kasungu,May,2020,65.0615,0,0.01,0.02,295.074,295.065,295.436
Kasungu,June,2020,49.0468,0,0,0.01,293.244,295.074,295.065
Kasungu,July,2020,26.4977,0,0,0,291.493,293.244,295.074
Kasungu,August,2020,18.0664,0,0,0,290.164,291.493,293.244
Kasungu,September,2020,20.9954,0,0,0,292.995,290.164,291.493
Kasungu,October,2020,28.5256,0,0,0,295.158,292.995,290.164
Kasungu,November,2020,33.757,0,0,0,297.761,295.158,292.995
Kasungu,December,2020,31.3756,0,0,0,298.74,297.761,295.158
Kasungu,January,2021,63.6634,0.01,0,0,295.991,298.74,297.761
Kasungu,February,2021,62.7537,0.02,0.01,0,294.768,295.991,298.74
Kasungu,March,2021,83.8955,0.02,0.02,0.01,295.082,294.768,295.991
Kasungu,April,2021,65.1453,0.02,0.02,0.02,293.933,295.082,294.768
Kasungu,May,2021,49.9126,0,0.02,0.02,293.326,293.933,295.082
Kasungu,June,2021,40.6979,0,0,0.02,291.37,293.326,293.933
Kasungu,July,2021,23.8344,0,0,0,290.332,291.37,293.326
Kasungu,August,2021,13.6042,0,0,0,289.875,290.332,291.37
Kasungu,September,2021,14.8799,0,0,0,292.709,289.875,290.332
Kasungu,October,2021,18.4602,0,0,0,295.042,292.709,289.875
Kasungu,November,2021,20.4989,0,0,0,297.433,295.042,292.709
Kasungu,December,2021,19.9465,0,0,0,299.365,297.433,295.042
Kasungu,January,2022,29.2373,0,0,0,298.932,299.365,297.433
Kasungu,February,2022,37.6867,0.02,0,0,294.908,298.932,299.365
Kasungu,March,2022,22.4434,0.02,0.02,0,294.379,294.908,298.932
Kasungu,April,2022,18.1244,0.01,0.02,0.02,295.034,294.379,294.908
Kasungu,May,2022,13.239,0,0.01,0.02,294.431,295.034,294.379
Kasungu,June,2022,8.9017,0,0,0.01,292.785,294.431,295.034
Kasungu,July,2022,4.8338,0,0,0,290.102,292.785,294.431
Kasungu,August,2022,3.467,0,0,0,290.423,290.102,292.785
Kasungu,September,2022,3.3668,0,0,0,292.657,290.423,290.102
Kasungu,October,2022,4.6959,0,0,0,294.47,292.657,290.423
Kasungu,November,2022,8.1887,0,0,0,297.578,294.47,292.657
Kasungu,December,2022,8.8457,0,0,0,297.887,297.578,294.47
Kasungu,January,2023,34.461,0.02,0,0,295.229,297.887,297.578
Kasungu,February,2023,30.5556,0.02,0.02,0,294.629,295.229,297.887
Kasungu,March,2023,23.8436,0.02,0.02,0.02,295.127,294.629,295.229
Kasungu,April,2023,29.1444,0.01,0.02,0.02,294.732,295.127,294.629
Kasungu,May,2023,25.1107,0,0.01,0.02,294.015,294.732,295.127
Kasungu,June,2023,33.2602,0,0,0.01,293.037,294.015,294.732
Kasungu,July,2023,33.0519,0,0,0,292.187,293.037,294.015
Kasungu,August,2023,21.0232,0,0,0,290.861,292.187,293.037
Kasungu,September,2023,12.7421,0,0,0,292.8,290.861,292.187
Kasungu,October,2023,19.713,0,0,0,296.373,292.8,290.861
Kasungu,November,2023,25.821,0,0,0,298.814,296.373,292.8
Kasungu,December,2023,25.1233,0,0,0,298.451,298.814,296.373
Kasungu,January,2024,71.8524,0.01,0,0,298.075,298.451,298.814
Kasungu,February,2024,72.0715,0.02,0.01,0,295.607,298.075,298.451
Kasungu,March,2024,82.879,0.02,0.02,0.01,296.019,295.607,298.075
Kasungu,April,2024,65.3948,0.01,0.02,0.02,295.771,296.019,295.607
Kasungu,May,2024,105.0846,0,0.01,0.02,294.598,295.771,296.019
Kasungu,June,2024,61.6743,0,0,0.01,292.638,294.598,295.771
Kasungu,July,2024,37.1945,0,0,0,290.709,292.638,294.598
Kasungu,August,2024,29.1487,0,0,0,291.49,290.709,292.638
Kasungu,September,2024,30.4056,0,0,0,292.842,291.49,290.709
Kasungu,October,2024,35.739,0,0,0,295.573,292.842,291.49
Kasungu,November,2024,37.2078,0,0,0,296.93,295.573,292.842
Kasungu,December,2024,41.7676,0,0,0,298.11,296.93,295.573
Likoma,April,2018,144.8456,0.03,0.02,0.03,298.557,299.379,298.316
Likoma,May,2018,124.4487,0.02,0.03,0.02,297.925,298.557,299.379
Likoma,June,2018,84.9642,0,0.02,0.03,297.744,297.925,298.557
Likoma,July,2018,40.3115,0,0,0.02,295.677,297.744,297.925
Likoma,August,2018,35.419,0,0,0,294.484,295.677,297.744
Likoma,September,2018,49.4074,0,0,0,296.794,294.484,295.677
Likoma,October,2018,40.1047,0,0,0,298.664,296.794,294.484
Likoma,November,2018,37.4862,0,0,0,299.183,298.664,296.794
Likoma,December,2018,28.6659,0.01,0,0,299.996,299.183,298.664
Likoma,January,2019,47.5579,0.04,0.01,0,298.617,299.996,299.183
Likoma,February,2019,39.5866,0.03,0.04,0.01,299.152,298.617,299.996
Likoma,March,2019,26.2109,0.03,0.03,0.04,299.003,299.152,298.617
Likoma,April,2019,33.8445,0.02,0.03,0.03,299.204,299.003,299.152
Likoma,May,2019,37.56,0.01,0.02,0.03,298.827,299.204,299.003
Likoma,June,2019,25.6029,0,0.01,0.02,297.499,298.827,299.204
Likoma,July,2019,19.4555,0,0,0.01,295.003,297.499,298.827
Likoma,August,2019,26.7513,0,0,0,295.013,295.003,297.499
Likoma,September,2019,33.1014,0,0,0,296.515,295.013,295.003
Likoma,October,2019,30.0615,0,0,0,298.074,296.515,295.013
Likoma,November,2019,21.4821,0,0,0,300.096,298.074,296.515
Likoma,December,2019,16.8209,0.02,0,0,300.645,300.096,298.074
Likoma,January,2020,50.3445,0.04,0.02,0,298.823,300.645,300.096
Likoma,February,2020,43.6539,0.03,0.04,0.02,299.14,298.823,300.645
Likoma,March,2020,58.2273,0.04,0.03,0.04,298.863,299.14,298.823
Likoma,April,2020,54.0541,0.02,0.04,0.03,298.664,298.863,299.14
Likoma,May,2020,36.036,0,0.02,0.04,299.172,298.664,298.863
Likoma,June,2020,29.4118,0,0,0.02,297.401,299.172,298.664
Likoma,July,2020,23.1187,0,0,0,295.514,297.401,299.172
Likoma,August,2020,18.6142,0,0,0,294.264,295.514,297.401
Likoma,September,2020,32.5252,0,0,0,295.833,294.264,295.514
Likoma,October,2020,38.0233,0,0,0,297.917,295.833,294.264
Likoma,November,2020,24.3111,0,0,0,300.426,297.917,295.833
Likoma,December,2020,5.6306,0,0,0,301.136,300.426,297.917
Likoma,January,2021,18.2574,0.03,0,0,299.131,301.136,300.426
Likoma,February,2021,22.6756,0.04,0.03,0,298.664,299.131,301.136
Likoma,March,2021,36.5148,0.03,0.04,0.03,299.068,298.664,299.131
Likoma,April,2021,84.0751,0.04,0.03,0.04,298.019,299.068,298.664
Likoma,May,2021,97.9793,0.01,0.04,0.03,297.781,298.019,299.068
Likoma,June,2021,65.3629,0,0.01,0.04,296.28,297.781,298.019
Likoma,July,2021,46.5207,0,0,0.01,294.924,296.28,297.781
Likoma,August,2021,35.5403,0,0,0,294.281,294.924,296.28
Likoma,September,2021,43.272,0,0,0,295.835,294.281,294.924
Likoma,October,2021,39.2437,0,0,0,298.119,295.835,294.281
Likoma,November,2021,30.6023,0,0,0,299.977,298.119,295.835
Likoma,December,2021,27.4186,0,0,0,301.787,299.977,298.119
Likoma,January,2022,21.8597,0.01,0,0,301.286,301.787,299.977
Likoma,February,2022,31.2281,0.03,0.01,0,298.548,301.286,301.787
Likoma,March,2022,25.2374,0.04,0.03,0.01,297.783,298.548,301.286
Likoma,April,2022,29.2524,0.02,0.04,0.03,298.47,297.783,298.548
Likoma,May,2022,37.9198,0.02,0.02,0.04,298.32,298.47,297.783
Likoma,June,2022,31.6742,0,0.02,0.02,297.32,298.32,298.47
Likoma,July,2022,17.9084,0,0,0.02,294.612,297.32,298.32
Likoma,August,2022,15.6778,0,0,0,294.443,294.612,297.32
Likoma,September,2022,19.183,0,0,0,296.127,294.443,294.612
Likoma,October,2022,13.957,0,0,0,297.501,296.127,294.443
Likoma,November,2022,16.57,0,0,0,299.958,297.501,296.127
Likoma,December,2022,9.6234,0,0,0,300.831,299.958,297.501
Likoma,January,2023,20.694,0.04,0,0,298.813,300.831,299.958
Likoma,February,2023,17.3804,0.03,0.04,0,298.402,298.813,300.831
Likoma,March,2023,19.5061,0.02,0.03,0.04,299.346,298.402,298.813
Likoma,April,2023,18.8184,0.05,0.02,0.03,298.37,299.346,298.402
Likoma,May,2023,38.4495,0.02,0.05,0.02,297.885,298.37,299.346
Likoma,June,2023,24.9453,0,0.02,0.05,297.832,297.885,298.37
Likoma,July,2023,19.131,0,0,0.02,297.237,297.832,297.885
Likoma,August,2023,22.6321,0,0,0,295.083,297.237,297.832
Likoma,September,2023,44.6389,0,0,0,296.091,295.083,297.237
Likoma,October,2023,27.2585,0,0,0,299.036,296.091,295.083
Likoma,November,2023,12.3163,0,0,0,301.246,299.036,296.091
Likoma,December,2023,8.8778,0.01,0,0,300.83,301.246,299.036
Likoma,January,2024,18.8934,0.02,0.01,0,300.12,300.83,301.246
Likoma,February,2024,7.177,0.05,0.02,0.01,298.551,300.12,300.83
Likoma,March,2024,16.5624,0.04,0.05,0.02,299.263,298.551,300.12
Likoma,April,2024,27.5426,0.03,0.04,0.05,299.164,299.263,298.551
Likoma,May,2024,39.9338,0.01,0.03,0.04,298.857,299.164,299.263
Likoma,June,2024,31.8366,0,0.01,0.03,297.304,298.857,299.164
Likoma,July,2024,39.9338,0,0,0.01,295.538,297.304,298.857
Likoma,August,2024,51.3434,0,0,0,296.023,295.538,297.304
Likoma,September,2024,57.0482,0,0,0,296.91,296.023,295.538
Likoma,October,2024,31.1005,0,0,0,298.363,296.91,296.023
Likoma,November,2024,15.2129,0,0,0,299.527,298.363,296.91
Likoma,December,2024,9.6307,0.01,0,0,300.937,299.527,298.363
Lilongwe,April,2018,50.5499,0.01,0.02,0.01,294.596,295.067,295.026
Lilongwe,May,2018,42.224,0.01,0.01,0.02,293.392,294.596,295.067
Lilongwe,June,2018,15.3477,0,0.01,0.01,292.853,293.392,294.596
Lilongwe,July,2018,16.5065,0,0,0.01,290.442,292.853,293.392
Lilongwe,August,2018,10.8002,0,0,0,289.708,290.442,292.853
Lilongwe,September,2018,10.5007,0,0,0,292.917,289.708,290.442
Lilongwe,October,2018,13.1702,0,0,0,295.949,292.917,289.708
Lilongwe,November,2018,13.3335,0,0,0,296.121,295.949,292.917
Lilongwe,December,2018,11.8467,0,0,0,296.885,296.121,295.949
Lilongwe,January,2019,10.6307,0.02,0,0,295.318,296.885,296.121
Lilongwe,February,2019,30.1978,0.02,0.02,0,294.836,295.318,296.885
Lilongwe,March,2019,26.6541,0.02,0.02,0.02,295.03,294.836,295.318
Lilongwe,April,2019,26.1461,0.02,0.02,0.02,294.833,295.03,294.836
Lilongwe,May,2019,21.7246,0,0.02,0.02,294.176,294.833,295.03
Lilongwe,June,2019,13.7072,0,0,0.02,292.202,294.176,294.833
Lilongwe,July,2019,8.8622,0,0,0,289.684,292.202,294.176
Lilongwe,August,2019,6.16,0,0,0,289.971,289.684,292.202
Lilongwe,September,2019,6.2015,0,0,0,292.668,289.971,289.684
Lilongwe,October,2019,9.9067,0,0,0,294.412,292.668,289.971
Lilongwe,November,2019,11.9376,0,0,0,297.72,294.412,292.668
Lilongwe,December,2019,12.3933,0.01,0,0,297.785,297.72,294.412
Lilongwe,January,2020,48.5416,0.02,0.01,0,295.854,297.785,297.72
Lilongwe,February,2020,39.2469,0.03,0.02,0.01,294.86,295.854,297.785
Lilongwe,March,2020,52.8522,0.01,0.03,0.02,295.246,294.86,295.854
Lilongwe,April,2020,30.3644,0.01,0.01,0.03,294.755,295.246,294.86
Lilongwe,May,2020,27.0272,0,0.01,0.01,294.67,294.755,295.246
Lilongwe,June,2020,19.4068,0,0,0.01,292.535,294.67,294.755
Lilongwe,July,2020,12.0296,0,0,0,290.644,292.535,294.67
Lilongwe,August,2020,7.702,0,0,0,289.477,290.644,292.535
Lilongwe,September,2020,10.0226,0,0,0,292.249,289.477,290.644
Lilongwe,October,2020,16.2222,0,0,0,294.656,292.249,289.477
Lilongwe,November,2020,21.5833,0,0,0,297.227,294.656,292.249
Lilongwe,December,2020,17.0447,0,0,0,298.684,297.227,294.656
Lilongwe,January,2021,42.7511,0.01,0,0,296.061,298.684,297.227
Lilongwe,February,2021,48.9371,0.02,0.01,0,294.881,296.061,298.684
Lilongwe,March,2021,53.0045,0.02,0.02,0.01,295.09,294.881,296.061
Lilongwe,April,2021,36.4174,0.02,0.02,0.02,293.673,295.09,294.881
Lilongwe,May,2021,27.4446,0,0.02,0.02,292.943,293.673,295.09
Lilongwe,June,2021,22.7253,0,0,0.02,290.834,292.943,293.673
Lilongwe,July,2021,12.1505,0,0,0,289.87,290.834,292.943
Lilongwe,August,2021,6.8861,0,0,0,289.323,289.87,290.834
Lilongwe,September,2021,8.8233,0,0,0,292.016,289.323,289.87
Lilongwe,October,2021,12.8882,0,0,0,294.743,292.016,289.323
Lilongwe,November,2021,14.5033,0,0,0,296.976,294.743,292.016
Lilongwe,December,2021,15.9359,0,0,0,298.842,296.976,294.743
Lilongwe,January,2022,25.0538,0,0,0,298.752,298.842,296.976
Lilongwe,February,2022,27.0442,0.02,0,0,294.627,298.752,298.842
Lilongwe,March,2022,15.482,0.02,0.02,0,294.418,294.627,298.752
Lilongwe,April,2022,12.1249,0.01,0.02,0.02,294.699,294.418,294.627
Lilongwe,May,2022,9.7469,0,0.01,0.02,294.102,294.699,294.418
Lilongwe,June,2022,8.9011,0,0,0.01,292.317,294.102,294.699
Lilongwe,July,2022,4.9384,0,0,0,289.395,292.317,294.102
Lilongwe,August,2022,4.2351,0,0,0,289.92,289.395,292.317
Lilongwe,September,2022,4.181,0,0,0,292.13,289.92,289.395
Lilongwe,October,2022,5.0679,0,0,0,294.214,292.13,289.92
Lilongwe,November,2022,4.9435,0,0,0,297.576,294.214,292.13
Lilongwe,December,2022,7.2167,0,0,0,297.233,297.576,294.214
Lilongwe,January,2023,16.1415,0.02,0,0,294.719,297.233,297.576
Lilongwe,February,2023,13.6752,0.02,0.02,0,294.386,294.719,297.233
Lilongwe,March,2023,17.0545,0.02,0.02,0.02,294.808,294.386,294.719
Lilongwe,April,2023,12.2533,0.02,0.02,0.02,294.488,294.808,294.386
Lilongwe,May,2023,12.742,0,0.02,0.02,293.589,294.488,294.808
Lilongwe,June,2023,12.8032,0,0,0.02,292.683,293.589,294.488
Lilongwe,July,2023,8.4005,0,0,0,291.637,292.683,293.589
Lilongwe,August,2023,6.8132,0,0,0,290.236,291.637,292.683
Lilongwe,September,2023,9.7372,0,0,0,292.287,290.236,291.637
Lilongwe,October,2023,13.2368,0,0,0,296.216,292.287,290.236
Lilongwe,November,2023,15.0212,0,0,0,298.271,296.216,292.287
Lilongwe,December,2023,17.8196,0.01,0,0,297.735,298.271,296.216
Lilongwe,January,2024,40.7313,0.01,0.01,0,297.788,297.735,298.271
Lilongwe,February,2024,40.9069,0.02,0.01,0.01,295.585,297.788,297.735
Lilongwe,March,2024,34.8457,0.01,0.02,0.01,295.967,295.585,297.788
Lilongwe,April,2024,49.5771,0.01,0.01,0.02,295.395,295.967,295.585
Lilongwe,May,2024,44.2959,0,0.01,0.01,294.282,295.395,295.967
Lilongwe,June,2024,28.9181,0,0,0.01,292.212,294.282,295.395
Lilongwe,July,2024,19.5718,0,0,0,290.404,292.212,294.282
Lilongwe,August,2024,12.6792,0,0,0,291.276,290.404,292.212
Lilongwe,September,2024,13.9387,0,0,0,292.622,291.276,290.404
Lilongwe,October,2024,19.0548,0,0,0,295.389,292.622,291.276
Lilongwe,November,2024,20.9438,0,0,0,296.44,295.389,292.622
Lilongwe,December,2024,31.877,0,0,0,297.366,296.44,295.389
Machinga,April,2018,41.9681,0.01,0.02,0.01,297.807,297.79,297.65
Machinga,May,2018,38.3834,0.01,0.01,0.02,296.059,297.807,297.79
Machinga,June,2018,8.9672,0,0.01,0.01,295.093,296.059,297.807
Machinga,July,2018,21.5845,0,0,0.01,292.808,295.093,296.059
Machinga,August,2018,20.8048,0,0,0,291.879,292.808,295.093
Machinga,September,2018,20.5949,0,0,0,295.239,291.879,292.808
Machinga,October,2018,16.5018,0,0,0,298.128,295.239,291.879
Machinga,November,2018,12.7209,0,0,0,297.799,298.128,295.239
Machinga,December,2018,11.3415,0.01,0,0,298.431,297.799,298.128
Machinga,January,2019,14.0777,0.02,0.01,0,297.841,298.431,297.799
Machinga,February,2019,12.5055,0.02,0.02,0.01,297.275,297.841,298.431
Machinga,March,2019,13.7964,0.01,0.02,0.02,297.531,297.275,297.841
Machinga,April,2019,14.927,0.03,0.01,0.02,297.151,297.531,297.275
Machinga,May,2019,17.0802,0,0.03,0.01,296.884,297.151,297.531
Machinga,June,2019,8.5881,0,0,0.03,294.387,296.884,297.151
Machinga,July,2019,9.2861,0,0,0,292.176,294.387,296.884
Machinga,August,2019,9.666,0,0,0,292.187,292.176,294.387
Machinga,September,2019,13.3955,0,0,0,294.816,292.187,292.176
Machinga,October,2019,16.5123,0,0,0,296.182,294.816,292.187
Machinga,November,2019,11.8141,0,0,0,299.962,296.182,294.816
Machinga,December,2019,13.3284,0.01,0,0,300.611,299.962,296.182
Machinga,January,2020,38.178,0.02,0.01,0,298.332,300.611,299.962
Machinga,February,2020,28.4121,0.03,0.02,0.01,297.123,298.332,300.611
Machinga,March,2020,31.0863,0.02,0.03,0.02,297.802,297.123,298.332
Machinga,April,2020,24.1533,0,0.02,0.03,297.422,297.802,297.123
Machinga,May,2020,25.9916,0,0,0.02,297.461,297.422,297.802
Machinga,June,2020,22.8327,0,0,0,294.526,297.461,297.422
Machinga,July,2020,20.9234,0,0,0,292.758,294.526,297.461
Machinga,August,2020,18.5688,0,0,0,291.822,292.758,294.526
Machinga,September,2020,19.9161,0,0,0,294.52,291.822,292.758
Machinga,October,2020,17.7315,0,0,0,296.9,294.52,291.822
Machinga,November,2020,14.6183,0,0,0,299.416,296.9,294.52
Machinga,December,2020,8.2067,0,0,0,301.624,299.416,296.9
Machinga,January,2021,35.6958,0.01,0,0,299.001,301.624,299.416
Machinga,February,2021,35.4325,0.02,0.01,0,297.83,299.001,301.624
Machinga,March,2021,38.4715,0.02,0.02,0.01,298.131,297.83,299.001
Machinga,April,2021,29.6471,0.02,0.02,0.02,296.346,298.131,297.83
Machinga,May,2021,31.4747,0,0.02,0.02,295.233,296.346,298.131
Machinga,June,2021,29.1902,0,0,0.02,293.12,295.233,296.346
Machinga,July,2021,26.7514,0,0,0,291.965,293.12,295.233
Machinga,August,2021,22.017,0,0,0,291.728,291.965,293.12
Machinga,September,2021,24.6898,0,0,0,293.858,291.728,291.965
Machinga,October,2021,22.48,0,0,0,296.465,293.858,291.728
Machinga,November,2021,18.265,0,0,0,298.673,296.465,293.858
Machinga,December,2021,15.199,0,0,0,301.065,298.673,296.465
Machinga,January,2022,17.6481,0,0,0,301.413,301.065,298.673
Machinga,February,2022,31.5853,0.03,0,0,297.017,301.413,301.065
Machinga,March,2022,29.3193,0.02,0.03,0,297.206,297.017,301.413
Machinga,April,2022,28.1466,0.01,0.02,0.03,296.931,297.206,297.017
Machinga,May,2022,47.5851,0,0.01,0.02,296.39,296.931,297.206
Machinga,June,2022,47.2407,0,0,0.01,294.17,296.39,296.931
Machinga,July,2022,29.7098,0,0,0,291.572,294.17,296.39
Machinga,August,2022,31.0256,0,0,0,292.164,291.572,294.17
Machinga,September,2022,28.6388,0,0,0,294.17,292.164,291.572
Machinga,October,2022,26.1917,0,0,0,295.946,294.17,292.164
Machinga,November,2022,20.8005,0,0,0,299.561,295.946,294.17
Machinga,December,2022,13.4236,0,0,0,299.816,299.561,295.946
Machinga,January,2023,46.8892,0.02,0,0,297.302,299.816,299.561
Machinga,February,2023,40.5164,0.02,0.02,0,296.849,297.302,299.816
Machinga,March,2023,44.1975,0.02,0.02,0.02,297.277,296.849,297.302
Machinga,April,2023,35.2793,0.03,0.02,0.02,296.635,297.277,296.849
Machinga,May,2023,41.9506,0.01,0.03,0.02,295.717,296.635,297.277
Machinga,June,2023,38.3651,0,0.01,0.03,294.682,295.717,296.635
Machinga,July,2023,45.0867,0,0,0.01,293.848,294.682,295.717
Machinga,August,2023,41.8094,0,0,0,292.434,293.848,294.682
Machinga,September,2023,58.9075,0,0,0,293.924,292.434,293.848
Machinga,October,2023,51.5774,0,0,0,297.842,293.924,292.434
Machinga,November,2023,34.2442,0,0,0,300.404,297.842,293.924
Machinga,December,2023,30.0548,0,0,0,299.76,300.404,297.842
Machinga,January,2024,33.464,0.01,0,0,300.696,299.76,300.404
Machinga,February,2024,37.8948,0.02,0.01,0,298.194,300.696,299.76
Machinga,March,2024,38.7099,0.02,0.02,0.01,298.667,298.194,300.696
Machinga,April,2024,57.4361,0.01,0.02,0.02,297.933,298.667,298.194
Machinga,May,2024,53.0065,0,0.01,0.02,296.877,297.933,298.667
Machinga,June,2024,33.0559,0,0,0.01,294.763,296.877,297.933
Machinga,July,2024,32.8911,0,0,0,292.883,294.763,296.877
Machinga,August,2024,30.2156,0,0,0,293.927,292.883,294.763
Machinga,September,2024,27.3001,0,0,0,294.805,293.927,292.883
Machinga,October,2024,23.0928,0,0,0,297.002,294.805,293.927
Machinga,November,2024,21.3187,0,0,0,297.792,297.002,294.805
Machinga,December,2024,25.2573,0,0,0,299.602,297.792,297.002
Mangochi,April,2018,43.7992,0.01,0.02,0.01,297.53,297.764,297.399
Mangochi,May,2018,44.7395,0.01,0.01,0.02,296.108,297.53,297.764
Mangochi,June,2018,17.0061,0,0.01,0.01,295.37,296.108,297.53
Mangochi,July,2018,24.8053,0,0,0.01,293.129,295.37,296.108
Mangochi,August,2018,19.2678,0,0,0,292.115,293.129,295.37
Mangochi,September,2018,25.2981,0,0,0,295.225,292.115,293.129
Mangochi,October,2018,20.6293,0,0,0,297.918,295.225,292.115
Mangochi,November,2018,14.5544,0,0,0,297.904,297.918,295.225
Mangochi,December,2018,14.7288,0.01,0,0,298.552,297.904,297.918
Mangochi,January,2019,43.0816,0.02,0.01,0,297.661,298.552,297.904
Mangochi,February,2019,39.1553,0.02,0.02,0.01,297.36,297.661,298.552
Mangochi,March,2019,35.9789,0.02,0.02,0.02,297.5,297.36,297.661
Mangochi,April,2019,35.9258,0.02,0.02,0.02,297.396,297.5,297.36
Mangochi,May,2019,37.7877,0,0.02,0.02,297.063,297.396,297.5
Mangochi,June,2019,24.6041,0,0,0.02,294.899,297.063,297.396
Mangochi,July,2019,22.4907,0,0,0,292.489,294.899,297.063
Mangochi,August,2019,23.2829,0,0,0,292.644,292.489,294.899
Mangochi,September,2019,22.8949,0,0,0,294.935,292.644,292.489
Mangochi,October,2019,27.0793,0,0,0,296.309,294.935,292.644
Mangochi,November,2019,20.4955,0,0,0,299.662,296.309,294.935
Mangochi,December,2019,14.9578,0.01,0,0,300.377,299.662,296.309
Mangochi,January,2020,15.8257,0.02,0.01,0,298.129,300.377,299.662
Mangochi,February,2020,12.5735,0.03,0.02,0.01,297.261,298.129,300.377
Mangochi,March,2020,16.9509,0.02,0.03,0.02,297.679,297.261,298.129
Mangochi,April,2020,15.6404,0,0.02,0.03,297.504,297.679,297.261
Mangochi,May,2020,15.998,0,0,0.02,297.624,297.504,297.679
Mangochi,June,2020,13.5419,0,0,0,295.02,297.624,297.504
Mangochi,July,2020,10.8548,0,0,0,293.122,295.02,297.624
Mangochi,August,2020,10.2138,0,0,0,292.142,293.122,295.02
Mangochi,September,2020,14.4287,0,0,0,294.508,292.142,293.122
Mangochi,October,2020,17.7037,0,0,0,296.831,294.508,292.142
Mangochi,November,2020,19.9957,0,0,0,299.562,296.831,294.508
Mangochi,December,2020,11.517,0,0,0,301.262,299.562,296.831
Mangochi,January,2021,12.3891,0.02,0,0,298.603,301.262,299.562
Mangochi,February,2021,8.7441,0.03,0.02,0,297.553,298.603,301.262
Mangochi,March,2021,13.5791,0.02,0.03,0.02,297.853,297.553,298.603
Mangochi,April,2021,17.3238,0.02,0.02,0.03,296.325,297.853,297.553
Mangochi,May,2021,26.0362,0,0.02,0.02,295.496,296.325,297.853
Mangochi,June,2021,22.6909,0,0,0.02,293.502,295.496,296.325
Mangochi,July,2021,17.7136,0,0,0,292.331,293.502,295.496
Mangochi,August,2021,15.2585,0,0,0,292.029,292.331,293.502
Mangochi,September,2021,20.1686,0,0,0,294.138,292.029,292.331
Mangochi,October,2021,20.0674,0,0,0,296.616,294.138,292.029
Mangochi,November,2021,17.2597,0,0,0,298.733,296.616,294.138
Mangochi,December,2021,11.4822,0,0,0,301.155,298.733,296.616
Mangochi,January,2022,11.8512,0,0,0,301.035,301.155,298.733
Mangochi,February,2022,14.3531,0.03,0,0,297.037,301.035,301.155
Mangochi,March,2022,15.6178,0.03,0.03,0,296.897,297.037,301.035
Mangochi,April,2022,24.0319,0.01,0.03,0.03,297.13,296.897,297.037
Mangochi,May,2022,37.1134,0,0.01,0.03,296.63,297.13,296.897
Mangochi,June,2022,37.6986,0,0,0.01,294.728,296.63,297.13
Mangochi,July,2022,20.1811,0,0,0,291.827,294.728,296.63
Mangochi,August,2022,22.267,0,0,0,292.44,291.827,294.728
Mangochi,September,2022,17.9297,0,0,0,294.28,292.44,291.827
Mangochi,October,2022,19.8042,0,0,0,296.122,294.28,292.44
Mangochi,November,2022,14.075,0,0,0,299.648,296.122,294.28
Mangochi,December,2022,8.9465,0,0,0,299.862,299.648,296.122
Mangochi,January,2023,16.3632,0.02,0,0,297.226,299.862,299.648
Mangochi,February,2023,12.5369,0.03,0.02,0,296.783,297.226,299.862
Mangochi,March,2023,13.5149,0.03,0.03,0.02,297.235,296.783,297.226
Mangochi,April,2023,13.1859,0.03,0.03,0.03,296.767,297.235,296.783
Mangochi,May,2023,22.7535,0.01,0.03,0.03,295.923,296.767,297.235
Mangochi,June,2023,26.8686,0,0.01,0.03,295.228,295.923,296.767
Mangochi,July,2023,22.6651,0,0,0.01,294.393,295.228,295.923
Mangochi,August,2023,20.4189,0,0,0,292.698,294.393,295.228
Mangochi,September,2023,35.355,0,0,0,294.204,292.698,294.393
Mangochi,October,2023,34.5768,0,0,0,297.849,294.204,292.698
Mangochi,November,2023,22.945,0,0,0,300.453,297.849,294.204
Mangochi,December,2023,18.7193,0.01,0,0,299.818,300.453,297.849
Mangochi,January,2024,19.0843,0.01,0.01,0,300.162,299.818,300.453
Mangochi,February,2024,20.8076,0.02,0.01,0.01,297.973,300.162,299.818
Mangochi,March,2024,20.2005,0.02,0.02,0.01,298.517,297.973,300.162
Mangochi,April,2024,35.6503,0.01,0.02,0.02,297.976,298.517,297.973
Mangochi,May,2024,40.2268,0,0.01,0.02,297.083,297.976,298.517
Mangochi,June,2024,25.2581,0,0,0.01,295.048,297.083,297.976
Mangochi,July,2024,22.0102,0,0,0,293.17,295.048,297.083
Mangochi,August,2024,24.5624,0,0,0,294.102,293.17,295.048
Mangochi,September,2024,29.1713,0,0,0,295.011,294.102,293.17
Mangochi,October,2024,22.6821,0,0,0,297.126,295.011,294.102
Mangochi,November,2024,20.9624,0,0,0,298.003,297.126,295.011
Mangochi,December,2024,18.2915,0,0,0,299.738,298.003,297.126
Mchinji,April,2018,88.8431,0.01,0.01,0.01,294.868,295.564,295.301
Mchinji,May,2018,75.5981,0,0.01,0.01,293.8,294.868,295.564
Mchinji,June,2018,61.8605,0,0,0.01,293.527,293.8,294.868
Mchinji,July,2018,30.3059,0,0,0,291.076,293.527,293.8
Mchinji,August,2018,18.6363,0,0,0,290.238,291.076,293.527
Mchinji,September,2018,24.8981,0,0,0,293.669,290.238,291.076
Mchinji,October,2018,37.8927,0,0,0,296.981,293.669,290.238
Mchinji,November,2018,24.258,0,0,0,297.168,296.981,293.669
Mchinji,December,2018,22.5167,0,0,0,297.925,297.168,296.981
Mchinji,January,2019,37.8821,0.02,0,0,295.709,297.925,297.168
Mchinji,February,2019,46.0702,0.02,0.02,0,295.172,295.709,297.925
Mchinji,March,2019,38.9458,0.02,0.02,0.02,295.374,295.172,295.709
Mchinji,April,2019,38.2956,0.01,0.02,0.02,295.207,295.374,295.172
Mchinji,May,2019,41.6,0,0.01,0.02,294.412,295.207,295.374
Mchinji,June,2019,27.2393,0,0,0.01,292.698,294.412,295.207
Mchinji,July,2019,16.6727,0,0,0,290.109,292.698,294.412
Mchinji,August,2019,15.0092,0,0,0,290.61,290.109,292.698
Mchinji,September,2019,19.2718,0,0,0,293.383,290.61,290.109
Mchinji,October,2019,28.8056,0,0,0,295.361,293.383,290.61
Mchinji,November,2019,33.1396,0,0,0,298.7,295.361,293.383
Mchinji,December,2019,41.4865,0.01,0,0,298.481,298.7,295.361
Mchinji,January,2020,98.8233,0.02,0.01,0,296.195,298.481,298.7
Mchinji,February,2020,83.0008,0.02,0.02,0.01,295.177,296.195,298.481
Mchinji,March,2020,89.4078,0.01,0.02,0.02,295.586,295.177,296.195
Mchinji,April,2020,61.393,0.01,0.01,0.02,295.033,295.586,295.177
Mchinji,May,2020,58.9666,0,0.01,0.01,295.14,295.033,295.586
Mchinji,June,2020,43.4503,0,0,0.01,293.038,295.14,295.033
Mchinji,July,2020,25.3616,0,0,0,291.132,293.038,295.14
Mchinji,August,2020,19.5366,0,0,0,289.919,291.132,293.038
Mchinji,September,2020,29.9369,0,0,0,292.946,289.919,291.132
Mchinji,October,2020,43.0443,0,0,0,295.372,292.946,289.919
Mchinji,November,2020,53.6555,0,0,0,297.869,295.372,292.946
Mchinji,December,2020,52.003,0,0,0,299.274,297.869,295.372
Mchinji,January,2021,95.513,0.01,0,0,296.204,299.274,297.869
Mchinji,February,2021,121.9833,0.02,0.01,0,295.088,296.204,299.274
Mchinji,March,2021,95.8202,0.02,0.02,0.01,295.285,295.088,296.204
Mchinji,April,2021,58.9209,0.02,0.02,0.02,294.007,295.285,295.088
Mchinji,May,2021,40.7102,0,0.02,0.02,293.275,294.007,295.285
Mchinji,June,2021,33.4468,0,0,0.02,291.274,293.275,294.007
Mchinji,July,2021,19.615,0,0,0,290.41,291.274,293.275
Mchinji,August,2021,15.444,0,0,0,289.762,290.41,291.274
Mchinji,September,2021,24.6316,0,0,0,292.78,289.762,290.41
Mchinji,October,2021,32.0114,0,0,0,295.616,292.78,289.762
Mchinji,November,2021,29.0167,0,0,0,297.996,295.616,292.78
Mchinji,December,2021,26.3803,0,0,0,299.629,297.996,295.616
Mchinji,January,2022,37.5431,0,0,0,299.573,299.629,297.996
Mchinji,February,2022,35.6387,0.02,0,0,295.14,299.573,299.629
Mchinji,March,2022,24.0573,0.02,0.02,0,294.639,295.14,299.573
Mchinji,April,2022,14.9468,0.01,0.02,0.02,295.084,294.639,295.14
Mchinji,May,2022,11.7454,0,0.01,0.02,294.432,295.084,294.639
Mchinji,June,2022,8.7005,0,0,0.01,293.012,294.432,295.084
Mchinji,July,2022,5.6889,0,0,0,289.965,293.012,294.432
Mchinji,August,2022,5.3807,0,0,0,290.62,289.965,293.012
Mchinji,September,2022,5.3427,0,0,0,292.975,290.62,289.965
Mchinji,October,2022,5.569,0,0,0,295.249,292.975,290.62
Mchinji,November,2022,6.0641,0,0,0,298.553,295.249,292.975
Mchinji,December,2022,10.9511,0,0,0,298.012,298.553,295.249
Mchinji,January,2023,34.393,0.02,0,0,295.26,298.012,298.553
Mchinji,February,2023,38.8356,0.02,0.02,0,294.764,295.26,298.012
Mchinji,March,2023,43.0121,0.02,0.02,0.02,295.278,294.764,295.26
Mchinji,April,2023,31.8818,0.01,0.02,0.02,294.851,295.278,294.764
Mchinji,May,2023,36.1177,0,0.01,0.02,293.957,294.851,295.278
Mchinji,June,2023,36.2575,0,0,0.01,293.226,293.957,294.851
Mchinji,July,2023,23.9496,0,0,0,292.225,293.226,293.957
Mchinji,August,2023,19.0045,0,0,0,290.882,292.225,293.226
Mchinji,September,2023,30.0129,0,0,0,293.091,290.882,292.225
Mchinji,October,2023,39.6876,0,0,0,297.197,293.091,290.882
Mchinji,November,2023,38.565,0,0,0,299.175,297.197,293.091
Mchinji,December,2023,50.2767,0,0,0,298.606,299.175,297.197
Mchinji,January,2024,95.2758,0.01,0,0,298.466,298.606,299.175
Mchinji,February,2024,94.274,0.02,0.01,0,295.865,298.466,298.606
Mchinji,March,2024,67.805,0.01,0.02,0.01,296.544,295.865,298.466
Mchinji,April,2024,87.8526,0.01,0.01,0.02,295.857,296.544,295.865
Mchinji,May,2024,71.6505,0,0.01,0.01,294.767,295.857,296.544
Mchinji,June,2024,47.9262,0,0,0.01,292.608,294.767,295.857
Mchinji,July,2024,36.1798,0,0,0,290.75,292.608,294.767
Mchinji,August,2024,27.7082,0,0,0,291.438,290.75,292.608
Mchinji,September,2024,26.702,0,0,0,293.101,291.438,290.75
Mchinji,October,2024,35.9235,0,0,0,296.252,293.101,291.438
Mchinji,November,2024,34.0772,0,0,0,297.493,296.252,293.101
Mchinji,December,2024,55.4455,0,0,0,298.156,297.493,296.252
Mulanje,April,2018,56.3091,0.01,0.02,0.01,296.851,297.128,296.821
Mulanje,May,2018,54.3024,0.01,0.01,0.02,295.118,296.851,297.128
Mulanje,June,2018,27.2959,0,0.01,0.01,294.071,295.118,296.851
Mulanje,July,2018,23.2328,0,0,0.01,291.674,294.071,295.118
Mulanje,August,2018,20.3667,0,0,0,290.276,291.674,294.071
Mulanje,September,2018,21.1092,0,0,0,294.341,290.276,291.674
Mulanje,October,2018,25.9776,0,0,0,297.026,294.341,290.276
Mulanje,November,2018,27.6891,0,0,0,296.052,297.026,294.341
Mulanje,December,2018,32.1643,0.01,0,0,297.261,296.052,297.026
Mulanje,January,2019,34.4175,0.02,0.01,0,297.12,297.261,296.052
Mulanje,February,2019,42.5872,0.03,0.02,0.01,296.573,297.12,297.261
Mulanje,March,2019,33.2327,0.01,0.03,0.02,296.886,296.573,297.12
Mulanje,April,2019,35.0742,0.03,0.01,0.03,296.049,296.886,296.573
Mulanje,May,2019,52.3558,0,0.03,0.01,295.548,296.049,296.886
Mulanje,June,2019,28.5047,0,0,0.03,292.81,295.548,296.049
Mulanje,July,2019,18.5192,0,0,0,290.836,292.81,295.548
Mulanje,August,2019,14.7577,0,0,0,290.625,290.836,292.81
Mulanje,September,2019,16.712,0,0,0,293.655,290.625,290.836
Mulanje,October,2019,22.0209,0,0,0,294.753,293.655,290.625
Mulanje,November,2019,22.3107,0,0,0,298.754,294.753,293.655
Mulanje,December,2019,33.6153,0.01,0,0,299.142,298.754,294.753
Mulanje,January,2020,73.3113,0.01,0.01,0,297.955,299.142,298.754
Mulanje,February,2020,50.4609,0.03,0.01,0.01,296.405,297.955,299.142
Mulanje,March,2020,60.2559,0.01,0.03,0.01,297.079,296.405,297.955
Mulanje,April,2020,60.2657,0,0.01,0.03,296.246,297.079,296.405
Mulanje,May,2020,51.7737,0,0,0.01,296.113,296.246,297.079
Mulanje,June,2020,37.252,0,0,0,293.127,296.113,296.246
Mulanje,July,2020,20.0518,0,0,0,291.157,293.127,296.113
Mulanje,August,2020,16.6938,0,0,0,290.029,291.157,293.127
Mulanje,September,2020,19.4966,0,0,0,293.079,290.029,291.157
Mulanje,October,2020,34.4479,0,0,0,295.52,293.079,290.029
Mulanje,November,2020,35.0213,0,0,0,297.639,295.52,293.079
Mulanje,December,2020,42.2674,0,0,0,300.492,297.639,295.52
Mulanje,January,2021,72.9209,0.02,0,0,298.101,300.492,297.639
Mulanje,February,2021,52.0293,0.02,0.02,0,297.298,298.101,300.492
Mulanje,March,2021,50.4537,0.01,0.02,0.02,297.633,297.298,298.101
Mulanje,April,2021,53.4793,0.01,0.01,0.02,295.65,297.633,297.298
Mulanje,May,2021,46.9656,0,0.01,0.01,294.098,295.65,297.633
Mulanje,June,2021,36.7156,0,0,0.01,292,294.098,295.65
Mulanje,July,2021,21.6883,0,0,0,290.998,292,294.098
Mulanje,August,2021,17.2863,0,0,0,290.38,290.998,292
Mulanje,September,2021,18.2766,0,0,0,292.677,290.38,290.998
Mulanje,October,2021,20.2028,0,0,0,295.332,292.677,290.38
Mulanje,November,2021,20.5629,0,0,0,297.229,295.332,292.677
Mulanje,December,2021,28.3684,0.01,0,0,299.601,297.229,295.332
Mulanje,January,2022,26.2598,0,0.01,0,300.087,299.601,297.229
Mulanje,February,2022,24.6611,0.03,0,0.01,296.177,300.087,299.601
Mulanje,March,2022,20.4228,0.01,0.03,0,296.511,296.177,300.087
Mulanje,April,2022,17.2401,0.02,0.01,0.03,295.808,296.511,296.177
Mulanje,May,2022,20.9219,0.01,0.02,0.01,295.265,295.808,296.511
Mulanje,June,2022,13.9653,0,0.01,0.02,292.981,295.265,295.808
Mulanje,July,2022,11.2723,0,0,0.01,290.085,292.981,295.265
Mulanje,August,2022,10.3422,0,0,0,290.523,290.085,292.981
Mulanje,September,2022,8.9436,0,0,0,292.793,290.523,290.085
Mulanje,October,2022,9.9939,0,0,0,294.794,292.793,290.523
Mulanje,November,2022,14.0507,0,0,0,298.791,294.794,292.793
Mulanje,December,2022,22.7261,0,0,0,298.174,298.791,294.794
Mulanje,January,2023,48.2574,0.02,0,0,296.71,298.174,298.791
Mulanje,February,2023,35.3398,0.02,0.02,0,296.178,296.71,298.174
Mulanje,March,2023,40.0994,0.02,0.02,0.02,296.719,296.178,296.71
Mulanje,April,2023,33.7203,0.04,0.02,0.02,295.61,296.719,296.178
Mulanje,May,2023,48.0053,0,0.04,0.02,294.938,295.61,296.719
Mulanje,June,2023,38.8703,0,0,0.04,294.325,294.938,295.61
Mulanje,July,2023,29.7718,0,0,0,293.612,294.325,294.938
Mulanje,August,2023,29.9965,0,0,0,291.421,293.612,294.325
Mulanje,September,2023,36.2254,0,0,0,292.728,291.421,293.612
Mulanje,October,2023,43.6416,0,0,0,297.011,292.728,291.421
Mulanje,November,2023,44.3208,0,0,0,298.782,297.011,292.728
Mulanje,December,2023,46.8129,0,0,0,298.411,298.782,297.011
Mulanje,January,2024,75.5844,0.01,0,0,299.429,298.411,298.782
Mulanje,February,2024,71.1155,0.01,0.01,0,297.373,299.429,298.411
Mulanje,March,2024,59.2218,0.01,0.01,0.01,298.013,297.373,299.429
Mulanje,April,2024,70.0309,0.01,0.01,0.01,297.182,298.013,297.373
Mulanje,May,2024,78.6324,0,0.01,0.01,295.497,297.182,298.013
Mulanje,June,2024,48.3321,0,0,0.01,293.483,295.497,297.182
Mulanje,July,2024,34.6835,0,0,0,291.714,293.483,295.497
Mulanje,August,2024,34.9381,0,0,0,292.846,291.714,293.483
Mulanje,September,2024,42.1083,0,0,0,293.709,292.846,291.714
Mulanje,October,2024,44.9503,0,0,0,295.823,293.709,292.846
Mulanje,November,2024,46.8753,0,0,0,296.237,295.823,293.709
Mulanje,December,2024,69.9528,0.01,0,0,298.279,296.237,295.823
Mwanza,April,2018,51.7086,0.01,0.02,0.01,297.838,298.398,298.343
Mwanza,May,2018,17.2693,0.01,0.01,0.02,296.44,297.838,298.398
Mwanza,June,2018,76.2818,0,0.01,0.01,295.61,296.44,297.838
Mwanza,July,2018,43.3722,0,0,0.01,292.885,295.61,296.44
Mwanza,August,2018,31.3571,0,0,0,291.039,292.885,295.61
Mwanza,September,2018,41.8426,0,0,0,295.5,291.039,292.885
Mwanza,October,2018,39.0357,0,0,0,299.054,295.5,291.039
Mwanza,November,2018,27.5177,0,0,0,298.174,299.054,295.5
Mwanza,December,2018,34.0033,0.01,0,0,299.025,298.174,299.054
Mwanza,January,2019,51.2855,0.02,0.01,0,298.201,299.025,298.174
Mwanza,February,2019,33.8742,0.03,0.02,0.01,297.615,298.201,299.025
Mwanza,March,2019,30.0141,0.01,0.03,0.02,297.842,297.615,298.201
Mwanza,April,2019,20.5527,0.04,0.01,0.03,296.991,297.842,297.615
Mwanza,May,2019,21.9456,0,0.04,0.01,296.176,296.991,297.842
Mwanza,June,2019,14.2847,0,0,0.04,293.568,296.176,296.991
Mwanza,July,2019,19.6414,0,0,0,291.392,293.568,296.176
Mwanza,August,2019,20.0859,0,0,0,291.624,291.392,293.568
Mwanza,September,2019,22.2049,0,0,0,294.777,291.624,291.392
Mwanza,October,2019,24.2424,0,0,0,296.09,294.777,291.624
Mwanza,November,2019,22.6791,0,0,0,300.688,296.09,294.777
Mwanza,December,2019,38.29,0.01,0,0,301.002,300.688,296.09
Mwanza,January,2020,93.0597,0.01,0.01,0,299.603,301.002,300.688
Mwanza,February,2020,89.0164,0.03,0.01,0.01,297.505,299.603,301.002
Mwanza,March,2020,105.7353,0.01,0.03,0.01,298.053,297.505,299.603
Mwanza,April,2020,112.3352,0,0.01,0.03,297.216,298.053,297.505
Mwanza,May,2020,121.0968,0,0,0.01,297.4,297.216,298.053
Mwanza,June,2020,97.6918,0,0,0,294.311,297.4,297.216
Mwanza,July,2020,44.44,0,0,0,292.067,294.311,297.4
Mwanza,August,2020,41.8546,0,0,0,291.094,292.067,294.311
Mwanza,September,2020,54.9826,0,0,0,294.329,291.094,292.067
Mwanza,October,2020,41.7756,0,0,0,297.16,294.329,291.094
Mwanza,November,2020,60.6202,0,0,0,299.348,297.16,294.329
Mwanza,December,2020,42.5225,0,0,0,302.495,299.348,297.16
Mwanza,January,2021,118.2284,0.01,0,0,299.443,302.495,299.348
Mwanza,February,2021,91.7759,0.02,0.01,0,298.457,299.443,302.495
Mwanza,March,2021,111.8625,0.01,0.02,0.01,299.037,298.457,299.443
Mwanza,April,2021,83.1673,0.01,0.01,0.02,297.092,299.037,298.457
Mwanza,May,2021,77.3795,0,0.01,0.01,295.536,297.092,299.037
Mwanza,June,2021,67.4198,0,0,0.01,293.194,295.536,297.092
Mwanza,July,2021,54.7368,0,0,0,292.199,293.194,295.536
Mwanza,August,2021,42.7085,0,0,0,291.491,292.199,293.194
Mwanza,September,2021,37.255,0,0,0,293.906,291.491,292.199
Mwanza,October,2021,35.1934,0,0,0,296.692,293.906,291.491
Mwanza,November,2021,30.8264,0,0,0,298.77,296.692,293.906
Mwanza,December,2021,35.6879,0.01,0,0,301.281,298.77,296.692
Mwanza,January,2022,52.1098,0,0.01,0,301.507,301.281,298.77
Mwanza,February,2022,60.3274,0.03,0,0.01,297.435,301.507,301.281
Mwanza,March,2022,46.8387,0.02,0.03,0,297.311,297.435,301.507
Mwanza,April,2022,44.3721,0.02,0.02,0.03,296.832,297.311,297.435
Mwanza,May,2022,29.5994,0.01,0.02,0.02,296.158,296.832,297.311
Mwanza,June,2022,24.5378,0,0.01,0.02,293.853,296.158,296.832
Mwanza,July,2022,18.476,0.01,0,0.01,290.727,293.853,296.158
Mwanza,August,2022,20.3006,0,0.01,0,291.256,290.727,293.853
Mwanza,September,2022,15.2119,0,0,0.01,293.991,291.256,290.727
Mwanza,October,2022,14.1577,0,0,0,296.612,293.991,291.256
Mwanza,November,2022,15.4079,0,0,0,300.463,296.612,293.991
Mwanza,December,2022,26.8152,0,0,0,299.648,300.463,296.612
Mwanza,January,2023,75.6135,0.02,0,0,298.367,299.648,300.463
Mwanza,February,2023,56.0181,0.02,0.02,0,297.293,298.367,299.648
Mwanza,March,2023,62.7358,0.02,0.02,0.02,297.926,297.293,298.367
Mwanza,April,2023,52.8429,0.02,0.02,0.02,296.693,297.926,297.293
Mwanza,May,2023,53.5514,0,0.02,0.02,295.917,296.693,297.926
Mwanza,June,2023,46.322,0,0,0.02,295.182,295.917,296.693
Mwanza,July,2023,40.5096,0,0,0,294.389,295.182,295.917
Mwanza,August,2023,37.505,0,0,0,292.392,294.389,295.182
Mwanza,September,2023,45.2527,0,0,0,294.105,292.392,294.389
Mwanza,October,2023,35.5107,0,0,0,298.898,294.105,292.392
Mwanza,November,2023,37.0064,0,0,0,300.419,298.898,294.105
Mwanza,December,2023,41.0541,0,0,0,300.246,300.419,298.898
Mwanza,January,2024,97.552,0.01,0,0,301.455,300.246,300.419
Mwanza,February,2024,82.4126,0.02,0.01,0,298.709,301.455,300.246
Mwanza,March,2024,89.823,0.01,0.02,0.01,299.77,298.709,301.455
Mwanza,April,2024,108.1036,0,0.01,0.02,298.754,299.77,298.709
Mwanza,May,2024,132.7242,0,0,0.01,296.918,298.754,299.77
Mwanza,June,2024,86.9302,0,0,0,294.752,296.918,298.754
Mwanza,July,2024,56.5942,0,0,0,292.827,294.752,296.918
Mwanza,August,2024,59.4487,0,0,0,293.85,292.827,294.752
Mwanza,September,2024,51.7771,0,0,0,295.084,293.85,292.827
Mwanza,October,2024,53.6249,0,0,0,297.284,295.084,293.85
Mwanza,November,2024,58.3528,0,0,0,297.907,297.284,295.084
Mwanza,December,2024,70.4018,0,0,0,299.944,297.907,297.284
Mzimba,April,2018,60.8714,0.01,0.01,0.02,294.091,294.974,293.963
Mzimba,May,2018,55.2657,0.01,0.01,0.01,293.28,294.091,294.974
Mzimba,June,2018,32.5661,0,0.01,0.01,292.859,293.28,294.091
Mzimba,July,2018,21.5366,0,0,0.01,290.543,292.859,293.28
Mzimba,August,2018,11.7244,0,0,0,289.68,290.543,292.859
Mzimba,September,2018,10.2708,0,0,0,292.328,289.68,290.543
Mzimba,October,2018,11.5201,0,0,0,295.001,292.328,289.68
Mzimba,November,2018,10.5346,0,0,0,295.394,295.001,292.328
Mzimba,December,2018,13.516,0,0,0,296.478,295.394,295.001
Mzimba,January,2019,23.7104,0.02,0,0,294.853,296.478,295.394
Mzimba,February,2019,28.5475,0.02,0.02,0,294.704,294.853,296.478
Mzimba,March,2019,46.4514,0.01,0.02,0.02,294.86,294.704,294.853
Mzimba,April,2019,52.0301,0.01,0.01,0.02,294.716,294.86,294.704
Mzimba,May,2019,47.0327,0.01,0.01,0.01,294.463,294.716,294.86
Mzimba,June,2019,25.5405,0,0.01,0.01,292.922,294.463,294.716
Mzimba,July,2019,17.2416,0,0,0.01,289.962,292.922,294.463
Mzimba,August,2019,8.6339,0,0,0,290.506,289.962,292.922
Mzimba,September,2019,7.6796,0,0,0,292.445,290.506,289.962
Mzimba,October,2019,9.1713,0,0,0,294.556,292.445,290.506
Mzimba,November,2019,10.5508,0,0,0,297.038,294.556,292.445
Mzimba,December,2019,11.9522,0.01,0,0,297.37,297.038,294.556
Mzimba,January,2020,36.7346,0.02,0.01,0,295.053,297.37,297.038
Mzimba,February,2020,31.51,0.02,0.02,0.01,294.632,295.053,297.37
Mzimba,March,2020,60.084,0.02,0.02,0.02,294.74,294.632,295.053
Mzimba,April,2020,54.5456,0.01,0.02,0.02,294.459,294.74,294.632
Mzimba,May,2020,56.1016,0,0.01,0.02,294.224,294.459,294.74
Mzimba,June,2020,46.6378,0,0,0.01,292.448,294.224,294.459
Mzimba,July,2020,18.6584,0,0,0,290.853,292.448,294.224
Mzimba,August,2020,11.7201,0,0,0,289.54,290.853,292.448
Mzimba,September,2020,11.3345,0,0,0,292.328,289.54,290.853
Mzimba,October,2020,13.547,0,0,0,294.258,292.328,289.54
Mzimba,November,2020,16.9009,0,0,0,296.74,294.258,292.328
Mzimba,December,2020,17.878,0,0,0,297.689,296.74,294.258
Mzimba,January,2021,34.7829,0.01,0,0,294.983,297.689,296.74
Mzimba,February,2021,42.327,0.02,0.01,0,294.027,294.983,297.689
Mzimba,March,2021,55.5377,0.02,0.02,0.01,294.359,294.027,294.983
Mzimba,April,2021,58.4054,0.02,0.02,0.02,293.662,294.359,294.027
Mzimba,May,2021,37.455,0,0.02,0.02,293.126,293.662,294.359
Mzimba,June,2021,42.5323,0,0,0.02,291.071,293.126,293.662
Mzimba,July,2021,22.8933,0,0,0,290.086,291.071,293.126
Mzimba,August,2021,11.9657,0,0,0,289.366,290.086,291.071
Mzimba,September,2021,11.9519,0,0,0,292.065,289.366,290.086
Mzimba,October,2021,13.2706,0,0,0,294.196,292.065,289.366
Mzimba,November,2021,13.7686,0,0,0,296.391,294.196,292.065
Mzimba,December,2021,15.219,0,0,0,298.414,296.391,294.196
Mzimba,January,2022,25.1372,0,0,0,297.857,298.414,296.391
Mzimba,February,2022,30.8411,0.02,0,0,294.108,297.857,298.414
Mzimba,March,2022,20.7708,0.03,0.02,0,293.51,294.108,297.857
Mzimba,April,2022,20.1772,0.01,0.03,0.02,294.319,293.51,294.108
Mzimba,May,2022,18.0909,0.01,0.01,0.03,293.888,294.319,293.51
Mzimba,June,2022,13.4538,0,0.01,0.01,292.124,293.888,294.319
Mzimba,July,2022,9.0827,0,0,0.01,289.543,292.124,293.888
Mzimba,August,2022,7.161,0,0,0,289.783,289.543,292.124
Mzimba,September,2022,6.0475,0,0,0,291.769,289.783,289.543
Mzimba,October,2022,6.3537,0,0,0,293.439,291.769,289.783
Mzimba,November,2022,7.0004,0,0,0,296.435,293.439,291.769
Mzimba,December,2022,9.2053,0,0,0,296.994,296.435,293.439
Mzimba,January,2023,24.0525,0.02,0,0,294.667,296.994,296.435
Mzimba,February,2023,21.5562,0.02,0.02,0,293.931,294.667,296.994
Mzimba,March,2023,32.1418,0.02,0.02,0.02,294.587,293.931,294.667
Mzimba,April,2023,26.9819,0.02,0.02,0.02,294.086,294.587,293.931
Mzimba,May,2023,31.6932,0.01,0.02,0.02,293.505,294.086,294.587
Mzimba,June,2023,31.4174,0,0.01,0.02,292.466,293.505,294.086
Mzimba,July,2023,18.4765,0,0,0.01,291.806,292.466,293.505
Mzimba,August,2023,11.6021,0,0,0,290.243,291.806,292.466
Mzimba,September,2023,13.9945,0,0,0,291.972,290.243,291.806
Mzimba,October,2023,14.6422,0,0,0,295.29,291.972,290.243
Mzimba,November,2023,15.737,0,0,0,297.798,295.29,291.972
Mzimba,December,2023,22.4239,0,0,0,297.62,297.798,295.29
Mzimba,January,2024,42.5472,0.01,0,0,296.942,297.62,297.798
Mzimba,February,2024,45.0465,0.03,0.01,0,294.721,296.942,297.62
Mzimba,March,2024,49.775,0.02,0.03,0.01,295.201,294.721,296.942
Mzimba,April,2024,47.2507,0.01,0.02,0.03,295.049,295.201,294.721
Mzimba,May,2024,78.6811,0,0.01,0.02,293.945,295.049,295.201
Mzimba,June,2024,23.7437,0,0,0.01,291.993,293.945,295.049
Mzimba,July,2024,19.1046,0,0,0,290.161,291.993,293.945
Mzimba,August,2024,19.1122,0,0,0,290.76,290.161,291.993
Mzimba,September,2024,16.3611,0,0,0,291.854,290.76,290.161
Mzimba,October,2024,18.0859,0,0,0,294.524,291.854,290.76
Mzimba,November,2024,25.4374,0,0,0,295.789,294.524,291.854
Mzimba,December,2024,33.5285,0,0,0,297.105,295.789,294.524
Neno,April,2018,150.4484,0.01,0.02,0.01,297.072,297.596,297.38
Neno,May,2018,130.2205,0.01,0.01,0.02,295.519,297.072,297.596
Neno,June,2018,48.8101,0,0.01,0.01,294.582,295.519,297.072
Neno,July,2018,52.1995,0,0,0.01,291.957,294.582,295.519
Neno,August,2018,38.7648,0,0,0,290.483,291.957,294.582
Neno,September,2018,55.5238,0,0,0,294.616,290.483,291.957
Neno,October,2018,50.4867,0,0,0,297.875,294.616,290.483
Neno,November,2018,32.8099,0,0,0,297.207,297.875,294.616
Neno,December,2018,38.7937,0.01,0,0,298.128,297.207,297.875
Neno,January,2019,58.8294,0.02,0.01,0,297.43,298.128,297.207
Neno,February,2019,67.5094,0.03,0.02,0.01,296.844,297.43,298.128
Neno,March,2019,76.1117,0.01,0.03,0.02,297.108,296.844,297.43
Neno,April,2019,68.7828,0.03,0.01,0.03,296.392,297.108,296.844
Neno,May,2019,29.9877,0,0.03,0.01,295.677,296.392,297.108
Neno,June,2019,32.3434,0,0,0.03,292.978,295.677,296.392
Neno,July,2019,21.8452,0,0,0,290.745,292.978,295.677
Neno,August,2019,22.7861,0,0,0,290.876,290.745,292.978
Neno,September,2019,25.0782,0,0,0,293.963,290.876,290.745
Neno,October,2019,26.1818,0,0,0,295.201,293.963,290.876
Neno,November,2019,21.6472,0,0,0,299.598,295.201,293.963
Neno,December,2019,42.2403,0.01,0,0,300.138,299.598,295.201
Neno,January,2020,118.8384,0.01,0.01,0,298.586,300.138,299.598
Neno,February,2020,98.0862,0.04,0.01,0.01,296.758,298.586,300.138
Neno,March,2020,127.2987,0.01,0.04,0.01,297.328,296.758,298.586
Neno,April,2020,131.2482,0,0.01,0.04,296.485,297.328,296.758
Neno,May,2020,115.8451,0,0,0.01,296.598,296.485,297.328
Neno,June,2020,84.6441,0,0,0,293.46,296.598,296.485
Neno,July,2020,62.8872,0,0,0,291.298,293.46,296.598
Neno,August,2020,49.0985,0,0,0,290.441,291.298,293.46
Neno,September,2020,61.7439,0,0,0,293.488,290.441,291.298
Neno,October,2020,62.4298,0,0,0,296.172,293.488,290.441
Neno,November,2020,70.7169,0,0,0,298.465,296.172,293.488
Neno,December,2020,71.2712,0,0,0,301.343,298.465,296.172
Neno,January,2021,146.552,0.01,0,0,298.864,301.343,298.465
Neno,February,2021,107.2505,0.02,0.01,0,297.672,298.864,301.343
Neno,March,2021,141.1538,0.02,0.02,0.01,298.099,297.672,298.864
Neno,April,2021,109.6067,0.01,0.02,0.02,296.114,298.099,297.672
Neno,May,2021,96.1215,0,0.01,0.02,294.596,296.114,298.099
Neno,June,2021,70.8892,0,0,0.01,292.243,294.596,296.114
Neno,July,2021,47.0558,0,0,0,291.281,292.243,294.596
Neno,August,2021,30.3452,0,0,0,290.608,291.281,292.243
Neno,September,2021,39.2878,0,0,0,292.93,290.608,291.281
Neno,October,2021,35.6891,0,0,0,295.703,292.93,290.608
Neno,November,2021,29.6255,0,0,0,297.927,295.703,292.93
Neno,December,2021,35.0304,0.01,0,0,300.407,297.927,295.703
Neno,January,2022,44.3243,0,0.01,0,300.707,300.407,297.927
Neno,February,2022,53.9574,0.03,0,0.01,296.635,300.707,300.407
Neno,March,2022,28.3534,0.02,0.03,0,296.673,296.635,300.707
Neno,April,2022,38.7255,0.02,0.02,0.03,296.165,296.673,296.635
Neno,May,2022,50.1228,0.01,0.02,0.02,295.554,296.165,296.673
Neno,June,2022,32.1947,0,0.01,0.02,293.134,295.554,296.165
Neno,July,2022,21.3633,0.01,0,0.01,290.18,293.134,295.554
Neno,August,2022,20.1783,0,0.01,0,290.621,290.18,293.134
Neno,September,2022,23.2406,0,0,0.01,293.241,290.621,290.18
Neno,October,2022,32.4344,0,0,0,295.593,293.241,290.621
Neno,November,2022,26.9022,0,0,0,299.406,295.593,293.241
Neno,December,2022,60.7612,0,0,0,299.005,299.406,295.593
Neno,January,2023,148.114,0.02,0,0,297.356,299.005,299.406
Neno,February,2023,85.9781,0.02,0.02,0,296.54,297.356,299.005
Neno,March,2023,91.1762,0.02,0.02,0.02,297.086,296.54,297.356
Neno,April,2023,97.4519,0.02,0.02,0.02,296.07,297.086,296.54
Neno,May,2023,128.1378,0,0.02,0.02,295.126,296.07,297.086
Neno,June,2023,96.4397,0,0,0.02,294.277,295.126,296.07
Neno,July,2023,75.7386,0,0,0,293.47,294.277,295.126
Neno,August,2023,52.0923,0,0,0,291.526,293.47,294.277
Neno,September,2023,75.0137,0,0,0,293.276,291.526,293.47
Neno,October,2023,63.7293,0,0,0,297.757,293.276,291.526
Neno,November,2023,50.5316,0,0,0,299.523,297.757,293.276
Neno,December,2023,95.336,0,0,0,299.22,299.523,297.757
Neno,January,2024,209.6918,0.01,0,0,300.423,299.22,299.523
Neno,February,2024,179.2167,0.02,0.01,0,297.854,300.423,299.22
Neno,March,2024,176.6979,0.01,0.02,0.01,298.556,297.854,300.423
Neno,April,2024,210.0251,0.01,0.01,0.02,297.655,298.556,297.854
Neno,May,2024,172.3269,0,0.01,0.01,296.101,297.655,298.556
Neno,June,2024,112.5111,0,0,0.01,293.91,296.101,297.655
Neno,July,2024,84.3177,0,0,0,291.976,293.91,296.101
Neno,August,2024,81.3951,0,0,0,292.965,291.976,293.91
Neno,September,2024,78.6905,0,0,0,294.07,292.965,291.976
Neno,October,2024,72.7813,0,0,0,296.365,294.07,292.965
Neno,November,2024,74.1401,0,0,0,297.063,296.365,294.07
Neno,December,2024,140.7174,0,0,0,298.963,297.063,296.365
Nkhatabay,April,2018,105.0088,0.03,0.02,0.03,296.27,297.021,296.062
Nkhatabay,May,2018,98.6582,0.02,0.03,0.02,295.378,296.27,297.021
Nkhatabay,June,2018,80.9066,0,0.02,0.03,294.899,295.378,296.27
Nkhatabay,July,2018,76.7068,0,0,0.02,292.75,294.899,295.378
Nkhatabay,August,2018,74.0323,0,0,0,291.667,292.75,294.899
Nkhatabay,September,2018,78.7136,0,0,0,293.946,291.667,292.75
Nkhatabay,October,2018,92.4481,0,0,0,296.109,293.946,291.667
Nkhatabay,November,2018,99.2416,0,0,0,296.618,296.109,293.946
Nkhatabay,December,2018,92.5289,0.01,0,0,297.555,296.618,296.109
Nkhatabay,January,2019,116.5934,0.03,0.01,0,296.533,297.555,296.618
Nkhatabay,February,2019,90.2497,0.03,0.03,0.01,296.946,296.533,297.555
Nkhatabay,March,2019,87.4968,0.02,0.03,0.03,296.866,296.946,296.533
Nkhatabay,April,2019,79.5077,0.02,0.02,0.03,296.945,296.866,296.946
Nkhatabay,May,2019,77.3663,0.02,0.02,0.02,296.258,296.945,296.866
Nkhatabay,June,2019,69.8089,0.01,0.02,0.02,294.672,296.258,296.945
Nkhatabay,July,2019,63.3844,0,0.01,0.02,292.039,294.672,296.258
Nkhatabay,August,2019,67.8228,0,0,0.01,292.289,292.039,294.672
Nkhatabay,September,2019,70.5722,0,0,0,293.908,292.289,292.039
Nkhatabay,October,2019,82.0775,0,0,0,295.636,293.908,292.289
Nkhatabay,November,2019,84.8925,0.01,0,0,297.749,295.636,293.908
Nkhatabay,December,2019,78.4923,0.02,0.01,0,298.443,297.749,295.636
Nkhatabay,January,2020,119.3109,0.03,0.02,0.01,296.733,298.443,297.749
Nkhatabay,February,2020,104.9879,0.03,0.03,0.02,296.945,296.733,298.443
Nkhatabay,March,2020,108.9099,0.03,0.03,0.03,296.705,296.945,296.733
Nkhatabay,April,2020,93.9893,0.03,0.03,0.03,296.349,296.705,296.945
Nkhatabay,May,2020,78.111,0.01,0.03,0.03,296.367,296.349,296.705
Nkhatabay,June,2020,76.7528,0,0.01,0.03,294.556,296.367,296.349
Nkhatabay,July,2020,71.5234,0,0,0.01,292.781,294.556,296.367
Nkhatabay,August,2020,61.7812,0,0,0,291.518,292.781,294.556
Nkhatabay,September,2020,73.6084,0,0,0,293.453,291.518,292.781
Nkhatabay,October,2020,79.6493,0,0,0,295.519,293.453,291.518
Nkhatabay,November,2020,92.6718,0,0,0,297.881,295.519,293.453
Nkhatabay,December,2020,66.5317,0,0,0,298.768,297.881,295.519
Nkhatabay,January,2021,36.7888,0.03,0,0,296.897,298.768,297.881
Nkhatabay,February,2021,26.2744,0.03,0.03,0,296.43,296.897,298.768
Nkhatabay,March,2021,26.1075,0.03,0.03,0.03,296.801,296.43,296.897
Nkhatabay,April,2021,26.2844,0.03,0.03,0.03,295.827,296.801,296.43
Nkhatabay,May,2021,26.5949,0.01,0.03,0.03,295.204,295.827,296.801
Nkhatabay,June,2021,33.55,0,0.01,0.03,293.438,295.204,295.827
Nkhatabay,July,2021,39.8874,0,0,0.01,292.143,293.438,295.204
Nkhatabay,August,2021,48.0746,0,0,0,291.498,292.143,293.438
Nkhatabay,September,2021,70.7162,0,0,0,293.365,291.498,292.143
Nkhatabay,October,2021,81.0303,0,0,0,295.498,293.365,291.498
Nkhatabay,November,2021,84.5596,0,0,0,297.529,295.498,293.365
Nkhatabay,December,2021,93.508,0,0,0,299.483,297.529,295.498
Nkhatabay,January,2022,101.1538,0.01,0,0,298.904,299.483,297.529
Nkhatabay,February,2022,71.8423,0.03,0.01,0,296.233,298.904,299.483
Nkhatabay,March,2022,84.8908,0.04,0.03,0.01,295.714,296.233,298.904
Nkhatabay,April,2022,92.9845,0.02,0.04,0.03,296.263,295.714,296.233
Nkhatabay,May,2022,85.2717,0.02,0.02,0.04,295.851,296.263,295.714
Nkhatabay,June,2022,80.7077,0,0.02,0.02,294.428,295.851,296.263
Nkhatabay,July,2022,61.3516,0,0,0.02,291.705,294.428,295.851
Nkhatabay,August,2022,63.5679,0,0,0,291.652,291.705,294.428
Nkhatabay,September,2022,66.4443,0,0,0,293.339,291.652,291.705
Nkhatabay,October,2022,71.3793,0,0,0,294.814,293.339,291.652
Nkhatabay,November,2022,60.7179,0,0,0,297.647,294.814,293.339
Nkhatabay,December,2022,54.499,0.01,0,0,298.341,297.647,294.814
Nkhatabay,January,2023,68.5852,0.04,0.01,0,296.454,298.341,297.647
Nkhatabay,February,2023,52.1712,0.03,0.04,0.01,296.173,296.454,298.341
Nkhatabay,March,2023,65.9825,0.02,0.03,0.04,297.012,296.173,296.454
Nkhatabay,April,2023,56.0882,0.04,0.02,0.03,296.209,297.012,296.173
Nkhatabay,May,2023,62.4433,0.02,0.04,0.02,295.49,296.209,297.012
Nkhatabay,June,2023,80.8918,0,0.02,0.04,294.881,295.49,296.209
Nkhatabay,July,2023,70.3839,0,0,0.02,294.249,294.881,295.49
Nkhatabay,August,2023,89.5654,0,0,0,292.296,294.249,294.881
Nkhatabay,September,2023,122.6261,0,0,0,293.403,292.296,294.249
Nkhatabay,October,2023,115.0472,0,0,0,296.446,293.403,292.296
Nkhatabay,November,2023,92.0552,0,0,0,298.919,296.446,293.403
Nkhatabay,December,2023,69.2311,0.01,0,0,298.482,298.919,296.446
Nkhatabay,January,2024,100.5622,0.02,0.01,0,298.161,298.482,298.919
Nkhatabay,February,2024,80.7249,0.04,0.02,0.01,296.609,298.161,298.482
Nkhatabay,March,2024,76.462,0.04,0.04,0.02,297.15,296.609,298.161
Nkhatabay,April,2024,83.9967,0.03,0.04,0.04,296.897,297.15,296.609
Nkhatabay,May,2024,93.0021,0.01,0.03,0.04,296.151,296.897,297.15
Nkhatabay,June,2024,89.6604,0,0.01,0.03,294.334,296.151,296.897
Nkhatabay,July,2024,103.7419,0,0,0.01,292.645,294.334,296.151
Nkhatabay,August,2024,94.7016,0,0,0,293.196,292.645,294.334
Nkhatabay,September,2024,102.5285,0,0,0,293.994,293.196,292.645
Nkhatabay,October,2024,108.3002,0,0,0,295.8,293.994,293.196
Nkhatabay,November,2024,101.4993,0,0,0,296.96,295.8,293.994
Nkhatabay,December,2024,81.554,0.01,0,0,298.379,296.96,295.8
Nkhotakota,April,2018,95.9963,0.02,0.02,0.02,297.244,297.669,297.157
Nkhotakota,May,2018,89.8989,0.01,0.02,0.02,296.255,297.244,297.669
Nkhotakota,June,2018,46.282,0,0.01,0.02,295.751,296.255,297.244
Nkhotakota,July,2018,77.5694,0,0,0.01,293.432,295.751,296.255
Nkhotakota,August,2018,74.3047,0,0,0,292.433,293.432,295.751
Nkhotakota,September,2018,79.8762,0,0,0,294.833,292.433,293.432
Nkhotakota,October,2018,85.806,0,0,0,297.189,294.833,292.433
Nkhotakota,November,2018,45.2556,0,0,0,297.537,297.189,294.833
Nkhotakota,December,2018,23.6631,0.01,0,0,298.436,297.537,297.189
Nkhotakota,January,2019,33.2044,0.03,0.01,0,297.261,298.436,297.537
Nkhotakota,February,2019,28.533,0.03,0.03,0.01,297.461,297.261,298.436
Nkhotakota,March,2019,32.3044,0.03,0.03,0.03,297.473,297.461,297.261
Nkhotakota,April,2019,35.1784,0.02,0.03,0.03,297.655,297.473,297.461
Nkhotakota,May,2019,35.2355,0.01,0.02,0.03,297.023,297.655,297.473
Nkhotakota,June,2019,42.0499,0,0.01,0.02,295.345,297.023,297.655
Nkhotakota,July,2019,42.7585,0,0,0.01,292.901,295.345,297.023
Nkhotakota,August,2019,50.4629,0,0,0,292.964,292.901,295.345
Nkhotakota,September,2019,57.7547,0,0,0,294.739,292.964,292.901
Nkhotakota,October,2019,65.208,0,0,0,296.367,294.739,292.964
Nkhotakota,November,2019,45.8959,0,0,0,298.953,296.367,294.739
Nkhotakota,December,2019,18.0392,0.01,0,0,299.435,298.953,296.367
Nkhotakota,January,2020,37.2118,0.03,0.01,0,297.692,299.435,298.953
Nkhotakota,February,2020,31.9476,0.03,0.03,0.01,297.538,297.692,299.435
Nkhotakota,March,2020,43.6685,0.03,0.03,0.03,297.539,297.538,297.692
Nkhotakota,April,2020,36.3089,0.01,0.03,0.03,297.406,297.539,297.538
Nkhotakota,May,2020,40.4901,0,0.01,0.03,297.531,297.406,297.539
Nkhotakota,June,2020,38.8059,0,0,0.01,295.289,297.531,297.406
Nkhotakota,July,2020,47.8253,0,0,0,293.516,295.289,297.531
Nkhotakota,August,2020,47.0538,0,0,0,292.344,293.516,295.289
Nkhotakota,September,2020,68.5559,0,0,0,294.226,292.344,293.516
Nkhotakota,October,2020,67.0105,0,0,0,296.343,294.226,292.344
Nkhotakota,November,2020,51.3664,0,0,0,299.054,296.343,294.226
Nkhotakota,December,2020,27.1069,0,0,0,300.026,299.054,296.343
Nkhotakota,January,2021,51.7835,0.02,0,0,297.962,300.026,299.054
Nkhotakota,February,2021,53.6091,0.03,0.02,0,297.177,297.962,300.026
Nkhotakota,March,2021,63.0373,0.03,0.03,0.02,297.588,297.177,297.962
Nkhotakota,April,2021,55.0819,0.03,0.03,0.03,296.309,297.588,297.177
Nkhotakota,May,2021,71.8839,0,0.03,0.03,295.904,296.309,297.588
Nkhotakota,June,2021,80.3231,0,0,0.03,294.085,295.904,296.309
Nkhotakota,July,2021,81.784,0,0,0,292.757,294.085,295.904
Nkhotakota,August,2021,71.8101,0,0,0,292.307,292.757,294.085
Nkhotakota,September,2021,88.6049,0,0,0,294.081,292.307,292.757
Nkhotakota,October,2021,83.4499,0,0,0,296.346,294.081,292.307
Nkhotakota,November,2021,58.6259,0,0,0,298.442,296.346,294.081
Nkhotakota,December,2021,41.1899,0,0,0,300.558,298.442,296.346
Nkhotakota,January,2022,65.6255,0.01,0,0,300.056,300.558,298.442
Nkhotakota,February,2022,85.6906,0.03,0.01,0,297.023,300.056,300.558
Nkhotakota,March,2022,74.7487,0.04,0.03,0.01,296.608,297.023,300.056
Nkhotakota,April,2022,77.1533,0.01,0.04,0.03,297.257,296.608,297.023
Nkhotakota,May,2022,70.7754,0.01,0.01,0.04,296.72,297.257,296.608
Nkhotakota,June,2022,70.019,0,0.01,0.01,295.207,296.72,297.257
Nkhotakota,July,2022,58.9885,0,0,0.01,292.386,295.207,296.72
Nkhotakota,August,2022,69.1342,0,0,0,292.485,292.386,295.207
Nkhotakota,September,2022,60.7604,0,0,0,294.236,292.485,292.386
Nkhotakota,October,2022,51.8705,0,0,0,295.81,294.236,292.485
Nkhotakota,November,2022,39.2595,0,0,0,298.871,295.81,294.236
Nkhotakota,December,2022,21.0363,0,0,0,299.458,298.871,295.81
Nkhotakota,January,2023,38.5188,0.04,0,0,297.144,299.458,298.871
Nkhotakota,February,2023,32.3769,0.03,0.04,0,296.865,297.144,299.458
Nkhotakota,March,2023,30.1535,0.03,0.03,0.04,297.417,296.865,297.144
Nkhotakota,April,2023,26.3334,0.03,0.03,0.03,296.855,297.417,296.865
Nkhotakota,May,2023,32.4913,0.01,0.03,0.03,296.292,296.855,297.417
Nkhotakota,June,2023,44.8414,0,0.01,0.03,295.671,296.292,296.855
Nkhotakota,July,2023,45.4201,0,0,0.01,294.919,295.671,296.292
Nkhotakota,August,2023,57.9395,0,0,0,293.004,294.919,295.671
Nkhotakota,September,2023,75.6514,0,0,0,294.232,293.004,294.919
Nkhotakota,October,2023,83.47,0,0,0,297.394,294.232,293.004
Nkhotakota,November,2023,50.0248,0,0,0,299.877,297.394,294.232
Nkhotakota,December,2023,43.9058,0.01,0,0,299.503,299.877,297.394
Nkhotakota,January,2024,75.3353,0.02,0.01,0,299.327,299.503,299.877
Nkhotakota,February,2024,66.8982,0.03,0.02,0.01,297.695,299.327,299.503
Nkhotakota,March,2024,65.1538,0.03,0.03,0.02,298.245,297.695,299.327
Nkhotakota,April,2024,76.86,0.02,0.03,0.03,297.945,298.245,297.695
Nkhotakota,May,2024,90.0795,0,0.02,0.03,296.989,297.945,298.245
Nkhotakota,June,2024,91.658,0,0,0.02,295.236,296.989,297.945
Nkhotakota,July,2024,84.0886,0,0,0,293.342,295.236,296.989
Nkhotakota,August,2024,89.6894,0,0,0,293.979,293.342,295.236
Nkhotakota,September,2024,68.2569,0,0,0,294.905,293.979,293.342
Nkhotakota,October,2024,77.8039,0,0,0,296.709,294.905,293.979
Nkhotakota,November,2024,62.8758,0,0,0,297.928,296.709,294.905
Nkhotakota,December,2024,39.2685,0.01,0,0,299.516,297.928,296.709
Nsanje,April,2018,18.3799,0.01,0.01,0,300.189,300.568,300.854
Nsanje,May,2018,24.4564,0,0.01,0.01,299.113,300.189,300.568
Nsanje,June,2018,18.9876,0,0,0.01,298.055,299.113,300.189
Nsanje,July,2018,21.7454,0,0,0,295.339,298.055,299.113
Nsanje,August,2018,20.0994,0,0,0,293.468,295.339,298.055
Nsanje,September,2018,22.2128,0,0,0,298.215,293.468,295.339
Nsanje,October,2018,18.9041,0,0,0,301.059,298.215,293.468
Nsanje,November,2018,12.1064,0,0,0,299.867,301.059,298.215
Nsanje,December,2018,12.517,0.01,0,0,300.789,299.867,301.059
Nsanje,January,2019,5.7419,0.01,0.01,0,300.483,300.789,299.867
Nsanje,February,2019,23.1349,0.03,0.01,0.01,299.857,300.483,300.789
Nsanje,March,2019,19.1562,0.01,0.03,0.01,300.164,299.857,300.483
Nsanje,April,2019,21.2472,0.03,0.01,0.03,298.766,300.164,299.857
Nsanje,May,2019,31.8495,0,0.03,0.01,298.384,298.766,300.164
Nsanje,June,2019,23.8166,0,0,0.03,296.011,298.384,298.766
Nsanje,July,2019,22.3221,0,0,0,293.865,296.011,298.384
Nsanje,August,2019,23.6233,0,0,0,293.839,293.865,296.011
Nsanje,September,2019,27.638,0,0,0,296.957,293.839,293.865
Nsanje,October,2019,27.3529,0,0,0,298.163,296.957,293.839
Nsanje,November,2019,19.2447,0,0,0,302.461,298.163,296.957
Nsanje,December,2019,7.5248,0.01,0,0,302.736,302.461,298.163
Nsanje,January,2020,25.9935,0.01,0.01,0,302.424,302.736,302.461
Nsanje,February,2020,31.1793,0.02,0.01,0.01,299.699,302.424,302.736
Nsanje,March,2020,53.6286,0.01,0.02,0.01,300.298,299.699,302.424
Nsanje,April,2020,42.2398,0,0.01,0.02,300.072,300.298,299.699
Nsanje,May,2020,38.4671,0,0,0.01,299.842,300.072,300.298
Nsanje,June,2020,38.48,0,0,0,296.65,299.842,300.072
Nsanje,July,2020,30.8703,0,0,0,294.468,296.65,299.842
Nsanje,August,2020,29.2672,0,0,0,293.492,294.468,296.65
Nsanje,September,2020,43.3761,0,0,0,296.301,293.492,294.468
Nsanje,October,2020,35.0807,0,0,0,299.144,296.301,293.492
Nsanje,November,2020,24.8475,0,0,0,301.144,299.144,296.301
Nsanje,December,2020,16.4652,0,0,0,304.439,301.144,299.144
Nsanje,January,2021,24.2089,0.01,0,0,301.387,304.439,301.144
Nsanje,February,2021,25.4901,0.02,0.01,0,300.734,301.387,304.439
Nsanje,March,2021,25.5312,0.01,0.02,0.01,301.759,300.734,301.387
Nsanje,April,2021,30.1876,0.01,0.01,0.02,299.855,301.759,300.734
Nsanje,May,2021,34.4233,0,0.01,0.01,298.245,299.855,301.759
Nsanje,June,2021,22.7665,0,0,0.01,295.698,298.245,299.855
Nsanje,July,2021,22.6747,0,0,0,294.453,295.698,298.245
Nsanje,August,2021,19.7202,0,0,0,293.742,294.453,295.698
Nsanje,September,2021,18.5687,0,0,0,296.104,293.742,294.453
Nsanje,October,2021,18.0847,0,0,0,298.931,296.104,293.742
Nsanje,November,2021,10.6035,0,0,0,300.558,298.931,296.104
Nsanje,December,2021,14.4121,0,0,0,302.989,300.558,298.931
Nsanje,January,2022,10.0331,0,0,0,303.711,302.989,300.558
Nsanje,February,2022,10.3752,0.03,0,0,299.532,303.711,302.989
Nsanje,March,2022,39.3239,0.02,0.03,0,299.595,299.532,303.711
Nsanje,April,2022,50.0319,0.02,0.02,0.03,298.715,299.595,299.532
Nsanje,May,2022,78.8623,0,0.02,0.02,298.303,298.715,299.595
Nsanje,June,2022,49.2886,0,0,0.02,295.712,298.303,298.715
Nsanje,July,2022,29.8039,0,0,0,292.964,295.712,298.303
Nsanje,August,2022,25.9909,0,0,0,293.53,292.964,295.712
Nsanje,September,2022,22.5823,0,0,0,296.087,293.53,292.964
Nsanje,October,2022,22.6041,0,0,0,298.545,296.087,293.53
Nsanje,November,2022,13.3516,0,0,0,302.434,298.545,296.087
Nsanje,December,2022,17.8332,0,0,0,301.552,302.434,298.545
Nsanje,January,2023,27.4601,0.01,0,0,300.547,301.552,302.434
Nsanje,February,2023,19.3959,0.01,0.01,0,299.697,300.547,301.552
Nsanje,March,2023,16.6364,0.02,0.01,0.01,300.18,299.697,300.547
Nsanje,April,2023,24.0031,0.04,0.02,0.01,298.471,300.18,299.697
Nsanje,May,2023,54.8958,0,0.04,0.02,298.174,298.471,300.18
Nsanje,June,2023,41.4563,0,0,0.04,297.312,298.174,298.471
Nsanje,July,2023,28.9133,0,0,0,296.454,297.312,298.174
Nsanje,August,2023,27.5794,0,0,0,294.507,296.454,297.312
Nsanje,September,2023,39.8625,0,0,0,295.956,294.507,296.454
Nsanje,October,2023,30.1033,0,0,0,300.69,295.956,294.507
Nsanje,November,2023,16.8964,0,0,0,302.187,300.69,295.956
Nsanje,December,2023,16.1469,0,0,0,302.382,302.187,300.69
Nsanje,January,2024,29.3107,0.01,0,0,303.194,302.382,302.187
Nsanje,February,2024,32.6197,0.01,0.01,0,300.736,303.194,302.382
Nsanje,March,2024,36.314,0,0.01,0.01,302.012,300.736,303.194
Nsanje,April,2024,42.4862,0,0,0.01,301.551,302.012,300.736
Nsanje,May,2024,52.133,0,0,0,299.167,301.551,302.012
Nsanje,June,2024,42.682,0,0,0,297.204,299.167,301.551
Nsanje,July,2024,42.8596,0,0,0,295.251,297.204,299.167
Nsanje,August,2024,51.3352,0,0,0,295.756,295.251,297.204
Nsanje,September,2024,51.284,0,0,0,297.118,295.756,295.251
Nsanje,October,2024,27.4711,0,0,0,299.167,297.118,295.756
Nsanje,November,2024,25.1467,0,0,0,300.089,299.167,297.118
Nsanje,December,2024,16.5929,0,0,0,302.485,300.089,299.167
Ntcheu,April,2018,56.796,0.01,0.02,0.01,296.097,296.331,296.245
Ntcheu,May,2018,45.7648,0.01,0.01,0.02,294.56,296.097,296.331
Ntcheu,June,2018,36.4133,0,0.01,0.01,293.617,294.56,296.097
Ntcheu,July,2018,22.9142,0,0,0.01,291.304,293.617,294.56
Ntcheu,August,2018,15.6152,0,0,0,290.256,291.304,293.617
Ntcheu,September,2018,12.9291,0,0,0,294.015,290.256,291.304
Ntcheu,October,2018,17.9133,0,0,0,296.82,294.015,290.256
Ntcheu,November,2018,13.5066,0,0,0,296.416,296.82,294.015
Ntcheu,December,2018,20.7632,0.01,0,0,297.119,296.416,296.82
Ntcheu,January,2019,20.8867,0.02,0.01,0,296.392,297.119,296.416
Ntcheu,February,2019,31.8902,0.02,0.02,0.01,295.925,296.392,297.119
Ntcheu,March,2019,55.8019,0.02,0.02,0.02,296.113,295.925,296.392
Ntcheu,April,2019,38.3531,0.03,0.02,0.02,295.856,296.113,295.925
Ntcheu,May,2019,58.7135,0,0.03,0.02,295.271,295.856,296.113
Ntcheu,June,2019,28.5776,0,0,0.03,292.785,295.271,295.856
Ntcheu,July,2019,20.2999,0,0,0,290.479,292.785,295.271
Ntcheu,August,2019,13.3461,0,0,0,290.564,290.479,292.785
Ntcheu,September,2019,13.7323,0,0,0,293.403,290.564,290.479
Ntcheu,October,2019,17.0404,0,0,0,294.729,293.403,290.564
Ntcheu,November,2019,15.6104,0,0,0,298.365,294.729,293.403
Ntcheu,December,2019,33.3968,0.01,0,0,298.896,298.365,294.729
Ntcheu,January,2020,53.0036,0.02,0.01,0,297.036,298.896,298.365
Ntcheu,February,2020,43.5462,0.03,0.02,0.01,295.858,297.036,298.896
Ntcheu,March,2020,72.4002,0.01,0.03,0.02,296.357,295.858,297.036
Ntcheu,April,2020,73.0054,0,0.01,0.03,295.923,296.357,295.858
Ntcheu,May,2020,52.0642,0,0,0.01,295.961,295.923,296.357
Ntcheu,June,2020,31.0526,0,0,0,293.123,295.961,295.923
Ntcheu,July,2020,17.4575,0,0,0,291.165,293.123,295.961
Ntcheu,August,2020,12.5639,0,0,0,290.22,291.165,293.123
Ntcheu,September,2020,13.6611,0,0,0,293.014,290.22,291.165
Ntcheu,October,2020,18.1474,0,0,0,295.448,293.014,290.22
Ntcheu,November,2020,19.5888,0,0,0,297.882,295.448,293.014
Ntcheu,December,2020,18.9118,0,0,0,300.004,297.882,295.448
Ntcheu,January,2021,37.3615,0.01,0,0,297.483,300.004,297.882
Ntcheu,February,2021,27.8282,0.02,0.01,0,296.414,297.483,300.004
Ntcheu,March,2021,43.8102,0.02,0.02,0.01,296.715,296.414,297.483
Ntcheu,April,2021,39.987,0.02,0.02,0.02,294.887,296.715,296.414
Ntcheu,May,2021,43.8046,0,0.02,0.02,293.757,294.887,296.715
Ntcheu,June,2021,29.0411,0,0,0.02,291.599,293.757,294.887
Ntcheu,July,2021,21.0083,0,0,0,290.529,291.599,293.757
Ntcheu,August,2021,15.0384,0,0,0,290.06,290.529,291.599
Ntcheu,September,2021,15.2548,0,0,0,292.484,290.06,290.529
Ntcheu,October,2021,16.0895,0,0,0,295.078,292.484,290.06
Ntcheu,November,2021,13.9427,0,0,0,297.274,295.078,292.484
Ntcheu,December,2021,14.3377,0,0,0,299.57,297.274,295.078
Ntcheu,January,2022,19.9744,0,0,0,299.66,299.57,297.274
Ntcheu,February,2022,20.4405,0.03,0,0,295.683,299.66,299.57
Ntcheu,March,2022,15.2893,0.02,0.03,0,295.785,295.683,299.66
Ntcheu,April,2022,31.6479,0.01,0.02,0.03,295.6,295.785,295.683
Ntcheu,May,2022,43.8011,0,0.01,0.02,295.019,295.6,295.785
Ntcheu,June,2022,32.6602,0,0,0.01,292.839,295.019,295.6
Ntcheu,July,2022,17.322,0,0,0,289.846,292.839,295.019
Ntcheu,August,2022,16.9497,0,0,0,290.327,289.846,292.839
Ntcheu,September,2022,14.9292,0,0,0,292.692,290.327,289.846
Ntcheu,October,2022,20.9324,0,0,0,294.754,292.692,290.327
Ntcheu,November,2022,14.5963,0,0,0,298.448,294.754,292.692
Ntcheu,December,2022,18.2066,0,0,0,298.143,298.448,294.754
Ntcheu,January,2023,37.5059,0.02,0,0,295.922,298.143,298.448
Ntcheu,February,2023,22.1383,0.03,0.02,0,295.501,295.922,298.143
Ntcheu,March,2023,32.5545,0.03,0.03,0.02,295.911,295.501,295.922
Ntcheu,April,2023,32.6537,0.03,0.03,0.03,295.372,295.911,295.501
Ntcheu,May,2023,46.9125,0.01,0.03,0.03,294.346,295.372,295.911
Ntcheu,June,2023,44.7279,0,0.01,0.03,293.329,294.346,295.372
Ntcheu,July,2023,28.487,0,0,0.01,292.545,293.329,294.346
Ntcheu,August,2023,19.9114,0,0,0,290.799,292.545,293.329
Ntcheu,September,2023,22.3011,0,0,0,292.645,290.799,292.545
Ntcheu,October,2023,28.5466,0,0,0,296.683,292.645,290.799
Ntcheu,November,2023,22.5895,0,0,0,298.791,296.683,292.645
Ntcheu,December,2023,27.4152,0,0,0,298.288,298.791,296.683
Ntcheu,January,2024,40.8064,0.01,0,0,299.154,298.288,298.791
Ntcheu,February,2024,36.6805,0.02,0.01,0,296.867,299.154,298.288
Ntcheu,March,2024,38.7364,0.01,0.02,0.01,297.154,296.867,299.154
Ntcheu,April,2024,52.3153,0.01,0.01,0.02,296.474,297.154,296.867
Ntcheu,May,2024,63.7379,0,0.01,0.01,295.304,296.474,297.154
Ntcheu,June,2024,32.0172,0,0,0.01,293.157,295.304,296.474
Ntcheu,July,2024,24.0863,0,0,0,291.404,293.157,295.304
Ntcheu,August,2024,17.621,0,0,0,292.45,291.404,293.157
Ntcheu,September,2024,14.824,0,0,0,293.314,292.45,291.404
Ntcheu,October,2024,16.0086,0,0,0,295.716,293.314,292.45
Ntcheu,November,2024,15.5871,0,0,0,296.532,295.716,293.314
Ntcheu,December,2024,25.1458,0,0,0,298.033,296.532,295.716
Ntchisi,April,2018,96.0705,0.01,0.02,0.02,295.194,295.499,295.223
Ntchisi,May,2018,77.8867,0.01,0.01,0.02,293.987,295.194,295.499
Ntchisi,June,2018,51.8761,0,0.01,0.01,293.434,293.987,295.194
Ntchisi,July,2018,32.6544,0,0,0.01,291.014,293.434,293.987
Ntchisi,August,2018,24.6699,0,0,0,290.268,291.014,293.434
Ntchisi,September,2018,29.5029,0,0,0,293.028,290.268,291.014
Ntchisi,October,2018,42.882,0,0,0,295.653,293.028,290.268
Ntchisi,November,2018,35.9196,0,0,0,295.959,295.653,293.028
Ntchisi,December,2018,31.3515,0,0,0,296.87,295.959,295.653
Ntchisi,January,2019,38.3653,0.02,0,0,295.412,296.87,295.959
Ntchisi,February,2019,16.9165,0.02,0.02,0,295.367,295.412,296.87
Ntchisi,March,2019,13.2754,0.02,0.02,0.02,295.432,295.367,295.412
Ntchisi,April,2019,14.2584,0.02,0.02,0.02,295.536,295.432,295.367
Ntchisi,May,2019,12.2341,0,0.02,0.02,294.822,295.536,295.432
Ntchisi,June,2019,7.9897,0,0,0.02,293.041,294.822,295.536
Ntchisi,July,2019,5.4694,0,0,0,290.535,293.041,294.822
Ntchisi,August,2019,4.9457,0,0,0,290.783,290.535,293.041
Ntchisi,September,2019,7.7539,0,0,0,293.054,290.783,290.535
Ntchisi,October,2019,16.0407,0,0,0,294.784,293.054,290.783
Ntchisi,November,2019,25.24,0,0,0,297.708,294.784,293.054
Ntchisi,December,2019,44.487,0.01,0,0,297.804,297.708,294.784
Ntchisi,January,2020,79.3159,0.02,0.01,0,296.009,297.804,297.708
Ntchisi,February,2020,41.4765,0.03,0.02,0.01,295.425,296.009,297.804
Ntchisi,March,2020,57.3896,0.02,0.03,0.02,295.627,295.425,296.009
Ntchisi,April,2020,63.9291,0.01,0.02,0.03,295.343,295.627,295.425
Ntchisi,May,2020,54.9897,0,0.01,0.02,295.264,295.343,295.627
Ntchisi,June,2020,35.2195,0,0,0.01,293.185,295.264,295.343
Ntchisi,July,2020,26.8272,0,0,0,291.446,293.185,295.264
Ntchisi,August,2020,16.7488,0,0,0,290.252,291.446,293.185
Ntchisi,September,2020,28.8584,0,0,0,292.72,290.252,291.446
Ntchisi,October,2020,50.8828,0,0,0,294.853,292.72,290.252
Ntchisi,November,2020,65.3715,0,0,0,297.604,294.853,292.72
Ntchisi,December,2020,68.0479,0,0,0,298.474,297.604,294.853
Ntchisi,January,2021,102.7317,0.01,0,0,296.18,298.474,297.604
Ntchisi,February,2021,68.8075,0.03,0.01,0,295.116,296.18,298.474
Ntchisi,March,2021,93.8455,0.02,0.03,0.01,295.51,295.116,296.18
Ntchisi,April,2021,57.4138,0.02,0.02,0.03,294.091,295.51,295.116
Ntchisi,May,2021,48.1404,0,0.02,0.02,293.509,294.091,295.51
Ntchisi,June,2021,30.1455,0,0,0.02,291.566,293.509,294.091
Ntchisi,July,2021,18.1133,0,0,0,290.344,291.566,293.509
Ntchisi,August,2021,14.4878,0,0,0,289.978,290.344,291.566
Ntchisi,September,2021,26.6471,0,0,0,292.419,289.978,290.344
Ntchisi,October,2021,42.77,0,0,0,294.776,292.419,289.978
Ntchisi,November,2021,51.7024,0,0,0,296.969,294.776,292.419
Ntchisi,December,2021,61.8858,0,0,0,299.107,296.969,294.776
Ntchisi,January,2022,59.8711,0,0,0,298.467,299.107,296.969
Ntchisi,February,2022,51.4861,0.02,0,0,294.909,298.467,299.107
Ntchisi,March,2022,28.9446,0.03,0.02,0,294.72,294.909,298.467
Ntchisi,April,2022,23.4819,0.01,0.03,0.02,295.276,294.72,294.909
Ntchisi,May,2022,18.4037,0.01,0.01,0.03,294.559,295.276,294.72
Ntchisi,June,2022,14.6646,0,0.01,0.01,292.77,294.559,295.276
Ntchisi,July,2022,11.4757,0,0,0.01,289.952,292.77,294.559
Ntchisi,August,2022,11.9052,0,0,0,290.312,289.952,292.77
Ntchisi,September,2022,14.7685,0,0,0,292.387,290.312,289.952
Ntchisi,October,2022,27.6084,0,0,0,294.159,292.387,290.312
Ntchisi,November,2022,33.0347,0,0,0,297.5,294.159,292.387
Ntchisi,December,2022,38.5507,0,0,0,297.644,297.5,294.159
Ntchisi,January,2023,67.4614,0.03,0,0,295.084,297.644,297.5
Ntchisi,February,2023,40.5849,0.02,0.03,0,294.773,295.084,297.644
Ntchisi,March,2023,45.9411,0.02,0.02,0.03,295.211,294.773,295.084
Ntchisi,April,2023,25.7251,0.02,0.02,0.02,294.882,295.211,294.773
Ntchisi,May,2023,29.7825,0.01,0.02,0.02,294.187,294.882,295.211
Ntchisi,June,2023,27.867,0,0.01,0.02,293.169,294.187,294.882
Ntchisi,July,2023,19.5366,0,0,0.01,292.174,293.169,294.187
Ntchisi,August,2023,16.1641,0,0,0,290.764,292.174,293.169
Ntchisi,September,2023,34.6612,0,0,0,292.576,290.764,292.174
Ntchisi,October,2023,50.3259,0,0,0,295.995,292.576,290.764
Ntchisi,November,2023,58.6645,0,0,0,298.474,295.995,292.576
Ntchisi,December,2023,86.3023,0,0,0,297.986,298.474,295.995
Ntchisi,January,2024,115.499,0.01,0,0,297.879,297.986,298.474
Ntchisi,February,2024,73.8749,0.02,0.01,0,295.943,297.879,297.986
Ntchisi,March,2024,78.3745,0.02,0.02,0.01,296.272,295.943,297.879
Ntchisi,April,2024,96.5269,0.01,0.02,0.02,295.959,296.272,295.943
Ntchisi,May,2024,95.3542,0,0.01,0.02,294.772,295.959,296.272
Ntchisi,June,2024,77.629,0,0,0.01,292.835,294.772,295.959
Ntchisi,July,2024,47.9145,0,0,0,290.899,292.835,294.772
Ntchisi,August,2024,41.9,0,0,0,291.848,290.899,292.835
Ntchisi,September,2024,59.9091,0,0,0,292.926,291.848,290.899
Ntchisi,October,2024,80.4837,0,0,0,295.275,292.926,291.848
Ntchisi,November,2024,82.3913,0,0,0,296.421,295.275,292.926
Ntchisi,December,2024,115.1461,0,0,0,297.755,296.421,295.275
Phalombe,April,2018,41.4657,0.01,0.02,0.01,297.01,297.05,296.918
Phalombe,May,2018,33.4009,0.01,0.01,0.02,295.189,297.01,297.05
Phalombe,June,2018,20.2307,0,0.01,0.01,294.117,295.189,297.01
Phalombe,July,2018,19.2287,0,0,0.01,291.767,294.117,295.189
Phalombe,August,2018,13.8413,0,0,0,290.601,291.767,294.117
Phalombe,September,2018,13.2331,0,0,0,294.601,290.601,291.767
Phalombe,October,2018,12.2731,0,0,0,296.917,294.601,290.601
Phalombe,November,2018,9.3417,0,0,0,296.009,296.917,294.601
Phalombe,December,2018,8.5425,0.01,0,0,297.205,296.009,296.917
Phalombe,January,2019,10.6024,0.02,0.01,0,297.057,297.205,296.009
Phalombe,February,2019,11.8399,0.02,0.02,0.01,296.477,297.057,297.205
Phalombe,March,2019,17.3089,0.01,0.02,0.02,296.874,296.477,297.057
Phalombe,April,2019,16.2844,0.03,0.01,0.02,296.103,296.874,296.477
Phalombe,May,2019,25.8964,0,0.03,0.01,295.68,296.103,296.874
Phalombe,June,2019,11.7901,0,0,0.03,292.914,295.68,296.103
Phalombe,July,2019,7.0849,0,0,0,290.984,292.914,295.68
Phalombe,August,2019,6.3619,0,0,0,290.779,290.984,292.914
Phalombe,September,2019,5.9653,0,0,0,293.721,290.779,290.984
Phalombe,October,2019,6.1919,0,0,0,294.717,293.721,290.779
Phalombe,November,2019,6.6702,0,0,0,298.51,294.717,293.721
Phalombe,December,2019,13.0683,0.01,0,0,298.981,298.51,294.717
Phalombe,January,2020,23.1935,0.01,0.01,0,297.756,298.981,298.51
Phalombe,February,2020,23.9656,0.03,0.01,0.01,296.336,297.756,298.981
Phalombe,March,2020,35.1002,0.01,0.03,0.01,297.033,296.336,297.756
Phalombe,April,2020,29.9211,0,0.01,0.03,296.353,297.033,296.336
Phalombe,May,2020,22.4414,0,0,0.01,296.174,296.353,297.033
Phalombe,June,2020,11.7633,0,0,0,293.089,296.174,296.353
Phalombe,July,2020,1.1757,0,0,0,291.32,293.089,296.174
Phalombe,August,2020,0.4125,0,0,0,290.187,291.32,293.089
Phalombe,September,2020,6.4673,0,0,0,293.188,290.187,291.32
Phalombe,October,2020,7.9826,0,0,0,295.434,293.188,290.187
Phalombe,November,2020,9.5443,0,0,0,297.49,295.434,293.188
Phalombe,December,2020,11.2538,0,0,0,300.209,297.49,295.434
Phalombe,January,2021,23.9609,0.01,0,0,298.138,300.209,297.49
Phalombe,February,2021,21.3019,0.02,0.01,0,297.189,298.138,300.209
Phalombe,March,2021,27.1246,0.01,0.02,0.01,297.478,297.189,298.138
Phalombe,April,2021,27.5241,0.01,0.01,0.02,295.659,297.478,297.189
Phalombe,May,2021,24.5709,0,0.01,0.01,294.172,295.659,297.478
Phalombe,June,2021,14.9874,0,0,0.01,292.205,294.172,295.659
Phalombe,July,2021,10.2192,0,0,0,291.13,292.205,294.172
Phalombe,August,2021,9.7961,0,0,0,290.57,291.13,292.205
Phalombe,September,2021,10.5865,0,0,0,292.83,290.57,291.13
Phalombe,October,2021,7.8094,0,0,0,295.307,292.83,290.57
Phalombe,November,2021,6.2415,0,0,0,297.199,295.307,292.83
Phalombe,December,2021,8.3786,0,0,0,299.514,297.199,295.307
Phalombe,January,2022,6.8609,0,0,0,300.075,299.514,297.199
Phalombe,February,2022,8.1477,0.03,0,0,296.11,300.075,299.514
Phalombe,March,2022,8.6603,0.01,0.03,0,296.577,296.11,300.075
Phalombe,April,2022,11.5854,0.02,0.01,0.03,295.887,296.577,296.11
Phalombe,May,2022,16.946,0,0.02,0.01,295.38,295.887,296.577
Phalombe,June,2022,14.0858,0,0,0.02,293.198,295.38,295.887
Phalombe,July,2022,6.48,0,0,0,290.371,293.198,295.38
Phalombe,August,2022,8.7147,0,0,0,290.828,290.371,293.198
Phalombe,September,2022,9.5872,0,0,0,292.954,290.828,290.371
Phalombe,October,2022,11.0874,0,0,0,294.732,292.954,290.828
Phalombe,November,2022,10.805,0,0,0,298.603,294.732,292.954
Phalombe,December,2022,13.887,0,0,0,298.229,298.603,294.732
Phalombe,January,2023,34.4961,0.02,0,0,296.539,298.229,298.603
Phalombe,February,2023,29.828,0.02,0.02,0,296.089,296.539,298.229
Phalombe,March,2023,22.4006,0.02,0.02,0.02,296.534,296.089,296.539
Phalombe,April,2023,20.6263,0.04,0.02,0.02,295.609,296.534,296.089
Phalombe,May,2023,36.0705,0,0.04,0.02,294.94,295.609,296.534
Phalombe,June,2023,39.3376,0,0,0.04,294.445,294.94,295.609
Phalombe,July,2023,27.3338,0,0,0,293.73,294.445,294.94
Phalombe,August,2023,21.4176,0,0,0,291.513,293.73,294.445
Phalombe,September,2023,29.4242,0,0,0,292.819,291.513,293.73
Phalombe,October,2023,31.6084,0,0,0,296.847,292.819,291.513
Phalombe,November,2023,21.4788,0,0,0,298.729,296.847,292.819
Phalombe,December,2023,22.266,0,0,0,298.437,298.729,296.847
Phalombe,January,2024,30.7005,0.01,0,0,299.366,298.437,298.729
Phalombe,February,2024,27.8924,0.01,0.01,0,297.317,299.366,298.437
Phalombe,March,2024,26.8682,0.01,0.01,0.01,297.941,297.317,299.366
Phalombe,April,2024,37.5996,0.01,0.01,0.01,297.147,297.941,297.317
Phalombe,May,2024,36.1199,0,0.01,0.01,295.692,297.147,297.941
Phalombe,June,2024,17.8313,0,0,0.01,293.615,295.692,297.147
Phalombe,July,2024,15.1961,0,0,0,291.899,293.615,295.692
Phalombe,August,2024,15.1126,0,0,0,293.139,291.899,293.615
Phalombe,September,2024,14.4941,0,0,0,293.722,293.139,291.899
Phalombe,October,2024,11.3996,0,0,0,295.931,293.722,293.139
Phalombe,November,2024,9.4784,0,0,0,296.279,295.931,293.722
Phalombe,December,2024,17.0178,0.01,0,0,298.262,296.279,295.931
Rumphi,April,2018,84.2913,0.03,0.02,0.03,294.775,295.834,294.517
Rumphi,May,2018,81.3682,0.02,0.03,0.02,294.062,294.775,295.834
Rumphi,June,2018,28.3666,0,0.02,0.03,293.762,294.062,294.775
Rumphi,July,2018,29.6949,0,0,0.02,291.742,293.762,294.062
Rumphi,August,2018,16.9142,0,0,0,290.713,291.742,293.762
Rumphi,September,2018,12.4967,0,0,0,293.127,290.713,291.742
Rumphi,October,2018,14.6596,0,0,0,295.647,293.127,290.713
Rumphi,November,2018,15.4024,0,0,0,296.242,295.647,293.127
Rumphi,December,2018,25.1943,0.01,0,0,297.193,296.242,295.647
Rumphi,January,2019,35.0507,0.03,0.01,0,295.538,297.193,296.242
Rumphi,February,2019,20.5514,0.02,0.03,0.01,295.663,295.538,297.193
Rumphi,March,2019,17.6473,0.02,0.02,0.03,295.681,295.663,295.538
Rumphi,April,2019,19.7259,0.02,0.02,0.02,295.604,295.681,295.663
Rumphi,May,2019,24.1228,0.02,0.02,0.02,295.234,295.604,295.681
Rumphi,June,2019,4.9058,0.01,0.02,0.02,294.001,295.234,295.604
Rumphi,July,2019,7.2197,0,0.01,0.02,291.026,294.001,295.234
Rumphi,August,2019,5.5816,0,0,0.01,291.573,291.026,294.001
Rumphi,September,2019,5.0299,0,0,0,293.308,291.573,291.026
Rumphi,October,2019,6.993,0,0,0,295.266,293.308,291.573
Rumphi,November,2019,8.2591,0,0,0,297.385,295.266,293.308
Rumphi,December,2019,16.6208,0.01,0,0,297.811,297.385,295.266
Rumphi,January,2020,38.9945,0.03,0.01,0,295.556,297.811,297.385
Rumphi,February,2020,23.7837,0.03,0.03,0.01,295.556,295.556,297.811
Rumphi,March,2020,24.1564,0.03,0.03,0.03,295.423,295.556,295.556
Rumphi,April,2020,44.7866,0.04,0.03,0.03,295.053,295.423,295.556
Rumphi,May,2020,52.3459,0.01,0.04,0.03,294.908,295.053,295.423
Rumphi,June,2020,24.4831,0,0.01,0.04,293.462,294.908,295.053
Rumphi,July,2020,22.2425,0,0,0.01,291.803,293.462,294.908
Rumphi,August,2020,12.1704,0,0,0,290.588,291.803,293.462
Rumphi,September,2020,12.8237,0,0,0,293.018,290.588,291.803
Rumphi,October,2020,12.1787,0,0,0,294.951,293.018,290.588
Rumphi,November,2020,18.4356,0,0,0,297.352,294.951,293.018
Rumphi,December,2020,23.8633,0,0,0,297.978,297.352,294.951
Rumphi,January,2021,69.398,0.03,0,0,295.666,297.978,297.352
Rumphi,February,2021,46.2448,0.03,0.03,0,294.893,295.666,297.978
Rumphi,March,2021,55.543,0.03,0.03,0.03,295.296,294.893,295.666
Rumphi,April,2021,66.609,0.03,0.03,0.03,294.676,295.296,294.893
Rumphi,May,2021,75.5298,0.02,0.03,0.03,294.026,294.676,295.296
Rumphi,June,2021,61.1867,0,0.02,0.03,292.346,294.026,294.676
Rumphi,July,2021,26.2211,0,0,0.02,291.4,292.346,294.026
Rumphi,August,2021,15.3356,0,0,0,290.584,291.4,292.346
Rumphi,September,2021,16.562,0,0,0,292.88,290.584,291.4
Rumphi,October,2021,15.4587,0,0,0,295.066,292.88,290.584
Rumphi,November,2021,16.4144,0,0,0,297.061,295.066,292.88
Rumphi,December,2021,23.1327,0,0,0,298.826,297.061,295.066
Rumphi,January,2022,32.9169,0.01,0,0,298.353,298.826,297.061
Rumphi,February,2022,24.9428,0.03,0.01,0,294.867,298.353,298.826
Rumphi,March,2022,11.8065,0.03,0.03,0.01,294.296,294.867,298.353
Rumphi,April,2022,9.8461,0.03,0.03,0.03,294.929,294.296,294.867
Rumphi,May,2022,9.123,0.02,0.03,0.03,294.635,294.929,294.296
Rumphi,June,2022,7.1546,0,0.02,0.03,293.247,294.635,294.929
Rumphi,July,2022,6.2226,0,0,0.02,290.715,293.247,294.635
Rumphi,August,2022,3.8003,0,0,0,290.999,290.715,293.247
Rumphi,September,2022,2.8643,0,0,0,292.721,290.999,290.715
Rumphi,October,2022,3.049,0,0,0,294.358,292.721,290.999
Rumphi,November,2022,3.1374,0,0,0,296.976,294.358,292.721
Rumphi,December,2022,5.4795,0.01,0,0,297.448,296.976,294.358
Rumphi,January,2023,22.6809,0.03,0.01,0,295.422,297.448,296.976
Rumphi,February,2023,11.9543,0.02,0.03,0.01,294.692,295.422,297.448
Rumphi,March,2023,17.1681,0.02,0.02,0.03,295.588,294.692,295.422
Rumphi,April,2023,12.517,0.04,0.02,0.02,294.883,295.588,294.692
Rumphi,May,2023,14.7127,0.02,0.04,0.02,294.291,294.883,295.588
Rumphi,June,2023,12.9341,0,0.02,0.04,293.688,294.291,294.883
Rumphi,July,2023,7.1655,0,0,0.02,292.951,293.688,294.291
Rumphi,August,2023,6.4494,0,0,0,291.393,292.951,293.688
Rumphi,September,2023,6.4533,0,0,0,292.916,291.393,292.951
Rumphi,October,2023,6.3234,0,0,0,295.99,292.916,291.393
Rumphi,November,2023,6.3549,0,0,0,298.454,295.99,292.916
Rumphi,December,2023,14.7127,0.01,0,0,298.097,298.454,295.99
Rumphi,January,2024,42.1179,0.02,0.01,0,297.127,298.097,298.454
Rumphi,February,2024,35.2865,0.04,0.02,0.01,295.166,297.127,298.097
Rumphi,March,2024,36.0498,0.04,0.04,0.02,295.793,295.166,297.127
Rumphi,April,2024,59.4701,0.04,0.04,0.04,295.644,295.793,295.166
Rumphi,May,2024,58.753,0.02,0.04,0.04,294.81,295.644,295.793
Rumphi,June,2024,34.2726,0,0.02,0.04,293.018,294.81,295.644
Rumphi,July,2024,19.5612,0,0,0.02,291.38,293.018,294.81
Rumphi,August,2024,13.5548,0,0,0,291.685,291.38,293.018
Rumphi,September,2024,13.2426,0,0,0,292.866,291.685,291.38
Rumphi,October,2024,14.9735,0,0,0,295.291,292.866,291.685
Rumphi,November,2024,21.9707,0,0,0,296.431,295.291,292.866
Rumphi,December,2024,40.9999,0.01,0,0,297.65,296.431,295.291
Salima,April,2018,80.1735,0.01,0.02,0.02,297.567,297.839,297.523
Salima,May,2018,81.913,0.01,0.01,0.02,296.427,297.567,297.839
Salima,June,2018,35.5539,0,0.01,0.01,295.881,296.427,297.567
Salima,July,2018,43.9672,0,0,0.01,293.497,295.881,296.427
Salima,August,2018,42.8717,0,0,0,292.492,293.497,295.881
Salima,September,2018,49.2235,0,0,0,295.306,292.492,293.497
Salima,October,2018,49.6772,0,0,0,297.761,295.306,292.492
Salima,November,2018,28.9616,0,0,0,297.96,297.761,295.306
Salima,December,2018,21.9679,0,0,0,298.753,297.96,297.761
Salima,January,2019,38.2767,0.03,0,0,297.608,298.753,297.96
Salima,February,2019,30.573,0.02,0.03,0,297.582,297.608,298.753
Salima,March,2019,26.6349,0.02,0.02,0.03,297.686,297.582,297.608
Salima,April,2019,23.5193,0.02,0.02,0.02,297.755,297.686,297.582
Salima,May,2019,20.1986,0,0.02,0.02,297.242,297.755,297.686
Salima,June,2019,14.2537,0,0,0.02,295.309,297.242,297.755
Salima,July,2019,11.2783,0,0,0,292.94,295.309,297.242
Salima,August,2019,12.8483,0,0,0,292.983,292.94,295.309
Salima,September,2019,16.3396,0,0,0,295.001,292.983,292.94
Salima,October,2019,19.0835,0,0,0,296.438,295.001,292.983
Salima,November,2019,13.4109,0,0,0,299.377,296.438,295.001
Salima,December,2019,23.9194,0.01,0,0,299.995,299.377,296.438
Salima,January,2020,56.0875,0.02,0.01,0,298.183,299.995,299.377
Salima,February,2020,43.9629,0.03,0.02,0.01,297.523,298.183,299.995
Salima,March,2020,60.6093,0.02,0.03,0.02,297.771,297.523,298.183
Salima,April,2020,54.0999,0.01,0.02,0.03,297.734,297.771,297.523
Salima,May,2020,46.0491,0,0.01,0.02,297.804,297.734,297.771
Salima,June,2020,39.2259,0,0,0.01,295.374,297.804,297.734
Salima,July,2020,31.8067,0,0,0,293.543,295.374,297.804
Salima,August,2020,30.0915,0,0,0,292.445,293.543,295.374
Salima,September,2020,41.2944,0,0,0,294.466,292.445,293.543
Salima,October,2020,38.0654,0,0,0,296.636,294.466,292.445
Salima,November,2020,24.721,0,0,0,299.597,296.636,294.466
Salima,December,2020,21.5354,0,0,0,300.841,299.597,296.636
Salima,January,2021,87.1148,0.02,0,0,298.551,300.841,299.597
Salima,February,2021,85.6757,0.03,0.02,0,297.471,298.551,300.841
Salima,March,2021,102.3435,0.03,0.03,0.02,297.852,297.471,298.551
Salima,April,2021,83.9988,0.03,0.03,0.03,296.505,297.852,297.471
Salima,May,2021,63.4438,0,0.03,0.03,295.931,296.505,297.852
Salima,June,2021,46.6148,0,0,0.03,294.089,295.931,296.505
Salima,July,2021,37.3091,0,0,0,292.829,294.089,295.931
Salima,August,2021,28.0284,0,0,0,292.419,292.829,294.089
Salima,September,2021,34.7246,0,0,0,294.269,292.419,292.829
Salima,October,2021,42.0675,0,0,0,296.74,294.269,292.419
Salima,November,2021,27.3434,0,0,0,298.785,296.74,294.269
Salima,December,2021,19.0239,0,0,0,301.158,298.785,296.74
Salima,January,2022,26.4226,0.01,0,0,300.743,301.158,298.785
Salima,February,2022,59.42,0.03,0.01,0,297.183,300.743,301.158
Salima,March,2022,63.075,0.03,0.03,0.01,296.931,297.183,300.743
Salima,April,2022,61.3996,0.01,0.03,0.03,297.494,296.931,297.183
Salima,May,2022,52.4683,0.01,0.01,0.03,296.918,297.494,296.931
Salima,June,2022,40.4026,0,0.01,0.01,295.268,296.918,297.494
Salima,July,2022,25.3199,0,0,0.01,292.346,295.268,296.918
Salima,August,2022,28.4562,0,0,0,292.663,292.346,295.268
Salima,September,2022,25.0363,0,0,0,294.485,292.663,292.346
Salima,October,2022,30.432,0,0,0,296.267,294.485,292.663
Salima,November,2022,20.3869,0,0,0,299.649,296.267,294.485
Salima,December,2022,18.0659,0,0,0,300.03,299.649,296.267
Salima,January,2023,82.1092,0.03,0,0,297.396,300.03,299.649
Salima,February,2023,86.1454,0.03,0.03,0,296.962,297.396,300.03
Salima,March,2023,98.5986,0.03,0.03,0.03,297.419,296.962,297.396
Salima,April,2023,83.0112,0.03,0.03,0.03,297.012,297.419,296.962
Salima,May,2023,94.3029,0.01,0.03,0.03,296.39,297.012,297.419
Salima,June,2023,92.1107,0,0.01,0.03,295.801,296.39,297.012
Salima,July,2023,67.6071,0,0,0.01,295.024,295.801,296.39
Salima,August,2023,61.7144,0,0,0,293.044,295.024,295.801
Salima,September,2023,93.274,0,0,0,294.471,293.044,295.024
Salima,October,2023,66.3458,0,0,0,297.949,294.471,293.044
Salima,November,2023,32.8825,0,0,0,300.404,297.949,294.471
Salima,December,2023,24.7649,0.01,0,0,299.884,300.404,297.949
Salima,January,2024,66.5724,0.01,0.01,0,299.813,299.884,300.404
Salima,February,2024,64.9796,0.03,0.01,0.01,298.052,299.813,299.884
Salima,March,2024,56.3799,0.02,0.03,0.01,298.607,298.052,299.813
Salima,April,2024,85.029,0.01,0.02,0.03,298.239,298.607,298.052
Salima,May,2024,88.9686,0,0.01,0.02,297.306,298.239,298.607
Salima,June,2024,58.0151,0,0,0.01,295.372,297.306,298.239
Salima,July,2024,54.2609,0,0,0,293.515,295.372,297.306
Salima,August,2024,55.9208,0,0,0,294.377,293.515,295.372
Salima,September,2024,56.0144,0,0,0,295.228,294.377,293.515
Salima,October,2024,40.6427,0,0,0,297.189,295.228,294.377
Salima,November,2024,29.5214,0,0,0,298.214,297.189,295.228
Salima,December,2024,20.1801,0,0,0,299.993,298.214,297.189
Thyolo,April,2018,20.5976,0.01,0.02,0.01,297.764,298.363,298.179
Thyolo,May,2018,19.2468,0.01,0.01,0.02,296.392,297.764,298.363
Thyolo,June,2018,11.7258,0,0.01,0.01,295.346,296.392,297.764
Thyolo,July,2018,8.004,0,0,0.01,292.786,295.346,296.392
Thyolo,August,2018,7.0878,0,0,0,291.106,292.786,295.346
Thyolo,September,2018,7.0144,0,0,0,295.275,291.106,292.786
Thyolo,October,2018,7.0878,0,0,0,298.364,295.275,291.106
Thyolo,November,2018,6.4193,0,0,0,297.517,298.364,295.275
Thyolo,December,2018,11.968,0.01,0,0,298.609,297.517,298.364
Thyolo,January,2019,17.6225,0.02,0.01,0,298.13,298.609,297.517
Thyolo,February,2019,13.8819,0.03,0.02,0.01,297.668,298.13,298.609
Thyolo,March,2019,13.0519,0.01,0.03,0.02,297.849,297.668,298.13
Thyolo,April,2019,10.7441,0.04,0.01,0.03,296.928,297.849,297.668
Thyolo,May,2019,13.6615,0,0.04,0.01,296.47,296.928,297.849
Thyolo,June,2019,6.8593,0,0,0.04,293.847,296.47,296.928
Thyolo,July,2019,5.9953,0,0,0,291.686,293.847,296.47
Thyolo,August,2019,6.6593,0,0,0,291.517,291.686,293.847
Thyolo,September,2019,8.1765,0,0,0,294.639,291.517,291.686
Thyolo,October,2019,10.7237,0,0,0,295.872,294.639,291.517
Thyolo,November,2019,9.1086,0,0,0,300.231,295.872,294.639
Thyolo,December,2019,24.1811,0.01,0,0,300.547,300.231,295.872
Thyolo,January,2020,37.4134,0.01,0.01,0,299.447,300.547,300.231
Thyolo,February,2020,24.1712,0.03,0.01,0.01,297.49,299.447,300.547
Thyolo,March,2020,30.7073,0.01,0.03,0.01,298.051,297.49,299.447
Thyolo,April,2020,36.8217,0,0.01,0.03,297.324,298.051,297.49
Thyolo,May,2020,37.1657,0,0,0.01,297.316,297.324,298.051
Thyolo,June,2020,16.31,0,0,0,294.319,297.316,297.324
Thyolo,July,2020,12.3774,0,0,0,292.077,294.319,297.316
Thyolo,August,2020,10.47,0,0,0,291.08,292.077,294.319
Thyolo,September,2020,12.5528,0,0,0,294.02,291.08,292.077
Thyolo,October,2020,13.9743,0,0,0,296.819,294.02,291.08
Thyolo,November,2020,15.2205,0,0,0,298.986,296.819,294.02
Thyolo,December,2020,20.9481,0,0,0,301.955,298.986,296.819
Thyolo,January,2021,34.9273,0.02,0,0,299.128,301.955,298.986
Thyolo,February,2021,22.0562,0.02,0.02,0,298.411,299.128,301.955
Thyolo,March,2021,23.3749,0.01,0.02,0.02,298.987,298.411,299.128
Thyolo,April,2021,19.7428,0.01,0.01,0.02,296.905,298.987,298.411
Thyolo,May,2021,17.5743,0,0.01,0.01,295.353,296.905,298.987
Thyolo,June,2021,10.6394,0,0,0.01,293.014,295.353,296.905
Thyolo,July,2021,6.2103,0,0,0,291.992,293.014,295.353
Thyolo,August,2021,5.8691,0,0,0,291.301,291.992,293.014
Thyolo,September,2021,6.263,0,0,0,293.572,291.301,291.992
Thyolo,October,2021,7.1773,0,0,0,296.466,293.572,291.301
Thyolo,November,2021,7.8913,0,0,0,298.435,296.466,293.572
Thyolo,December,2021,11.2481,0.01,0,0,300.777,298.435,296.466
Thyolo,January,2022,14.9327,0,0.01,0,301.252,300.777,298.435
Thyolo,February,2022,13.6134,0.03,0,0.01,297.274,301.252,300.777
Thyolo,March,2022,9.7047,0.01,0.03,0,297.407,297.274,301.252
Thyolo,April,2022,8.5839,0.02,0.01,0.03,296.721,297.407,297.274
Thyolo,May,2022,9.5439,0.01,0.02,0.01,296.143,296.721,297.407
Thyolo,June,2022,6.2048,0,0.01,0.02,293.716,296.143,296.721
Thyolo,July,2022,5.1462,0.01,0,0.01,290.855,293.716,296.143
Thyolo,August,2022,4.5144,0,0.01,0,291.256,290.855,293.716
Thyolo,September,2022,4.181,0,0,0.01,293.779,291.256,290.855
Thyolo,October,2022,5.0956,0,0,0,296.088,293.779,291.256
Thyolo,November,2022,6.0737,0,0,0,300.079,296.088,293.779
Thyolo,December,2022,9.361,0,0,0,299.271,300.079,296.088
Thyolo,January,2023,22.1767,0.02,0,0,298.056,299.271,300.079
Thyolo,February,2023,15.412,0.02,0.02,0,297.279,298.056,299.271
Thyolo,March,2023,10.4276,0.02,0.02,0.02,297.922,297.279,298.056
Thyolo,April,2023,7.5405,0.04,0.02,0.02,296.61,297.922,297.279
Thyolo,May,2023,13.5703,0,0.04,0.02,296.011,296.61,297.922
Thyolo,June,2023,11.6226,0,0,0.04,295.116,296.011,296.61
Thyolo,July,2023,8.954,0,0,0,294.239,295.116,296.011
Thyolo,August,2023,8.9732,0,0,0,292.326,294.239,295.116
Thyolo,September,2023,13.8144,0,0,0,293.765,292.326,294.239
Thyolo,October,2023,10.860900000000001,0,0,0,298.296,293.765,292.326
Thyolo,November,2023,11.4424,0,0,0,300.073,298.296,293.765
Thyolo,December,2023,14.0918,0,0,0,299.761,300.073,298.296
Thyolo,January,2024,31.089,0.01,0,0,300.79,299.761,300.073
Thyolo,February,2024,27.6586,0.01,0.01,0,298.499,300.79,299.761
Thyolo,March,2024,21.2841,0.01,0.01,0.01,299.412,298.499,300.79
Thyolo,April,2024,28.2419,0.01,0.01,0.01,298.65,299.412,298.499
Thyolo,May,2024,40.5601,0,0.01,0.01,296.698,298.65,299.412
Thyolo,June,2024,20.5471,0,0,0.01,294.643,296.698,298.65
Thyolo,July,2024,18.1233,0,0,0,292.703,294.643,296.698
Thyolo,August,2024,21.3521,0,0,0,293.385,292.703,294.643
Thyolo,September,2024,23.529,0,0,0,294.79,293.385,292.703
Thyolo,October,2024,21.7741,0,0,0,296.762,294.79,293.385
Thyolo,November,2024,24.8329,0,0,0,297.562,296.762,294.79
Thyolo,December,2024,37.626,0.01,0,0,299.637,297.562,296.762
Zomba,April,2018,57.0463,0.01,0.02,0.01,297.595,297.611,297.555
Zomba,May,2018,50.1606,0.01,0.01,0.02,295.856,297.595,297.611
Zomba,June,2018,26.9006,0,0.01,0.01,294.708,295.856,297.595
Zomba,July,2018,19.0526,0,0,0.01,292.336,294.708,295.856
Zomba,August,2018,16.4354,0,0,0,291.325,292.336,294.708
Zomba,September,2018,20.1417,0,0,0,294.974,291.325,292.336
Zomba,October,2018,21.1146,0,0,0,297.535,294.974,291.325
Zomba,November,2018,16.3615,0,0,0,297.042,297.535,294.974
Zomba,December,2018,17.1243,0.01,0,0,298.03,297.042,297.535
Zomba,January,2019,46.4067,0.02,0.01,0,297.513,298.03,297.042
Zomba,February,2019,31.2565,0.02,0.02,0.01,296.939,297.513,298.03
Zomba,March,2019,37.5915,0.01,0.02,0.02,297.323,296.939,297.513
Zomba,April,2019,40.2484,0.03,0.01,0.02,296.674,297.323,296.939
Zomba,May,2019,55.0371,0,0.03,0.01,296.373,296.674,297.323
Zomba,June,2019,31.5216,0,0,0.03,293.693,296.373,296.674
Zomba,July,2019,21.5255,0,0,0,291.588,293.693,296.373
Zomba,August,2019,16.4643,0,0,0,291.425,291.588,293.693
Zomba,September,2019,17.3227,0,0,0,294.316,291.425,291.588
Zomba,October,2019,17.8759,0,0,0,295.441,294.316,291.425
Zomba,November,2019,16.4413,0,0,0,299.405,295.441,294.316
Zomba,December,2019,27.4761,0.01,0,0,299.875,299.405,295.441
Zomba,January,2020,55.0078,0.01,0.01,0,298.329,299.875,299.405
Zomba,February,2020,42.6308,0.03,0.01,0.01,296.837,298.329,299.875
Zomba,March,2020,42.8667,0.01,0.03,0.01,297.485,296.837,298.329
Zomba,April,2020,49.7895,0,0.01,0.03,297.01,297.485,296.837
Zomba,May,2020,47.6245,0,0,0.01,296.998,297.01,297.485
Zomba,June,2020,30.2034,0,0,0,293.839,296.998,297.01
Zomba,July,2020,18.178,0,0,0,292,293.839,296.998
Zomba,August,2020,10.2063,0,0,0,291.1,292,293.839
Zomba,September,2020,20.2172,0,0,0,293.881,291.1,292
Zomba,October,2020,21.4715,0,0,0,296.235,293.881,291.1
Zomba,November,2020,22.8168,0,0,0,298.432,296.235,293.881
Zomba,December,2020,23.4995,0,0,0,300.899,298.432,296.235
Zomba,January,2021,47.0578,0.01,0,0,298.807,300.899,298.432
Zomba,February,2021,30.9904,0.02,0.01,0,297.625,298.807,300.899
Zomba,March,2021,48.6056,0.02,0.02,0.01,297.949,297.625,298.807
Zomba,April,2021,42.7078,0.01,0.02,0.02,296.21,297.949,297.625
Zomba,May,2021,46.4323,0,0.01,0.02,294.846,296.21,297.949
Zomba,June,2021,34.9787,0,0,0.01,292.686,294.846,296.21
Zomba,July,2021,18.0879,0,0,0,291.595,292.686,294.846
Zomba,August,2021,20.4239,0,0,0,291.181,291.595,292.686
Zomba,September,2021,17.6548,0,0,0,293.29,291.181,291.595
Zomba,October,2021,16.4818,0,0,0,295.829,293.29,291.181
Zomba,November,2021,14.9637,0,0,0,298.014,295.829,293.29
Zomba,December,2021,12.0428,0,0,0,300.295,298.014,295.829
Zomba,January,2022,13.2669,0,0,0,300.798,300.295,298.014
Zomba,February,2022,13.6997,0.03,0,0,296.674,300.798,300.295
Zomba,March,2022,11.134,0.01,0.03,0,297.042,296.674,300.798
Zomba,April,2022,10.8228,0.01,0.01,0.03,296.468,297.042,296.674
Zomba,May,2022,15.9231,0,0.01,0.01,295.958,296.468,297.042
Zomba,June,2022,12.5358,0,0,0.01,293.691,295.958,296.468
Zomba,July,2022,8.5316,0,0,0,291.018,293.691,295.958
Zomba,August,2022,8.1516,0,0,0,291.4,291.018,293.691
Zomba,September,2022,10.1057,0,0,0,293.591,291.4,291.018
Zomba,October,2022,10.7647,0,0,0,295.389,293.591,291.4
Zomba,November,2022,9.4651,0,0,0,299.048,295.389,293.591
Zomba,December,2022,14.6676,0,0,0,299.106,299.048,295.389
Zomba,January,2023,36.331,0.02,0,0,297.102,299.106,299.048
Zomba,February,2023,25.7604,0.02,0.02,0,296.578,297.102,299.106
Zomba,March,2023,25.5842,0.02,0.02,0.02,296.989,296.578,297.102
Zomba,April,2023,23.0257,0.03,0.02,0.02,296.207,296.989,296.578
Zomba,May,2023,29.3012,0,0.03,0.02,295.428,296.207,296.989
Zomba,June,2023,29.2125,0,0,0.03,294.613,295.428,296.207
Zomba,July,2023,23.784300000000002,0,0,0,293.823,294.613,295.428
Zomba,August,2023,22.6501,0,0,0,291.969,293.823,294.613
Zomba,September,2023,31.7257,0,0,0,293.509,291.969,293.823
Zomba,October,2023,37.9738,0,0,0,297.426,293.509,291.969
Zomba,November,2023,32.5181,0,0,0,299.528,297.426,293.509
Zomba,December,2023,34.4193,0,0,0,299.257,299.528,297.426
Zomba,January,2024,60.1061,0.01,0,0,300.207,299.257,299.528
Zomba,February,2024,44.046,0.02,0.01,0,297.86,300.207,299.257
Zomba,March,2024,61.0412,0.01,0.02,0.01,298.549,297.86,300.207
Zomba,April,2024,62.6197,0,0.01,0.02,297.718,298.549,297.86
Zomba,May,2024,92.1489,0,0,0.01,296.515,297.718,298.549
Zomba,June,2024,57.127,0,0,0,294.386,296.515,297.718
Zomba,July,2024,40.3242,0,0,0,292.548,294.386,296.515
Zomba,August,2024,41.8913,0,0,0,293.48,292.548,294.386
Zomba,September,2024,34.6691,0,0,0,294.264,293.48,292.548
Zomba,October,2024,35.7976,0,0,0,296.531,294.264,293.48
Zomba,November,2024,33.8943,0,0,0,297.155,296.531,294.264
Zomba,December,2024,48.4267,0,0,0,299.077,297.155,296.531
