"","District","Month","Year","Cases"
"1","Balaka-DHO","January",2015,15656
"2","Blantyre-DHO","January",2015,39051
"3","Chikwawa-DHO","January",2015,13720
"4","Chiradzulu-DHO","January",2015,11379
"5","Chitipa-DHO","January",2015,6824
"6","Dedza-DHO","January",2015,37641
"7","Dowa-DHO","January",2015,36612
"8","Karonga-DHO","January",2015,15578
"9","Kasungu-DHO","January",2015,40327
"10","Likoma-DHO","January",2015,528
"11","Lilongwe-DHO","January",2015,71561
"12","Machinga-DHO","January",2015,23265
"13","Mangochi-DHO","January",2015,29475
"14","Mchinji-DHO","January",2015,18788
"15","Mulanje-DHO","January",2015,36746
"16","Mwanza-DHO","January",2015,11044
"17","Mzimba-North-DHO","January",2015,14031
"18","Mzimba-South-DHO","January",2015,19057
"19","Neno-DHO","January",2015,11125
"20","Nkhata-Bay-DHO","January",2015,25237
"21","Nkhotakota-DHO","January",2015,24192
"22","Nsanje-DHO","January",2015,14313
"23","Ntcheu-DHO","January",2015,36257
"24","Ntchisi-DHO","January",2015,25540
"25","Phalombe-DHO","January",2015,10681
"26","Rumphi-DHO","January",2015,13044
"27","Salima-DHO","January",2015,29500
"28","Thyolo-DHO","January",2015,21402
"29","Zomba-DHO","January",2015,32673
"30","Balaka-DHO","February",2015,18171
"31","Blantyre-DHO","February",2015,31896
"32","Chikwawa-DHO","February",2015,18663
"33","Chiradzulu-DHO","February",2015,9644
"34","Chitipa-DHO","February",2015,7478
"35","Dedza-DHO","February",2015,26019
"36","Dowa-DHO","February",2015,28483
"37","Karonga-DHO","February",2015,19737
"38","Kasungu-DHO","February",2015,45866
"39","Likoma-DHO","February",2015,325
"40","Lilongwe-DHO","February",2015,70543
"41","Machinga-DHO","February",2015,29969
"42","Mangochi-DHO","February",2015,33669
"43","Mchinji-DHO","February",2015,21162
"44","Mulanje-DHO","February",2015,23654
"45","Mwanza-DHO","February",2015,9255
"46","Mzimba-North-DHO","February",2015,16336
"47","Mzimba-South-DHO","February",2015,19201
"48","Neno-DHO","February",2015,8028
"49","Nkhata-Bay-DHO","February",2015,18666
"50","Nkhotakota-DHO","February",2015,29272
"51","Nsanje-DHO","February",2015,15390
"52","Ntcheu-DHO","February",2015,30392
"53","Ntchisi-DHO","February",2015,19447
"54","Phalombe-DHO","February",2015,10322
"55","Rumphi-DHO","February",2015,11090
"56","Salima-DHO","February",2015,27393
"57","Thyolo-DHO","February",2015,15767
"58","Zomba-DHO","February",2015,31175
"59","Balaka-DHO","March",2015,25360
"60","Blantyre-DHO","March",2015,27420
"61","Chikwawa-DHO","March",2015,24412
"62","Chiradzulu-DHO","March",2015,9229
"63","Chitipa-DHO","March",2015,9262
"64","Dedza-DHO","March",2015,31079
"65","Dowa-DHO","March",2015,31887
"66","Karonga-DHO","March",2015,17759
"67","Kasungu-DHO","March",2015,51738
"68","Likoma-DHO","March",2015,365
"69","Lilongwe-DHO","March",2015,84135
"70","Machinga-DHO","March",2015,44882
"71","Mangochi-DHO","March",2015,31342
"72","Mchinji-DHO","March",2015,22596
"73","Mulanje-DHO","March",2015,26017
"74","Mwanza-DHO","March",2015,10679
"75","Mzimba-North-DHO","March",2015,21932
"76","Mzimba-South-DHO","March",2015,24707
"77","Neno-DHO","March",2015,8360
"78","Nkhata-Bay-DHO","March",2015,24082
"79","Nkhotakota-DHO","March",2015,29425
"80","Nsanje-DHO","March",2015,18375
"81","Ntcheu-DHO","March",2015,34978
"82","Ntchisi-DHO","March",2015,28666
"83","Phalombe-DHO","March",2015,9041
"84","Rumphi-DHO","March",2015,13438
"85","Salima-DHO","March",2015,31721
"86","Thyolo-DHO","March",2015,15248
"87","Zomba-DHO","March",2015,27851
"88","Balaka-DHO","April",2015,27976
"89","Blantyre-DHO","April",2015,34883
"90","Chikwawa-DHO","April",2015,32628
"91","Chiradzulu-DHO","April",2015,15959
"92","Chitipa-DHO","April",2015,9301
"93","Dedza-DHO","April",2015,34199
"94","Dowa-DHO","April",2015,43014
"95","Karonga-DHO","April",2015,22827
"96","Kasungu-DHO","April",2015,60340
"97","Likoma-DHO","April",2015,533
"98","Lilongwe-DHO","April",2015,91833
"99","Machinga-DHO","April",2015,25013
"100","Mangochi-DHO","April",2015,43080
"101","Mchinji-DHO","April",2015,24877
"102","Mulanje-DHO","April",2015,28626
"103","Mwanza-DHO","April",2015,11270
"104","Mzimba-North-DHO","April",2015,26067
"105","Mzimba-South-DHO","April",2015,31308
"106","Neno-DHO","April",2015,13024
"107","Nkhata-Bay-DHO","April",2015,22374
"108","Nkhotakota-DHO","April",2015,28142
"109","Nsanje-DHO","April",2015,15579
"110","Ntcheu-DHO","April",2015,44121
"111","Ntchisi-DHO","April",2015,21329
"112","Phalombe-DHO","April",2015,10093
"113","Rumphi-DHO","April",2015,16930
"114","Salima-DHO","April",2015,41882
"115","Thyolo-DHO","April",2015,21583
"116","Zomba-DHO","April",2015,38799
"117","Balaka-DHO","May",2015,19399
"118","Blantyre-DHO","May",2015,31406
"119","Chikwawa-DHO","May",2015,27686
"120","Chiradzulu-DHO","May",2015,13366
"121","Chitipa-DHO","May",2015,9215
"122","Dedza-DHO","May",2015,26912
"123","Dowa-DHO","May",2015,29411
"124","Karonga-DHO","May",2015,19662
"125","Kasungu-DHO","May",2015,41857
"126","Likoma-DHO","May",2015,416
"127","Lilongwe-DHO","May",2015,64999
"128","Machinga-DHO","May",2015,16832
"129","Mangochi-DHO","May",2015,34474
"130","Mchinji-DHO","May",2015,23473
"131","Mulanje-DHO","May",2015,24986
"132","Mwanza-DHO","May",2015,7737
"133","Mzimba-North-DHO","May",2015,21524
"134","Mzimba-South-DHO","May",2015,30001
"135","Neno-DHO","May",2015,8998
"136","Nkhata-Bay-DHO","May",2015,19783
"137","Nkhotakota-DHO","May",2015,28389
"138","Nsanje-DHO","May",2015,16294
"139","Ntcheu-DHO","May",2015,28281
"140","Ntchisi-DHO","May",2015,23886
"141","Phalombe-DHO","May",2015,7770
"142","Rumphi-DHO","May",2015,16364
"143","Salima-DHO","May",2015,31506
"144","Thyolo-DHO","May",2015,18790
"145","Zomba-DHO","May",2015,35696
"146","Balaka-DHO","June",2015,14549
"147","Blantyre-DHO","June",2015,28750
"148","Chikwawa-DHO","June",2015,25133
"149","Chiradzulu-DHO","June",2015,8432
"150","Chitipa-DHO","June",2015,7048
"151","Dedza-DHO","June",2015,20972
"152","Dowa-DHO","June",2015,25907
"153","Karonga-DHO","June",2015,20840
"154","Kasungu-DHO","June",2015,35003
"155","Likoma-DHO","June",2015,611
"156","Lilongwe-DHO","June",2015,50465
"157","Machinga-DHO","June",2015,25572
"158","Mangochi-DHO","June",2015,28575
"159","Mchinji-DHO","June",2015,21832
"160","Mulanje-DHO","June",2015,21984
"161","Mwanza-DHO","June",2015,7865
"162","Mzimba-North-DHO","June",2015,17816
"163","Mzimba-South-DHO","June",2015,20528
"164","Neno-DHO","June",2015,7330
"165","Nkhata-Bay-DHO","June",2015,17667
"166","Nkhotakota-DHO","June",2015,27072
"167","Nsanje-DHO","June",2015,12982
"168","Ntcheu-DHO","June",2015,28554
"169","Ntchisi-DHO","June",2015,17318
"170","Phalombe-DHO","June",2015,7934
"171","Rumphi-DHO","June",2015,12573
"172","Salima-DHO","June",2015,28556
"173","Thyolo-DHO","June",2015,16495
"174","Zomba-DHO","June",2015,31019
"175","Balaka-DHO","July",2015,9857
"176","Blantyre-DHO","July",2015,22984
"177","Chikwawa-DHO","July",2015,18502
"178","Chiradzulu-DHO","July",2015,4658
"179","Chitipa-DHO","July",2015,4701
"180","Dedza-DHO","July",2015,16936
"181","Dowa-DHO","July",2015,14153
"182","Karonga-DHO","July",2015,14842
"183","Kasungu-DHO","July",2015,21930
"184","Likoma-DHO","July",2015,663
"185","Lilongwe-DHO","July",2015,38115
"186","Machinga-DHO","July",2015,23722
"187","Mangochi-DHO","July",2015,27727
"188","Mchinji-DHO","July",2015,13006
"189","Mulanje-DHO","July",2015,14613
"190","Mwanza-DHO","July",2015,7089
"191","Mzimba-North-DHO","July",2015,9787
"192","Mzimba-South-DHO","July",2015,15304
"193","Neno-DHO","July",2015,7309
"194","Nkhata-Bay-DHO","July",2015,15084
"195","Nkhotakota-DHO","July",2015,23679
"196","Nsanje-DHO","July",2015,9775
"197","Ntcheu-DHO","July",2015,15567
"198","Ntchisi-DHO","July",2015,11239
"199","Phalombe-DHO","July",2015,6786
"200","Rumphi-DHO","July",2015,7966
"201","Salima-DHO","July",2015,20168
"202","Thyolo-DHO","July",2015,12285
"203","Zomba-DHO","July",2015,20613
"204","Balaka-DHO","August",2015,8912
"205","Blantyre-DHO","August",2015,21069
"206","Chikwawa-DHO","August",2015,17098
"207","Chiradzulu-DHO","August",2015,4164
"208","Chitipa-DHO","August",2015,4104
"209","Dedza-DHO","August",2015,11837
"210","Dowa-DHO","August",2015,10546
"211","Karonga-DHO","August",2015,11917
"212","Kasungu-DHO","August",2015,19698
"213","Likoma-DHO","August",2015,550
"214","Lilongwe-DHO","August",2015,29447
"215","Machinga-DHO","August",2015,21186
"216","Mangochi-DHO","August",2015,23219
"217","Mchinji-DHO","August",2015,9327
"218","Mulanje-DHO","August",2015,15325
"219","Mwanza-DHO","August",2015,6013
"220","Mzimba-North-DHO","August",2015,6242
"221","Mzimba-South-DHO","August",2015,10941
"222","Neno-DHO","August",2015,6554
"223","Nkhata-Bay-DHO","August",2015,16567
"224","Nkhotakota-DHO","August",2015,24912
"225","Nsanje-DHO","August",2015,7817
"226","Ntcheu-DHO","August",2015,13322
"227","Ntchisi-DHO","August",2015,10368
"228","Phalombe-DHO","August",2015,5100
"229","Rumphi-DHO","August",2015,3448
"230","Salima-DHO","August",2015,18145
"231","Thyolo-DHO","August",2015,8645
"232","Zomba-DHO","August",2015,21111
"233","Balaka-DHO","September",2015,10787
"234","Blantyre-DHO","September",2015,22863
"235","Chikwawa-DHO","September",2015,19484
"236","Chiradzulu-DHO","September",2015,4814
"237","Chitipa-DHO","September",2015,2929
"238","Dedza-DHO","September",2015,13896
"239","Dowa-DHO","September",2015,10953
"240","Karonga-DHO","September",2015,11254
"241","Kasungu-DHO","September",2015,18145
"242","Likoma-DHO","September",2015,522
"243","Lilongwe-DHO","September",2015,28253
"244","Machinga-DHO","September",2015,22200
"245","Mangochi-DHO","September",2015,26571
"246","Mchinji-DHO","September",2015,9249
"247","Mulanje-DHO","September",2015,18664
"248","Mwanza-DHO","September",2015,6085
"249","Mzimba-North-DHO","September",2015,5450
"250","Mzimba-South-DHO","September",2015,12067
"251","Neno-DHO","September",2015,7958
"252","Nkhata-Bay-DHO","September",2015,16808
"253","Nkhotakota-DHO","September",2015,18487
"254","Nsanje-DHO","September",2015,12516
"255","Ntcheu-DHO","September",2015,16899
"256","Ntchisi-DHO","September",2015,13121
"257","Phalombe-DHO","September",2015,5603
"258","Rumphi-DHO","September",2015,3353
"259","Salima-DHO","September",2015,18110
"260","Thyolo-DHO","September",2015,8938
"261","Zomba-DHO","September",2015,26189
"262","Balaka-DHO","October",2015,8938
"263","Blantyre-DHO","October",2015,19785
"264","Chikwawa-DHO","October",2015,13764
"265","Chiradzulu-DHO","October",2015,7693
"266","Chitipa-DHO","October",2015,3542
"267","Dedza-DHO","October",2015,18963
"268","Dowa-DHO","October",2015,15467
"269","Karonga-DHO","October",2015,11505
"270","Kasungu-DHO","October",2015,20767
"271","Likoma-DHO","October",2015,448
"272","Lilongwe-DHO","October",2015,36099
"273","Machinga-DHO","October",2015,27075
"274","Mangochi-DHO","October",2015,22952
"275","Mchinji-DHO","October",2015,9726
"276","Mulanje-DHO","October",2015,18987
"277","Mwanza-DHO","October",2015,6560
"278","Mzimba-North-DHO","October",2015,6643
"279","Mzimba-South-DHO","October",2015,10719
"280","Neno-DHO","October",2015,8803
"281","Nkhata-Bay-DHO","October",2015,18831
"282","Nkhotakota-DHO","October",2015,27605
"283","Nsanje-DHO","October",2015,7703
"284","Ntcheu-DHO","October",2015,17154
"285","Ntchisi-DHO","October",2015,16744
"286","Phalombe-DHO","October",2015,6792
"287","Rumphi-DHO","October",2015,3878
"288","Salima-DHO","October",2015,17302
"289","Thyolo-DHO","October",2015,11203
"290","Zomba-DHO","October",2015,26897
"291","Balaka-DHO","November",2015,5702
"292","Blantyre-DHO","November",2015,21017
"293","Chikwawa-DHO","November",2015,6902
"294","Chiradzulu-DHO","November",2015,6217
"295","Chitipa-DHO","November",2015,3227
"296","Dedza-DHO","November",2015,19459
"297","Dowa-DHO","November",2015,14316
"298","Karonga-DHO","November",2015,9281
"299","Kasungu-DHO","November",2015,19238
"300","Likoma-DHO","November",2015,339
"301","Lilongwe-DHO","November",2015,27884
"302","Machinga-DHO","November",2015,10328
"303","Mangochi-DHO","November",2015,18245
"304","Mchinji-DHO","November",2015,8702
"305","Mulanje-DHO","November",2015,18863
"306","Mwanza-DHO","November",2015,5144
"307","Mzimba-North-DHO","November",2015,7274
"308","Mzimba-South-DHO","November",2015,10536
"309","Neno-DHO","November",2015,7340
"310","Nkhata-Bay-DHO","November",2015,19327
"311","Nkhotakota-DHO","November",2015,20723
"312","Nsanje-DHO","November",2015,5288
"313","Ntcheu-DHO","November",2015,17067
"314","Ntchisi-DHO","November",2015,13493
"315","Phalombe-DHO","November",2015,6904
"316","Rumphi-DHO","November",2015,5591
"317","Salima-DHO","November",2015,10432
"318","Thyolo-DHO","November",2015,15785
"319","Zomba-DHO","November",2015,25619
"320","Balaka-DHO","December",2015,4813
"321","Blantyre-DHO","December",2015,21268
"322","Chikwawa-DHO","December",2015,5151
"323","Chiradzulu-DHO","December",2015,4689
"324","Chitipa-DHO","December",2015,6020
"325","Dedza-DHO","December",2015,15847
"326","Dowa-DHO","December",2015,15862
"327","Karonga-DHO","December",2015,9700
"328","Kasungu-DHO","December",2015,13003
"329","Likoma-DHO","December",2015,276
"330","Lilongwe-DHO","December",2015,34763
"331","Machinga-DHO","December",2015,7433
"332","Mangochi-DHO","December",2015,19402
"333","Mchinji-DHO","December",2015,7241
"334","Mulanje-DHO","December",2015,19973
"335","Mwanza-DHO","December",2015,4851
"336","Mzimba-North-DHO","December",2015,16610
"337","Mzimba-South-DHO","December",2015,13485
"338","Neno-DHO","December",2015,8180
"339","Nkhata-Bay-DHO","December",2015,18041
"340","Nkhotakota-DHO","December",2015,14780
"341","Nsanje-DHO","December",2015,3212
"342","Ntcheu-DHO","December",2015,17627
"343","Ntchisi-DHO","December",2015,17326
"344","Phalombe-DHO","December",2015,7180
"345","Rumphi-DHO","December",2015,10173
"346","Salima-DHO","December",2015,10025
"347","Thyolo-DHO","December",2015,13746
"348","Zomba-DHO","December",2015,26480
"349","Balaka-DHO","January",2016,19448
"350","Blantyre-DHO","January",2016,34170
"351","Chikwawa-DHO","January",2016,10442
"352","Chiradzulu-DHO","January",2016,14319
"353","Chitipa-DHO","January",2016,7491
"354","Dedza-DHO","January",2016,32793
"355","Dowa-DHO","January",2016,31210
"356","Karonga-DHO","January",2016,15488
"357","Kasungu-DHO","January",2016,32579
"358","Likoma-DHO","January",2016,5159
"359","Lilongwe-DHO","January",2016,96514
"360","Machinga-DHO","January",2016,19074
"361","Mangochi-DHO","January",2016,35137
"362","Mchinji-DHO","January",2016,18708
"363","Mulanje-DHO","January",2016,37107
"364","Mwanza-DHO","January",2016,8907
"365","Mzimba-North-DHO","January",2016,24947
"366","Mzimba-South-DHO","January",2016,22502
"367","Neno-DHO","January",2016,16275
"368","Nkhata-Bay-DHO","January",2016,17864
"369","Nkhotakota-DHO","January",2016,30032
"370","Nsanje-DHO","January",2016,7264
"371","Ntcheu-DHO","January",2016,35435
"372","Ntchisi-DHO","January",2016,25135
"373","Phalombe-DHO","January",2016,18053
"374","Rumphi-DHO","January",2016,18310
"375","Salima-DHO","January",2016,26013
"376","Thyolo-DHO","January",2016,28453
"377","Zomba-DHO","January",2016,49488
"378","Balaka-DHO","February",2016,16344
"379","Blantyre-DHO","February",2016,42799
"380","Chikwawa-DHO","February",2016,10186
"381","Chiradzulu-DHO","February",2016,15325
"382","Chitipa-DHO","February",2016,6974
"383","Dedza-DHO","February",2016,38793
"384","Dowa-DHO","February",2016,34982
"385","Karonga-DHO","February",2016,16665
"386","Kasungu-DHO","February",2016,50061
"387","Likoma-DHO","February",2016,670
"388","Lilongwe-DHO","February",2016,103693
"389","Machinga-DHO","February",2016,27886
"390","Mangochi-DHO","February",2016,38673
"391","Mchinji-DHO","February",2016,24539
"392","Mulanje-DHO","February",2016,34559
"393","Mwanza-DHO","February",2016,10465
"394","Mzimba-North-DHO","February",2016,28544
"395","Mzimba-South-DHO","February",2016,27294
"396","Neno-DHO","February",2016,14213
"397","Nkhata-Bay-DHO","February",2016,18869
"398","Nkhotakota-DHO","February",2016,30212
"399","Nsanje-DHO","February",2016,8073
"400","Ntcheu-DHO","February",2016,28516
"401","Ntchisi-DHO","February",2016,25895
"402","Phalombe-DHO","February",2016,17273
"403","Rumphi-DHO","February",2016,13396
"404","Salima-DHO","February",2016,23296
"405","Thyolo-DHO","February",2016,33363
"406","Zomba-DHO","February",2016,44541
"407","Balaka-DHO","March",2016,22487
"408","Blantyre-DHO","March",2016,44961
"409","Chikwawa-DHO","March",2016,12797
"410","Chiradzulu-DHO","March",2016,23632
"411","Chitipa-DHO","March",2016,9525
"412","Dedza-DHO","March",2016,44126
"413","Dowa-DHO","March",2016,40178
"414","Karonga-DHO","March",2016,16955
"415","Kasungu-DHO","March",2016,54886
"416","Likoma-DHO","March",2016,718
"417","Lilongwe-DHO","March",2016,123459
"418","Machinga-DHO","March",2016,29607
"419","Mangochi-DHO","March",2016,44216
"420","Mchinji-DHO","March",2016,36533
"421","Mulanje-DHO","March",2016,29728
"422","Mwanza-DHO","March",2016,11149
"423","Mzimba-North-DHO","March",2016,42268
"424","Mzimba-South-DHO","March",2016,38383
"425","Neno-DHO","March",2016,20183
"426","Nkhata-Bay-DHO","March",2016,20834
"427","Nkhotakota-DHO","March",2016,26967
"428","Nsanje-DHO","March",2016,7603
"429","Ntcheu-DHO","March",2016,35065
"430","Ntchisi-DHO","March",2016,39583
"431","Phalombe-DHO","March",2016,16823
"432","Rumphi-DHO","March",2016,14811
"433","Salima-DHO","March",2016,35241
"434","Thyolo-DHO","March",2016,40456
"435","Zomba-DHO","March",2016,46518
"436","Balaka-DHO","April",2016,23768
"437","Blantyre-DHO","April",2016,47170
"438","Chikwawa-DHO","April",2016,15665
"439","Chiradzulu-DHO","April",2016,18129
"440","Chitipa-DHO","April",2016,14170
"441","Dedza-DHO","April",2016,48355
"442","Dowa-DHO","April",2016,31222
"443","Karonga-DHO","April",2016,20472
"444","Kasungu-DHO","April",2016,63001
"445","Likoma-DHO","April",2016,1102
"446","Lilongwe-DHO","April",2016,123938
"447","Machinga-DHO","April",2016,33723
"448","Mangochi-DHO","April",2016,46315
"449","Mchinji-DHO","April",2016,41920
"450","Mulanje-DHO","April",2016,25319
"451","Mwanza-DHO","April",2016,10490
"452","Mzimba-North-DHO","April",2016,41756
"453","Mzimba-South-DHO","April",2016,45230
"454","Neno-DHO","April",2016,17129
"455","Nkhata-Bay-DHO","April",2016,19083
"456","Nkhotakota-DHO","April",2016,30660
"457","Nsanje-DHO","April",2016,9131
"458","Ntcheu-DHO","April",2016,43501
"459","Ntchisi-DHO","April",2016,40041
"460","Phalombe-DHO","April",2016,17295
"461","Rumphi-DHO","April",2016,23524
"462","Salima-DHO","April",2016,35297
"463","Thyolo-DHO","April",2016,33901
"464","Zomba-DHO","April",2016,45999
"465","Balaka-DHO","May",2016,17535
"466","Blantyre-DHO","May",2016,39014
"467","Chikwawa-DHO","May",2016,19185
"468","Chiradzulu-DHO","May",2016,16771
"469","Chitipa-DHO","May",2016,11636
"470","Dedza-DHO","May",2016,29197
"471","Dowa-DHO","May",2016,32071
"472","Karonga-DHO","May",2016,20801
"473","Kasungu-DHO","May",2016,37088
"474","Likoma-DHO","May",2016,1187
"475","Lilongwe-DHO","May",2016,89748
"476","Machinga-DHO","May",2016,25133
"477","Mangochi-DHO","May",2016,41333
"478","Mchinji-DHO","May",2016,30396
"479","Mulanje-DHO","May",2016,27798
"480","Mwanza-DHO","May",2016,9480
"481","Mzimba-North-DHO","May",2016,23883
"482","Mzimba-South-DHO","May",2016,35223
"483","Neno-DHO","May",2016,16550
"484","Nkhata-Bay-DHO","May",2016,13914
"485","Nkhotakota-DHO","May",2016,32975
"486","Nsanje-DHO","May",2016,9822
"487","Ntcheu-DHO","May",2016,36414
"488","Ntchisi-DHO","May",2016,25188
"489","Phalombe-DHO","May",2016,17616
"490","Rumphi-DHO","May",2016,16159
"491","Salima-DHO","May",2016,15808
"492","Thyolo-DHO","May",2016,30837
"493","Zomba-DHO","May",2016,37318
"494","Balaka-DHO","June",2016,8101
"495","Blantyre-DHO","June",2016,24987
"496","Chikwawa-DHO","June",2016,10260
"497","Chiradzulu-DHO","June",2016,10312
"498","Chitipa-DHO","June",2016,6621
"499","Dedza-DHO","June",2016,21410
"500","Dowa-DHO","June",2016,17930
"501","Karonga-DHO","June",2016,13899
"502","Kasungu-DHO","June",2016,20370
"503","Likoma-DHO","June",2016,627
"504","Lilongwe-DHO","June",2016,62252
"505","Machinga-DHO","June",2016,12818
"506","Mangochi-DHO","June",2016,27036
"507","Mchinji-DHO","June",2016,20262
"508","Mulanje-DHO","June",2016,15310
"509","Mwanza-DHO","June",2016,9079
"510","Mzimba-North-DHO","June",2016,15672
"511","Mzimba-South-DHO","June",2016,15870
"512","Neno-DHO","June",2016,9941
"513","Nkhata-Bay-DHO","June",2016,14048
"514","Nkhotakota-DHO","June",2016,24844
"515","Nsanje-DHO","June",2016,8622
"516","Ntcheu-DHO","June",2016,19708
"517","Ntchisi-DHO","June",2016,13937
"518","Phalombe-DHO","June",2016,11756
"519","Rumphi-DHO","June",2016,12762
"520","Salima-DHO","June",2016,13683
"521","Thyolo-DHO","June",2016,12976
"522","Zomba-DHO","June",2016,23718
"523","Balaka-DHO","July",2016,3241
"524","Blantyre-DHO","July",2016,16394
"525","Chikwawa-DHO","July",2016,10701
"526","Chiradzulu-DHO","July",2016,4502
"527","Chitipa-DHO","July",2016,1749
"528","Dedza-DHO","July",2016,14106
"529","Dowa-DHO","July",2016,10969
"530","Karonga-DHO","July",2016,14928
"531","Kasungu-DHO","July",2016,18078
"532","Likoma-DHO","July",2016,410
"533","Lilongwe-DHO","July",2016,41072
"534","Machinga-DHO","July",2016,11673
"535","Mangochi-DHO","July",2016,20783
"536","Mchinji-DHO","July",2016,9148
"537","Mulanje-DHO","July",2016,8868
"538","Mwanza-DHO","July",2016,5939
"539","Mzimba-North-DHO","July",2016,10062
"540","Mzimba-South-DHO","July",2016,10183
"541","Neno-DHO","July",2016,9078
"542","Nkhata-Bay-DHO","July",2016,11686
"543","Nkhotakota-DHO","July",2016,24509
"544","Nsanje-DHO","July",2016,6329
"545","Ntcheu-DHO","July",2016,12820
"546","Ntchisi-DHO","July",2016,10072
"547","Phalombe-DHO","July",2016,4299
"548","Rumphi-DHO","July",2016,4904
"549","Salima-DHO","July",2016,17083
"550","Thyolo-DHO","July",2016,8061
"551","Zomba-DHO","July",2016,14231
"552","Balaka-DHO","August",2016,5749
"553","Blantyre-DHO","August",2016,13644
"554","Chikwawa-DHO","August",2016,11989
"555","Chiradzulu-DHO","August",2016,3404
"556","Chitipa-DHO","August",2016,1986
"557","Dedza-DHO","August",2016,9934
"558","Dowa-DHO","August",2016,7387
"559","Karonga-DHO","August",2016,7769
"560","Kasungu-DHO","August",2016,9479
"561","Likoma-DHO","August",2016,497
"562","Lilongwe-DHO","August",2016,15921
"563","Machinga-DHO","August",2016,6222
"564","Mangochi-DHO","August",2016,17270
"565","Mchinji-DHO","August",2016,5732
"566","Mulanje-DHO","August",2016,7751
"567","Mwanza-DHO","August",2016,4643
"568","Mzimba-North-DHO","August",2016,3243
"569","Mzimba-South-DHO","August",2016,5099
"570","Neno-DHO","August",2016,6909
"571","Nkhata-Bay-DHO","August",2016,14291
"572","Nkhotakota-DHO","August",2016,23032
"573","Nsanje-DHO","August",2016,6584
"574","Ntcheu-DHO","August",2016,10201
"575","Ntchisi-DHO","August",2016,5907
"576","Phalombe-DHO","August",2016,4097
"577","Rumphi-DHO","August",2016,3082
"578","Salima-DHO","August",2016,15936
"579","Thyolo-DHO","August",2016,8235
"580","Zomba-DHO","August",2016,11631
"581","Balaka-DHO","September",2016,6173
"582","Blantyre-DHO","September",2016,16632
"583","Chikwawa-DHO","September",2016,12050
"584","Chiradzulu-DHO","September",2016,2885
"585","Chitipa-DHO","September",2016,2843
"586","Dedza-DHO","September",2016,10022
"587","Dowa-DHO","September",2016,6541
"588","Karonga-DHO","September",2016,7509
"589","Kasungu-DHO","September",2016,9276
"590","Likoma-DHO","September",2016,561
"591","Lilongwe-DHO","September",2016,19385
"592","Machinga-DHO","September",2016,6546
"593","Mangochi-DHO","September",2016,15817
"594","Mchinji-DHO","September",2016,4148
"595","Mulanje-DHO","September",2016,12252
"596","Mwanza-DHO","September",2016,6258
"597","Mzimba-North-DHO","September",2016,3878
"598","Mzimba-South-DHO","September",2016,5345
"599","Neno-DHO","September",2016,7967
"600","Nkhata-Bay-DHO","September",2016,16050
"601","Nkhotakota-DHO","September",2016,22863
"602","Nsanje-DHO","September",2016,7848
"603","Ntcheu-DHO","September",2016,9559
"604","Ntchisi-DHO","September",2016,7286
"605","Phalombe-DHO","September",2016,4887
"606","Rumphi-DHO","September",2016,2397
"607","Salima-DHO","September",2016,8376
"608","Thyolo-DHO","September",2016,11280
"609","Zomba-DHO","September",2016,16286
"610","Balaka-DHO","October",2016,5292
"611","Blantyre-DHO","October",2016,12357
"612","Chikwawa-DHO","October",2016,4852
"613","Chiradzulu-DHO","October",2016,3171
"614","Chitipa-DHO","October",2016,1071
"615","Dedza-DHO","October",2016,13439
"616","Dowa-DHO","October",2016,12134
"617","Karonga-DHO","October",2016,13202
"618","Kasungu-DHO","October",2016,10695
"619","Likoma-DHO","October",2016,476
"620","Lilongwe-DHO","October",2016,20772
"621","Machinga-DHO","October",2016,9245
"622","Mangochi-DHO","October",2016,17822
"623","Mchinji-DHO","October",2016,2627
"624","Mulanje-DHO","October",2016,13722
"625","Mwanza-DHO","October",2016,6148
"626","Mzimba-North-DHO","October",2016,4056
"627","Mzimba-South-DHO","October",2016,6165
"628","Neno-DHO","October",2016,8361
"629","Nkhata-Bay-DHO","October",2016,15415
"630","Nkhotakota-DHO","October",2016,24271
"631","Nsanje-DHO","October",2016,2495
"632","Ntcheu-DHO","October",2016,10104
"633","Ntchisi-DHO","October",2016,10361
"634","Phalombe-DHO","October",2016,4585
"635","Rumphi-DHO","October",2016,2412
"636","Salima-DHO","October",2016,11138
"637","Thyolo-DHO","October",2016,8417
"638","Zomba-DHO","October",2016,15373
"639","Balaka-DHO","November",2016,2286
"640","Blantyre-DHO","November",2016,12483
"641","Chikwawa-DHO","November",2016,3038
"642","Chiradzulu-DHO","November",2016,2836
"643","Chitipa-DHO","November",2016,1824
"644","Dedza-DHO","November",2016,15578
"645","Dowa-DHO","November",2016,12120
"646","Karonga-DHO","November",2016,6554
"647","Kasungu-DHO","November",2016,10125
"648","Likoma-DHO","November",2016,387
"649","Lilongwe-DHO","November",2016,25236
"650","Machinga-DHO","November",2016,6315
"651","Mangochi-DHO","November",2016,11645
"652","Mchinji-DHO","November",2016,1042
"653","Mulanje-DHO","November",2016,13571
"654","Mwanza-DHO","November",2016,3668
"655","Mzimba-North-DHO","November",2016,3821
"656","Mzimba-South-DHO","November",2016,6314
"657","Neno-DHO","November",2016,4806
"658","Nkhata-Bay-DHO","November",2016,14592
"659","Nkhotakota-DHO","November",2016,20869
"660","Nsanje-DHO","November",2016,4550
"661","Ntcheu-DHO","November",2016,11038
"662","Ntchisi-DHO","November",2016,7521
"663","Phalombe-DHO","November",2016,4207
"664","Rumphi-DHO","November",2016,1504
"665","Salima-DHO","November",2016,7735
"666","Thyolo-DHO","November",2016,7684
"667","Zomba-DHO","November",2016,14445
"668","Balaka-DHO","December",2016,578
"669","Blantyre-DHO","December",2016,14899
"670","Chikwawa-DHO","December",2016,1162
"671","Chiradzulu-DHO","December",2016,2654
"672","Dedza-DHO","December",2016,21987
"673","Dowa-DHO","December",2016,13535
"674","Karonga-DHO","December",2016,4626
"675","Kasungu-DHO","December",2016,9510
"676","Likoma-DHO","December",2016,305
"677","Lilongwe-DHO","December",2016,20346
"678","Machinga-DHO","December",2016,7121
"679","Mangochi-DHO","December",2016,4956
"680","Mchinji-DHO","December",2016,2745
"681","Mulanje-DHO","December",2016,9967
"682","Mwanza-DHO","December",2016,3870
"683","Mzimba-North-DHO","December",2016,2215
"684","Mzimba-South-DHO","December",2016,3681
"685","Neno-DHO","December",2016,6242
"686","Nkhata-Bay-DHO","December",2016,12169
"687","Nkhotakota-DHO","December",2016,11366
"688","Nsanje-DHO","December",2016,1715
"689","Ntcheu-DHO","December",2016,18347
"690","Ntchisi-DHO","December",2016,14864
"691","Phalombe-DHO","December",2016,5272
"692","Rumphi-DHO","December",2016,1012
"693","Salima-DHO","December",2016,5925
"694","Thyolo-DHO","December",2016,6410
"695","Zomba-DHO","December",2016,23035
"696","Balaka-DHO","January",2017,30768.981264637
"697","Blantyre-DHO","January",2017,41699.4192037471
"698","Chikwawa-DHO","January",2017,21213.6323185012
"699","Chiradzulu-DHO","January",2017,15070.6978922717
"700","Chitipa-DHO","January",2017,6781.11241217799
"701","Dedza-DHO","January",2017,54372.2740046838
"702","Dowa-DHO","January",2017,41879.6487119438
"703","Karonga-DHO","January",2017,15446.6744730679
"704","Kasungu-DHO","January",2017,28480.3583138173
"705","Likoma-DHO","January",2017,520.658079625293
"706","Lilongwe-DHO","January",2017,90566.62529274
"707","Machinga-DHO","January",2017,21609.7470725995
"708","Mangochi-DHO","January",2017,34796.0796252927
"709","Mchinji-DHO","January",2017,16453.5854800937
"710","Mulanje-DHO","January",2017,45078.793911007
"711","Mwanza-DHO","January",2017,4806.45199063232
"712","Mzimba-North-DHO","January",2017,15031.2529274005
"713","Mzimba-South-DHO","January",2017,14550.0093676815
"714","Neno-DHO","January",2017,22803.5784543326
"715","Nkhata-Bay-DHO","January",2017,31242.2880562061
"716","Nkhotakota-DHO","January",2017,37062.850117096
"717","Nsanje-DHO","January",2017,3139.77283372365
"718","Ntcheu-DHO","January",2017,45744.0725995316
"719","Ntchisi-DHO","January",2017,29023.8571428571
"720","Phalombe-DHO","January",2017,17024.018735363
"721","Rumphi-DHO","January",2017,6322.96487119438
"722","Salima-DHO","January",2017,27139.5737704918
"723","Thyolo-DHO","January",2017,25493.093676815
"724","Zomba-DHO","January",2017,45713.5128805621
"725","Balaka-DHO","February",2017,23491.2459016393
"726","Blantyre-DHO","February",2017,45967.2857142857
"727","Chikwawa-DHO","February",2017,26510.3629976581
"728","Chiradzulu-DHO","February",2017,13423.5761124122
"729","Chitipa-DHO","February",2017,7367.5831381733
"730","Dedza-DHO","February",2017,38899.2786885246
"731","Dowa-DHO","February",2017,30208.6978922717
"732","Karonga-DHO","February",2017,18790.8430913349
"733","Kasungu-DHO","February",2017,26618.281030445
"734","Likoma-DHO","February",2017,635.096018735363
"735","Lilongwe-DHO","February",2017,97067.0281030445
"736","Machinga-DHO","February",2017,24202.1334894614
"737","Mangochi-DHO","February",2017,38318.9718969555
"738","Mchinji-DHO","February",2017,22097.4871194379
"739","Mulanje-DHO","February",2017,18000.7868852459
"740","Mwanza-DHO","February",2017,10978.8711943794
"741","Mzimba-North-DHO","February",2017,13714.1100702576
"742","Mzimba-South-DHO","February",2017,12897.0140515222
"743","Neno-DHO","February",2017,11739.5409836066
"744","Nkhata-Bay-DHO","February",2017,27443.0866510539
"745","Nkhotakota-DHO","February",2017,36566.6557377049
"746","Nsanje-DHO","February",2017,3948.41451990632
"747","Ntcheu-DHO","February",2017,34670.3138173302
"748","Ntchisi-DHO","February",2017,26342.2950819672
"749","Phalombe-DHO","February",2017,11968.8852459016
"750","Rumphi-DHO","February",2017,1223
"751","Salima-DHO","February",2017,28818.9953161592
"752","Thyolo-DHO","February",2017,14527.775175644
"753","Zomba-DHO","February",2017,6728.15222482436
"754","Balaka-DHO","March",2017,30489.4894613583
"755","Blantyre-DHO","March",2017,55318.0889929742
"756","Chikwawa-DHO","March",2017,22080.6393442623
"757","Chiradzulu-DHO","March",2017,18953.0351288056
"758","Chitipa-DHO","March",2017,5194.15222482436
"759","Dedza-DHO","March",2017,39573.962529274
"760","Dowa-DHO","March",2017,32293.925058548
"761","Karonga-DHO","March",2017,16753.700234192
"762","Kasungu-DHO","March",2017,32886.7283372365
"763","Likoma-DHO","March",2017,878.80093676815
"764","Lilongwe-DHO","March",2017,126712.756440281
"765","Machinga-DHO","March",2017,26676.4379391101
"766","Mangochi-DHO","March",2017,41027.9180327869
"767","Mchinji-DHO","March",2017,29772.8665105386
"768","Mulanje-DHO","March",2017,20904.2646370023
"769","Mwanza-DHO","March",2017,4816.84074941452
"770","Mzimba-North-DHO","March",2017,14834.7658079625
"771","Mzimba-South-DHO","March",2017,19358.3208430913
"772","Neno-DHO","March",2017,14482.5456674473
"773","Nkhata-Bay-DHO","March",2017,27450.018735363
"774","Nkhotakota-DHO","March",2017,31606.2295081967
"775","Nsanje-DHO","March",2017,2871.78454332553
"776","Ntcheu-DHO","March",2017,52866.0983606557
"777","Ntchisi-DHO","March",2017,27086.8477751756
"778","Phalombe-DHO","March",2017,13132.644028103
"779","Rumphi-DHO","March",2017,2013.62529274005
"780","Salima-DHO","March",2017,32697.4613583138
"781","Thyolo-DHO","March",2017,18685.3676814988
"782","Zomba-DHO","March",2017,42764.355971897
"783","Balaka-DHO","April",2017,1287
"784","Blantyre-DHO","April",2017,3999.17798594848
"785","Chikwawa-DHO","April",2017,12444.0421545667
"786","Chiradzulu-DHO","April",2017,1118.80796252927
"787","Chitipa-DHO","April",2017,10510.3466042155
"788","Dedza-DHO","April",2017,7277.86885245902
"789","Dowa-DHO","April",2017,6170.75175644028
"790","Karonga-DHO","April",2017,6509.96721311475
"791","Kasungu-DHO","April",2017,17561.5339578454
"792","Likoma-DHO","April",2017,1215.06323185012
"793","Lilongwe-DHO","April",2017,40604.7213114754
"794","Machinga-DHO","April",2017,19803.2295081967
"795","Mangochi-DHO","April",2017,26220.1592505855
"796","Mchinji-DHO","April",2017,6499.63700234192
"797","Mulanje-DHO","April",2017,7209.66978922717
"798","Mwanza-DHO","April",2017,9197.00702576112
"799","Mzimba-North-DHO","April",2017,11225.7306791569
"800","Mzimba-South-DHO","April",2017,8456.25761124122
"801","Neno-DHO","April",2017,5121.72365339578
"802","Nkhata-Bay-DHO","April",2017,12819.7236533958
"803","Nkhotakota-DHO","April",2017,35116.7681498829
"804","Nsanje-DHO","April",2017,2927.52224824356
"805","Ntcheu-DHO","April",2017,19385.6978922717
"806","Ntchisi-DHO","April",2017,10517.9203747073
"807","Phalombe-DHO","April",2017,1914
"808","Rumphi-DHO","April",2017,3571.82903981265
"809","Salima-DHO","April",2017,2209
"810","Thyolo-DHO","April",2017,14457.4332552693
"811","Zomba-DHO","April",2017,15122.737704918
"812","Balaka-DHO","May",2017,20456.0234192037
"813","Blantyre-DHO","May",2017,44705.9086651054
"814","Chikwawa-DHO","May",2017,20226.2950819672
"815","Chiradzulu-DHO","May",2017,18586.6744730679
"816","Chitipa-DHO","May",2017,12898.7868852459
"817","Dedza-DHO","May",2017,29009.1147540984
"818","Dowa-DHO","May",2017,37135.5901639344
"819","Karonga-DHO","May",2017,19761.9953161592
"820","Kasungu-DHO","May",2017,52086.7283372365
"821","Likoma-DHO","May",2017,1508.4355971897
"822","Lilongwe-DHO","May",2017,94916.4590163934
"823","Machinga-DHO","May",2017,17873.318501171
"824","Mangochi-DHO","May",2017,49049.2177985949
"825","Mchinji-DHO","May",2017,23918.1850117096
"826","Mulanje-DHO","May",2017,30970.8829039813
"827","Mwanza-DHO","May",2017,12004.1288056206
"828","Mzimba-North-DHO","May",2017,25206.6510538642
"829","Mzimba-South-DHO","May",2017,25429.9976580796
"830","Neno-DHO","May",2017,12990.3278688525
"831","Nkhata-Bay-DHO","May",2017,27309.4145199063
"832","Nkhotakota-DHO","May",2017,44594.7142857143
"833","Nsanje-DHO","May",2017,2235.35128805621
"834","Ntcheu-DHO","May",2017,51245.1007025761
"835","Ntchisi-DHO","May",2017,24952.3606557377
"836","Phalombe-DHO","May",2017,18740.4543325527
"837","Rumphi-DHO","May",2017,3951.2224824356
"838","Salima-DHO","May",2017,30248.7096018735
"839","Thyolo-DHO","May",2017,5481.33957845433
"840","Zomba-DHO","May",2017,42446.9508196721
"841","Balaka-DHO","June",2017,14651.1194379391
"842","Blantyre-DHO","June",2017,27176.7283372365
"843","Chikwawa-DHO","June",2017,18604.2365339578
"844","Chiradzulu-DHO","June",2017,8109.60889929742
"845","Chitipa-DHO","June",2017,2612.47306791569
"846","Dedza-DHO","June",2017,20660.2107728337
"847","Dowa-DHO","June",2017,26679.4004683841
"848","Karonga-DHO","June",2017,12280.3864168618
"849","Kasungu-DHO","June",2017,22556.168618267
"850","Likoma-DHO","June",2017,805.911007025761
"851","Lilongwe-DHO","June",2017,73983.5433255269
"852","Machinga-DHO","June",2017,15432.8220140515
"853","Mangochi-DHO","June",2017,32949.6768149883
"854","Mchinji-DHO","June",2017,19203.9367681499
"855","Mulanje-DHO","June",2017,23455.4637002342
"856","Mwanza-DHO","June",2017,6583.52224824356
"857","Mzimba-North-DHO","June",2017,14782.8805620609
"858","Mzimba-South-DHO","June",2017,14065.6018735363
"859","Neno-DHO","June",2017,9709.83138173302
"860","Nkhata-Bay-DHO","June",2017,18452.2669789227
"861","Nkhotakota-DHO","June",2017,25345.6932084309
"862","Nsanje-DHO","June",2017,2349.10772833724
"863","Ntcheu-DHO","June",2017,28118.5526932084
"864","Ntchisi-DHO","June",2017,15470.6791569087
"865","Phalombe-DHO","June",2017,11515.1053864169
"866","Rumphi-DHO","June",2017,4311.13114754098
"867","Salima-DHO","June",2017,19969.1428571429
"868","Thyolo-DHO","June",2017,2874.3606557377
"869","Zomba-DHO","June",2017,23151.8711943794
"870","Balaka-DHO","July",2017,6652.69789227166
"871","Blantyre-DHO","July",2017,18373.9742388759
"872","Chikwawa-DHO","July",2017,13990.4004683841
"873","Chiradzulu-DHO","July",2017,4213.73067915691
"874","Chitipa-DHO","July",2017,5629.96721311475
"875","Dedza-DHO","July",2017,14091.3864168618
"876","Dowa-DHO","July",2017,16147.1288056206
"877","Karonga-DHO","July",2017,14536.9906323185
"878","Kasungu-DHO","July",2017,23309.4285714286
"879","Likoma-DHO","July",2017,347.03981264637
"880","Lilongwe-DHO","July",2017,44104.2669789227
"881","Machinga-DHO","July",2017,20895.7962529274
"882","Mangochi-DHO","July",2017,31164.9344262295
"883","Mchinji-DHO","July",2017,18634.8173302108
"884","Mulanje-DHO","July",2017,16398.3653395785
"885","Mwanza-DHO","July",2017,6234.61592505855
"886","Mzimba-North-DHO","July",2017,6872.51053864169
"887","Mzimba-South-DHO","July",2017,11756.9297423888
"888","Neno-DHO","July",2017,6972.13817330211
"889","Nkhata-Bay-DHO","July",2017,20200.8641686183
"890","Nkhotakota-DHO","July",2017,29861.6908665105
"891","Nsanje-DHO","July",2017,2534.36299765808
"892","Ntcheu-DHO","July",2017,14673.2529274005
"893","Ntchisi-DHO","July",2017,11482.1826697892
"894","Phalombe-DHO","July",2017,5058.40515222482
"895","Rumphi-DHO","July",2017,5366.90163934426
"896","Salima-DHO","July",2017,28545.8571428571
"897","Thyolo-DHO","July",2017,6776.61358313817
"898","Zomba-DHO","July",2017,16920.7283372365
"899","Balaka-DHO","August",2017,5749.54566744731
"900","Blantyre-DHO","August",2017,12823.1592505855
"901","Chikwawa-DHO","August",2017,11623.8899297424
"902","Chiradzulu-DHO","August",2017,4464.31850117096
"903","Chitipa-DHO","August",2017,3775.82669789227
"904","Dedza-DHO","August",2017,9900.91334894613
"905","Dowa-DHO","August",2017,11236.8992974239
"906","Karonga-DHO","August",2017,12083.0398126464
"907","Kasungu-DHO","August",2017,15657.1381733021
"908","Likoma-DHO","August",2017,542.932084309134
"909","Lilongwe-DHO","August",2017,26561.7611241218
"910","Machinga-DHO","August",2017,20999.3887587822
"911","Mangochi-DHO","August",2017,23537.5245901639
"912","Mchinji-DHO","August",2017,10069.4824355972
"913","Mulanje-DHO","August",2017,20365.7962529274
"914","Mwanza-DHO","August",2017,5598.72131147541
"915","Mzimba-North-DHO","August",2017,3647.43793911007
"916","Mzimba-South-DHO","August",2017,6902.53395784543
"917","Neno-DHO","August",2017,4897.72365339578
"918","Nkhata-Bay-DHO","August",2017,18720.6416861827
"919","Nkhotakota-DHO","August",2017,28400.1288056206
"920","Nsanje-DHO","August",2017,3164.91100702576
"921","Ntcheu-DHO","August",2017,14528.2365339578
"922","Ntchisi-DHO","August",2017,9114.70960187354
"923","Phalombe-DHO","August",2017,4632.55971896955
"924","Rumphi-DHO","August",2017,3027.04215456675
"925","Salima-DHO","August",2017,20498.5854800937
"926","Thyolo-DHO","August",2017,6032.6299765808
"927","Zomba-DHO","August",2017,12103.5667447307
"928","Balaka-DHO","September",2017,7226.93911007026
"929","Blantyre-DHO","September",2017,12017.0281030445
"930","Chikwawa-DHO","September",2017,10149.3325526932
"931","Chiradzulu-DHO","September",2017,1581.42388758782
"932","Chitipa-DHO","September",2017,1757.80796252927
"933","Dedza-DHO","September",2017,9260.43793911007
"934","Dowa-DHO","September",2017,10324.6580796253
"935","Karonga-DHO","September",2017,12114.037470726
"936","Kasungu-DHO","September",2017,12133.131147541
"937","Likoma-DHO","September",2017,481.503512880562
"938","Lilongwe-DHO","September",2017,31156.0093676815
"939","Machinga-DHO","September",2017,11047.5152224824
"940","Mangochi-DHO","September",2017,19693.793911007
"941","Mchinji-DHO","September",2017,12567.8360655738
"942","Mulanje-DHO","September",2017,12350.9461358314
"943","Mwanza-DHO","September",2017,4805.98360655738
"944","Mzimba-North-DHO","September",2017,4049.70257611241
"945","Mzimba-South-DHO","September",2017,5388.85714285714
"946","Neno-DHO","September",2017,5898.60421545667
"947","Nkhata-Bay-DHO","September",2017,18465.6580796253
"948","Nkhotakota-DHO","September",2017,30641.5128805621
"949","Nsanje-DHO","September",2017,3818.94847775176
"950","Ntcheu-DHO","September",2017,12569.9695550351
"951","Ntchisi-DHO","September",2017,10461.1030444965
"952","Phalombe-DHO","September",2017,3033.12880562061
"953","Rumphi-DHO","September",2017,3055.03278688525
"954","Salima-DHO","September",2017,20369.4964871194
"955","Thyolo-DHO","September",2017,6501.28571428571
"956","Zomba-DHO","September",2017,13187.1733021077
"957","Balaka-DHO","October",2017,4610.12412177986
"958","Blantyre-DHO","October",2017,14214.6323185012
"959","Chikwawa-DHO","October",2017,6792.24355971897
"960","Chiradzulu-DHO","October",2017,1733.70023419204
"961","Chitipa-DHO","October",2017,1757.29508196721
"962","Dedza-DHO","October",2017,15018.3653395785
"963","Dowa-DHO","October",2017,11911.81264637
"964","Karonga-DHO","October",2017,12059.1943793911
"965","Kasungu-DHO","October",2017,12265.8618266979
"966","Likoma-DHO","October",2017,447.255269320843
"967","Lilongwe-DHO","October",2017,39131.9110070258
"968","Machinga-DHO","October",2017,12297.1170960187
"969","Mangochi-DHO","October",2017,20038.3278688525
"970","Mchinji-DHO","October",2017,11030.1943793911
"971","Mulanje-DHO","October",2017,19901.718969555
"972","Mwanza-DHO","October",2017,4125.54332552693
"973","Mzimba-North-DHO","October",2017,3545.71662763466
"974","Mzimba-South-DHO","October",2017,4481.39344262295
"975","Neno-DHO","October",2017,6627.45199063232
"976","Nkhata-Bay-DHO","October",2017,23566.4028103044
"977","Nkhotakota-DHO","October",2017,29348.3091334895
"978","Nsanje-DHO","October",2017,1934.7962529274
"979","Ntcheu-DHO","October",2017,13560.0819672131
"980","Ntchisi-DHO","October",2017,15454.9906323185
"981","Phalombe-DHO","October",2017,3825.08430913349
"982","Rumphi-DHO","October",2017,3445.60421545667
"983","Salima-DHO","October",2017,22343.4262295082
"984","Thyolo-DHO","October",2017,8257.48477751756
"985","Zomba-DHO","October",2017,17342.7166276347
"986","Balaka-DHO","November",2017,4142.11007025761
"987","Blantyre-DHO","November",2017,11434.5035128806
"988","Chikwawa-DHO","November",2017,4172.33021077283
"989","Chiradzulu-DHO","November",2017,2234.11709601874
"990","Chitipa-DHO","November",2017,2753.46370023419
"991","Dedza-DHO","November",2017,12365.1405152225
"992","Dowa-DHO","November",2017,9779.94613583138
"993","Karonga-DHO","November",2017,7987.7587822014
"994","Kasungu-DHO","November",2017,11998.3536299766
"995","Likoma-DHO","November",2017,350.381733021077
"996","Lilongwe-DHO","November",2017,39891.7728337236
"997","Machinga-DHO","November",2017,4416.70023419204
"998","Mangochi-DHO","November",2017,16032.3911007026
"999","Mchinji-DHO","November",2017,1408.68852459016
"1000","Mulanje-DHO","November",2017,21992.7915690867
"1001","Mwanza-DHO","November",2017,3423.962529274
"1002","Mzimba-North-DHO","November",2017,4064.58782201405
"1003","Mzimba-South-DHO","November",2017,4700.32084309133
"1004","Neno-DHO","November",2017,4540.85714285714
"1005","Nkhata-Bay-DHO","November",2017,20836.831381733
"1006","Nkhotakota-DHO","November",2017,20866.4192037471
"1007","Nsanje-DHO","November",2017,531.995316159251
"1008","Ntcheu-DHO","November",2017,10165.6463700234
"1009","Ntchisi-DHO","November",2017,15433.887587822
"1010","Phalombe-DHO","November",2017,4808.13817330211
"1011","Rumphi-DHO","November",2017,4431.86885245902
"1012","Salima-DHO","November",2017,12808.7892271663
"1013","Thyolo-DHO","November",2017,6482.30913348946
"1014","Zomba-DHO","November",2017,12493.1334894614
"1015","Balaka-DHO","December",2017,11917.7634660422
"1016","Blantyre-DHO","December",2017,24589.4894613583
"1017","Chikwawa-DHO","December",2017,4153.59016393443
"1018","Chiradzulu-DHO","December",2017,2654.3981264637
"1019","Chitipa-DHO","December",2017,6835.72131147541
"1020","Dedza-DHO","December",2017,14932.5784543326
"1021","Dowa-DHO","December",2017,2190.5925058548
"1022","Karonga-DHO","December",2017,4973.5644028103
"1023","Kasungu-DHO","December",2017,12118.7704918033
"1024","Likoma-DHO","December",2017,337.894613583138
"1025","Lilongwe-DHO","December",2017,48606.4730679157
"1026","Machinga-DHO","December",2017,7628.24590163934
"1027","Mangochi-DHO","December",2017,20957.1100702576
"1028","Mchinji-DHO","December",2017,2288.95081967213
"1029","Mulanje-DHO","December",2017,32084.4309133489
"1030","Mwanza-DHO","December",2017,4247.54800936768
"1031","Mzimba-North-DHO","December",2017,7281.42154566745
"1032","Mzimba-South-DHO","December",2017,4671.7587822014
"1033","Neno-DHO","December",2017,10219.7259953162
"1034","Nkhata-Bay-DHO","December",2017,23312.2880562061
"1035","Nkhotakota-DHO","December",2017,22296.6533957845
"1036","Nsanje-DHO","December",2017,883.309133489461
"1037","Ntcheu-DHO","December",2017,15858.7587822014
"1038","Ntchisi-DHO","December",2017,15796.737704918
"1039","Phalombe-DHO","December",2017,5271.2224824356
"1040","Rumphi-DHO","December",2017,7823.10304449649
"1041","Salima-DHO","December",2017,9676.29274004684
"1042","Thyolo-DHO","December",2017,12661.6697892272
"1043","Zomba-DHO","December",2017,20480.1451990632
"1044","Balaka-DHO","January",2018,30946
"1045","Blantyre-DHO","January",2018,42550
"1046","Chikwawa-DHO","January",2018,22716
"1047","Chiradzulu-DHO","January",2018,6476
"1048","Chitipa-DHO","January",2018,9264
"1049","Dedza-DHO","January",2018,31785
"1050","Dowa-DHO","January",2018,46097
"1051","Karonga-DHO","January",2018,21850
"1052","Kasungu-DHO","January",2018,49345
"1053","Likoma-DHO","January",2018,660
"1054","Lilongwe-DHO","January",2018,89025
"1055","Machinga-DHO","January",2018,31155
"1056","Mangochi-DHO","January",2018,47566
"1057","Mchinji-DHO","January",2018,39075
"1058","Mulanje-DHO","January",2018,45136
"1059","Mwanza-DHO","January",2018,11781
"1060","Mzimba-North-DHO","January",2018,22116
"1061","Mzimba-South-DHO","January",2018,18253
"1062","Neno-DHO","January",2018,22725
"1063","Nkhata-Bay-DHO","January",2018,32466
"1064","Nkhotakota-DHO","January",2018,41686
"1065","Nsanje-DHO","January",2018,10849
"1066","Ntcheu-DHO","January",2018,31744
"1067","Ntchisi-DHO","January",2018,31407
"1068","Phalombe-DHO","January",2018,9742
"1069","Rumphi-DHO","January",2018,14775
"1070","Salima-DHO","January",2018,34806
"1071","Thyolo-DHO","January",2018,22804
"1072","Zomba-DHO","January",2018,35484
"1073","Balaka-DHO","February",2018,27090
"1074","Blantyre-DHO","February",2018,38823
"1075","Chikwawa-DHO","February",2018,14212
"1076","Chiradzulu-DHO","February",2018,5328
"1077","Chitipa-DHO","February",2018,6186
"1078","Dedza-DHO","February",2018,28144
"1079","Dowa-DHO","February",2018,39370
"1080","Karonga-DHO","February",2018,19317
"1081","Kasungu-DHO","February",2018,51977
"1082","Likoma-DHO","February",2018,596
"1083","Lilongwe-DHO","February",2018,97999
"1084","Machinga-DHO","February",2018,27411
"1085","Mangochi-DHO","February",2018,40599
"1086","Mchinji-DHO","February",2018,52668
"1087","Mulanje-DHO","February",2018,37401
"1088","Mwanza-DHO","February",2018,7145
"1089","Mzimba-North-DHO","February",2018,22971
"1090","Mzimba-South-DHO","February",2018,18538
"1091","Neno-DHO","February",2018,13299
"1092","Nkhata-Bay-DHO","February",2018,27766
"1093","Nkhotakota-DHO","February",2018,31040
"1094","Nsanje-DHO","February",2018,7926
"1095","Ntcheu-DHO","February",2018,23899
"1096","Ntchisi-DHO","February",2018,26095
"1097","Phalombe-DHO","February",2018,8415
"1098","Rumphi-DHO","February",2018,12646
"1099","Salima-DHO","February",2018,28186
"1100","Thyolo-DHO","February",2018,15458
"1101","Zomba-DHO","February",2018,33783
"1102","Balaka-DHO","March",2018,30119
"1103","Blantyre-DHO","March",2018,44298
"1104","Chikwawa-DHO","March",2018,18556
"1105","Chiradzulu-DHO","March",2018,7932
"1106","Chitipa-DHO","March",2018,7841
"1107","Dedza-DHO","March",2018,35391
"1108","Dowa-DHO","March",2018,47249
"1109","Karonga-DHO","March",2018,13052
"1110","Kasungu-DHO","March",2018,59371
"1111","Likoma-DHO","March",2018,1057
"1112","Lilongwe-DHO","March",2018,132102
"1113","Machinga-DHO","March",2018,34356
"1114","Mangochi-DHO","March",2018,49832
"1115","Mchinji-DHO","March",2018,58409
"1116","Mulanje-DHO","March",2018,36723
"1117","Mwanza-DHO","March",2018,9645
"1118","Mzimba-North-DHO","March",2018,33577
"1119","Mzimba-South-DHO","March",2018,24641
"1120","Neno-DHO","March",2018,17471
"1121","Nkhata-Bay-DHO","March",2018,29516
"1122","Nkhotakota-DHO","March",2018,31868
"1123","Nsanje-DHO","March",2018,7433
"1124","Ntcheu-DHO","March",2018,33902
"1125","Ntchisi-DHO","March",2018,36732
"1126","Phalombe-DHO","March",2018,9256
"1127","Rumphi-DHO","March",2018,15000
"1128","Salima-DHO","March",2018,36173
"1129","Thyolo-DHO","March",2018,16128
"1130","Zomba-DHO","March",2018,36480
"1131","Balaka-DHO","April",2018,35275
"1132","Blantyre-DHO","April",2018,41594
"1133","Chikwawa-DHO","April",2018,18009
"1134","Chiradzulu-DHO","April",2018,13555
"1135","Chitipa-DHO","April",2018,9516
"1136","Dedza-DHO","April",2018,32648
"1137","Dowa-DHO","April",2018,44521
"1138","Karonga-DHO","April",2018,17982
"1139","Kasungu-DHO","April",2018,60656
"1140","Likoma-DHO","April",2018,2102
"1141","Lilongwe-DHO","April",2018,132836
"1142","Machinga-DHO","April",2018,30791
"1143","Mangochi-DHO","April",2018,50217
"1144","Mchinji-DHO","April",2018,53574
"1145","Mulanje-DHO","April",2018,38527
"1146","Mwanza-DHO","April",2018,6761
"1147","Mzimba-North-DHO","April",2018,37578
"1148","Mzimba-South-DHO","April",2018,33026
"1149","Neno-DHO","April",2018,20818
"1150","Nkhata-Bay-DHO","April",2018,29879
"1151","Nkhotakota-DHO","April",2018,37785
"1152","Nsanje-DHO","April",2018,5505
"1153","Ntcheu-DHO","April",2018,37467
"1154","Ntchisi-DHO","April",2018,30453
"1155","Phalombe-DHO","April",2018,17795
"1156","Rumphi-DHO","April",2018,19291
"1157","Salima-DHO","April",2018,38346
"1158","Thyolo-DHO","April",2018,14882
"1159","Zomba-DHO","April",2018,48607
"1160","Balaka-DHO","May",2018,28909
"1161","Blantyre-DHO","May",2018,33883
"1162","Chikwawa-DHO","May",2018,21542
"1163","Chiradzulu-DHO","May",2018,11681
"1164","Chitipa-DHO","May",2018,6113
"1165","Dedza-DHO","May",2018,26061
"1166","Dowa-DHO","May",2018,53091
"1167","Karonga-DHO","May",2018,14868
"1168","Kasungu-DHO","May",2018,59994
"1169","Likoma-DHO","May",2018,1806
"1170","Lilongwe-DHO","May",2018,110957
"1171","Machinga-DHO","May",2018,28161
"1172","Mangochi-DHO","May",2018,51295
"1173","Mchinji-DHO","May",2018,45587
"1174","Mulanje-DHO","May",2018,37154
"1175","Mwanza-DHO","May",2018,2258
"1176","Mzimba-North-DHO","May",2018,32345
"1177","Mzimba-South-DHO","May",2018,31757
"1178","Neno-DHO","May",2018,18019
"1179","Nkhata-Bay-DHO","May",2018,28072
"1180","Nkhotakota-DHO","May",2018,35385
"1181","Nsanje-DHO","May",2018,7325
"1182","Ntcheu-DHO","May",2018,30190
"1183","Ntchisi-DHO","May",2018,24689
"1184","Phalombe-DHO","May",2018,14334
"1185","Rumphi-DHO","May",2018,18622
"1186","Salima-DHO","May",2018,39178
"1187","Thyolo-DHO","May",2018,13906
"1188","Zomba-DHO","May",2018,42740
"1189","Balaka-DHO","June",2018,12440
"1190","Blantyre-DHO","June",2018,24297
"1191","Chikwawa-DHO","June",2018,12989
"1192","Chiradzulu-DHO","June",2018,5399
"1193","Chitipa-DHO","June",2018,5550
"1194","Dedza-DHO","June",2018,16397
"1195","Dowa-DHO","June",2018,22273
"1196","Karonga-DHO","June",2018,13428
"1197","Kasungu-DHO","June",2018,35228
"1198","Likoma-DHO","June",2018,1233
"1199","Lilongwe-DHO","June",2018,40331
"1200","Machinga-DHO","June",2018,6579
"1201","Mangochi-DHO","June",2018,19498
"1202","Mchinji-DHO","June",2018,37303
"1203","Mulanje-DHO","June",2018,18676
"1204","Mwanza-DHO","June",2018,9974
"1205","Mzimba-North-DHO","June",2018,21995
"1206","Mzimba-South-DHO","June",2018,15778
"1207","Neno-DHO","June",2018,6754
"1208","Nkhata-Bay-DHO","June",2018,23021
"1209","Nkhotakota-DHO","June",2018,18217
"1210","Nsanje-DHO","June",2018,5687
"1211","Ntcheu-DHO","June",2018,24021
"1212","Ntchisi-DHO","June",2018,16444
"1213","Phalombe-DHO","June",2018,8682
"1214","Rumphi-DHO","June",2018,6492
"1215","Salima-DHO","June",2018,17005
"1216","Thyolo-DHO","June",2018,8472
"1217","Zomba-DHO","June",2018,22921
"1218","Balaka-DHO","July",2018,9168
"1219","Blantyre-DHO","July",2018,16245
"1220","Chikwawa-DHO","July",2018,11590
"1221","Chiradzulu-DHO","July",2018,2590
"1222","Chitipa-DHO","July",2018,4600
"1223","Dedza-DHO","July",2018,11608
"1224","Dowa-DHO","July",2018,20041
"1225","Karonga-DHO","July",2018,14073
"1226","Kasungu-DHO","July",2018,19616
"1227","Likoma-DHO","July",2018,585
"1228","Lilongwe-DHO","July",2018,43376
"1229","Machinga-DHO","July",2018,15836
"1230","Mangochi-DHO","July",2018,28440
"1231","Mchinji-DHO","July",2018,18275
"1232","Mulanje-DHO","July",2018,15896
"1233","Mwanza-DHO","July",2018,5671
"1234","Mzimba-North-DHO","July",2018,11212
"1235","Mzimba-South-DHO","July",2018,13768
"1236","Neno-DHO","July",2018,7223
"1237","Nkhata-Bay-DHO","July",2018,21826
"1238","Nkhotakota-DHO","July",2018,30532
"1239","Nsanje-DHO","July",2018,6513
"1240","Ntcheu-DHO","July",2018,15116
"1241","Ntchisi-DHO","July",2018,10351
"1242","Phalombe-DHO","July",2018,8252
"1243","Rumphi-DHO","July",2018,6796
"1244","Salima-DHO","July",2018,21029
"1245","Thyolo-DHO","July",2018,5783
"1246","Zomba-DHO","July",2018,16234
"1247","Balaka-DHO","August",2018,7463
"1248","Blantyre-DHO","August",2018,15440
"1249","Chikwawa-DHO","August",2018,10983
"1250","Chiradzulu-DHO","August",2018,1678
"1251","Chitipa-DHO","August",2018,4362
"1252","Dedza-DHO","August",2018,9806
"1253","Dowa-DHO","August",2018,10909
"1254","Karonga-DHO","August",2018,17546
"1255","Kasungu-DHO","August",2018,13886
"1256","Likoma-DHO","August",2018,514
"1257","Lilongwe-DHO","August",2018,28381
"1258","Machinga-DHO","August",2018,15264
"1259","Mangochi-DHO","August",2018,22091
"1260","Mchinji-DHO","August",2018,11238
"1261","Mulanje-DHO","August",2018,13935
"1262","Mwanza-DHO","August",2018,4100
"1263","Mzimba-North-DHO","August",2018,6048
"1264","Mzimba-South-DHO","August",2018,7551
"1265","Neno-DHO","August",2018,5364
"1266","Nkhata-Bay-DHO","August",2018,21065
"1267","Nkhotakota-DHO","August",2018,29247
"1268","Nsanje-DHO","August",2018,6020
"1269","Ntcheu-DHO","August",2018,10301
"1270","Ntchisi-DHO","August",2018,7820
"1271","Phalombe-DHO","August",2018,5940
"1272","Rumphi-DHO","August",2018,3871
"1273","Salima-DHO","August",2018,20505
"1274","Thyolo-DHO","August",2018,5121
"1275","Zomba-DHO","August",2018,14004
"1276","Balaka-DHO","September",2018,8742
"1277","Blantyre-DHO","September",2018,12016
"1278","Chikwawa-DHO","September",2018,10715
"1279","Chiradzulu-DHO","September",2018,2264
"1280","Chitipa-DHO","September",2018,4269
"1281","Dedza-DHO","September",2018,11898
"1282","Dowa-DHO","September",2018,12184
"1283","Karonga-DHO","September",2018,15120
"1284","Kasungu-DHO","September",2018,13753
"1285","Likoma-DHO","September",2018,717
"1286","Lilongwe-DHO","September",2018,27594
"1287","Machinga-DHO","September",2018,15110
"1288","Mangochi-DHO","September",2018,29005
"1289","Mchinji-DHO","September",2018,15014
"1290","Mulanje-DHO","September",2018,14443
"1291","Mwanza-DHO","September",2018,5471
"1292","Mzimba-North-DHO","September",2018,5376
"1293","Mzimba-South-DHO","September",2018,6537
"1294","Neno-DHO","September",2018,7683
"1295","Nkhata-Bay-DHO","September",2018,22397
"1296","Nkhotakota-DHO","September",2018,31440
"1297","Nsanje-DHO","September",2018,6653
"1298","Ntcheu-DHO","September",2018,8529
"1299","Ntchisi-DHO","September",2018,9352
"1300","Phalombe-DHO","September",2018,5679
"1301","Rumphi-DHO","September",2018,2860
"1302","Salima-DHO","September",2018,23543
"1303","Thyolo-DHO","September",2018,5068
"1304","Zomba-DHO","September",2018,17162
"1305","Balaka-DHO","October",2018,7516
"1306","Blantyre-DHO","October",2018,9088
"1307","Chikwawa-DHO","October",2018,6498
"1308","Chiradzulu-DHO","October",2018,1987
"1309","Chitipa-DHO","October",2018,2999
"1310","Dedza-DHO","October",2018,15459
"1311","Dowa-DHO","October",2018,16871
"1312","Karonga-DHO","October",2018,13807
"1313","Kasungu-DHO","October",2018,16721
"1314","Likoma-DHO","October",2018,582
"1315","Lilongwe-DHO","October",2018,34609
"1316","Machinga-DHO","October",2018,12107
"1317","Mangochi-DHO","October",2018,23652
"1318","Mchinji-DHO","October",2018,22850
"1319","Mulanje-DHO","October",2018,17774
"1320","Mwanza-DHO","October",2018,5104
"1321","Mzimba-North-DHO","October",2018,5550
"1322","Mzimba-South-DHO","October",2018,7812
"1323","Neno-DHO","October",2018,6986
"1324","Nkhata-Bay-DHO","October",2018,26305
"1325","Nkhotakota-DHO","October",2018,33774
"1326","Nsanje-DHO","October",2018,5662
"1327","Ntcheu-DHO","October",2018,11817
"1328","Ntchisi-DHO","October",2018,13593
"1329","Phalombe-DHO","October",2018,5267
"1330","Rumphi-DHO","October",2018,3355
"1331","Salima-DHO","October",2018,23760
"1332","Thyolo-DHO","October",2018,5121
"1333","Zomba-DHO","October",2018,17991
"1334","Balaka-DHO","November",2018,5746
"1335","Blantyre-DHO","November",2018,9406
"1336","Chikwawa-DHO","November",2018,4056
"1337","Chiradzulu-DHO","November",2018,1207
"1338","Chitipa-DHO","November",2018,2719
"1339","Dedza-DHO","November",2018,13700
"1340","Dowa-DHO","November",2018,11968
"1341","Karonga-DHO","November",2018,9969
"1342","Kasungu-DHO","November",2018,13037
"1343","Likoma-DHO","November",2018,544
"1344","Lilongwe-DHO","November",2018,35038
"1345","Machinga-DHO","November",2018,9333
"1346","Mangochi-DHO","November",2018,16687
"1347","Mchinji-DHO","November",2018,14628
"1348","Mulanje-DHO","November",2018,18945
"1349","Mwanza-DHO","November",2018,3598
"1350","Mzimba-North-DHO","November",2018,5616
"1351","Mzimba-South-DHO","November",2018,6603
"1352","Neno-DHO","November",2018,4540
"1353","Nkhata-Bay-DHO","November",2018,28238
"1354","Nkhotakota-DHO","November",2018,17813
"1355","Nsanje-DHO","November",2018,3626
"1356","Ntcheu-DHO","November",2018,8910
"1357","Ntchisi-DHO","November",2018,11386
"1358","Phalombe-DHO","November",2018,4009
"1359","Rumphi-DHO","November",2018,3525
"1360","Salima-DHO","November",2018,13852
"1361","Thyolo-DHO","November",2018,4638
"1362","Zomba-DHO","November",2018,13941
"1363","Balaka-DHO","December",2018,8274
"1364","Blantyre-DHO","December",2018,10892
"1365","Chikwawa-DHO","December",2018,4965
"1366","Chiradzulu-DHO","December",2018,1559
"1367","Chitipa-DHO","December",2018,6350
"1368","Dedza-DHO","December",2018,14831
"1369","Dowa-DHO","December",2018,15262
"1370","Karonga-DHO","December",2018,7252
"1371","Kasungu-DHO","December",2018,12653
"1372","Likoma-DHO","December",2018,416
"1373","Lilongwe-DHO","December",2018,31131
"1374","Machinga-DHO","December",2018,8321
"1375","Mangochi-DHO","December",2018,16887
"1376","Mchinji-DHO","December",2018,13578
"1377","Mulanje-DHO","December",2018,22007
"1378","Mwanza-DHO","December",2018,4446
"1379","Mzimba-North-DHO","December",2018,9107
"1380","Mzimba-South-DHO","December",2018,6570
"1381","Neno-DHO","December",2018,5368
"1382","Nkhata-Bay-DHO","December",2018,26328
"1383","Nkhotakota-DHO","December",2018,9314
"1384","Nsanje-DHO","December",2018,3749
"1385","Ntcheu-DHO","December",2018,13697
"1386","Ntchisi-DHO","December",2018,9938
"1387","Phalombe-DHO","December",2018,3666
"1388","Rumphi-DHO","December",2018,5766
"1389","Salima-DHO","December",2018,10507
"1390","Thyolo-DHO","December",2018,8647
"1391","Zomba-DHO","December",2018,14591
"1392","Balaka-DHO","January",2019,45008
"1393","Blantyre-DHO","January",2019,21258
"1394","Chikwawa-DHO","January",2019,13915
"1395","Chiradzulu-DHO","January",2019,5251
"1396","Chitipa-DHO","January",2019,7427
"1397","Dedza-DHO","January",2019,37944
"1398","Dowa-DHO","January",2019,25896
"1399","Karonga-DHO","January",2019,2078
"1400","Kasungu-DHO","January",2019,38747
"1401","Likoma-DHO","January",2019,704
"1402","Lilongwe-DHO","January",2019,28691
"1403","Machinga-DHO","January",2019,10709
"1404","Mangochi-DHO","January",2019,51066
"1405","Mchinji-DHO","January",2019,23364
"1406","Mulanje-DHO","January",2019,24110
"1407","Mwanza-DHO","January",2019,6922
"1408","Mzimba-North-DHO","January",2019,19237
"1409","Mzimba-South-DHO","January",2019,8865
"1410","Neno-DHO","January",2019,8316
"1411","Nkhata-Bay-DHO","January",2019,33756
"1412","Nkhotakota-DHO","January",2019,13356
"1413","Nsanje-DHO","January",2019,1752
"1414","Ntcheu-DHO","January",2019,14168
"1415","Ntchisi-DHO","January",2019,12528
"1416","Phalombe-DHO","January",2019,4678
"1417","Rumphi-DHO","January",2019,8195
"1418","Salima-DHO","January",2019,18846
"1419","Thyolo-DHO","January",2019,12951
"1420","Zomba-DHO","January",2019,40436
"1421","Balaka-DHO","February",2019,24703
"1422","Blantyre-DHO","February",2019,17952
"1423","Chikwawa-DHO","February",2019,26268
"1424","Chiradzulu-DHO","February",2019,6304
"1425","Chitipa-DHO","February",2019,5098
"1426","Dedza-DHO","February",2019,32096
"1427","Dowa-DHO","February",2019,22657
"1428","Karonga-DHO","February",2019,5908
"1429","Kasungu-DHO","February",2019,41494
"1430","Likoma-DHO","February",2019,586
"1431","Lilongwe-DHO","February",2019,81500
"1432","Machinga-DHO","February",2019,9513
"1433","Mangochi-DHO","February",2019,46412
"1434","Mchinji-DHO","February",2019,28414
"1435","Mulanje-DHO","February",2019,29833
"1436","Mwanza-DHO","February",2019,4572
"1437","Mzimba-North-DHO","February",2019,18892
"1438","Mzimba-South-DHO","February",2019,14943
"1439","Neno-DHO","February",2019,9543
"1440","Nkhata-Bay-DHO","February",2019,26129
"1441","Nkhotakota-DHO","February",2019,11477
"1442","Nsanje-DHO","February",2019,7059
"1443","Ntcheu-DHO","February",2019,21632
"1444","Ntchisi-DHO","February",2019,5524
"1445","Phalombe-DHO","February",2019,5224
"1446","Rumphi-DHO","February",2019,4805
"1447","Salima-DHO","February",2019,15053
"1448","Thyolo-DHO","February",2019,10202
"1449","Zomba-DHO","February",2019,27235
"1450","Balaka-DHO","March",2019,27890
"1451","Blantyre-DHO","March",2019,39529
"1452","Chikwawa-DHO","March",2019,26318
"1453","Chiradzulu-DHO","March",2019,9555
"1454","Chitipa-DHO","March",2019,4470
"1455","Dedza-DHO","March",2019,33009
"1456","Dowa-DHO","March",2019,28700
"1457","Karonga-DHO","March",2019,4982
"1458","Kasungu-DHO","March",2019,55052
"1459","Likoma-DHO","March",2019,388
"1460","Lilongwe-DHO","March",2019,71936
"1461","Machinga-DHO","March",2019,10495
"1462","Mangochi-DHO","March",2019,42647
"1463","Mchinji-DHO","March",2019,24020
"1464","Mulanje-DHO","March",2019,23280
"1465","Mwanza-DHO","March",2019,4051
"1466","Mzimba-North-DHO","March",2019,29616
"1467","Mzimba-South-DHO","March",2019,25439
"1468","Neno-DHO","March",2019,10759
"1469","Nkhata-Bay-DHO","March",2019,25332
"1470","Nkhotakota-DHO","March",2019,12994
"1471","Nsanje-DHO","March",2019,5845
"1472","Ntcheu-DHO","March",2019,37852
"1473","Ntchisi-DHO","March",2019,4335
"1474","Phalombe-DHO","March",2019,7637
"1475","Rumphi-DHO","March",2019,4126
"1476","Salima-DHO","March",2019,13114
"1477","Thyolo-DHO","March",2019,9592
"1478","Zomba-DHO","March",2019,32755
"1479","Balaka-DHO","April",2019,27714
"1480","Blantyre-DHO","April",2019,35322
"1481","Chikwawa-DHO","April",2019,29461
"1482","Chiradzulu-DHO","April",2019,10193
"1483","Chitipa-DHO","April",2019,5746
"1484","Dedza-DHO","April",2019,26042
"1485","Dowa-DHO","April",2019,31863
"1486","Karonga-DHO","April",2019,4022
"1487","Kasungu-DHO","April",2019,59617
"1488","Likoma-DHO","April",2019,501
"1489","Lilongwe-DHO","April",2019,70565
"1490","Machinga-DHO","April",2019,11355
"1491","Mangochi-DHO","April",2019,42584
"1492","Mchinji-DHO","April",2019,23619
"1493","Mulanje-DHO","April",2019,24570
"1494","Mwanza-DHO","April",2019,2774
"1495","Mzimba-North-DHO","April",2019,33337
"1496","Mzimba-South-DHO","April",2019,28330
"1497","Neno-DHO","April",2019,9723
"1498","Nkhata-Bay-DHO","April",2019,23019
"1499","Nkhotakota-DHO","April",2019,14150
"1500","Nsanje-DHO","April",2019,6483
"1501","Ntcheu-DHO","April",2019,26016
"1502","Ntchisi-DHO","April",2019,4656
"1503","Phalombe-DHO","April",2019,7185
"1504","Rumphi-DHO","April",2019,4612
"1505","Salima-DHO","April",2019,11580
"1506","Thyolo-DHO","April",2019,7896
"1507","Zomba-DHO","April",2019,35070
"1508","Balaka-DHO","May",2019,28894
"1509","Blantyre-DHO","May",2019,34002
"1510","Chikwawa-DHO","May",2019,38302
"1511","Chiradzulu-DHO","May",2019,14566
"1512","Chitipa-DHO","May",2019,7825
"1513","Dedza-DHO","May",2019,21970
"1514","Dowa-DHO","May",2019,31303
"1515","Karonga-DHO","May",2019,3793
"1516","Kasungu-DHO","May",2019,54123
"1517","Likoma-DHO","May",2019,556
"1518","Lilongwe-DHO","May",2019,58632
"1519","Machinga-DHO","May",2019,12993
"1520","Mangochi-DHO","May",2019,44791
"1521","Mchinji-DHO","May",2019,25657
"1522","Mulanje-DHO","May",2019,36676
"1523","Mwanza-DHO","May",2019,2962
"1524","Mzimba-North-DHO","May",2019,28395
"1525","Mzimba-South-DHO","May",2019,27349
"1526","Neno-DHO","May",2019,4239
"1527","Nkhata-Bay-DHO","May",2019,22399
"1528","Nkhotakota-DHO","May",2019,14173
"1529","Nsanje-DHO","May",2019,9718
"1530","Ntcheu-DHO","May",2019,39827
"1531","Ntchisi-DHO","May",2019,3995
"1532","Phalombe-DHO","May",2019,11426
"1533","Rumphi-DHO","May",2019,5640
"1534","Salima-DHO","May",2019,9945
"1535","Thyolo-DHO","May",2019,10040
"1536","Zomba-DHO","May",2019,47956
"1537","Balaka-DHO","June",2019,15327
"1538","Blantyre-DHO","June",2019,21458
"1539","Chikwawa-DHO","June",2019,23590
"1540","Chiradzulu-DHO","June",2019,5137
"1541","Chitipa-DHO","June",2019,3539
"1542","Dedza-DHO","June",2019,12788
"1543","Dowa-DHO","June",2019,17981
"1544","Karonga-DHO","June",2019,3115
"1545","Kasungu-DHO","June",2019,32777
"1546","Likoma-DHO","June",2019,379
"1547","Lilongwe-DHO","June",2019,36994
"1548","Machinga-DHO","June",2019,6533
"1549","Mangochi-DHO","June",2019,29164
"1550","Mchinji-DHO","June",2019,16800
"1551","Mulanje-DHO","June",2019,19968
"1552","Mwanza-DHO","June",2019,1928
"1553","Mzimba-North-DHO","June",2019,14745
"1554","Mzimba-South-DHO","June",2019,15526
"1555","Neno-DHO","June",2019,4572
"1556","Nkhata-Bay-DHO","June",2019,20211
"1557","Nkhotakota-DHO","June",2019,16914
"1558","Nsanje-DHO","June",2019,7267
"1559","Ntcheu-DHO","June",2019,19385
"1560","Ntchisi-DHO","June",2019,2609
"1561","Phalombe-DHO","June",2019,5202
"1562","Rumphi-DHO","June",2019,1147
"1563","Salima-DHO","June",2019,7018
"1564","Thyolo-DHO","June",2019,5041
"1565","Zomba-DHO","June",2019,27466
"1566","Balaka-DHO","July",2019,12377
"1567","Blantyre-DHO","July",2019,16736
"1568","Chikwawa-DHO","July",2019,21117
"1569","Chiradzulu-DHO","July",2019,2016
"1570","Chitipa-DHO","July",2019,2453
"1571","Dedza-DHO","July",2019,8249
"1572","Dowa-DHO","July",2019,10860
"1573","Karonga-DHO","July",2019,2614
"1574","Kasungu-DHO","July",2019,20798
"1575","Likoma-DHO","July",2019,288
"1576","Lilongwe-DHO","July",2019,23918
"1577","Machinga-DHO","July",2019,7064
"1578","Mangochi-DHO","July",2019,26659
"1579","Mchinji-DHO","July",2019,10283
"1580","Mulanje-DHO","July",2019,12973
"1581","Mwanza-DHO","July",2019,2651
"1582","Mzimba-North-DHO","July",2019,7270
"1583","Mzimba-South-DHO","July",2019,13165
"1584","Neno-DHO","July",2019,3088
"1585","Nkhata-Bay-DHO","July",2019,18351
"1586","Nkhotakota-DHO","July",2019,17199
"1587","Nsanje-DHO","July",2019,6811
"1588","Ntcheu-DHO","July",2019,13770
"1589","Ntchisi-DHO","July",2019,1786
"1590","Phalombe-DHO","July",2019,3126
"1591","Rumphi-DHO","July",2019,1688
"1592","Salima-DHO","July",2019,5553
"1593","Thyolo-DHO","July",2019,4406
"1594","Zomba-DHO","July",2019,18756
"1595","Balaka-DHO","August",2019,10254
"1596","Blantyre-DHO","August",2019,20107
"1597","Chikwawa-DHO","August",2019,18294
"1598","Chiradzulu-DHO","August",2019,1008
"1599","Chitipa-DHO","August",2019,1449
"1600","Dedza-DHO","August",2019,6763
"1601","Dowa-DHO","August",2019,6716
"1602","Karonga-DHO","August",2019,3016
"1603","Kasungu-DHO","August",2019,13123
"1604","Likoma-DHO","August",2019,396
"1605","Lilongwe-DHO","August",2019,16625
"1606","Machinga-DHO","August",2019,7353
"1607","Mangochi-DHO","August",2019,27598
"1608","Mchinji-DHO","August",2019,9257
"1609","Mulanje-DHO","August",2019,10338
"1610","Mwanza-DHO","August",2019,2711
"1611","Mzimba-North-DHO","August",2019,3169
"1612","Mzimba-South-DHO","August",2019,7064
"1613","Neno-DHO","August",2019,3221
"1614","Nkhata-Bay-DHO","August",2019,19636
"1615","Nkhotakota-DHO","August",2019,20298
"1616","Nsanje-DHO","August",2019,7208
"1617","Ntcheu-DHO","August",2019,9053
"1618","Ntchisi-DHO","August",2019,1615
"1619","Phalombe-DHO","August",2019,2807
"1620","Rumphi-DHO","August",2019,1305
"1621","Salima-DHO","August",2019,6326
"1622","Thyolo-DHO","August",2019,4894
"1623","Zomba-DHO","August",2019,14346
"1624","Balaka-DHO","September",2019,9395
"1625","Blantyre-DHO","September",2019,18288
"1626","Chikwawa-DHO","September",2019,20543
"1627","Chiradzulu-DHO","September",2019,980
"1628","Chitipa-DHO","September",2019,1149
"1629","Dedza-DHO","September",2019,7555
"1630","Dowa-DHO","September",2019,6818
"1631","Karonga-DHO","September",2019,2742
"1632","Kasungu-DHO","September",2019,12999
"1633","Likoma-DHO","September",2019,490
"1634","Lilongwe-DHO","September",2019,16737
"1635","Machinga-DHO","September",2019,10190
"1636","Mangochi-DHO","September",2019,27138
"1637","Mchinji-DHO","September",2019,11886
"1638","Mulanje-DHO","September",2019,11707
"1639","Mwanza-DHO","September",2019,2997
"1640","Mzimba-North-DHO","September",2019,2785
"1641","Mzimba-South-DHO","September",2019,6317
"1642","Neno-DHO","September",2019,3545
"1643","Nkhata-Bay-DHO","September",2019,20432
"1644","Nkhotakota-DHO","September",2019,23231
"1645","Nsanje-DHO","September",2019,8433
"1646","Ntcheu-DHO","September",2019,9315
"1647","Ntchisi-DHO","September",2019,2532
"1648","Phalombe-DHO","September",2019,2632
"1649","Rumphi-DHO","September",2019,1176
"1650","Salima-DHO","September",2019,8045
"1651","Thyolo-DHO","September",2019,6009
"1652","Zomba-DHO","September",2019,15094
"1653","Balaka-DHO","October",2019,9699
"1654","Blantyre-DHO","October",2019,15752
"1655","Chikwawa-DHO","October",2019,16829
"1656","Chiradzulu-DHO","October",2019,998
"1657","Chitipa-DHO","October",2019,1190
"1658","Dedza-DHO","October",2019,11326
"1659","Dowa-DHO","October",2019,10188
"1660","Karonga-DHO","October",2019,2577
"1661","Kasungu-DHO","October",2019,18742
"1662","Likoma-DHO","October",2019,445
"1663","Lilongwe-DHO","October",2019,26737
"1664","Machinga-DHO","October",2019,12561
"1665","Mangochi-DHO","October",2019,32098
"1666","Mchinji-DHO","October",2019,17766
"1667","Mulanje-DHO","October",2019,15426
"1668","Mwanza-DHO","October",2019,3272
"1669","Mzimba-North-DHO","October",2019,3572
"1670","Mzimba-South-DHO","October",2019,7298
"1671","Neno-DHO","October",2019,3701
"1672","Nkhata-Bay-DHO","October",2019,23763
"1673","Nkhotakota-DHO","October",2019,26229
"1674","Nsanje-DHO","October",2019,8346
"1675","Ntcheu-DHO","October",2019,11559
"1676","Ntchisi-DHO","October",2019,5238
"1677","Phalombe-DHO","October",2019,2732
"1678","Rumphi-DHO","October",2019,1635
"1679","Salima-DHO","October",2019,9396
"1680","Thyolo-DHO","October",2019,7881
"1681","Zomba-DHO","October",2019,15576
"1682","Balaka-DHO","November",2019,7442
"1683","Blantyre-DHO","November",2019,17617
"1684","Chikwawa-DHO","November",2019,7193
"1685","Chiradzulu-DHO","November",2019,1111
"1686","Chitipa-DHO","November",2019,878
"1687","Dedza-DHO","November",2019,11212
"1688","Dowa-DHO","November",2019,10680
"1689","Karonga-DHO","November",2019,2040
"1690","Kasungu-DHO","November",2019,20102
"1691","Likoma-DHO","November",2019,318
"1692","Lilongwe-DHO","November",2019,32218
"1693","Machinga-DHO","November",2019,8987
"1694","Mangochi-DHO","November",2019,24294
"1695","Mchinji-DHO","November",2019,20439
"1696","Mulanje-DHO","November",2019,15629
"1697","Mwanza-DHO","November",2019,3061
"1698","Mzimba-North-DHO","November",2019,4091
"1699","Mzimba-South-DHO","November",2019,8414
"1700","Neno-DHO","November",2019,3060
"1701","Nkhata-Bay-DHO","November",2019,24578
"1702","Nkhotakota-DHO","November",2019,18461
"1703","Nsanje-DHO","November",2019,5872
"1704","Ntcheu-DHO","November",2019,10589
"1705","Ntchisi-DHO","November",2019,8242
"1706","Phalombe-DHO","November",2019,2943
"1707","Rumphi-DHO","November",2019,1931
"1708","Salima-DHO","November",2019,6603
"1709","Thyolo-DHO","November",2019,6694
"1710","Zomba-DHO","November",2019,14326
"1711","Balaka-DHO","December",2019,11730
"1712","Blantyre-DHO","December",2019,12120
"1713","Chikwawa-DHO","December",2019,6245
"1714","Chiradzulu-DHO","December",2019,1721
"1715","Chitipa-DHO","December",2019,1730
"1716","Dedza-DHO","December",2019,20070
"1717","Dowa-DHO","December",2019,24287
"1718","Karonga-DHO","December",2019,3009
"1719","Kasungu-DHO","December",2019,23410
"1720","Likoma-DHO","December",2019,249
"1721","Lilongwe-DHO","December",2019,33448
"1722","Machinga-DHO","December",2019,10139
"1723","Mangochi-DHO","December",2019,17730
"1724","Mchinji-DHO","December",2019,25587
"1725","Mulanje-DHO","December",2019,23548
"1726","Mwanza-DHO","December",2019,5168
"1727","Mzimba-North-DHO","December",2019,5843
"1728","Mzimba-South-DHO","December",2019,8323
"1729","Neno-DHO","December",2019,5971
"1730","Nkhata-Bay-DHO","December",2019,22725
"1731","Nkhotakota-DHO","December",2019,7256
"1732","Nsanje-DHO","December",2019,2296
"1733","Ntcheu-DHO","December",2019,22654
"1734","Ntchisi-DHO","December",2019,14527
"1735","Phalombe-DHO","December",2019,5766
"1736","Rumphi-DHO","December",2019,3886
"1737","Salima-DHO","December",2019,11777
"1738","Thyolo-DHO","December",2019,17771
"1739","Zomba-DHO","December",2019,23941
"1740","Balaka-DHO","January",2020,30160
"1741","Blantyre-DHO","January",2020,54320
"1742","Chikwawa-DHO","January",2020,19645
"1743","Chiradzulu-DHO","January",2020,7661
"1744","Chitipa-DHO","January",2020,3335
"1745","Dedza-DHO","January",2020,44612
"1746","Dowa-DHO","January",2020,55845
"1747","Karonga-DHO","January",2020,8756
"1748","Kasungu-DHO","January",2020,68612
"1749","Likoma-DHO","January",2020,760
"1750","Lilongwe-DHO","January",2020,134501
"1751","Machinga-DHO","January",2020,30094
"1752","Mangochi-DHO","January",2020,19382
"1753","Mchinji-DHO","January",2020,62314
"1754","Mulanje-DHO","January",2020,52549
"1755","Mwanza-DHO","January",2020,12958
"1756","Mzimba-North-DHO","January",2020,19427
"1757","Mzimba-South-DHO","January",2020,25052
"1758","Neno-DHO","January",2020,17151
"1759","Nkhata-Bay-DHO","January",2020,35136
"1760","Nkhotakota-DHO","January",2020,15290
"1761","Nsanje-DHO","January",2020,8075
"1762","Ntcheu-DHO","January",2020,36956
"1763","Ntchisi-DHO","January",2020,26671
"1764","Phalombe-DHO","January",2020,10515
"1765","Rumphi-DHO","January",2020,9311
"1766","Salima-DHO","January",2020,28417
"1767","Thyolo-DHO","January",2020,27951
"1768","Zomba-DHO","January",2020,48986
"1769","Balaka-DHO","February",2020,30313
"1770","Blantyre-DHO","February",2020,47260
"1771","Chikwawa-DHO","February",2020,28311
"1772","Chiradzulu-DHO","February",2020,6009
"1773","Chitipa-DHO","February",2020,4776
"1774","Dedza-DHO","February",2020,39207
"1775","Dowa-DHO","February",2020,37890
"1776","Karonga-DHO","February",2020,7699
"1777","Kasungu-DHO","February",2020,60495
"1778","Likoma-DHO","February",2020,659
"1779","Lilongwe-DHO","February",2020,108747
"1780","Machinga-DHO","February",2020,22396
"1781","Mangochi-DHO","February",2020,15399
"1782","Mchinji-DHO","February",2020,52337
"1783","Mulanje-DHO","February",2020,36170
"1784","Mwanza-DHO","February",2020,12395
"1785","Mzimba-North-DHO","February",2020,17753
"1786","Mzimba-South-DHO","February",2020,20400
"1787","Neno-DHO","February",2020,14156
"1788","Nkhata-Bay-DHO","February",2020,30918
"1789","Nkhotakota-DHO","February",2020,13127
"1790","Nsanje-DHO","February",2020,9686
"1791","Ntcheu-DHO","February",2020,30362
"1792","Ntchisi-DHO","February",2020,13947
"1793","Phalombe-DHO","February",2020,10865
"1794","Rumphi-DHO","February",2020,5679
"1795","Salima-DHO","February",2020,22274
"1796","Thyolo-DHO","February",2020,18058
"1797","Zomba-DHO","February",2020,37964
"1798","Balaka-DHO","March",2020,44515
"1799","Blantyre-DHO","March",2020,60131
"1800","Chikwawa-DHO","March",2020,39669
"1801","Chiradzulu-DHO","March",2020,10344
"1802","Chitipa-DHO","March",2020,6633
"1803","Dedza-DHO","March",2020,45736
"1804","Dowa-DHO","March",2020,58770
"1805","Karonga-DHO","March",2020,7661
"1806","Kasungu-DHO","March",2020,80055
"1807","Likoma-DHO","March",2020,879
"1808","Lilongwe-DHO","March",2020,146445
"1809","Machinga-DHO","March",2020,24504
"1810","Mangochi-DHO","March",2020,20760
"1811","Mchinji-DHO","March",2020,56377
"1812","Mulanje-DHO","March",2020,43191
"1813","Mwanza-DHO","March",2020,14723
"1814","Mzimba-North-DHO","March",2020,33721
"1815","Mzimba-South-DHO","March",2020,39030
"1816","Neno-DHO","March",2020,18372
"1817","Nkhata-Bay-DHO","March",2020,32073
"1818","Nkhotakota-DHO","March",2020,17943
"1819","Nsanje-DHO","March",2020,16660
"1820","Ntcheu-DHO","March",2020,50480
"1821","Ntchisi-DHO","March",2020,19298
"1822","Phalombe-DHO","March",2020,15913
"1823","Rumphi-DHO","March",2020,5768
"1824","Salima-DHO","March",2020,30708
"1825","Thyolo-DHO","March",2020,22941
"1826","Zomba-DHO","March",2020,38174
"1827","Balaka-DHO","April",2020,32101
"1828","Blantyre-DHO","April",2020,48446
"1829","Chikwawa-DHO","April",2020,26485
"1830","Chiradzulu-DHO","April",2020,12982
"1831","Chitipa-DHO","April",2020,8943
"1832","Dedza-DHO","April",2020,39259
"1833","Dowa-DHO","April",2020,55959
"1834","Karonga-DHO","April",2020,6961
"1835","Kasungu-DHO","April",2020,69052
"1836","Likoma-DHO","April",2020,816
"1837","Lilongwe-DHO","April",2020,84135
"1838","Machinga-DHO","April",2020,19039
"1839","Mangochi-DHO","April",2020,19155
"1840","Mchinji-DHO","April",2020,38712
"1841","Mulanje-DHO","April",2020,43198
"1842","Mwanza-DHO","April",2020,15642
"1843","Mzimba-North-DHO","April",2020,32951
"1844","Mzimba-South-DHO","April",2020,33094
"1845","Neno-DHO","April",2020,18942
"1846","Nkhata-Bay-DHO","April",2020,27679
"1847","Nkhotakota-DHO","April",2020,14919
"1848","Nsanje-DHO","April",2020,13122
"1849","Ntcheu-DHO","April",2020,50902
"1850","Ntchisi-DHO","April",2020,21497
"1851","Phalombe-DHO","April",2020,13565
"1852","Rumphi-DHO","April",2020,10694
"1853","Salima-DHO","April",2020,27410
"1854","Thyolo-DHO","April",2020,27509
"1855","Zomba-DHO","April",2020,44339
"1856","Balaka-DHO","May",2020,24028
"1857","Blantyre-DHO","May",2020,40790
"1858","Chikwawa-DHO","May",2020,28624
"1859","Chiradzulu-DHO","May",2020,8365
"1860","Chitipa-DHO","May",2020,6549
"1861","Dedza-DHO","May",2020,23840
"1862","Dowa-DHO","May",2020,53928
"1863","Karonga-DHO","May",2020,7639
"1864","Kasungu-DHO","May",2020,57620
"1865","Likoma-DHO","May",2020,544
"1866","Lilongwe-DHO","May",2020,74888
"1867","Machinga-DHO","May",2020,20488
"1868","Mangochi-DHO","May",2020,19593
"1869","Mchinji-DHO","May",2020,37182
"1870","Mulanje-DHO","May",2020,37111
"1871","Mwanza-DHO","May",2020,16862
"1872","Mzimba-North-DHO","May",2020,31845
"1873","Mzimba-South-DHO","May",2020,36084
"1874","Neno-DHO","May",2020,16719
"1875","Nkhata-Bay-DHO","May",2020,23003
"1876","Nkhotakota-DHO","May",2020,16637
"1877","Nsanje-DHO","May",2020,11950
"1878","Ntcheu-DHO","May",2020,36301
"1879","Ntchisi-DHO","May",2020,18491
"1880","Phalombe-DHO","May",2020,10174
"1881","Rumphi-DHO","May",2020,12499
"1882","Salima-DHO","May",2020,23331
"1883","Thyolo-DHO","May",2020,27766
"1884","Zomba-DHO","May",2020,42411
"1885","Balaka-DHO","June",2020,16512
"1886","Blantyre-DHO","June",2020,21166
"1887","Chikwawa-DHO","June",2020,30038
"1888","Chiradzulu-DHO","June",2020,2980
"1889","Chitipa-DHO","June",2020,9490
"1890","Dedza-DHO","June",2020,18890
"1891","Dowa-DHO","June",2020,31175
"1892","Karonga-DHO","June",2020,8331
"1893","Kasungu-DHO","June",2020,43437
"1894","Likoma-DHO","June",2020,444
"1895","Lilongwe-DHO","June",2020,53773
"1896","Machinga-DHO","June",2020,17998
"1897","Mangochi-DHO","June",2020,16585
"1898","Mchinji-DHO","June",2020,27398
"1899","Mulanje-DHO","June",2020,26702
"1900","Mwanza-DHO","June",2020,13603
"1901","Mzimba-North-DHO","June",2020,20772
"1902","Mzimba-South-DHO","June",2020,35698
"1903","Neno-DHO","June",2020,12216
"1904","Nkhata-Bay-DHO","June",2020,22603
"1905","Nkhotakota-DHO","June",2020,15945
"1906","Nsanje-DHO","June",2020,11954
"1907","Ntcheu-DHO","June",2020,21651
"1908","Ntchisi-DHO","June",2020,11843
"1909","Phalombe-DHO","June",2020,5333
"1910","Rumphi-DHO","June",2020,5846
"1911","Salima-DHO","June",2020,19874
"1912","Thyolo-DHO","June",2020,12185
"1913","Zomba-DHO","June",2020,26897
"1914","Balaka-DHO","July",2020,5897
"1915","Blantyre-DHO","July",2020,21233
"1916","Chikwawa-DHO","July",2020,17757
"1917","Chiradzulu-DHO","July",2020,1847
"1918","Chitipa-DHO","July",2020,2509
"1919","Dedza-DHO","July",2020,10200
"1920","Dowa-DHO","July",2020,16548
"1921","Karonga-DHO","July",2020,8520
"1922","Kasungu-DHO","July",2020,23467
"1923","Likoma-DHO","July",2020,349
"1924","Lilongwe-DHO","July",2020,33332
"1925","Machinga-DHO","July",2020,16493
"1926","Mangochi-DHO","July",2020,13294
"1927","Mchinji-DHO","July",2020,15992
"1928","Mulanje-DHO","July",2020,14373
"1929","Mwanza-DHO","July",2020,6188
"1930","Mzimba-North-DHO","July",2020,8392
"1931","Mzimba-South-DHO","July",2020,14200
"1932","Neno-DHO","July",2020,9076
"1933","Nkhata-Bay-DHO","July",2020,21063
"1934","Nkhotakota-DHO","July",2020,19651
"1935","Nsanje-DHO","July",2020,9590
"1936","Ntcheu-DHO","July",2020,12172
"1937","Ntchisi-DHO","July",2020,9021
"1938","Phalombe-DHO","July",2020,533
"1939","Rumphi-DHO","July",2020,5311
"1940","Salima-DHO","July",2020,16115
"1941","Thyolo-DHO","July",2020,9247
"1942","Zomba-DHO","July",2020,16188
"1943","Balaka-DHO","August",2020,7728
"1944","Blantyre-DHO","August",2020,20474
"1945","Chikwawa-DHO","August",2020,16724
"1946","Chiradzulu-DHO","August",2020,868
"1947","Chitipa-DHO","August",2020,1209
"1948","Dedza-DHO","August",2020,8149
"1949","Dowa-DHO","August",2020,11090
"1950","Karonga-DHO","August",2020,8227
"1951","Kasungu-DHO","August",2020,16000
"1952","Likoma-DHO","August",2020,281
"1953","Lilongwe-DHO","August",2020,21341
"1954","Machinga-DHO","August",2020,14637
"1955","Mangochi-DHO","August",2020,12509
"1956","Mchinji-DHO","August",2020,12319
"1957","Mulanje-DHO","August",2020,11966
"1958","Mwanza-DHO","August",2020,5828
"1959","Mzimba-North-DHO","August",2020,3809
"1960","Mzimba-South-DHO","August",2020,10382
"1961","Neno-DHO","August",2020,7086
"1962","Nkhata-Bay-DHO","August",2020,18194
"1963","Nkhotakota-DHO","August",2020,19334
"1964","Nsanje-DHO","August",2020,9092
"1965","Ntcheu-DHO","August",2020,8760
"1966","Ntchisi-DHO","August",2020,5632
"1967","Phalombe-DHO","August",2020,187
"1968","Rumphi-DHO","August",2020,2906
"1969","Salima-DHO","August",2020,15246
"1970","Thyolo-DHO","August",2020,7822
"1971","Zomba-DHO","August",2020,9089
"1972","Balaka-DHO","September",2020,9563
"1973","Blantyre-DHO","September",2020,16670
"1974","Chikwawa-DHO","September",2020,25102
"1975","Chiradzulu-DHO","September",2020,986
"1976","Chitipa-DHO","September",2020,2394
"1977","Dedza-DHO","September",2020,8988
"1978","Dowa-DHO","September",2020,13979
"1979","Karonga-DHO","September",2020,9540
"1980","Kasungu-DHO","September",2020,18594
"1981","Likoma-DHO","September",2020,491
"1982","Lilongwe-DHO","September",2020,27771
"1983","Machinga-DHO","September",2020,15699
"1984","Mangochi-DHO","September",2020,17671
"1985","Mchinji-DHO","September",2020,18877
"1986","Mulanje-DHO","September",2020,13975
"1987","Mwanza-DHO","September",2020,7656
"1988","Mzimba-North-DHO","September",2020,4529
"1989","Mzimba-South-DHO","September",2020,9195
"1990","Neno-DHO","September",2020,8911
"1991","Nkhata-Bay-DHO","September",2020,21677
"1992","Nkhotakota-DHO","September",2020,28169
"1993","Nsanje-DHO","September",2020,13475
"1994","Ntcheu-DHO","September",2020,9525
"1995","Ntchisi-DHO","September",2020,9704
"1996","Phalombe-DHO","September",2020,2932
"1997","Rumphi-DHO","September",2020,3062
"1998","Salima-DHO","September",2020,20922
"1999","Thyolo-DHO","September",2020,9378
"2000","Zomba-DHO","September",2020,18004
"2001","Balaka-DHO","October",2020,8415
"2002","Blantyre-DHO","October",2020,16096
"2003","Chikwawa-DHO","October",2020,10800
"2004","Chiradzulu-DHO","October",2020,1469
"2005","Chitipa-DHO","October",2020,2804
"2006","Dedza-DHO","October",2020,12710
"2007","Dowa-DHO","October",2020,22011
"2008","Karonga-DHO","October",2020,7736
"2009","Kasungu-DHO","October",2020,25263
"2010","Likoma-DHO","October",2020,574
"2011","Lilongwe-DHO","October",2020,44949
"2012","Machinga-DHO","October",2020,13977
"2013","Mangochi-DHO","October",2020,21682
"2014","Mchinji-DHO","October",2020,27142
"2015","Mulanje-DHO","October",2020,24692
"2016","Mwanza-DHO","October",2020,5817
"2017","Mzimba-North-DHO","October",2020,5414
"2018","Mzimba-South-DHO","October",2020,10989
"2019","Neno-DHO","October",2020,9010
"2020","Nkhata-Bay-DHO","October",2020,23456
"2021","Nkhotakota-DHO","October",2020,27534
"2022","Nsanje-DHO","October",2020,10898
"2023","Ntcheu-DHO","October",2020,12653
"2024","Ntchisi-DHO","October",2020,17110
"2025","Phalombe-DHO","October",2020,3619
"2026","Rumphi-DHO","October",2020,2908
"2027","Salima-DHO","October",2020,19286
"2028","Thyolo-DHO","October",2020,10440
"2029","Zomba-DHO","October",2020,19121
"2030","Balaka-DHO","November",2020,8146
"2031","Blantyre-DHO","November",2020,16482
"2032","Chikwawa-DHO","November",2020,8728
"2033","Chiradzulu-DHO","November",2020,1433
"2034","Chitipa-DHO","November",2020,2374
"2035","Dedza-DHO","November",2020,15334
"2036","Dowa-DHO","November",2020,28987
"2037","Karonga-DHO","November",2020,6618
"2038","Kasungu-DHO","November",2020,29896
"2039","Likoma-DHO","November",2020,367
"2040","Lilongwe-DHO","November",2020,59804
"2041","Machinga-DHO","November",2020,11523
"2042","Mangochi-DHO","November",2020,24489
"2043","Mchinji-DHO","November",2020,33833
"2044","Mulanje-DHO","November",2020,25103
"2045","Mwanza-DHO","November",2020,8441
"2046","Mzimba-North-DHO","November",2020,7558
"2047","Mzimba-South-DHO","November",2020,12906
"2048","Neno-DHO","November",2020,10206
"2049","Nkhata-Bay-DHO","November",2020,27291
"2050","Nkhotakota-DHO","November",2020,21106
"2051","Nsanje-DHO","November",2020,7719
"2052","Ntcheu-DHO","November",2020,13658
"2053","Ntchisi-DHO","November",2020,21982
"2054","Phalombe-DHO","November",2020,4327
"2055","Rumphi-DHO","November",2020,4402
"2056","Salima-DHO","November",2020,12525
"2057","Thyolo-DHO","November",2020,11371
"2058","Zomba-DHO","November",2020,20319
"2059","Balaka-DHO","December",2020,5104
"2060","Blantyre-DHO","December",2020,12875
"2061","Chikwawa-DHO","December",2020,6502
"2062","Chiradzulu-DHO","December",2020,1909
"2063","Chitipa-DHO","December",2020,5816
"2064","Dedza-DHO","December",2020,19082
"2065","Dowa-DHO","December",2020,40388
"2066","Karonga-DHO","December",2020,5494
"2067","Kasungu-DHO","December",2020,27787
"2068","Likoma-DHO","December",2020,85
"2069","Lilongwe-DHO","December",2020,47228
"2070","Machinga-DHO","December",2020,6469
"2071","Mangochi-DHO","December",2020,14105
"2072","Mchinji-DHO","December",2020,32791
"2073","Mulanje-DHO","December",2020,30297
"2074","Mwanza-DHO","December",2020,5921
"2075","Mzimba-North-DHO","December",2020,9946
"2076","Mzimba-South-DHO","December",2020,11701
"2077","Neno-DHO","December",2020,10286
"2078","Nkhata-Bay-DHO","December",2020,19593
"2079","Nkhotakota-DHO","December",2020,11138
"2080","Nsanje-DHO","December",2020,5115
"2081","Ntcheu-DHO","December",2020,13186
"2082","Ntchisi-DHO","December",2020,22882
"2083","Phalombe-DHO","December",2020,5102
"2084","Rumphi-DHO","December",2020,5698
"2085","Salima-DHO","December",2020,10911
"2086","Thyolo-DHO","December",2020,15650
"2087","Zomba-DHO","December",2020,20927
"2088","Balaka-DHO","January",2021,11565
"2089","Blantyre-DHO","January",2021,39578
"2090","Chikwawa-DHO","January",2021,16626
"2091","Chiradzulu-DHO","January",2021,6291
"2092","Chitipa-DHO","January",2021,7844
"2093","Dedza-DHO","January",2021,42765
"2094","Dowa-DHO","January",2021,75104
"2095","Karonga-DHO","January",2021,16981
"2096","Kasungu-DHO","January",2021,57738
"2097","Likoma-DHO","January",2021,281
"2098","Lilongwe-DHO","January",2021,121577
"2099","Machinga-DHO","January",2021,29141
"2100","Mangochi-DHO","January",2021,15669
"2101","Mchinji-DHO","January",2021,61554
"2102","Mulanje-DHO","January",2021,53456
"2103","Mwanza-DHO","January",2021,16975
"2104","Mzimba-North-DHO","January",2021,18212
"2105","Mzimba-South-DHO","January",2021,24810
"2106","Neno-DHO","January",2021,21583
"2107","Nkhata-Bay-DHO","January",2021,11018
"2108","Nkhotakota-DHO","January",2021,21728
"2109","Nsanje-DHO","January",2021,7653
"2110","Ntcheu-DHO","January",2021,26767
"2111","Ntchisi-DHO","January",2021,35561
"2112","Phalombe-DHO","January",2021,11156
"2113","Rumphi-DHO","January",2021,16920
"2114","Salima-DHO","January",2021,45403
"2115","Thyolo-DHO","January",2021,26512
"2116","Zomba-DHO","January",2021,42807
"2117","Balaka-DHO","February",2021,8645
"2118","Blantyre-DHO","February",2021,33333
"2119","Chikwawa-DHO","February",2021,27282
"2120","Chiradzulu-DHO","February",2021,4870
"2121","Chitipa-DHO","February",2021,5497
"2122","Dedza-DHO","February",2021,41265
"2123","Dowa-DHO","February",2021,58703
"2124","Karonga-DHO","February",2021,10992
"2125","Kasungu-DHO","February",2021,56913
"2126","Likoma-DHO","February",2021,349
"2127","Lilongwe-DHO","February",2021,139169
"2128","Machinga-DHO","February",2021,28926
"2129","Mangochi-DHO","February",2021,11059
"2130","Mchinji-DHO","February",2021,78613
"2131","Mulanje-DHO","February",2021,38141
"2132","Mwanza-DHO","February",2021,13177
"2133","Mzimba-North-DHO","February",2021,24398
"2134","Mzimba-South-DHO","February",2021,27955
"2135","Neno-DHO","February",2021,15795
"2136","Nkhata-Bay-DHO","February",2021,7869
"2137","Nkhotakota-DHO","February",2021,22494
"2138","Nsanje-DHO","February",2021,8058
"2139","Ntcheu-DHO","February",2021,19937
"2140","Ntchisi-DHO","February",2021,23818
"2141","Phalombe-DHO","February",2021,9918
"2142","Rumphi-DHO","February",2021,11275
"2143","Salima-DHO","February",2021,44653
"2144","Thyolo-DHO","February",2021,16742
"2145","Zomba-DHO","February",2021,28191
"2146","Balaka-DHO","March",2021,19870
"2147","Blantyre-DHO","March",2021,41737
"2148","Chikwawa-DHO","March",2021,27688
"2149","Chiradzulu-DHO","March",2021,14108
"2150","Chitipa-DHO","March",2021,7924
"2151","Dedza-DHO","March",2021,45260
"2152","Dowa-DHO","March",2021,70799
"2153","Karonga-DHO","March",2021,14986
"2154","Kasungu-DHO","March",2021,76087
"2155","Likoma-DHO","March",2021,562
"2156","Lilongwe-DHO","March",2021,150736
"2157","Machinga-DHO","March",2021,31407
"2158","Mangochi-DHO","March",2021,17174
"2159","Mchinji-DHO","March",2021,61752
"2160","Mulanje-DHO","March",2021,36986
"2161","Mwanza-DHO","March",2021,16061
"2162","Mzimba-North-DHO","March",2021,26869
"2163","Mzimba-South-DHO","March",2021,41824
"2164","Neno-DHO","March",2021,20788
"2165","Nkhata-Bay-DHO","March",2021,7819
"2166","Nkhotakota-DHO","March",2021,26450
"2167","Nsanje-DHO","March",2021,8071
"2168","Ntcheu-DHO","March",2021,31387
"2169","Ntchisi-DHO","March",2021,32485
"2170","Phalombe-DHO","March",2021,12629
"2171","Rumphi-DHO","March",2021,13542
"2172","Salima-DHO","March",2021,53340
"2173","Thyolo-DHO","March",2021,17743
"2174","Zomba-DHO","March",2021,44215
"2175","Balaka-DHO","April",2021,20289
"2176","Blantyre-DHO","April",2021,39850
"2177","Chikwawa-DHO","April",2021,32168
"2178","Chiradzulu-DHO","April",2021,12211
"2179","Chitipa-DHO","April",2021,12414
"2180","Dedza-DHO","April",2021,25418
"2181","Dowa-DHO","April",2021,50784
"2182","Karonga-DHO","April",2021,11317
"2183","Kasungu-DHO","April",2021,59082
"2184","Likoma-DHO","April",2021,1294
"2185","Lilongwe-DHO","April",2021,103565
"2186","Machinga-DHO","April",2021,24203
"2187","Mangochi-DHO","April",2021,21910
"2188","Mchinji-DHO","April",2021,37972
"2189","Mulanje-DHO","April",2021,39204
"2190","Mwanza-DHO","April",2021,11941
"2191","Mzimba-North-DHO","April",2021,30330
"2192","Mzimba-South-DHO","April",2021,41910
"2193","Neno-DHO","April",2021,16142
"2194","Nkhata-Bay-DHO","April",2021,7872
"2195","Nkhotakota-DHO","April",2021,23112
"2196","Nsanje-DHO","April",2021,9543
"2197","Ntcheu-DHO","April",2021,28648
"2198","Ntchisi-DHO","April",2021,19874
"2199","Phalombe-DHO","April",2021,12815
"2200","Rumphi-DHO","April",2021,16240
"2201","Salima-DHO","April",2021,43779
"2202","Thyolo-DHO","April",2021,14986
"2203","Zomba-DHO","April",2021,38850
"2204","Balaka-DHO","May",2021,24716
"2205","Blantyre-DHO","May",2021,34748
"2206","Chikwawa-DHO","May",2021,33376
"2207","Chiradzulu-DHO","May",2021,8927
"2208","Chitipa-DHO","May",2021,11310
"2209","Dedza-DHO","May",2021,19530
"2210","Dowa-DHO","May",2021,42023
"2211","Karonga-DHO","May",2021,12608
"2212","Kasungu-DHO","May",2021,45267
"2213","Likoma-DHO","May",2021,1508
"2214","Lilongwe-DHO","May",2021,78048
"2215","Machinga-DHO","May",2021,25695
"2216","Mangochi-DHO","May",2021,32929
"2217","Mchinji-DHO","May",2021,26236
"2218","Mulanje-DHO","May",2021,34429
"2219","Mwanza-DHO","May",2021,11110
"2220","Mzimba-North-DHO","May",2021,20990
"2221","Mzimba-South-DHO","May",2021,25337
"2222","Neno-DHO","May",2021,14156
"2223","Nkhata-Bay-DHO","May",2021,7965
"2224","Nkhotakota-DHO","May",2021,30162
"2225","Nsanje-DHO","May",2021,10882
"2226","Ntcheu-DHO","May",2021,31383
"2227","Ntchisi-DHO","May",2021,16664
"2228","Phalombe-DHO","May",2021,11440
"2229","Rumphi-DHO","May",2021,18415
"2230","Salima-DHO","May",2021,33066
"2231","Thyolo-DHO","May",2021,13340
"2232","Zomba-DHO","May",2021,42238
"2233","Balaka-DHO","June",2021,17260
"2234","Blantyre-DHO","June",2021,24968
"2235","Chikwawa-DHO","June",2021,28621
"2236","Chiradzulu-DHO","June",2021,5509
"2237","Chitipa-DHO","June",2021,9430
"2238","Dedza-DHO","June",2021,12300
"2239","Dowa-DHO","June",2021,29690
"2240","Karonga-DHO","June",2021,13878
"2241","Kasungu-DHO","June",2021,36910
"2242","Likoma-DHO","June",2021,1006
"2243","Lilongwe-DHO","June",2021,64627
"2244","Machinga-DHO","June",2021,23830
"2245","Mangochi-DHO","June",2021,28698
"2246","Mchinji-DHO","June",2021,21555
"2247","Mulanje-DHO","June",2021,26915
"2248","Mwanza-DHO","June",2021,9680
"2249","Mzimba-North-DHO","June",2021,24824
"2250","Mzimba-South-DHO","June",2021,27783
"2251","Neno-DHO","June",2021,10440
"2252","Nkhata-Bay-DHO","June",2021,10048
"2253","Nkhotakota-DHO","June",2021,33703
"2254","Nsanje-DHO","June",2021,7197
"2255","Ntcheu-DHO","June",2021,20806
"2256","Ntchisi-DHO","June",2021,10435
"2257","Phalombe-DHO","June",2021,6978
"2258","Rumphi-DHO","June",2021,14918
"2259","Salima-DHO","June",2021,24295
"2260","Thyolo-DHO","June",2021,8076
"2261","Zomba-DHO","June",2021,31819
"2262","Balaka-DHO","July",2021,11803
"2263","Blantyre-DHO","July",2021,19516
"2264","Chikwawa-DHO","July",2021,24796
"2265","Chiradzulu-DHO","July",2021,2135
"2266","Chitipa-DHO","July",2021,3941
"2267","Dedza-DHO","July",2021,7532
"2268","Dowa-DHO","July",2021,15067
"2269","Karonga-DHO","July",2021,12671
"2270","Kasungu-DHO","July",2021,21616
"2271","Likoma-DHO","July",2021,716
"2272","Lilongwe-DHO","July",2021,34554
"2273","Machinga-DHO","July",2021,21839
"2274","Mangochi-DHO","July",2021,22403
"2275","Mchinji-DHO","July",2021,12641
"2276","Mulanje-DHO","July",2021,15899
"2277","Mwanza-DHO","July",2021,7859
"2278","Mzimba-North-DHO","July",2021,12967
"2279","Mzimba-South-DHO","July",2021,15349
"2280","Neno-DHO","July",2021,6930
"2281","Nkhata-Bay-DHO","July",2021,11946
"2282","Nkhotakota-DHO","July",2021,34316
"2283","Nsanje-DHO","July",2021,7168
"2284","Ntcheu-DHO","July",2021,15051
"2285","Ntchisi-DHO","July",2021,6270
"2286","Phalombe-DHO","July",2021,4758
"2287","Rumphi-DHO","July",2021,6393
"2288","Salima-DHO","July",2021,19445
"2289","Thyolo-DHO","July",2021,4714
"2290","Zomba-DHO","July",2021,16454
"2291","Balaka-DHO","August",2021,8474
"2292","Blantyre-DHO","August",2021,13094
"2293","Chikwawa-DHO","August",2021,21508
"2294","Chiradzulu-DHO","August",2021,924
"2295","Chitipa-DHO","August",2021,2393
"2296","Dedza-DHO","August",2021,5854
"2297","Dowa-DHO","August",2021,7926
"2298","Karonga-DHO","August",2021,13009
"2299","Kasungu-DHO","August",2021,12338
"2300","Likoma-DHO","August",2021,547
"2301","Lilongwe-DHO","August",2021,19583
"2302","Machinga-DHO","August",2021,17974
"2303","Mangochi-DHO","August",2021,19298
"2304","Mchinji-DHO","August",2021,9953
"2305","Mulanje-DHO","August",2021,12672
"2306","Mwanza-DHO","August",2021,6132
"2307","Mzimba-North-DHO","August",2021,6235
"2308","Mzimba-South-DHO","August",2021,8565
"2309","Neno-DHO","August",2021,4469
"2310","Nkhata-Bay-DHO","August",2021,14398
"2311","Nkhotakota-DHO","August",2021,30131
"2312","Nsanje-DHO","August",2021,6234
"2313","Ntcheu-DHO","August",2021,10774
"2314","Ntchisi-DHO","August",2021,5015
"2315","Phalombe-DHO","August",2021,4561
"2316","Rumphi-DHO","August",2021,3739
"2317","Salima-DHO","August",2021,14608
"2318","Thyolo-DHO","August",2021,4455
"2319","Zomba-DHO","August",2021,18579
"2320","Balaka-DHO","September",2021,9997
"2321","Blantyre-DHO","September",2021,12996
"2322","Chikwawa-DHO","September",2021,20482
"2323","Chiradzulu-DHO","September",2021,1025
"2324","Chitipa-DHO","September",2021,2631
"2325","Dedza-DHO","September",2021,7496
"2326","Dowa-DHO","September",2021,12765
"2327","Karonga-DHO","September",2021,14132
"2328","Kasungu-DHO","September",2021,13495
"2329","Likoma-DHO","September",2021,666
"2330","Lilongwe-DHO","September",2021,25092
"2331","Machinga-DHO","September",2021,20156
"2332","Mangochi-DHO","September",2021,25508
"2333","Mchinji-DHO","September",2021,15874
"2334","Mulanje-DHO","September",2021,13398
"2335","Mwanza-DHO","September",2021,5349
"2336","Mzimba-North-DHO","September",2021,5973
"2337","Mzimba-South-DHO","September",2021,8810
"2338","Neno-DHO","September",2021,5786
"2339","Nkhata-Bay-DHO","September",2021,21179
"2340","Nkhotakota-DHO","September",2021,37178
"2341","Nsanje-DHO","September",2021,5870
"2342","Ntcheu-DHO","September",2021,10929
"2343","Ntchisi-DHO","September",2021,9224
"2344","Phalombe-DHO","September",2021,4929
"2345","Rumphi-DHO","September",2021,4038
"2346","Salima-DHO","September",2021,18098
"2347","Thyolo-DHO","September",2021,4754
"2348","Zomba-DHO","September",2021,16060
"2349","Balaka-DHO","October",2021,7953
"2350","Blantyre-DHO","October",2021,14312
"2351","Chikwawa-DHO","October",2021,13589
"2352","Chiradzulu-DHO","October",2021,1067
"2353","Chitipa-DHO","October",2021,2971
"2354","Dedza-DHO","October",2021,9644
"2355","Dowa-DHO","October",2021,18007
"2356","Karonga-DHO","October",2021,12209
"2357","Kasungu-DHO","October",2021,16742
"2358","Likoma-DHO","October",2021,604
"2359","Lilongwe-DHO","October",2021,36652
"2360","Machinga-DHO","October",2021,18352
"2361","Mangochi-DHO","October",2021,25380
"2362","Mchinji-DHO","October",2021,20630
"2363","Mulanje-DHO","October",2021,14810
"2364","Mwanza-DHO","October",2021,5053
"2365","Mzimba-North-DHO","October",2021,6567
"2366","Mzimba-South-DHO","October",2021,9847
"2367","Neno-DHO","October",2021,5256
"2368","Nkhata-Bay-DHO","October",2021,24268
"2369","Nkhotakota-DHO","October",2021,35015
"2370","Nsanje-DHO","October",2021,5717
"2371","Ntcheu-DHO","October",2021,11527
"2372","Ntchisi-DHO","October",2021,14805
"2373","Phalombe-DHO","October",2021,3636
"2374","Rumphi-DHO","October",2021,3769
"2375","Salima-DHO","October",2021,21925
"2376","Thyolo-DHO","October",2021,5448
"2377","Zomba-DHO","October",2021,14993
"2378","Balaka-DHO","November",2021,5577
"2379","Blantyre-DHO","November",2021,9145
"2380","Chikwawa-DHO","November",2021,7295
"2381","Chiradzulu-DHO","November",2021,1049
"2382","Chitipa-DHO","November",2021,2844
"2383","Dedza-DHO","November",2021,12867
"2384","Dowa-DHO","November",2021,21386
"2385","Karonga-DHO","November",2021,8180
"2386","Kasungu-DHO","November",2021,18591
"2387","Likoma-DHO","November",2021,471
"2388","Lilongwe-DHO","November",2021,41245
"2389","Machinga-DHO","November",2021,14911
"2390","Mangochi-DHO","November",2021,21829
"2391","Mchinji-DHO","November",2021,18700
"2392","Mulanje-DHO","November",2021,15074
"2393","Mwanza-DHO","November",2021,4426
"2394","Mzimba-North-DHO","November",2021,7053
"2395","Mzimba-South-DHO","November",2021,9977
"2396","Neno-DHO","November",2021,4363
"2397","Nkhata-Bay-DHO","November",2021,25325
"2398","Nkhotakota-DHO","November",2021,24599
"2399","Nsanje-DHO","November",2021,3352
"2400","Ntcheu-DHO","November",2021,9989
"2401","Ntchisi-DHO","November",2021,17897
"2402","Phalombe-DHO","November",2021,2906
"2403","Rumphi-DHO","November",2021,4002
"2404","Salima-DHO","November",2021,14251
"2405","Thyolo-DHO","November",2021,5990
"2406","Zomba-DHO","November",2021,13612
"2407","Balaka-DHO","December",2021,3521
"2408","Blantyre-DHO","December",2021,11427
"2409","Chikwawa-DHO","December",2021,7535
"2410","Chiradzulu-DHO","December",2021,1211
"2411","Chitipa-DHO","December",2021,3532
"2412","Dedza-DHO","December",2021,17244
"2413","Dowa-DHO","December",2021,27817
"2414","Karonga-DHO","December",2021,8478
"2415","Kasungu-DHO","December",2021,18090
"2416","Likoma-DHO","December",2021,422
"2417","Lilongwe-DHO","December",2021,45319
"2418","Machinga-DHO","December",2021,12408
"2419","Mangochi-DHO","December",2021,14522
"2420","Mchinji-DHO","December",2021,17001
"2421","Mulanje-DHO","December",2021,20796
"2422","Mwanza-DHO","December",2021,5124
"2423","Mzimba-North-DHO","December",2021,9473
"2424","Mzimba-South-DHO","December",2021,9351
"2425","Neno-DHO","December",2021,5159
"2426","Nkhata-Bay-DHO","December",2021,28005
"2427","Nkhotakota-DHO","December",2021,17283
"2428","Nsanje-DHO","December",2021,4556
"2429","Ntcheu-DHO","December",2021,10272
"2430","Ntchisi-DHO","December",2021,21422
"2431","Phalombe-DHO","December",2021,3901
"2432","Rumphi-DHO","December",2021,5640
"2433","Salima-DHO","December",2021,9915
"2434","Thyolo-DHO","December",2021,8538
"2435","Zomba-DHO","December",2021,10955
"2436","Balaka-DHO","January",2022,4127
"2437","Blantyre-DHO","January",2022,12573
"2438","Chikwawa-DHO","January",2022,7732
"2439","Chiradzulu-DHO","January",2022,1338
"2440","Chitipa-DHO","January",2022,7793
"2441","Dedza-DHO","January",2022,29449
"2442","Dowa-DHO","January",2022,25164
"2443","Karonga-DHO","January",2022,11001
"2444","Kasungu-DHO","January",2022,27146
"2445","Likoma-DHO","January",2022,343
"2446","Lilongwe-DHO","January",2022,73106
"2447","Machinga-DHO","January",2022,14914
"2448","Mangochi-DHO","January",2022,15471
"2449","Mchinji-DHO","January",2022,24721
"2450","Mulanje-DHO","January",2022,19678
"2451","Mwanza-DHO","January",2022,7711
"2452","Mzimba-North-DHO","January",2022,14738
"2453","Mzimba-South-DHO","January",2022,17023
"2454","Neno-DHO","January",2022,6658
"2455","Nkhata-Bay-DHO","January",2022,30807
"2456","Nkhotakota-DHO","January",2022,28111
"2457","Nsanje-DHO","January",2022,3226
"2458","Ntcheu-DHO","January",2022,14700
"2459","Ntchisi-DHO","January",2022,21328
"2460","Phalombe-DHO","January",2022,3279
"2461","Rumphi-DHO","January",2022,8194
"2462","Salima-DHO","January",2022,14162
"2463","Thyolo-DHO","January",2022,11511
"2464","Zomba-DHO","January",2022,12322
"2465","Balaka-DHO","February",2022,6835
"2466","Blantyre-DHO","February",2022,24363
"2467","Chikwawa-DHO","February",2022,10839
"2468","Chiradzulu-DHO","February",2022,997
"2469","Chitipa-DHO","February",2022,8910
"2470","Dedza-DHO","February",2022,31725
"2471","Dowa-DHO","February",2022,21441
"2472","Karonga-DHO","February",2022,11858
"2473","Kasungu-DHO","February",2022,34991
"2474","Likoma-DHO","February",2022,490
"2475","Lilongwe-DHO","February",2022,78914
"2476","Machinga-DHO","February",2022,26692
"2477","Mangochi-DHO","February",2022,18737
"2478","Mchinji-DHO","February",2022,23467
"2479","Mulanje-DHO","February",2022,18480
"2480","Mwanza-DHO","February",2022,8927
"2481","Mzimba-North-DHO","February",2022,15971
"2482","Mzimba-South-DHO","February",2022,22997
"2483","Neno-DHO","February",2022,8105
"2484","Nkhata-Bay-DHO","February",2022,21880
"2485","Nkhotakota-DHO","February",2022,36706
"2486","Nsanje-DHO","February",2022,3336
"2487","Ntcheu-DHO","February",2022,15043
"2488","Ntchisi-DHO","February",2022,18341
"2489","Phalombe-DHO","February",2022,3894
"2490","Rumphi-DHO","February",2022,6209
"2491","Salima-DHO","February",2022,31848
"2492","Thyolo-DHO","February",2022,10494
"2493","Zomba-DHO","February",2022,12724
"2494","Balaka-DHO","March",2022,6772
"2495","Blantyre-DHO","March",2022,22750
"2496","Chikwawa-DHO","March",2022,13899
"2497","Chiradzulu-DHO","March",2022,999
"2498","Chitipa-DHO","March",2022,6509
"2499","Dedza-DHO","March",2022,30786
"2500","Dowa-DHO","March",2022,11173
"2501","Karonga-DHO","March",2022,7985
"2502","Kasungu-DHO","March",2022,20838
"2503","Likoma-DHO","March",2022,396
"2504","Lilongwe-DHO","March",2022,45176
"2505","Machinga-DHO","March",2022,24777
"2506","Mangochi-DHO","March",2022,20388
"2507","Mchinji-DHO","March",2022,15841
"2508","Mulanje-DHO","March",2022,15304
"2509","Mwanza-DHO","March",2022,6931
"2510","Mzimba-North-DHO","March",2022,10975
"2511","Mzimba-South-DHO","March",2022,15269
"2512","Neno-DHO","March",2022,4259
"2513","Nkhata-Bay-DHO","March",2022,25854
"2514","Nkhotakota-DHO","March",2022,32019
"2515","Nsanje-DHO","March",2022,12644
"2516","Ntcheu-DHO","March",2022,11252
"2517","Ntchisi-DHO","March",2022,10311
"2518","Phalombe-DHO","March",2022,4139
"2519","Rumphi-DHO","March",2022,2939
"2520","Salima-DHO","March",2022,33807
"2521","Thyolo-DHO","March",2022,7481
"2522","Zomba-DHO","March",2022,10341
"2523","Balaka-DHO","April",2022,14302
"2524","Blantyre-DHO","April",2022,25624
"2525","Chikwawa-DHO","April",2022,16282
"2526","Chiradzulu-DHO","April",2022,1432
"2527","Chitipa-DHO","April",2022,6592
"2528","Dedza-DHO","April",2022,28643
"2529","Dowa-DHO","April",2022,10880
"2530","Karonga-DHO","April",2022,5832
"2531","Kasungu-DHO","April",2022,16828
"2532","Likoma-DHO","April",2022,459
"2533","Lilongwe-DHO","April",2022,35380
"2534","Machinga-DHO","April",2022,23786
"2535","Mangochi-DHO","April",2022,31372
"2536","Mchinji-DHO","April",2022,9842
"2537","Mulanje-DHO","April",2022,12919
"2538","Mwanza-DHO","April",2022,6566
"2539","Mzimba-North-DHO","April",2022,10384
"2540","Mzimba-South-DHO","April",2022,15110
"2541","Neno-DHO","April",2022,5817
"2542","Nkhata-Bay-DHO","April",2022,28319
"2543","Nkhotakota-DHO","April",2022,33049
"2544","Nsanje-DHO","April",2022,16087
"2545","Ntcheu-DHO","April",2022,23291
"2546","Ntchisi-DHO","April",2022,8365
"2547","Phalombe-DHO","April",2022,5537
"2548","Rumphi-DHO","April",2022,2451
"2549","Salima-DHO","April",2022,32909
"2550","Thyolo-DHO","April",2022,6617
"2551","Zomba-DHO","April",2022,10052
"2552","Balaka-DHO","May",2022,24566
"2553","Blantyre-DHO","May",2022,28728
"2554","Chikwawa-DHO","May",2022,15213
"2555","Chiradzulu-DHO","May",2022,2323
"2556","Chitipa-DHO","May",2022,4326
"2557","Dedza-DHO","May",2022,26560
"2558","Dowa-DHO","May",2022,10123
"2559","Karonga-DHO","May",2022,5278
"2560","Kasungu-DHO","May",2022,12292
"2561","Likoma-DHO","May",2022,595
"2562","Lilongwe-DHO","May",2022,28441
"2563","Machinga-DHO","May",2022,40213
"2564","Mangochi-DHO","May",2022,48449
"2565","Mchinji-DHO","May",2022,7734
"2566","Mulanje-DHO","May",2022,15678
"2567","Mwanza-DHO","May",2022,4380
"2568","Mzimba-North-DHO","May",2022,8238
"2569","Mzimba-South-DHO","May",2022,14620
"2570","Neno-DHO","May",2022,7529
"2571","Nkhata-Bay-DHO","May",2022,25970
"2572","Nkhotakota-DHO","May",2022,30317
"2573","Nsanje-DHO","May",2022,25357
"2574","Ntcheu-DHO","May",2022,32235
"2575","Ntchisi-DHO","May",2022,6556
"2576","Phalombe-DHO","May",2022,8099
"2577","Rumphi-DHO","May",2022,2271
"2578","Salima-DHO","May",2022,28122
"2579","Thyolo-DHO","May",2022,7357
"2580","Zomba-DHO","May",2022,14789
"2581","Balaka-DHO","June",2022,18696
"2582","Blantyre-DHO","June",2022,23239
"2583","Chikwawa-DHO","June",2022,8725
"2584","Chiradzulu-DHO","June",2022,1774
"2585","Chitipa-DHO","June",2022,3148
"2586","Dedza-DHO","June",2022,18226
"2587","Dowa-DHO","June",2022,7694
"2588","Karonga-DHO","June",2022,5431
"2589","Kasungu-DHO","June",2022,8265
"2590","Likoma-DHO","June",2022,497
"2591","Lilongwe-DHO","June",2022,25973
"2592","Machinga-DHO","June",2022,39922
"2593","Mangochi-DHO","June",2022,49213
"2594","Mchinji-DHO","June",2022,5729
"2595","Mulanje-DHO","June",2022,10465
"2596","Mwanza-DHO","June",2022,3631
"2597","Mzimba-North-DHO","June",2022,5841
"2598","Mzimba-South-DHO","June",2022,11158
"2599","Neno-DHO","June",2022,4836
"2600","Nkhata-Bay-DHO","June",2022,24580
"2601","Nkhotakota-DHO","June",2022,29993
"2602","Nsanje-DHO","June",2022,15848
"2603","Ntcheu-DHO","June",2022,24036
"2604","Ntchisi-DHO","June",2022,5224
"2605","Phalombe-DHO","June",2022,6732
"2606","Rumphi-DHO","June",2022,1781
"2607","Salima-DHO","June",2022,21655
"2608","Thyolo-DHO","June",2022,4783
"2609","Zomba-DHO","June",2022,11643
"2610","Balaka-DHO","July",2022,13708
"2611","Blantyre-DHO","July",2022,18496
"2612","Chikwawa-DHO","July",2022,6400
"2613","Chiradzulu-DHO","July",2022,738
"2614","Chitipa-DHO","July",2022,1983
"2615","Dedza-DHO","July",2022,9699
"2616","Dowa-DHO","July",2022,4756
"2617","Karonga-DHO","July",2022,5249
"2618","Kasungu-DHO","July",2022,4488
"2619","Likoma-DHO","July",2022,281
"2620","Lilongwe-DHO","July",2022,14410
"2621","Machinga-DHO","July",2022,25107
"2622","Mangochi-DHO","July",2022,26345
"2623","Mchinji-DHO","July",2022,3746
"2624","Mulanje-DHO","July",2022,8447
"2625","Mwanza-DHO","July",2022,2734
"2626","Mzimba-North-DHO","July",2022,3500
"2627","Mzimba-South-DHO","July",2022,7976
"2628","Neno-DHO","July",2022,3209
"2629","Nkhata-Bay-DHO","July",2022,18685
"2630","Nkhotakota-DHO","July",2022,25268
"2631","Nsanje-DHO","July",2022,9583
"2632","Ntcheu-DHO","July",2022,12748
"2633","Ntchisi-DHO","July",2022,4088
"2634","Phalombe-DHO","July",2022,3097
"2635","Rumphi-DHO","July",2022,1549
"2636","Salima-DHO","July",2022,13571
"2637","Thyolo-DHO","July",2022,3967
"2638","Zomba-DHO","July",2022,7924
"2639","Balaka-DHO","August",2022,18202
"2640","Blantyre-DHO","August",2022,16749
"2641","Chikwawa-DHO","August",2022,7673
"2642","Chiradzulu-DHO","August",2022,601
"2643","Chitipa-DHO","August",2022,1074
"2644","Dedza-DHO","August",2022,7712
"2645","Dowa-DHO","August",2022,4643
"2646","Karonga-DHO","August",2022,5544
"2647","Kasungu-DHO","August",2022,3219
"2648","Likoma-DHO","August",2022,246
"2649","Lilongwe-DHO","August",2022,12358
"2650","Machinga-DHO","August",2022,26219
"2651","Mangochi-DHO","August",2022,29068
"2652","Mchinji-DHO","August",2022,3543
"2653","Mulanje-DHO","August",2022,7750
"2654","Mwanza-DHO","August",2022,3004
"2655","Mzimba-North-DHO","August",2022,2635
"2656","Mzimba-South-DHO","August",2022,6413
"2657","Neno-DHO","August",2022,3031
"2658","Nkhata-Bay-DHO","August",2022,19360
"2659","Nkhotakota-DHO","August",2022,29614
"2660","Nsanje-DHO","August",2022,8357
"2661","Ntcheu-DHO","August",2022,12474
"2662","Ntchisi-DHO","August",2022,4241
"2663","Phalombe-DHO","August",2022,4165
"2664","Rumphi-DHO","August",2022,946
"2665","Salima-DHO","August",2022,15252
"2666","Thyolo-DHO","August",2022,3480
"2667","Zomba-DHO","August",2022,7571
"2668","Balaka-DHO","September",2022,11850
"2669","Blantyre-DHO","September",2022,13421
"2670","Chikwawa-DHO","September",2022,5173
"2671","Chiradzulu-DHO","September",2022,601
"2672","Chitipa-DHO","September",2022,932
"2673","Dedza-DHO","September",2022,7362
"2674","Dowa-DHO","September",2022,4111
"2675","Karonga-DHO","September",2022,4275
"2676","Kasungu-DHO","September",2022,3126
"2677","Likoma-DHO","September",2022,301
"2678","Lilongwe-DHO","September",2022,12200
"2679","Machinga-DHO","September",2022,24202
"2680","Mangochi-DHO","September",2022,23406
"2681","Mchinji-DHO","September",2022,3518
"2682","Mulanje-DHO","September",2022,6702
"2683","Mwanza-DHO","September",2022,2251
"2684","Mzimba-North-DHO","September",2022,2302
"2685","Mzimba-South-DHO","September",2022,5339
"2686","Neno-DHO","September",2022,3491
"2687","Nkhata-Bay-DHO","September",2022,20236
"2688","Nkhotakota-DHO","September",2022,26027
"2689","Nsanje-DHO","September",2022,7261
"2690","Ntcheu-DHO","September",2022,10987
"2691","Ntchisi-DHO","September",2022,5261
"2692","Phalombe-DHO","September",2022,4582
"2693","Rumphi-DHO","September",2022,713
"2694","Salima-DHO","September",2022,13419
"2695","Thyolo-DHO","September",2022,3223
"2696","Zomba-DHO","September",2022,9386
"2697","Balaka-DHO","October",2022,11709
"2698","Blantyre-DHO","October",2022,15547
"2699","Chikwawa-DHO","October",2022,4684
"2700","Chiradzulu-DHO","October",2022,1072
"2701","Chitipa-DHO","October",2022,734
"2702","Dedza-DHO","October",2022,9973
"2703","Dowa-DHO","October",2022,5958
"2704","Karonga-DHO","October",2022,4285
"2705","Kasungu-DHO","October",2022,4360
"2706","Likoma-DHO","October",2022,219
"2707","Lilongwe-DHO","October",2022,14788
"2708","Machinga-DHO","October",2022,22134
"2709","Mangochi-DHO","October",2022,25853
"2710","Mchinji-DHO","October",2022,3667
"2711","Mulanje-DHO","October",2022,7489
"2712","Mwanza-DHO","October",2022,2095
"2713","Mzimba-North-DHO","October",2022,2496
"2714","Mzimba-South-DHO","October",2022,5532
"2715","Neno-DHO","October",2022,4872
"2716","Nkhata-Bay-DHO","October",2022,21739
"2717","Nkhotakota-DHO","October",2022,22219
"2718","Nsanje-DHO","October",2022,7268
"2719","Ntcheu-DHO","October",2022,15405
"2720","Ntchisi-DHO","October",2022,9835
"2721","Phalombe-DHO","October",2022,5299
"2722","Rumphi-DHO","October",2022,759
"2723","Salima-DHO","October",2022,16311
"2724","Thyolo-DHO","October",2022,3928
"2725","Zomba-DHO","October",2022,9998
"2726","Balaka-DHO","November",2022,6289
"2727","Blantyre-DHO","November",2022,11926
"2728","Chikwawa-DHO","November",2022,3254
"2729","Chiradzulu-DHO","November",2022,980
"2730","Chitipa-DHO","November",2022,791
"2731","Dedza-DHO","November",2022,10462
"2732","Dowa-DHO","November",2022,6249
"2733","Karonga-DHO","November",2022,3541
"2734","Kasungu-DHO","November",2022,7603
"2735","Likoma-DHO","November",2022,260
"2736","Lilongwe-DHO","November",2022,14425
"2737","Machinga-DHO","November",2022,17578
"2738","Mangochi-DHO","November",2022,18374
"2739","Mchinji-DHO","November",2022,3993
"2740","Mulanje-DHO","November",2022,10529
"2741","Mwanza-DHO","November",2022,2280
"2742","Mzimba-North-DHO","November",2022,2496
"2743","Mzimba-South-DHO","November",2022,6349
"2744","Neno-DHO","November",2022,4041
"2745","Nkhata-Bay-DHO","November",2022,18492
"2746","Nkhotakota-DHO","November",2022,16817
"2747","Nsanje-DHO","November",2022,4293
"2748","Ntcheu-DHO","November",2022,10742
"2749","Ntchisi-DHO","November",2022,11768
"2750","Phalombe-DHO","November",2022,5164
"2751","Rumphi-DHO","November",2022,781
"2752","Salima-DHO","November",2022,10927
"2753","Thyolo-DHO","November",2022,4682
"2754","Zomba-DHO","November",2022,8791
"2755","Balaka-DHO","December",2022,3184
"2756","Blantyre-DHO","December",2022,14194
"2757","Chikwawa-DHO","December",2022,3151
"2758","Chiradzulu-DHO","December",2022,1738
"2759","Chitipa-DHO","December",2022,1533
"2760","Dedza-DHO","December",2022,12207
"2761","Dowa-DHO","December",2022,8191
"2762","Karonga-DHO","December",2022,3284
"2763","Kasungu-DHO","December",2022,8213
"2764","Likoma-DHO","December",2022,151
"2765","Lilongwe-DHO","December",2022,21058
"2766","Machinga-DHO","December",2022,11344
"2767","Mangochi-DHO","December",2022,11679
"2768","Mchinji-DHO","December",2022,7211
"2769","Mulanje-DHO","December",2022,17030
"2770","Mwanza-DHO","December",2022,3968
"2771","Mzimba-North-DHO","December",2022,2936
"2772","Mzimba-South-DHO","December",2022,8695
"2773","Neno-DHO","December",2022,9127
"2774","Nkhata-Bay-DHO","December",2022,16598
"2775","Nkhotakota-DHO","December",2022,9011
"2776","Nsanje-DHO","December",2022,5734
"2777","Ntcheu-DHO","December",2022,13399
"2778","Ntchisi-DHO","December",2022,13733
"2779","Phalombe-DHO","December",2022,6637
"2780","Rumphi-DHO","December",2022,1364
"2781","Salima-DHO","December",2022,9683
"2782","Thyolo-DHO","December",2022,7216
"2783","Zomba-DHO","December",2022,13623
"2784","Balaka-DHO","January",2023,6319
"2785","Blantyre-DHO","January",2023,27943
"2786","Chikwawa-DHO","January",2023,8059
"2787","Chiradzulu-DHO","January",2023,5510
"2788","Chitipa-DHO","January",2023,7196
"2789","Dedza-DHO","January",2023,24466
"2790","Dowa-DHO","January",2023,24898
"2791","Karonga-DHO","January",2023,9095
"2792","Kasungu-DHO","January",2023,32746
"2793","Likoma-DHO","January",2023,331
"2794","Lilongwe-DHO","January",2023,48314
"2795","Machinga-DHO","January",2023,40997
"2796","Mangochi-DHO","January",2023,22037
"2797","Mchinji-DHO","January",2023,23132
"2798","Mulanje-DHO","January",2023,36947
"2799","Mwanza-DHO","January",2023,11526
"2800","Mzimba-North-DHO","January",2023,8731
"2801","Mzimba-South-DHO","January",2023,22314
"2802","Neno-DHO","January",2023,22681
"2803","Nkhata-Bay-DHO","January",2023,21239
"2804","Nkhotakota-DHO","January",2023,16839
"2805","Nsanje-DHO","January",2023,8976
"2806","Ntcheu-DHO","January",2023,28345
"2807","Ntchisi-DHO","January",2023,24724
"2808","Phalombe-DHO","January",2023,16915
"2809","Rumphi-DHO","January",2023,5764
"2810","Salima-DHO","January",2023,45244
"2811","Thyolo-DHO","January",2023,17352
"2812","Zomba-DHO","January",2023,34435
"2813","Balaka-DHO","February",2023,6679
"2814","Blantyre-DHO","February",2023,36315
"2815","Chikwawa-DHO","February",2023,17380
"2816","Chiradzulu-DHO","February",2023,6596
"2817","Chitipa-DHO","February",2023,5670
"2818","Dedza-DHO","February",2023,38179
"2819","Dowa-DHO","February",2023,16802
"2820","Karonga-DHO","February",2023,14621
"2821","Kasungu-DHO","February",2023,29035
"2822","Likoma-DHO","February",2023,278
"2823","Lilongwe-DHO","February",2023,40932
"2824","Machinga-DHO","February",2023,35425
"2825","Mangochi-DHO","February",2023,16884
"2826","Mchinji-DHO","February",2023,26120
"2827","Mulanje-DHO","February",2023,27057
"2828","Mwanza-DHO","February",2023,8539
"2829","Mzimba-North-DHO","February",2023,7504
"2830","Mzimba-South-DHO","February",2023,20319
"2831","Neno-DHO","February",2023,13166
"2832","Nkhata-Bay-DHO","February",2023,16156
"2833","Nkhotakota-DHO","February",2023,14154
"2834","Nsanje-DHO","February",2023,6340
"2835","Ntcheu-DHO","February",2023,16731
"2836","Ntchisi-DHO","February",2023,14874
"2837","Phalombe-DHO","February",2023,14626
"2838","Rumphi-DHO","February",2023,3038
"2839","Salima-DHO","February",2023,47468
"2840","Thyolo-DHO","February",2023,12059
"2841","Zomba-DHO","February",2023,24416
"2842","Balaka-DHO","March",2023,5169
"2843","Blantyre-DHO","March",2023,34333
"2844","Chikwawa-DHO","March",2023,17323
"2845","Chiradzulu-DHO","March",2023,4699
"2846","Chitipa-DHO","March",2023,2388
"2847","Dedza-DHO","March",2023,30436
"2848","Dowa-DHO","March",2023,10131
"2849","Karonga-DHO","March",2023,12803
"2850","Kasungu-DHO","March",2023,22657
"2851","Likoma-DHO","March",2023,312
"2852","Lilongwe-DHO","March",2023,51047
"2853","Machinga-DHO","March",2023,38643.5
"2854","Mangochi-DHO","March",2023,18201
"2855","Mchinji-DHO","March",2023,28929
"2856","Mulanje-DHO","March",2023,30701
"2857","Mwanza-DHO","March",2023,9563
"2858","Mzimba-North-DHO","March",2023,9759
"2859","Mzimba-South-DHO","March",2023,31727
"2860","Neno-DHO","March",2023,13962
"2861","Nkhata-Bay-DHO","March",2023,20433
"2862","Nkhotakota-DHO","March",2023,13182
"2863","Nsanje-DHO","March",2023,5438
"2864","Ntcheu-DHO","March",2023,24603
"2865","Ntchisi-DHO","March",2023,16837
"2866","Phalombe-DHO","March",2023,10984
"2867","Rumphi-DHO","March",2023,4363
"2868","Salima-DHO","March",2023,54330
"2869","Thyolo-DHO","March",2023,8159
"2870","Zomba-DHO","March",2023,24249
"2871","Balaka-DHO","April",2023,8230
"2872","Blantyre-DHO","April",2023,37182
"2873","Chikwawa-DHO","April",2023,25167
"2874","Chiradzulu-DHO","April",2023,5497
"2875","Chitipa-DHO","April",2023,4136
"2876","Dedza-DHO","April",2023,31281
"2877","Dowa-DHO","April",2023,12591
"2878","Karonga-DHO","April",2023,12261
"2879","Kasungu-DHO","April",2023,27694
"2880","Likoma-DHO","April",2023,301
"2881","Lilongwe-DHO","April",2023,36676
"2882","Machinga-DHO","April",2023,30846
"2883","Mangochi-DHO","April",2023,17758
"2884","Mchinji-DHO","April",2023,21443
"2885","Mulanje-DHO","April",2023,25817
"2886","Mwanza-DHO","April",2023,8055
"2887","Mzimba-North-DHO","April",2023,9291
"2888","Mzimba-South-DHO","April",2023,25535
"2889","Neno-DHO","April",2023,14923
"2890","Nkhata-Bay-DHO","April",2023,17369
"2891","Nkhotakota-DHO","April",2023,11512
"2892","Nsanje-DHO","April",2023,7846
"2893","Ntcheu-DHO","April",2023,24678
"2894","Ntchisi-DHO","April",2023,9428
"2895","Phalombe-DHO","April",2023,10114
"2896","Rumphi-DHO","April",2023,3181
"2897","Salima-DHO","April",2023,45741
"2898","Thyolo-DHO","April",2023,5900
"2899","Zomba-DHO","April",2023,21824
"2900","Balaka-DHO","May",2023,7949
"2901","Blantyre-DHO","May",2023,35813
"2902","Chikwawa-DHO","May",2023,20470
"2903","Chiradzulu-DHO","May",2023,4731
"2904","Chitipa-DHO","May",2023,4776
"2905","Dedza-DHO","May",2023,21970
"2906","Dowa-DHO","May",2023,8980
"2907","Karonga-DHO","May",2023,14274
"2908","Kasungu-DHO","May",2023,23861
"2909","Likoma-DHO","May",2023,615
"2910","Lilongwe-DHO","May",2023,38139
"2911","Machinga-DHO","May",2023,36679
"2912","Mangochi-DHO","May",2023,30643
"2913","Mchinji-DHO","May",2023,24292
"2914","Mulanje-DHO","May",2023,36754
"2915","Mwanza-DHO","May",2023,8163
"2916","Mzimba-North-DHO","May",2023,10159
"2917","Mzimba-South-DHO","May",2023,30748
"2918","Neno-DHO","May",2023,19622
"2919","Nkhata-Bay-DHO","May",2023,19337
"2920","Nkhotakota-DHO","May",2023,14204
"2921","Nsanje-DHO","May",2023,17944
"2922","Ntcheu-DHO","May",2023,35454
"2923","Ntchisi-DHO","May",2023,10915
"2924","Phalombe-DHO","May",2023,17687
"2925","Rumphi-DHO","May",2023,3739
"2926","Salima-DHO","May",2023,51963
"2927","Thyolo-DHO","May",2023,10618
"2928","Zomba-DHO","May",2023,27772
"2929","Balaka-DHO","June",2023,14327
"2930","Blantyre-DHO","June",2023,48082
"2931","Chikwawa-DHO","June",2023,26978
"2932","Chiradzulu-DHO","June",2023,9188
"2933","Chitipa-DHO","June",2023,5478
"2934","Dedza-DHO","June",2023,22102
"2935","Dowa-DHO","June",2023,11686
"2936","Karonga-DHO","June",2023,17362
"2937","Kasungu-DHO","June",2023,31605
"2938","Likoma-DHO","June",2023,399
"2939","Lilongwe-DHO","June",2023,38322
"2940","Machinga-DHO","June",2023,33544
"2941","Mangochi-DHO","June",2023,36185
"2942","Mchinji-DHO","June",2023,24386
"2943","Mulanje-DHO","June",2023,29760
"2944","Mwanza-DHO","June",2023,7061
"2945","Mzimba-North-DHO","June",2023,8314
"2946","Mzimba-South-DHO","June",2023,32237
"2947","Neno-DHO","June",2023,14768
"2948","Nkhata-Bay-DHO","June",2023,25050
"2949","Nkhotakota-DHO","June",2023,19603
"2950","Nsanje-DHO","June",2023,13551
"2951","Ntcheu-DHO","June",2023,33803
"2952","Ntchisi-DHO","June",2023,10213
"2953","Phalombe-DHO","June",2023,19289
"2954","Rumphi-DHO","June",2023,3287
"2955","Salima-DHO","June",2023,50755
"2956","Thyolo-DHO","June",2023,9094
"2957","Zomba-DHO","June",2023,27688
"2958","Balaka-DHO","July",2023,11462
"2959","Blantyre-DHO","July",2023,42226
"2960","Chikwawa-DHO","July",2023,19401
"2961","Chiradzulu-DHO","July",2023,7719
"2962","Chitipa-DHO","July",2023,4254
"2963","Dedza-DHO","July",2023,21725
"2964","Dowa-DHO","July",2023,10447
"2965","Karonga-DHO","July",2023,16902
"2966","Kasungu-DHO","July",2023,31407
"2967","Likoma-DHO","July",2023,306
"2968","Lilongwe-DHO","July",2023,25144
"2969","Machinga-DHO","July",2023,39421
"2970","Mangochi-DHO","July",2023,30524
"2971","Mchinji-DHO","July",2023,16108
"2972","Mulanje-DHO","July",2023,22794
"2973","Mwanza-DHO","July",2023,6175
"2974","Mzimba-North-DHO","July",2023,4876
"2975","Mzimba-South-DHO","July",2023,18972
"2976","Neno-DHO","July",2023,11598
"2977","Nkhata-Bay-DHO","July",2023,21796
"2978","Nkhotakota-DHO","July",2023,19856
"2979","Nsanje-DHO","July",2023,9451
"2980","Ntcheu-DHO","July",2023,21529
"2981","Ntchisi-DHO","July",2023,7160
"2982","Phalombe-DHO","July",2023,13403
"2983","Rumphi-DHO","July",2023,1821
"2984","Salima-DHO","July",2023,37253
"2985","Thyolo-DHO","July",2023,7006
"2986","Zomba-DHO","July",2023,22543
"2987","Balaka-DHO","August",2023,6797
"2988","Blantyre-DHO","August",2023,34031
"2989","Chikwawa-DHO","August",2023,20986
"2990","Chiradzulu-DHO","August",2023,4599
"2991","Chitipa-DHO","August",2023,3320
"2992","Dedza-DHO","August",2023,13759
"2993","Dowa-DHO","August",2023,7429
"2994","Karonga-DHO","August",2023,15069
"2995","Kasungu-DHO","August",2023,19977
"2996","Likoma-DHO","August",2023,362
"2997","Lilongwe-DHO","August",2023,20393
"2998","Machinga-DHO","August",2023,36555.5
"2999","Mangochi-DHO","August",2023,27499
"3000","Mchinji-DHO","August",2023,12782
"3001","Mulanje-DHO","August",2023,22966
"3002","Mwanza-DHO","August",2023,5717
"3003","Mzimba-North-DHO","August",2023,3237
"3004","Mzimba-South-DHO","August",2023,11738
"3005","Neno-DHO","August",2023,7977
"3006","Nkhata-Bay-DHO","August",2023,27736
"3007","Nkhotakota-DHO","August",2023,25329
"3008","Nsanje-DHO","August",2023,9015
"3009","Ntcheu-DHO","August",2023,15048
"3010","Ntchisi-DHO","August",2023,5924
"3011","Phalombe-DHO","August",2023,10502
"3012","Rumphi-DHO","August",2023,1639
"3013","Salima-DHO","August",2023,34006
"3014","Thyolo-DHO","August",2023,7021
"3015","Zomba-DHO","August",2023,21468
"3016","Balaka-DHO","September",2023,7279
"3017","Blantyre-DHO","September",2023,26904
"3018","Chikwawa-DHO","September",2023,18733
"3019","Chiradzulu-DHO","September",2023,2445
"3020","Chitipa-DHO","September",2023,2217
"3021","Dedza-DHO","September",2023,10108
"3022","Dowa-DHO","September",2023,6659
"3023","Karonga-DHO","September",2023,18830
"3024","Kasungu-DHO","September",2023,12108
"3025","Likoma-DHO","September",2023,714
"3026","Lilongwe-DHO","September",2023,29145
"3027","Machinga-DHO","September",2023,51505
"3028","Mangochi-DHO","September",2023,47614
"3029","Mchinji-DHO","September",2023,20186
"3030","Mulanje-DHO","September",2023,27735
"3031","Mwanza-DHO","September",2023,6898
"3032","Mzimba-North-DHO","September",2023,3784
"3033","Mzimba-South-DHO","September",2023,14279
"3034","Neno-DHO","September",2023,11487
"3035","Nkhata-Bay-DHO","September",2023,37974
"3036","Nkhotakota-DHO","September",2023,33072
"3037","Nsanje-DHO","September",2023,13030
"3038","Ntcheu-DHO","September",2023,16854
"3039","Ntchisi-DHO","September",2023,12703
"3040","Phalombe-DHO","September",2023,14428
"3041","Rumphi-DHO","September",2023,1640
"3042","Salima-DHO","September",2023,51396
"3043","Thyolo-DHO","September",2023,10809
"3044","Zomba-DHO","September",2023,30070
"3045","Balaka-DHO","October",2023,13048
"3046","Blantyre-DHO","October",2023,31707
"3047","Chikwawa-DHO","October",2023,17947
"3048","Chiradzulu-DHO","October",2023,3346
"3049","Chitipa-DHO","October",2023,2703
"3050","Dedza-DHO","October",2023,15199
"3051","Dowa-DHO","October",2023,11685.5
"3052","Karonga-DHO","October",2023,18805
"3053","Kasungu-DHO","October",2023,18732
"3054","Likoma-DHO","October",2023,436
"3055","Lilongwe-DHO","October",2023,39620
"3056","Machinga-DHO","October",2023,45096
"3057","Mangochi-DHO","October",2023,46566
"3058","Mchinji-DHO","October",2023,26693
"3059","Mulanje-DHO","October",2023,33413
"3060","Mwanza-DHO","October",2023,5413
"3061","Mzimba-North-DHO","October",2023,4224
"3062","Mzimba-South-DHO","October",2023,14675
"3063","Neno-DHO","October",2023,9759
"3064","Nkhata-Bay-DHO","October",2023,35627
"3065","Nkhotakota-DHO","October",2023,36490
"3066","Nsanje-DHO","October",2023,9840
"3067","Ntcheu-DHO","October",2023,21574
"3068","Ntchisi-DHO","October",2023,18444
"3069","Phalombe-DHO","October",2023,15499
"3070","Rumphi-DHO","October",2023,1607
"3071","Salima-DHO","October",2023,36558
"3072","Thyolo-DHO","October",2023,8498
"3073","Zomba-DHO","October",2023,35992
"3074","Balaka-DHO","November",2023,12952
"3075","Blantyre-DHO","November",2023,30746
"3076","Chikwawa-DHO","November",2023,11587
"3077","Chiradzulu-DHO","November",2023,5823
"3078","Chitipa-DHO","November",2023,3037
"3079","Dedza-DHO","November",2023,19425
"3080","Dowa-DHO","November",2023,18094
"3081","Karonga-DHO","November",2023,13981
"3082","Kasungu-DHO","November",2023,24536
"3083","Likoma-DHO","November",2023,197
"3084","Lilongwe-DHO","November",2023,44961
"3085","Machinga-DHO","November",2023,29941
"3086","Mangochi-DHO","November",2023,30901
"3087","Mchinji-DHO","November",2023,25938
"3088","Mulanje-DHO","November",2023,33933
"3089","Mwanza-DHO","November",2023,5641
"3090","Mzimba-North-DHO","November",2023,4595
"3091","Mzimba-South-DHO","November",2023,15717
"3092","Neno-DHO","November",2023,7738
"3093","Nkhata-Bay-DHO","November",2023,28507
"3094","Nkhotakota-DHO","November",2023,21869
"3095","Nsanje-DHO","November",2023,5523
"3096","Ntcheu-DHO","November",2023,17072
"3097","Ntchisi-DHO","November",2023,21500
"3098","Phalombe-DHO","November",2023,10532
"3099","Rumphi-DHO","November",2023,1615
"3100","Salima-DHO","November",2023,18119
"3101","Thyolo-DHO","November",2023,8953
"3102","Zomba-DHO","November",2023,30821
"3103","Balaka-DHO","December",2023,6511
"3104","Blantyre-DHO","December",2023,25984
"3105","Chikwawa-DHO","December",2023,8070
"3106","Chiradzulu-DHO","December",2023,4957
"3107","Chitipa-DHO","December",2023,3560
"3108","Dedza-DHO","December",2023,19537
"3109","Dowa-DHO","December",2023,17269
"3110","Karonga-DHO","December",2023,8609
"3111","Kasungu-DHO","December",2023,23873
"3112","Likoma-DHO","December",2023,142
"3113","Lilongwe-DHO","December",2023,53337
"3114","Machinga-DHO","December",2023,26278
"3115","Mangochi-DHO","December",2023,25210
"3116","Mchinji-DHO","December",2023,33815
"3117","Mulanje-DHO","December",2023,35841
"3118","Mwanza-DHO","December",2023,6258
"3119","Mzimba-North-DHO","December",2023,6981
"3120","Mzimba-South-DHO","December",2023,21962
"3121","Neno-DHO","December",2023,14599
"3122","Nkhata-Bay-DHO","December",2023,21439
"3123","Nkhotakota-DHO","December",2023,19194
"3124","Nsanje-DHO","December",2023,5278
"3125","Ntcheu-DHO","December",2023,20719
"3126","Ntchisi-DHO","December",2023,31629
"3127","Phalombe-DHO","December",2023,10918
"3128","Rumphi-DHO","December",2023,3739
"3129","Salima-DHO","December",2023,13646
"3130","Thyolo-DHO","December",2023,11026
"3131","Zomba-DHO","December",2023,32623
"3132","Balaka-DHO","January",2024,10559
"3133","Blantyre-DHO","January",2024,57414
"3134","Chikwawa-DHO","January",2024,14639
"3135","Chiradzulu-DHO","January",2024,17883
"3136","Chitipa-DHO","January",2024,11841
"3137","Dedza-DHO","January",2024,41376
"3138","Dowa-DHO","January",2024,47856
"3139","Karonga-DHO","January",2024,21857
"3140","Kasungu-DHO","January",2024,69854
"3141","Likoma-DHO","January",2024,308
"3142","Lilongwe-DHO","January",2024,125019
"3143","Machinga-DHO","January",2024,30256
"3144","Mangochi-DHO","January",2024,26501
"3145","Mchinji-DHO","January",2024,65432
"3146","Mulanje-DHO","January",2024,59095
"3147","Mwanza-DHO","January",2024,15310
"3148","Mzimba-North-DHO","January",2024,17670
"3149","Mzimba-South-DHO","January",2024,38423
"3150","Neno-DHO","January",2024,32718
"3151","Nkhata-Bay-DHO","January",2024,31658
"3152","Nkhotakota-DHO","January",2024,33600
"3153","Nsanje-DHO","January",2024,9735
"3154","Ntcheu-DHO","January",2024,31659
"3155","Ntchisi-DHO","January",2024,43534
"3156","Phalombe-DHO","January",2024,15437
"3157","Rumphi-DHO","January",2024,10925
"3158","Salima-DHO","January",2024,37700
"3159","Thyolo-DHO","January",2024,24678
"3160","Zomba-DHO","January",2024,58107
"3161","Balaka-DHO","February",2024,14291
"3162","Blantyre-DHO","February",2024,46228
"3163","Chikwawa-DHO","February",2024,22946
"3164","Chiradzulu-DHO","February",2024,12038
"3165","Chitipa-DHO","February",2024,6433
"3166","Dedza-DHO","February",2024,33583
"3167","Dowa-DHO","February",2024,25619
"3168","Karonga-DHO","February",2024,25817
"3169","Kasungu-DHO","February",2024,70067
"3170","Likoma-DHO","February",2024,117
"3171","Lilongwe-DHO","February",2024,125558
"3172","Machinga-DHO","February",2024,34262
"3173","Mangochi-DHO","February",2024,28894
"3174","Mchinji-DHO","February",2024,64744
"3175","Mulanje-DHO","February",2024,55601
"3176","Mwanza-DHO","February",2024,12934
"3177","Mzimba-North-DHO","February",2024,17987
"3178","Mzimba-South-DHO","February",2024,41401
"3179","Neno-DHO","February",2024,27963
"3180","Nkhata-Bay-DHO","February",2024,25413
"3181","Nkhotakota-DHO","February",2024,29837
"3182","Nsanje-DHO","February",2024,10834
"3183","Ntcheu-DHO","February",2024,28458
"3184","Ntchisi-DHO","February",2024,27845
"3185","Phalombe-DHO","February",2024,14025
"3186","Rumphi-DHO","February",2024,9153
"3187","Salima-DHO","February",2024,36798
"3188","Thyolo-DHO","February",2024,21955
"3189","Zomba-DHO","February",2024,42581
"3190","Balaka-DHO","March",2024,17277
"3191","Blantyre-DHO","March",2024,56267
"3192","Chikwawa-DHO","March",2024,14571
"3193","Chiradzulu-DHO","March",2024,15394
"3194","Chitipa-DHO","March",2024,8978
"3195","Dedza-DHO","March",2024,42125
"3196","Dowa-DHO","March",2024,28692
"3197","Karonga-DHO","March",2024,16425
"3198","Kasungu-DHO","March",2024,80574
"3199","Likoma-DHO","March",2024,270
"3200","Lilongwe-DHO","March",2024,106954
"3201","Machinga-DHO","March",2024,34999
"3202","Mangochi-DHO","March",2024,28051
"3203","Mchinji-DHO","March",2024,46566
"3204","Mulanje-DHO","March",2024,46302
"3205","Mwanza-DHO","March",2024,14097
"3206","Mzimba-North-DHO","March",2024,22415
"3207","Mzimba-South-DHO","March",2024,43207
"3208","Neno-DHO","March",2024,27570
"3209","Nkhata-Bay-DHO","March",2024,24071
"3210","Nkhotakota-DHO","March",2024,29059
"3211","Nsanje-DHO","March",2024,12061
"3212","Ntcheu-DHO","March",2024,30053
"3213","Ntchisi-DHO","March",2024,29541
"3214","Phalombe-DHO","March",2024,13510
"3215","Rumphi-DHO","March",2024,9351
"3216","Salima-DHO","March",2024,31928
"3217","Thyolo-DHO","March",2024,16895
"3218","Zomba-DHO","March",2024,59011
"3219","Balaka-DHO","April",2024,24200
"3220","Blantyre-DHO","April",2024,72727
"3221","Chikwawa-DHO","April",2024,21575
"3222","Chiradzulu-DHO","April",2024,17216
"3223","Chitipa-DHO","April",2024,12106
"3224","Dedza-DHO","April",2024,32877
"3225","Dowa-DHO","April",2024,38761
"3226","Karonga-DHO","April",2024,19961
"3227","Kasungu-DHO","April",2024,63576
"3228","Likoma-DHO","April",2024,449
"3229","Lilongwe-DHO","April",2024,152170
"3230","Machinga-DHO","April",2024,51930
"3231","Mangochi-DHO","April",2024,49505
"3232","Mchinji-DHO","April",2024,60334
"3233","Mulanje-DHO","April",2024,54753
"3234","Mwanza-DHO","April",2024,16966
"3235","Mzimba-North-DHO","April",2024,21112
"3236","Mzimba-South-DHO","April",2024,41182
"3237","Neno-DHO","April",2024,32770
"3238","Nkhata-Bay-DHO","April",2024,26443
"3239","Nkhotakota-DHO","April",2024,34280
"3240","Nsanje-DHO","April",2024,14111
"3241","Ntcheu-DHO","April",2024,40588
"3242","Ntchisi-DHO","April",2024,36383
"3243","Phalombe-DHO","April",2024,18906
"3244","Rumphi-DHO","April",2024,15426
"3245","Salima-DHO","April",2024,48152
"3246","Thyolo-DHO","April",2024,22418
"3247","Zomba-DHO","April",2024,60537
"3248","Balaka-DHO","May",2024,27173
"3249","Blantyre-DHO","May",2024,57945
"3250","Chikwawa-DHO","May",2024,29043
"3251","Chiradzulu-DHO","May",2024,28875
"3252","Chitipa-DHO","May",2024,11705
"3253","Dedza-DHO","May",2024,36232
"3254","Dowa-DHO","May",2024,43200
"3255","Karonga-DHO","May",2024,17531
"3256","Kasungu-DHO","May",2024,102162
"3257","Likoma-DHO","May",2024,651
"3258","Lilongwe-DHO","May",2024,135960
"3259","Machinga-DHO","May",2024,47925
"3260","Mangochi-DHO","May",2024,55860
"3261","Mchinji-DHO","May",2024,49207
"3262","Mulanje-DHO","May",2024,61478
"3263","Mwanza-DHO","May",2024,20830
"3264","Mzimba-North-DHO","May",2024,34012
"3265","Mzimba-South-DHO","May",2024,69719
"3266","Neno-DHO","May",2024,26888
"3267","Nkhata-Bay-DHO","May",2024,29278
"3268","Nkhotakota-DHO","May",2024,40176
"3269","Nsanje-DHO","May",2024,17315
"3270","Ntcheu-DHO","May",2024,49450
"3271","Ntchisi-DHO","May",2024,35941
"3272","Phalombe-DHO","May",2024,18162
"3273","Rumphi-DHO","May",2024,15240
"3274","Salima-DHO","May",2024,50383
"3275","Thyolo-DHO","May",2024,32196
"3276","Zomba-DHO","May",2024,89084
"3277","Balaka-DHO","June",2024,13338
"3278","Blantyre-DHO","June",2024,39791
"3279","Chikwawa-DHO","June",2024,18878
"3280","Chiradzulu-DHO","June",2024,10478
"3281","Chitipa-DHO","June",2024,6425
"3282","Dedza-DHO","June",2024,20659
"3283","Dowa-DHO","June",2024,24037
"3284","Karonga-DHO","June",2024,14184
"3285","Kasungu-DHO","June",2024,59959
"3286","Likoma-DHO","June",2024,519
"3287","Lilongwe-DHO","June",2024,88760
"3288","Machinga-DHO","June",2024,29887
"3289","Mangochi-DHO","June",2024,35074
"3290","Mchinji-DHO","June",2024,32914
"3291","Mulanje-DHO","June",2024,37788
"3292","Mwanza-DHO","June",2024,13643
"3293","Mzimba-North-DHO","June",2024,6984
"3294","Mzimba-South-DHO","June",2024,24319
"3295","Neno-DHO","June",2024,17555
"3296","Nkhata-Bay-DHO","June",2024,28226
"3297","Nkhotakota-DHO","June",2024,40880
"3298","Nsanje-DHO","June",2024,14176
"3299","Ntcheu-DHO","June",2024,24840
"3300","Ntchisi-DHO","June",2024,29260
"3301","Phalombe-DHO","June",2024,8966
"3302","Rumphi-DHO","June",2024,8890
"3303","Salima-DHO","June",2024,32854
"3304","Thyolo-DHO","June",2024,16310
"3305","Zomba-DHO","June",2024,55227
"3306","Balaka-DHO","July",2024,11174
"3307","Blantyre-DHO","July",2024,36873
"3308","Chikwawa-DHO","July",2024,18723
"3309","Chiradzulu-DHO","July",2024,5227
"3310","Chitipa-DHO","July",2024,5183
"3311","Dedza-DHO","July",2024,12791
"3312","Dowa-DHO","July",2024,14588
"3313","Karonga-DHO","July",2024,19364
"3314","Kasungu-DHO","July",2024,36160
"3315","Likoma-DHO","July",2024,651
"3316","Lilongwe-DHO","July",2024,60073
"3317","Machinga-DHO","July",2024,29738
"3318","Mangochi-DHO","July",2024,30564
"3319","Mchinji-DHO","July",2024,24847
"3320","Mulanje-DHO","July",2024,27117
"3321","Mwanza-DHO","July",2024,8882
"3322","Mzimba-North-DHO","July",2024,8619
"3323","Mzimba-South-DHO","July",2024,16568
"3324","Neno-DHO","July",2024,13156
"3325","Nkhata-Bay-DHO","July",2024,32659
"3326","Nkhotakota-DHO","July",2024,37504
"3327","Nsanje-DHO","July",2024,14235
"3328","Ntcheu-DHO","July",2024,18687
"3329","Ntchisi-DHO","July",2024,18060
"3330","Phalombe-DHO","July",2024,7641
"3331","Rumphi-DHO","July",2024,5074
"3332","Salima-DHO","July",2024,30728
"3333","Thyolo-DHO","July",2024,14386
"3334","Zomba-DHO","July",2024,38983
"3335","Balaka-DHO","August",2024,9489
"3336","Blantyre-DHO","August",2024,35686
"3337","Chikwawa-DHO","August",2024,25230
"3338","Chiradzulu-DHO","August",2024,6075
"3339","Chitipa-DHO","August",2024,3432
"3340","Dedza-DHO","August",2024,9409
"3341","Dowa-DHO","August",2024,14578
"3342","Karonga-DHO","August",2024,19602
"3343","Kasungu-DHO","August",2024,28338
"3344","Likoma-DHO","August",2024,837
"3345","Lilongwe-DHO","August",2024,38917
"3346","Machinga-DHO","August",2024,27319
"3347","Mangochi-DHO","August",2024,34108
"3348","Mchinji-DHO","August",2024,19029
"3349","Mulanje-DHO","August",2024,27316
"3350","Mwanza-DHO","August",2024,9330
"3351","Mzimba-North-DHO","August",2024,7199
"3352","Mzimba-South-DHO","August",2024,17998
"3353","Neno-DHO","August",2024,12700
"3354","Nkhata-Bay-DHO","August",2024,29813
"3355","Nkhotakota-DHO","August",2024,40002
"3356","Nsanje-DHO","August",2024,17050
"3357","Ntcheu-DHO","August",2024,13671
"3358","Ntchisi-DHO","August",2024,15793
"3359","Phalombe-DHO","August",2024,7599
"3360","Rumphi-DHO","August",2024,3516
"3361","Salima-DHO","August",2024,31668
"3362","Thyolo-DHO","August",2024,16949
"3363","Zomba-DHO","August",2024,40498
"3364","Balaka-DHO","September",2024,8032
"3365","Blantyre-DHO","September",2024,34680
"3366","Chikwawa-DHO","September",2024,18362
"3367","Chiradzulu-DHO","September",2024,4744
"3368","Chitipa-DHO","September",2024,3377
"3369","Dedza-DHO","September",2024,10019
"3370","Dowa-DHO","September",2024,19510
"3371","Karonga-DHO","September",2024,19778
"3372","Kasungu-DHO","September",2024,29560
"3373","Likoma-DHO","September",2024,930
"3374","Lilongwe-DHO","September",2024,42783
"3375","Machinga-DHO","September",2024,24683
"3376","Mangochi-DHO","September",2024,40508
"3377","Mchinji-DHO","September",2024,18338
"3378","Mulanje-DHO","September",2024,32922
"3379","Mwanza-DHO","September",2024,8126
"3380","Mzimba-North-DHO","September",2024,6856
"3381","Mzimba-South-DHO","September",2024,14714
"3382","Neno-DHO","September",2024,12278
"3383","Nkhata-Bay-DHO","September",2024,32277
"3384","Nkhotakota-DHO","September",2024,30443
"3385","Nsanje-DHO","September",2024,17033
"3386","Ntcheu-DHO","September",2024,11501
"3387","Ntchisi-DHO","September",2024,22581
"3388","Phalombe-DHO","September",2024,7288
"3389","Rumphi-DHO","September",2024,3435
"3390","Salima-DHO","September",2024,31721
"3391","Thyolo-DHO","September",2024,18677
"3392","Zomba-DHO","September",2024,33516
"3393","Balaka-DHO","October",2024,6456
"3394","Blantyre-DHO","October",2024,23580
"3395","Chikwawa-DHO","October",2024,6602
"3396","Chiradzulu-DHO","October",2024,4557
"3397","Chitipa-DHO","October",2024,4275
"3398","Dedza-DHO","October",2024,13235
"3399","Dowa-DHO","October",2024,26903
"3400","Karonga-DHO","October",2024,14536
"3401","Kasungu-DHO","October",2024,34745
"3402","Likoma-DHO","October",2024,507
"3403","Lilongwe-DHO","October",2024,58486
"3404","Machinga-DHO","October",2024,20879
"3405","Mangochi-DHO","October",2024,31497
"3406","Mchinji-DHO","October",2024,24671
"3407","Mulanje-DHO","October",2024,35144
"3408","Mwanza-DHO","October",2024,8416
"3409","Mzimba-North-DHO","October",2024,7283
"3410","Mzimba-South-DHO","October",2024,16561
"3411","Neno-DHO","October",2024,11356
"3412","Nkhata-Bay-DHO","October",2024,34094
"3413","Nkhotakota-DHO","October",2024,34701
"3414","Nsanje-DHO","October",2024,9124
"3415","Ntcheu-DHO","October",2024,12420
"3416","Ntchisi-DHO","October",2024,30336
"3417","Phalombe-DHO","October",2024,5732
"3418","Rumphi-DHO","October",2024,3884
"3419","Salima-DHO","October",2024,23016
"3420","Thyolo-DHO","October",2024,17284
"3421","Zomba-DHO","October",2024,34607
"3422","Balaka-DHO","November",2024,5064
"3423","Blantyre-DHO","November",2024,26732
"3424","Chikwawa-DHO","November",2024,10298
"3425","Chiradzulu-DHO","November",2024,3466
"3426","Chitipa-DHO","November",2024,5486
"3427","Dedza-DHO","November",2024,14646
"3428","Dowa-DHO","November",2024,31076
"3429","Karonga-DHO","November",2024,12517
"3430","Kasungu-DHO","November",2024,36173
"3431","Likoma-DHO","November",2024,248
"3432","Lilongwe-DHO","November",2024,64284
"3433","Machinga-DHO","November",2024,19275
"3434","Mangochi-DHO","November",2024,29109
"3435","Mchinji-DHO","November",2024,23403
"3436","Mulanje-DHO","November",2024,36649
"3437","Mwanza-DHO","November",2024,9158
"3438","Mzimba-North-DHO","November",2024,8087
"3439","Mzimba-South-DHO","November",2024,25449
"3440","Neno-DHO","November",2024,11568
"3441","Nkhata-Bay-DHO","November",2024,31953
"3442","Nkhotakota-DHO","November",2024,28043
"3443","Nsanje-DHO","November",2024,8352
"3444","Ntcheu-DHO","November",2024,12093
"3445","Ntchisi-DHO","November",2024,31055
"3446","Phalombe-DHO","November",2024,4766
"3447","Rumphi-DHO","November",2024,5699
"3448","Salima-DHO","November",2024,16718
"3449","Thyolo-DHO","November",2024,19712
"3450","Zomba-DHO","November",2024,32767
"3451","Balaka-DHO","December",2024,7469
"3452","Blantyre-DHO","December",2024,35813
"3453","Chikwawa-DHO","December",2024,9987
"3454","Chiradzulu-DHO","December",2024,7042
"3455","Chitipa-DHO","December",2024,8851
"3456","Dedza-DHO","December",2024,24060
"3457","Dowa-DHO","December",2024,41646
"3458","Karonga-DHO","December",2024,10709
"3459","Kasungu-DHO","December",2024,40606
"3460","Likoma-DHO","December",2024,157
"3461","Lilongwe-DHO","December",2024,97842
"3462","Machinga-DHO","December",2024,22836
"3463","Mangochi-DHO","December",2024,25400
"3464","Mchinji-DHO","December",2024,38078
"3465","Mulanje-DHO","December",2024,54692
"3466","Mwanza-DHO","December",2024,11049
"3467","Mzimba-North-DHO","December",2024,14791
"3468","Mzimba-South-DHO","December",2024,29412
"3469","Neno-DHO","December",2024,21956
"3470","Nkhata-Bay-DHO","December",2024,25674
"3471","Nkhotakota-DHO","December",2024,17514
"3472","Nsanje-DHO","December",2024,5511
"3473","Ntcheu-DHO","December",2024,19509
"3474","Ntchisi-DHO","December",2024,43401
"3475","Phalombe-DHO","December",2024,8557
"3476","Rumphi-DHO","December",2024,10635
"3477","Salima-DHO","December",2024,11428
"3478","Thyolo-DHO","December",2024,29867
"3479","Zomba-DHO","December",2024,46816
"3480","Balaka-DHO","January",2025,7077
"3481","Blantyre-DHO","January",2025,36278
"3482","Chikwawa-DHO","January",2025,12220
"3483","Chiradzulu-DHO","January",2025,12754
"3484","Chitipa-DHO","January",2025,11472
"3485","Dedza-DHO","January",2025,36636
"3486","Dowa-DHO","January",2025,54983
"3487","Karonga-DHO","January",2025,15355
"3488","Kasungu-DHO","January",2025,75297
"3489","Likoma-DHO","January",2025,165
"3490","Lilongwe-DHO","January",2025,129336
"3491","Machinga-DHO","January",2025,22994
"3492","Mangochi-DHO","January",2025,20920
"3493","Mchinji-DHO","January",2025,47871
"3494","Mulanje-DHO","January",2025,38041
"3495","Mwanza-DHO","January",2025,10319
"3496","Mzimba-North-DHO","January",2025,25651
"3497","Mzimba-South-DHO","January",2025,52691
"3498","Neno-DHO","January",2025,18290
"3499","Nkhata-Bay-DHO","January",2025,18747
"3500","Nkhotakota-DHO","January",2025,16884
"3501","Nsanje-DHO","January",2025,5645
"3502","Ntcheu-DHO","January",2025,26597
"3503","Ntchisi-DHO","January",2025,45094
"3504","Phalombe-DHO","January",2025,6705
"3505","Rumphi-DHO","January",2025,16747
"3506","Salima-DHO","January",2025,13474
"3507","Thyolo-DHO","January",2025,22722
"3508","Zomba-DHO","January",2025,53291
"3509","Balaka-DHO","February",2025,8425
"3510","Blantyre-DHO","February",2025,29114
"3511","Chikwawa-DHO","February",2025,16592
"3512","Chiradzulu-DHO","February",2025,11796
"3513","Chitipa-DHO","February",2025,7522
"3514","Dedza-DHO","February",2025,42144
"3515","Dowa-DHO","February",2025,58346
"3516","Karonga-DHO","February",2025,20505
"3517","Kasungu-DHO","February",2025,71917
"3518","Likoma-DHO","February",2025,206
"3519","Lilongwe-DHO","February",2025,133353
"3520","Machinga-DHO","February",2025,22849
"3521","Mangochi-DHO","February",2025,20230
"3522","Mchinji-DHO","February",2025,41435
"3523","Mulanje-DHO","February",2025,29787
"3524","Mwanza-DHO","February",2025,11601
"3525","Mzimba-North-DHO","February",2025,24823
"3526","Mzimba-South-DHO","February",2025,38794
"3527","Neno-DHO","February",2025,12695
"3528","Nkhata-Bay-DHO","February",2025,15407
"3529","Nkhotakota-DHO","February",2025,18765
"3530","Nsanje-DHO","February",2025,4872
"3531","Ntcheu-DHO","February",2025,39008
"3532","Ntchisi-DHO","February",2025,38535
"3533","Phalombe-DHO","February",2025,9327
"3534","Rumphi-DHO","February",2025,14633
"3535","Salima-DHO","February",2025,23316
"3536","Thyolo-DHO","February",2025,13349
"3537","Zomba-DHO","February",2025,71322
"3538","Balaka-DHO","March",2025,7211
"3539","Blantyre-DHO","March",2025,25446
"3540","Chikwawa-DHO","March",2025,20731
"3541","Chiradzulu-DHO","March",2025,9444
"3542","Chitipa-DHO","March",2025,7910
"3543","Dedza-DHO","March",2025,39940
"3544","Dowa-DHO","March",2025,50825
"3545","Karonga-DHO","March",2025,15353
"3546","Kasungu-DHO","March",2025,78304
"3547","Likoma-DHO","March",2025,234
"3548","Lilongwe-DHO","March",2025,135773
"3549","Machinga-DHO","March",2025,18838
"3550","Mangochi-DHO","March",2025,18235
"3551","Mchinji-DHO","March",2025,62225
"3552","Mulanje-DHO","March",2025,23750
"3553","Mwanza-DHO","March",2025,13979
"3554","Mzimba-North-DHO","March",2025,35002
"3555","Mzimba-South-DHO","March",2025,65727
"3556","Neno-DHO","March",2025,10443
"3557","Nkhata-Bay-DHO","March",2025,13839
"3558","Nkhotakota-DHO","March",2025,14763
"3559","Nsanje-DHO","March",2025,10841
"3560","Ntcheu-DHO","March",2025,31721
"3561","Ntchisi-DHO","March",2025,34189
"3562","Phalombe-DHO","March",2025,7360
"3563","Rumphi-DHO","March",2025,12982
"3564","Salima-DHO","March",2025,17346
"3565","Thyolo-DHO","March",2025,9022
"3566","Zomba-DHO","March",2025,51740
"3567","Balaka-DHO","April",2025,12969
"3568","Blantyre-DHO","April",2025,28261
"3569","Chikwawa-DHO","April",2025,20070
"3570","Chiradzulu-DHO","April",2025,8793
"3571","Chitipa-DHO","April",2025,10070
"3572","Dedza-DHO","April",2025,40731
"3573","Dowa-DHO","April",2025,53047
"3574","Karonga-DHO","April",2025,19652
"3575","Kasungu-DHO","April",2025,59869
"3576","Likoma-DHO","April",2025,181
"3577","Lilongwe-DHO","April",2025,110694
"3578","Machinga-DHO","April",2025,21514
"3579","Mangochi-DHO","April",2025,21742
"3580","Mchinji-DHO","April",2025,56022
"3581","Mulanje-DHO","April",2025,26520
"3582","Mwanza-DHO","April",2025,8108
"3583","Mzimba-North-DHO","April",2025,27643
"3584","Mzimba-South-DHO","April",2025,35346
"3585","Neno-DHO","April",2025,6755
"3586","Nkhata-Bay-DHO","April",2025,12906
"3587","Nkhotakota-DHO","April",2025,14159
"3588","Nsanje-DHO","April",2025,17776
"3589","Ntcheu-DHO","April",2025,38575
"3590","Ntchisi-DHO","April",2025,35582
"3591","Phalombe-DHO","April",2025,7599
"3592","Rumphi-DHO","April",2025,15319
"3593","Salima-DHO","April",2025,20259
"3594","Thyolo-DHO","April",2025,10138
"3595","Zomba-DHO","April",2025,33745
"3596","Balaka-DHO","May",2025,8523
"3597","Blantyre-DHO","May",2025,21061
"3598","Chikwawa-DHO","May",2025,12853
"3599","Chiradzulu-DHO","May",2025,6989
"3600","Chitipa-DHO","May",2025,10309
"3601","Dedza-DHO","May",2025,27950
"3602","Dowa-DHO","May",2025,21642
"3603","Karonga-DHO","May",2025,17399
"3604","Kasungu-DHO","May",2025,61281
"3605","Likoma-DHO","May",2025,339
"3606","Lilongwe-DHO","May",2025,56686
"3607","Machinga-DHO","May",2025,19682
"3608","Mangochi-DHO","May",2025,18489
"3609","Mchinji-DHO","May",2025,42428
"3610","Mulanje-DHO","May",2025,21703
"3611","Mwanza-DHO","May",2025,7088
"3612","Mzimba-North-DHO","May",2025,21632
"3613","Mzimba-South-DHO","May",2025,23321
"3614","Neno-DHO","May",2025,4681
"3615","Nkhata-Bay-DHO","May",2025,12722
"3616","Nkhotakota-DHO","May",2025,15272
"3617","Nsanje-DHO","May",2025,14788
"3618","Ntcheu-DHO","May",2025,24913
"3619","Ntchisi-DHO","May",2025,25201
"3620","Phalombe-DHO","May",2025,5967
"3621","Rumphi-DHO","May",2025,16384
"3622","Salima-DHO","May",2025,20933
"3623","Thyolo-DHO","May",2025,8745
"3624","Zomba-DHO","May",2025,24018
"3625","Balaka-DHO","June",2025,3905
"3626","Blantyre-DHO","June",2025,15813
"3627","Chikwawa-DHO","June",2025,11804
"3628","Chiradzulu-DHO","June",2025,2490
"3629","Chitipa-DHO","June",2025,8483
"3630","Dedza-DHO","June",2025,15877
"3631","Dowa-DHO","June",2025,13440
"3632","Karonga-DHO","June",2025,15018
"3633","Kasungu-DHO","June",2025,25121
"3634","Likoma-DHO","June",2025,284
"3635","Lilongwe-DHO","June",2025,32424
"3636","Machinga-DHO","June",2025,15886
"3637","Mangochi-DHO","June",2025,14510
"3638","Mchinji-DHO","June",2025,20920
"3639","Mulanje-DHO","June",2025,12107
"3640","Mwanza-DHO","June",2025,3795
"3641","Mzimba-North-DHO","June",2025,15357
"3642","Mzimba-South-DHO","June",2025,23528
"3643","Neno-DHO","June",2025,3193
"3644","Nkhata-Bay-DHO","June",2025,10321
"3645","Nkhotakota-DHO","June",2025,11832
"3646","Nsanje-DHO","June",2025,9896
"3647","Ntcheu-DHO","June",2025,14095
"3648","Ntchisi-DHO","June",2025,13155
"3649","Phalombe-DHO","June",2025,3791
"3650","Rumphi-DHO","June",2025,11250
"3651","Salima-DHO","June",2025,17130
"3652","Thyolo-DHO","June",2025,7511
"3653","Zomba-DHO","June",2025,16139
"3654","Balaka-DHO","July",2025,2281
"3655","Blantyre-DHO","July",2025,11535
"3656","Chikwawa-DHO","July",2025,8040
"3657","Chiradzulu-DHO","July",2025,1343
"3658","Chitipa-DHO","July",2025,4531
"3659","Dedza-DHO","July",2025,10006
"3660","Dowa-DHO","July",2025,9144
"3661","Karonga-DHO","July",2025,10731
"3662","Kasungu-DHO","July",2025,273648
"3663","Likoma-DHO","July",2025,169
"3664","Lilongwe-DHO","July",2025,21131
"3665","Machinga-DHO","July",2025,11594
"3666","Mangochi-DHO","July",2025,8961
"3667","Mchinji-DHO","July",2025,8453
"3668","Mulanje-DHO","July",2025,8285
"3669","Mwanza-DHO","July",2025,3874
"3670","Mzimba-North-DHO","July",2025,5415
"3671","Mzimba-South-DHO","July",2025,14365
"3672","Neno-DHO","July",2025,2142
"3673","Nkhata-Bay-DHO","July",2025,7778
"3674","Nkhotakota-DHO","July",2025,5227
"3675","Nsanje-DHO","July",2025,8360
"3676","Ntcheu-DHO","July",2025,8876
"3677","Ntchisi-DHO","July",2025,7189
"3678","Phalombe-DHO","July",2025,2262
"3679","Rumphi-DHO","July",2025,4918
"3680","Salima-DHO","July",2025,11200
"3681","Thyolo-DHO","July",2025,5512
"3682","Zomba-DHO","July",2025,8369
"3683","Balaka-DHO","August",2025,1890
"3684","Blantyre-DHO","August",2025,6698
"3685","Chikwawa-DHO","August",2025,7331
"3686","Chiradzulu-DHO","August",2025,720
"3687","Chitipa-DHO","August",2025,1676
"3688","Dedza-DHO","August",2025,5415
"3689","Dowa-DHO","August",2025,4153
"3690","Karonga-DHO","August",2025,6752
"3691","Kasungu-DHO","August",2025,8342
"3692","Likoma-DHO","August",2025,103
"3693","Lilongwe-DHO","August",2025,12866
"3694","Machinga-DHO","August",2025,8525
"3695","Mangochi-DHO","August",2025,6443
"3696","Mchinji-DHO","August",2025,5727
"3697","Mulanje-DHO","August",2025,5009
"3698","Mwanza-DHO","August",2025,2996
"3699","Mzimba-North-DHO","August",2025,2442
"3700","Mzimba-South-DHO","August",2025,6686
"3701","Neno-DHO","August",2025,1318
"3702","Nkhata-Bay-DHO","August",2025,6090
"3703","Nkhotakota-DHO","August",2025,3245
"3704","Nsanje-DHO","August",2025,5682
"3705","Ntcheu-DHO","August",2025,7020
"3706","Ntchisi-DHO","August",2025,3671
"3707","Phalombe-DHO","August",2025,1480
"3708","Rumphi-DHO","August",2025,1397
"3709","Salima-DHO","August",2025,7677
"3710","Thyolo-DHO","August",2025,3952
"3711","Zomba-DHO","August",2025,5026
"3712","Balaka-DHO","September",2025,1334
"3713","Blantyre-DHO","September",2025,6652
"3714","Chikwawa-DHO","September",2025,6638
"3715","Chiradzulu-DHO","September",2025,659
"3716","Chitipa-DHO","September",2025,1235
"3717","Dedza-DHO","September",2025,3920
"3718","Dowa-DHO","September",2025,2306
"3719","Karonga-DHO","September",2025,4294
"3720","Kasungu-DHO","September",2025,6416
"3721","Likoma-DHO","September",2025,114
"3722","Lilongwe-DHO","September",2025,12809
"3723","Machinga-DHO","September",2025,7820
"3724","Mangochi-DHO","September",2025,6223
"3725","Mchinji-DHO","September",2025,4741
"3726","Mulanje-DHO","September",2025,5331
"3727","Mwanza-DHO","September",2025,2910
"3728","Mzimba-North-DHO","September",2025,1323
"3729","Mzimba-South-DHO","September",2025,4500
"3730","Neno-DHO","September",2025,1260
"3731","Nkhata-Bay-DHO","September",2025,6069
"3732","Nkhotakota-DHO","September",2025,3231
"3733","Nsanje-DHO","September",2025,5835
"3734","Ntcheu-DHO","September",2025,5765
"3735","Ntchisi-DHO","September",2025,2311
"3736","Phalombe-DHO","September",2025,1719
"3737","Rumphi-DHO","September",2025,977
"3738","Salima-DHO","September",2025,6553
"3739","Thyolo-DHO","September",2025,3249
"3740","Zomba-DHO","September",2025,3484
"3741","Balaka-DHO","October",2025,1677
"3742","Blantyre-DHO","October",2025,9641
"3743","Chikwawa-DHO","October",2025,5277
"3744","Chiradzulu-DHO","October",2025,892
"3745","Chitipa-DHO","October",2025,1230
"3746","Dedza-DHO","October",2025,4540
"3747","Dowa-DHO","October",2025,3292
"3748","Karonga-DHO","October",2025,3446
"3749","Kasungu-DHO","October",2025,7472
"3750","Likoma-DHO","October",2025,88
"3751","Lilongwe-DHO","October",2025,11056
"3752","Machinga-DHO","October",2025,8456
"3753","Mangochi-DHO","October",2025,7891
"3754","Mchinji-DHO","October",2025,5741
"3755","Mulanje-DHO","October",2025,7481
"3756","Mwanza-DHO","October",2025,3783
"3757","Mzimba-North-DHO","October",2025,1544
"3758","Mzimba-South-DHO","October",2025,5266
"3759","Neno-DHO","October",2025,1715
"3760","Nkhata-Bay-DHO","October",2025,4053
"3761","Nkhotakota-DHO","October",2025,4436
"3762","Nsanje-DHO","October",2025,6247
"3763","Ntcheu-DHO","October",2025,6083
"3764","Ntchisi-DHO","October",2025,2867
"3765","Phalombe-DHO","October",2025,1812
"3766","Rumphi-DHO","October",2025,1577
"3767","Salima-DHO","October",2025,7858
"3768","Thyolo-DHO","October",2025,4643
"3769","Zomba-DHO","October",2025,6221
"3770","Balaka-DHO","November",2025,1416
"3771","Blantyre-DHO","November",2025,6685
"3772","Chikwawa-DHO","November",2025,3050
"3773","Chiradzulu-DHO","November",2025,879
"3774","Chitipa-DHO","November",2025,1071
"3775","Dedza-DHO","November",2025,4273
"3776","Dowa-DHO","November",2025,2538
"3777","Karonga-DHO","November",2025,2366
"3778","Kasungu-DHO","November",2025,5936
"3779","Likoma-DHO","November",2025,58
"3780","Lilongwe-DHO","November",2025,10534
"3781","Machinga-DHO","November",2025,7385
"3782","Mangochi-DHO","November",2025,6337
"3783","Mchinji-DHO","November",2025,4309
"3784","Mulanje-DHO","November",2025,6900
"3785","Mwanza-DHO","November",2025,2435
"3786","Mzimba-North-DHO","November",2025,1312
"3787","Mzimba-South-DHO","November",2025,4178
"3788","Neno-DHO","November",2025,1225
"3789","Nkhata-Bay-DHO","November",2025,3200
"3790","Nkhotakota-DHO","November",2025,3149
"3791","Nsanje-DHO","November",2025,3930
"3792","Ntcheu-DHO","November",2025,5163
"3793","Ntchisi-DHO","November",2025,2590
"3794","Phalombe-DHO","November",2025,1563
"3795","Rumphi-DHO","November",2025,1668
"3796","Salima-DHO","November",2025,5497
"3797","Thyolo-DHO","November",2025,4406
"3798","Zomba-DHO","November",2025,3850
"3799","Balaka-DHO","December",2025,3818
"3800","Blantyre-DHO","December",2025,6816
"3801","Chikwawa-DHO","December",2025,6235
"3802","Chiradzulu-DHO","December",2025,1310
"3803","Chitipa-DHO","December",2025,1916
"3804","Dedza-DHO","December",2025,8804
"3805","Dowa-DHO","December",2025,3822
"3806","Karonga-DHO","December",2025,1663
"3807","Kasungu-DHO","December",2025,6654
"3808","Likoma-DHO","December",2025,82
"3809","Lilongwe-DHO","December",2025,13682
"3810","Machinga-DHO","December",2025,7490
"3811","Mangochi-DHO","December",2025,10533
"3812","Mchinji-DHO","December",2025,4268
"3813","Mulanje-DHO","December",2025,25330
"3814","Mwanza-DHO","December",2025,5585
"3815","Mzimba-North-DHO","December",2025,1380
"3816","Mzimba-South-DHO","December",2025,4176
"3817","Neno-DHO","December",2025,2258
"3818","Nkhata-Bay-DHO","December",2025,4371
"3819","Nkhotakota-DHO","December",2025,5435
"3820","Nsanje-DHO","December",2025,6994
"3821","Ntcheu-DHO","December",2025,6896
"3822","Ntchisi-DHO","December",2025,3052
"3823","Phalombe-DHO","December",2025,5236
"3824","Rumphi-DHO","December",2025,1864
"3825","Salima-DHO","December",2025,9617
"3826","Thyolo-DHO","December",2025,8309
"3827","Zomba-DHO","December",2025,5316
