"model","location","horizon","temporal_resolution","target_variable","forecast_date","target_end_date","quantile_coverage_0.01","quantile_coverage_0.025","quantile_coverage_0.05","quantile_coverage_0.1","quantile_coverage_0.15","quantile_coverage_0.2","quantile_coverage_0.25","quantile_coverage_0.3","quantile_coverage_0.35","quantile_coverage_0.4","quantile_coverage_0.45","quantile_coverage_0.5","quantile_coverage_0.55","quantile_coverage_0.6","quantile_coverage_0.65","quantile_coverage_0.7","quantile_coverage_0.75","quantile_coverage_0.8","quantile_coverage_0.85","quantile_coverage_0.9","quantile_coverage_0.95","quantile_coverage_0.975","quantile_coverage_0.99","coverage_10","coverage_20","coverage_30","coverage_40","coverage_50","coverage_60","coverage_70","coverage_80","coverage_90","coverage_95","coverage_98","abs_error","n_interval_scores","exists_interval_score_0","wis","dispersion","overprediction","underprediction","true_value"
"BASELINE","Balaka",1,"month","incidence",2023-03-01,2023-04-01,0,0,0,0,0,0,0,0,0,0,0,0,0,0,1,1,1,1,1,1,1,1,1,0,0,1,1,1,1,1,1,1,1,1,6.0692,12,TRUE,4.0191671507049,3.28462640761992,0,0.734540743084973,16.3181
"BASELINE","Balaka",2,"month","incidence",2023-03-01,2023-05-01,0,0,0,0,0,0,0,0,0,0,0,0,0,1,1,1,1,1,1,1,1,1,1,0,1,1,1,1,1,1,1,1,1,1,5.512,12,TRUE,4.72415337905039,4.2794254446337,0,0.444727934416686,15.7609
"BASELINE","Balaka",3,"month","incidence",2023-03-01,2023-06-01,0,0,0,0,0,0,0,0,0,0,0,0,0,0,0,0,1,1,1,1,1,1,1,0,0,0,0,1,1,1,1,1,1,1,18.158,12,TRUE,8.63622253357026,4.97535634391935,0,3.66086618965091,28.4069
"BASELINE","Blantyre",1,"month","incidence",2023-03-01,2023-04-01,0,0,0,0,0,0,0,0,0,0,0,0,0,0,1,1,1,1,1,1,1,1,1,0,0,1,1,1,1,1,1,1,1,1,2.0629,12,TRUE,1.74107926159221,1.52915113127242,0,0.211928130319785,26.9227
"BASELINE","Blantyre",2,"month","incidence",2023-03-01,2023-05-01,0,0,0,0,0,0,0,0,0,0,0,0,1,1,1,1,1,1,1,1,1,1,1,1,1,1,1,1,1,1,1,1,1,1,1.0716,12,TRUE,2.20913757311145,2.16254626876362,0,0.0465913043478261,25.9314
"BASELINE","Blantyre",3,"month","incidence",2023-03-01,2023-06-01,0,0,0,0,0,0,0,0,0,0,0,0,0,0,0,0,0,1,1,1,1,1,1,0,0,0,0,0,1,1,1,1,1,1,9.9554,12,TRUE,5.28422687494637,2.6450386252092,0,2.63918824973717,34.8152
"BASELINE","Chikwawa",1,"month","incidence",2023-03-01,2023-04-01,0,0,0,0,0,0,0,0,0,0,0,0,0,0,0,0,0,0,0,1,1,1,1,0,0,0,0,0,0,0,1,1,1,1,12.4849,12,TRUE,6.85188520410463,2.27315729624277,0,4.57872790786187,40.0569
"BASELINE","Chikwawa",2,"month","incidence",2023-03-01,2023-05-01,0,0,0,0,0,0,0,0,0,0,0,0,0,0,1,1,1,1,1,1,1,1,1,0,0,1,1,1,1,1,1,1,1,1,5.0089,12,TRUE,3.79547570072118,3.20383733055528,0,0.591638370165895,32.5809
"BASELINE","Chikwawa",3,"month","incidence",2023-03-01,2023-06-01,0,0,0,0,0,0,0,0,0,0,0,0,0,0,0,0,0,1,1,1,1,1,1,0,0,0,0,0,1,1,1,1,1,1,15.3673,12,TRUE,8.08773948134055,3.89275090976842,0,4.19498857157213,42.9393
"BASELINE","Chiradzulu",1,"month","incidence",2023-03-01,2023-04-01,0,0,0,0,0,0,0,0,0,0,0,0,0,0,1,1,1,1,1,1,1,1,1,0,0,1,1,1,1,1,1,1,1,1,2.0466,12,TRUE,1.82159936047013,1.63129028914132,0,0.190309071328808,14.0975
"BASELINE","Chiradzulu",2,"month","incidence",2023-03-01,2023-05-01,0,0,0,0,0,0,0,0,0,0,0,0,1,1,1,1,1,1,1,1,1,1,1,1,1,1,1,1,1,1,1,1,1,1,0.0820999999999987,12,TRUE,2.25670852442085,2.25313895920346,0,0.00356956521739125,12.133
"BASELINE","Chiradzulu",3,"month","incidence",2023-03-01,2023-06-01,0,0,0,0,0,0,0,0,0,0,0,0,0,0,0,0,0,0,1,1,1,1,1,0,0,0,0,0,0,1,1,1,1,1,11.5124,12,TRUE,5.93574636717439,2.69224855857142,0,3.24349780860297,23.5633
"BASELINE","Chitipa",1,"month","incidence",2023-03-01,2023-04-01,0,0,0,0,0,0,0,0,0,0,0,0,0,0,0,0,0,1,1,1,1,1,1,0,0,0,0,0,1,1,1,1,1,1,6.8228,12,TRUE,3.5740355826651,1.89287880229297,0,1.68115678037213,16.1438
"BASELINE","Chitipa",2,"month","incidence",2023-03-01,2023-05-01,0,0,0,0,0,0,0,0,0,0,0,0,0,0,0,0,0,1,1,1,1,1,1,0,0,0,0,0,1,1,1,1,1,1,9.3209,12,TRUE,4.75540400080506,2.53475707400342,0,2.22064692680163,18.6419
"BASELINE","Chitipa",3,"month","incidence",2023-03-01,2023-06-01,0,0,0,0,0,0,0,0,0,0,0,0,0,0,0,0,0,1,1,1,1,1,1,0,0,0,0,0,1,1,1,1,1,1,12.061,12,TRUE,6.00260317186414,2.97426720184419,0,3.02833597001995,21.382
"BASELINE","Dedza",1,"month","incidence",2023-03-01,2023-04-01,0,0,0,0,0,0,0,0,0,0,0,0,1,1,1,1,1,1,1,1,1,1,1,1,1,1,1,1,1,1,1,1,1,1,0.910499999999999,12,TRUE,2.00935057770094,1.9697636211792,0,0.0395869565217391,33.7046
"BASELINE","Dedza",2,"month","incidence",2023-03-01,2023-05-01,0,0,0,0,0,0,1,1,1,1,1,1,1,1,1,1,1,1,1,1,1,1,1,0,0,0,0,0,1,1,1,1,1,1,9.1219,12,TRUE,4.91637755287491,2.78566642774077,2.13071112513415,0,23.6722
"BASELINE","Dedza",3,"month","incidence",2023-03-01,2023-06-01,0,0,0,0,0,0,0,1,1,1,1,1,1,1,1,1,1,1,1,1,1,1,1,0,0,0,0,1,1,1,1,1,1,1,8.9797,12,TRUE,5.12724629913313,3.40785560695574,1.7193906921774,0,23.8144
"BASELINE","Dowa",1,"month","incidence",2023-03-01,2023-04-01,0,0,0,0,0,0,0,0,0,0,0,0,0,1,1,1,1,1,1,1,1,1,1,0,1,1,1,1,1,1,1,1,1,1,2.7974,12,TRUE,2.97691500065053,2.76387461432515,0,0.213040386325389,14.3179
"BASELINE","Dowa",2,"month","incidence",2023-03-01,2023-05-01,0,0,0,0,0,0,0,0,0,0,0,1,1,1,1,1,1,1,1,1,1,1,1,1,1,1,1,1,1,1,1,1,1,1,1.3088,12,TRUE,3.70591621501378,3.6490118671877,0.0569043478260869,0,10.2117
"BASELINE","Dowa",3,"month","incidence",2023-03-01,2023-06-01,0,0,0,0,0,0,0,0,0,0,0,0,1,1,1,1,1,1,1,1,1,1,1,1,1,1,1,1,1,1,1,1,1,1,1.7683,12,TRUE,4.34053855167923,4.26365594298358,0,0.0768826086956522,13.2888
"BASELINE","Karonga",1,"month","incidence",2023-03-01,2023-04-01,0,0,0,0,0,0,0,0,0,0,1,1,1,1,1,1,1,1,1,1,1,1,1,0,1,1,1,1,1,1,1,1,1,1,1.3364,12,TRUE,1.63622579641121,1.54093895675202,0.095286839659198,0,30.2329
"BASELINE","Karonga",2,"month","incidence",2023-03-01,2023-05-01,0,0,0,0,0,0,0,0,0,0,0,0,0,0,1,1,1,1,1,1,1,1,1,0,0,1,1,1,1,1,1,1,1,1,3.6272,12,TRUE,2.63065826586651,2.17921677142775,0,0.451441494438758,35.1965
"BASELINE","Karonga",3,"month","incidence",2023-03-01,2023-06-01,0,0,0,0,0,0,0,0,0,0,0,0,0,0,0,0,0,0,1,1,1,1,1,0,0,0,0,0,0,1,1,1,1,1,11.2415,12,TRUE,5.96768608179909,2.66898456445667,0,3.29870151734242,42.8108
"BASELINE","Kasungu",1,"month","incidence",2023-03-01,2023-04-01,0,0,0,0,0,0,0,0,0,0,0,0,0,0,1,1,1,1,1,1,1,1,1,0,0,1,1,1,1,1,1,1,1,1,5.3008,12,TRUE,3.65935362738026,2.96857045772564,0,0.690783169654619,29.1444
"BASELINE","Kasungu",2,"month","incidence",2023-03-01,2023-05-01,0,0,0,0,0,0,0,0,0,0,0,0,1,1,1,1,1,1,1,1,1,1,1,1,1,1,1,1,1,1,1,1,1,1,1.2671,12,TRUE,4.17186922411222,4.1167779197644,0,0.0550913043478262,25.1107
"BASELINE","Kasungu",3,"month","incidence",2023-03-01,2023-06-01,0,0,0,0,0,0,0,0,0,0,0,0,0,0,0,1,1,1,1,1,1,1,1,0,0,0,1,1,1,1,1,1,1,1,9.4166,12,TRUE,6.1925744477942,4.93887369846387,0,1.25370074933033,33.2602
"BASELINE","Likoma",1,"month","incidence",2023-03-01,2023-04-01,0,0,0,0,0,0,0,0,0,0,0,1,1,1,1,1,1,1,1,1,1,1,1,1,1,1,1,1,1,1,1,1,1,1,0.6877,12,TRUE,3.1641281927044,3.1342281927044,0.0299,0,18.8184
"BASELINE","Likoma",2,"month","incidence",2023-03-01,2023-05-01,0,0,0,0,0,0,0,0,0,0,0,0,0,0,0,0,0,0,1,1,1,1,1,0,0,0,0,0,0,1,1,1,1,1,18.9434,12,TRUE,9.81532157908643,4.27439641471023,0,5.5409251643762,38.4495
"BASELINE","Likoma",3,"month","incidence",2023-03-01,2023-06-01,0,0,0,0,0,0,0,0,0,0,0,0,0,1,1,1,1,1,1,1,1,1,1,0,1,1,1,1,1,1,1,1,1,1,5.4392,12,TRUE,5.49285082616583,5.06686287356506,0,0.425987952600771,24.9453
"BASELINE","Lilongwe",1,"month","incidence",2023-03-01,2023-04-01,0,0,0,0,0,0,0,0,1,1,1,1,1,1,1,1,1,1,1,1,1,1,1,0,0,0,1,1,1,1,1,1,1,1,4.8012,12,TRUE,2.84309073636624,2.01179095530885,0.831299781057389,0,12.2533
"BASELINE","Lilongwe",2,"month","incidence",2023-03-01,2023-05-01,0,0,0,0,0,0,0,0,0,1,1,1,1,1,1,1,1,1,1,1,1,1,1,0,0,1,1,1,1,1,1,1,1,1,4.3125,12,TRUE,3.2965705292728,2.80082335911499,0.49574717015781,0,12.742
"BASELINE","Lilongwe",3,"month","incidence",2023-03-01,2023-06-01,0,0,0,0,0,0,0,0,0,1,1,1,1,1,1,1,1,1,1,1,1,1,1,0,0,1,1,1,1,1,1,1,1,1,4.2513,12,TRUE,3.75179530496117,3.3686341655592,0.38316113940197,0,12.8032
"BASELINE","Machinga",1,"month","incidence",2023-03-01,2023-04-01,0,0,0,0,0,1,1,1,1,1,1,1,1,1,1,1,1,1,1,1,1,1,1,0,0,0,0,0,0,1,1,1,1,1,8.9182,12,TRUE,4.75297169014252,1.98858118515856,2.76439050498397,0,35.2793
"BASELINE","Machinga",2,"month","incidence",2023-03-01,2023-05-01,0,0,0,0,0,0,0,0,0,0,1,1,1,1,1,1,1,1,1,1,1,1,1,0,1,1,1,1,1,1,1,1,1,1,2.2469,12,TRUE,2.96112624536943,2.81227848193119,0.148847763438238,0,41.9506
"BASELINE","Machinga",3,"month","incidence",2023-03-01,2023-06-01,0,0,0,0,0,0,0,0,0,1,1,1,1,1,1,1,1,1,1,1,1,1,1,0,0,1,1,1,1,1,1,1,1,1,5.8324,12,TRUE,4.17947029857273,3.44432364767015,0.735146650902579,0,38.3651
"BASELINE","Mangochi",1,"month","incidence",2023-03-01,2023-04-01,0,0,0,0,0,0,0,0,0,0,0,1,1,1,1,1,1,1,1,1,1,1,1,1,1,1,1,1,1,1,1,1,1,1,0.329000000000001,12,TRUE,1.56875610488042,1.55445175705434,0.014304347826087,0,13.1859
"BASELINE","Mangochi",2,"month","incidence",2023-03-01,2023-05-01,0,0,0,0,0,0,0,0,0,0,0,0,0,0,0,0,0,0,1,1,1,1,1,0,0,0,0,0,0,1,1,1,1,1,9.2386,12,TRUE,4.86356551783866,2.16603330756613,0,2.69753221027253,22.7535
"BASELINE","Mangochi",3,"month","incidence",2023-03-01,2023-06-01,0,0,0,0,0,0,0,0,0,0,0,0,0,0,0,0,0,0,0,1,1,1,1,0,0,0,0,0,0,0,1,1,1,1,13.3537,12,TRUE,7.08158286450707,2.60665102358763,0,4.47493184091944,26.8686
"BASELINE","Mchinji",1,"month","incidence",2023-03-01,2023-04-01,0,0,0,0,0,0,1,1,1,1,1,1,1,1,1,1,1,1,1,1,1,1,1,0,0,0,0,0,1,1,1,1,1,1,11.1303,12,TRUE,5.98751657607226,3.34206496167458,2.64545161439768,0,31.8818
"BASELINE","Mchinji",2,"month","incidence",2023-03-01,2023-05-01,0,0,0,0,0,0,0,0,0,1,1,1,1,1,1,1,1,1,1,1,1,1,1,0,0,1,1,1,1,1,1,1,1,1,6.8944,12,TRUE,5.48561759618606,4.7179113679794,0.767706228206659,0,36.1177
"BASELINE","Mchinji",3,"month","incidence",2023-03-01,2023-06-01,0,0,0,0,0,0,0,0,0,0,1,1,1,1,1,1,1,1,1,1,1,1,1,0,1,1,1,1,1,1,1,1,1,1,6.7546,12,TRUE,6.32570179955338,5.741533522306,0.584168277247387,0,36.2575
"BASELINE","Mulanje",1,"month","incidence",2023-03-01,2023-04-01,0,0,0,0,0,0,0,1,1,1,1,1,1,1,1,1,1,1,1,1,1,1,1,0,0,0,0,1,1,1,1,1,1,1,6.3791,12,TRUE,3.67707896404819,2.49111529516675,1.18596366888144,0,33.7203
"BASELINE","Mulanje",2,"month","incidence",2023-03-01,2023-05-01,0,0,0,0,0,0,0,0,0,0,0,0,0,0,0,1,1,1,1,1,1,1,1,0,0,0,1,1,1,1,1,1,1,1,7.9059,12,TRUE,4.83017476570165,3.52296903585987,0,1.30720572984178,48.0053
"BASELINE","Mulanje",3,"month","incidence",2023-03-01,2023-06-01,0,0,0,0,0,0,0,0,0,0,0,1,1,1,1,1,1,1,1,1,1,1,1,1,1,1,1,1,1,1,1,1,1,1,1.2291,12,TRUE,4.36208142041027,4.30864228997548,0.0534391304347827,0,38.8703
"BASELINE","Mwanza",1,"month","incidence",2023-03-01,2023-04-01,0,0,0,0,0,0,0,0,1,1,1,1,1,1,1,1,1,1,1,1,1,1,1,0,0,0,1,1,1,1,1,1,1,1,9.8929,12,TRUE,6.14857781852702,4.56017342906174,1.58840438946528,0,52.8429
"BASELINE","Mwanza",2,"month","incidence",2023-03-01,2023-05-01,0,0,0,0,0,0,0,0,0,1,1,1,1,1,1,1,1,1,1,1,1,1,1,0,0,1,1,1,1,1,1,1,1,1,9.1844,12,TRUE,7.44145449459789,6.44238328644269,0.999071208155199,0,53.5514
"BASELINE","Mwanza",3,"month","incidence",2023-03-01,2023-06-01,0,0,0,0,0,0,0,0,1,1,1,1,1,1,1,1,1,1,1,1,1,1,1,0,0,0,1,1,1,1,1,1,1,1,16.4138,12,TRUE,10.3881494104389,7.85644961097993,2.53169979945899,0,46.322
"BASELINE","Mzimba",1,"month","incidence",2023-03-01,2023-04-01,0,0,0,0,0,0,0,0,1,1,1,1,1,1,1,1,1,1,1,1,1,1,1,0,0,0,1,1,1,1,1,1,1,1,5.1599,12,TRUE,3.10312184749242,2.22757697890357,0.875544868588854,0,26.9819
"BASELINE","Mzimba",2,"month","incidence",2023-03-01,2023-05-01,0,0,0,0,0,0,0,0,0,0,0,1,1,1,1,1,1,1,1,1,1,1,1,1,1,1,1,1,1,1,1,1,1,1,0.448600000000003,12,TRUE,3.16781400681086,3.14830965898478,0.0195043478260871,0,31.6932
"BASELINE","Mzimba",3,"month","incidence",2023-03-01,2023-06-01,0,0,0,0,0,0,0,0,0,0,0,1,1,1,1,1,1,1,1,1,1,1,1,1,1,1,1,1,1,1,1,1,1,1,0.724400000000003,12,TRUE,3.87380851705275,3.84231286487884,0.0314956521739132,0,31.4174
"BASELINE","Neno",1,"month","incidence",2023-03-01,2023-04-01,0,0,0,0,0,0,0,0,0,0,0,0,0,1,1,1,1,1,1,1,1,1,1,0,1,1,1,1,1,1,1,1,1,1,6.2757,12,TRUE,6.42058569418433,5.90484272892459,0,0.515742965259739,97.4519
"BASELINE","Neno",2,"month","incidence",2023-03-01,2023-05-01,0,0,0,0,0,0,0,0,0,0,0,0,0,0,0,0,0,0,1,1,1,1,1,0,0,0,0,0,0,1,1,1,1,1,36.9616,12,TRUE,19.6829817110464,8.35070867092531,0,11.3322730401211,128.1378
"BASELINE","Neno",3,"month","incidence",2023-03-01,2023-06-01,0,0,0,0,0,0,0,0,0,0,0,0,1,1,1,1,1,1,1,1,1,1,1,1,1,1,1,1,1,1,1,1,1,1,5.26350000000001,12,TRUE,10.4322038815517,10.2033560554647,0,0.228847826086957,96.4397
"BASELINE","Nkhatabay",1,"month","incidence",2023-03-01,2023-04-01,0,0,0,0,0,0,1,1,1,1,1,1,1,1,1,1,1,1,1,1,1,1,1,0,0,0,0,0,1,1,1,1,1,1,9.8943,12,TRUE,5.288173874453,2.79767793635596,2.49049593809704,0,56.0882
"BASELINE","Nkhatabay",2,"month","incidence",2023-03-01,2023-05-01,0,0,0,0,0,0,0,0,0,0,1,1,1,1,1,1,1,1,1,1,1,1,1,0,1,1,1,1,1,1,1,1,1,1,3.5392,12,TRUE,4.21524122266773,3.95651408074657,0.258727141921157,0,62.4433
"BASELINE","Nkhatabay",3,"month","incidence",2023-03-01,2023-06-01,0,0,0,0,0,0,0,0,0,0,0,0,0,0,0,0,1,1,1,1,1,1,1,0,0,0,0,1,1,1,1,1,1,1,14.9093,12,TRUE,8.13118022992248,4.84572032898297,0,3.28545990093952,80.8918
"BASELINE","Nkhotakota",1,"month","incidence",2023-03-01,2023-04-01,0,0,0,0,0,0,0,0,0,0,1,1,1,1,1,1,1,1,1,1,1,1,1,0,1,1,1,1,1,1,1,1,1,1,3.8201,12,TRUE,3.54266856049897,3.20919647942414,0.333472081074829,0,26.3334
"BASELINE","Nkhotakota",2,"month","incidence",2023-03-01,2023-05-01,0,0,0,0,0,0,0,0,0,0,0,0,1,1,1,1,1,1,1,1,1,1,1,1,1,1,1,1,1,1,1,1,1,1,2.3378,12,TRUE,4.58251000860356,4.48086653034269,0,0.10164347826087,32.4913
"BASELINE","Nkhotakota",3,"month","incidence",2023-03-01,2023-06-01,0,0,0,0,0,0,0,0,0,0,0,0,0,0,0,0,1,1,1,1,1,1,1,0,0,0,0,1,1,1,1,1,1,1,14.6879,12,TRUE,8.22895787345312,5.40892298820386,0,2.82003488524926,44.8414
"BASELINE","Nsanje",1,"month","incidence",2023-03-01,2023-04-01,0,0,0,0,0,0,0,0,0,0,0,0,0,0,0,0,0,1,1,1,1,1,1,0,0,0,0,0,1,1,1,1,1,1,7.3667,12,TRUE,3.94019625274223,2.15275245850472,0,1.78744379423751,24.0031
"BASELINE","Nsanje",2,"month","incidence",2023-03-01,2023-05-01,0,0,0,0,0,0,0,0,0,0,0,0,0,0,0,0,0,0,0,0,0,0,0,0,0,0,0,0,0,0,0,0,0,0,38.2594,12,TRUE,27.4158436814298,2.97794199350954,0,24.4379016879203,54.8958
"BASELINE","Nsanje",3,"month","incidence",2023-03-01,2023-06-01,0,0,0,0,0,0,0,0,0,0,0,0,0,0,0,0,0,0,0,0,1,1,1,0,0,0,0,0,0,0,0,1,1,1,24.8199,12,TRUE,14.066167127505,3.56599216809433,0,10.5001749594106,41.4563
"BASELINE","Ntcheu",1,"month","incidence",2023-03-01,2023-04-01,0,0,0,0,0,0,0,0,0,0,0,0,1,1,1,1,1,1,1,1,1,1,1,1,1,1,1,1,1,1,1,1,1,1,0.0992000000000033,12,TRUE,2.54935501412136,2.5450419706431,0,0.00431304347826101,32.6537
"BASELINE","Ntcheu",2,"month","incidence",2023-03-01,2023-05-01,0,0,0,0,0,0,0,0,0,0,0,0,0,0,0,0,0,0,1,1,1,1,1,0,0,0,0,0,0,1,1,1,1,1,14.358,12,TRUE,7.58751005012931,3.5921648700972,0,3.99534518003211,46.9125
"BASELINE","Ntcheu",3,"month","incidence",2023-03-01,2023-06-01,0,0,0,0,0,0,0,0,0,0,0,0,0,0,0,0,1,1,1,1,1,1,1,0,0,0,0,1,1,1,1,1,1,1,12.1734,12,TRUE,6.81583721350301,4.37080188724782,0,2.4450353262552,44.7279
"BASELINE","Ntchisi",1,"month","incidence",2023-03-01,2023-04-01,0,0,0,0,1,1,1,1,1,1,1,1,1,1,1,1,1,1,1,1,1,1,1,0,0,0,0,0,0,0,1,1,1,1,20.216,12,TRUE,11.2443404712834,3.4173916309829,7.82694884030055,0,25.7251
"BASELINE","Ntchisi",2,"month","incidence",2023-03-01,2023-05-01,0,0,0,0,0,0,1,1,1,1,1,1,1,1,1,1,1,1,1,1,1,1,1,0,0,0,0,0,1,1,1,1,1,1,16.1586,12,TRUE,8.68276951841099,4.82698562371993,3.85578389469106,0,29.7825
"BASELINE","Ntchisi",3,"month","incidence",2023-03-01,2023-06-01,0,0,0,0,0,0,0,1,1,1,1,1,1,1,1,1,1,1,1,1,1,1,1,0,0,0,0,1,1,1,1,1,1,1,18.0741,12,TRUE,9.8436697890647,5.88435342799959,3.9593163610651,0,27.867
"BASELINE","Phalombe",1,"month","incidence",2023-03-01,2023-04-01,0,0,0,0,0,0,0,0,0,1,1,1,1,1,1,1,1,1,1,1,1,1,1,0,0,1,1,1,1,1,1,1,1,1,1.7743,12,TRUE,1.49061952998147,1.30708079257176,0.18353873740971,0,20.6263
"BASELINE","Phalombe",2,"month","incidence",2023-03-01,2023-05-01,0,0,0,0,0,0,0,0,0,0,0,0,0,0,0,0,0,0,0,0,1,1,1,0,0,0,0,0,0,0,0,1,1,1,13.6699,12,TRUE,8.0876734940332,1.84849138397236,0,6.23918211006084,36.0705
"BASELINE","Phalombe",3,"month","incidence",2023-03-01,2023-06-01,0,0,0,0,0,0,0,0,0,0,0,0,0,0,0,0,0,0,0,0,1,1,1,0,0,0,0,0,0,0,0,1,1,1,16.937,12,TRUE,10.0473482132738,2.26191490475119,0,7.78543330852256,39.3376
"BASELINE","Rumphi",1,"month","incidence",2023-03-01,2023-04-01,0,0,0,0,0,0,0,0,0,1,1,1,1,1,1,1,1,1,1,1,1,1,1,0,0,1,1,1,1,1,1,1,1,1,4.6511,12,TRUE,3.44429854675052,2.89026137839387,0.554037168356646,0,12.517
"BASELINE","Rumphi",2,"month","incidence",2023-03-01,2023-05-01,0,0,0,0,0,0,0,0,0,0,0,1,1,1,1,1,1,1,1,1,1,1,1,1,1,1,1,1,1,1,1,1,1,1,2.4554,12,TRUE,4.03859188637133,3.9318353646322,0.10675652173913,0,14.7127
"BASELINE","Rumphi",3,"month","incidence",2023-03-01,2023-06-01,0,0,0,0,0,0,0,0,0,0,1,1,1,1,1,1,1,1,1,1,1,1,1,0,1,1,1,1,1,1,1,1,1,1,4.234,12,TRUE,4.93985785791765,4.65007783197485,0.289780025942803,0,12.9341
"BASELINE","Salima",1,"month","incidence",2023-03-01,2023-04-01,0,0,0,0,0,1,1,1,1,1,1,1,1,1,1,1,1,1,1,1,1,1,1,0,0,0,0,0,0,1,1,1,1,1,15.5874,12,TRUE,8.27881578129986,3.67276738682375,4.60604839447611,0,83.0112
"BASELINE","Salima",2,"month","incidence",2023-03-01,2023-05-01,0,0,0,0,0,0,0,0,0,0,1,1,1,1,1,1,1,1,1,1,1,1,1,0,1,1,1,1,1,1,1,1,1,1,4.29570000000001,12,TRUE,5.48801075058461,5.19407744988774,0.293933300696876,0,94.3029
"BASELINE","Salima",3,"month","incidence",2023-03-01,2023-06-01,0,0,0,0,0,0,0,0,0,0,1,1,1,1,1,1,1,1,1,1,1,1,1,0,1,1,1,1,1,1,1,1,1,1,6.48790000000001,12,TRUE,6.88142564561126,6.36141971836071,0.520005927250548,0,92.1107
"BASELINE","Thyolo",1,"month","incidence",2023-03-01,2023-04-01,0,0,0,0,0,0,0,0,1,1,1,1,1,1,1,1,1,1,1,1,1,1,1,0,0,0,1,1,1,1,1,1,1,1,2.8871,12,TRUE,1.75365568864025,1.27437460690192,0.479281081738333,0,7.5405
"BASELINE","Thyolo",2,"month","incidence",2023-03-01,2023-05-01,0,0,0,0,0,0,0,0,0,0,0,0,0,0,1,1,1,1,1,1,1,1,1,0,0,1,1,1,1,1,1,1,1,1,3.1427,12,TRUE,2.17272888830228,1.76962047424371,0,0.403108414058574,13.5703
"BASELINE","Thyolo",3,"month","incidence",2023-03-01,2023-06-01,0,0,0,0,0,0,0,0,0,0,0,0,1,1,1,1,1,1,1,1,1,1,1,1,1,1,1,1,1,1,1,1,1,1,1.195,12,TRUE,2.17689244404067,2.12493592230154,0,0.0519565217391304,11.6226
"BASELINE","Zomba",1,"month","incidence",2023-03-01,2023-04-01,0,0,0,0,0,0,0,0,0,0,1,1,1,1,1,1,1,1,1,1,1,1,1,0,1,1,1,1,1,1,1,1,1,1,2.5585,12,TRUE,2.49112829163998,2.27403345061392,0.217094841026062,0,23.0257
"BASELINE","Zomba",2,"month","incidence",2023-03-01,2023-05-01,0,0,0,0,0,0,0,0,0,0,0,0,0,1,1,1,1,1,1,1,1,1,1,0,1,1,1,1,1,1,1,1,1,1,3.717,12,TRUE,3.51888692647448,3.19899003180005,0,0.319896894674432,29.3012
"BASELINE","Zomba",3,"month","incidence",2023-03-01,2023-06-01,0,0,0,0,0,0,0,0,0,0,0,0,0,1,1,1,1,1,1,1,1,1,1,0,1,1,1,1,1,1,1,1,1,1,3.6283,12,TRUE,4.15074066779151,3.87948032844263,0,0.271260339348883,29.2125
"BASELINE","Balaka",1,"month","incidence",2023-04-01,2023-05-01,0,0,0,0,0,0,0,0,0,0,0,1,1,1,1,1,1,1,1,1,1,1,1,1,1,1,1,1,1,1,1,1,1,1,0.557200000000002,12,TRUE,3.58993845821147,3.56571237125495,0.0242260869565218,0,15.7609
"BASELINE","Balaka",2,"month","incidence",2023-04-01,2023-06-01,0,0,0,0,0,0,0,0,0,0,0,0,0,0,0,1,1,1,1,1,1,1,1,0,0,0,1,1,1,1,1,1,1,1,12.0888,12,TRUE,6.77153153769478,4.75246310325236,0,2.01906843444243,28.4069
"BASELINE","Balaka",3,"month","incidence",2023-04-01,2023-07-01,0,0,0,0,0,0,0,0,0,0,0,0,0,1,1,1,1,1,1,1,1,1,1,0,1,1,1,1,1,1,1,1,1,1,6.4082,12,TRUE,6.07178708325497,5.57021426528206,0,0.501572817972907,22.7263
"BASELINE","Blantyre",1,"month","incidence",2023-04-01,2023-05-01,0,0,0,0,0,0,0,0,0,0,1,1,1,1,1,1,1,1,1,1,1,1,1,0,1,1,1,1,1,1,1,1,1,1,0.991299999999999,12,TRUE,1.57197454021559,1.52066078941611,0.0513137507994788,0,25.9314
"BASELINE","Blantyre",2,"month","incidence",2023-04-01,2023-06-01,0,0,0,0,0,0,0,0,0,0,0,0,0,0,0,0,0,1,1,1,1,1,1,0,0,0,0,0,1,1,1,1,1,1,7.8925,12,TRUE,4.20215418245593,2.15053911216124,0,2.05161507029469,34.8152
"BASELINE","Blantyre",3,"month","incidence",2023-04-01,2023-07-01,0,0,0,0,0,0,0,0,0,0,0,0,0,0,1,1,1,1,1,1,1,1,1,0,0,1,1,1,1,1,1,1,1,1,3.6523,12,TRUE,3.01884010772589,2.63226636679998,0,0.386573740925909,30.575
"BASELINE","Chikwawa",1,"month","incidence",2023-04-01,2023-05-01,0,0,0,0,0,0,1,1,1,1,1,1,1,1,1,1,1,1,1,1,1,1,1,0,0,0,0,0,1,1,1,1,1,1,7.476,12,TRUE,4.03124354974911,2.29283349392491,1.7384100558242,0,32.5809
"BASELINE","Chikwawa",2,"month","incidence",2023-04-01,2023-06-01,0,0,0,0,0,0,0,0,0,0,0,0,0,1,1,1,1,1,1,1,1,1,1,0,1,1,1,1,1,1,1,1,1,1,2.8824,12,TRUE,3.45222873469581,3.24255622337189,0,0.209672511323913,42.9393
"BASELINE","Chikwawa",3,"month","incidence",2023-04-01,2023-07-01,0,0,0,0,0,0,0,0,1,1,1,1,1,1,1,1,1,1,1,1,1,1,1,0,0,0,1,1,1,1,1,1,1,1,9.1775,12,TRUE,5.52279478854861,3.96843181396278,1.55436297458583,0,30.8794
"BASELINE","Chiradzulu",1,"month","incidence",2023-04-01,2023-05-01,0,0,0,0,0,0,0,0,0,1,1,1,1,1,1,1,1,1,1,1,1,1,1,0,0,1,1,1,1,1,1,1,1,1,1.9645,12,TRUE,1.80837795735212,1.63507209879789,0.173305858554231,0,12.133
"BASELINE","Chiradzulu",2,"month","incidence",2023-04-01,2023-06-01,0,0,0,0,0,0,0,0,0,0,0,0,0,0,0,0,0,0,1,1,1,1,1,0,0,0,0,0,0,1,1,1,1,1,9.4658,12,TRUE,4.9724187594342,2.27798986666501,0,2.6944288927692,23.5633
"BASELINE","Chiradzulu",3,"month","incidence",2023-04-01,2023-07-01,0,0,0,0,0,0,0,0,0,0,0,0,0,0,0,1,1,1,1,1,1,1,1,0,0,0,1,1,1,1,1,1,1,1,5.6985,12,TRUE,3.58846574954383,2.74050771303035,0,0.847958036513473,19.796
"BASELINE","Chitipa",1,"month","incidence",2023-04-01,2023-05-01,0,0,0,0,0,0,0,0,0,0,0,0,0,0,1,1,1,1,1,1,1,1,1,0,0,1,1,1,1,1,1,1,1,1,2.4981,12,TRUE,2.17674975776885,1.93411229816377,0,0.242637459605078,18.6419
"BASELINE","Chitipa",2,"month","incidence",2023-04-01,2023-06-01,0,0,0,0,0,0,0,0,0,0,0,0,0,0,0,1,1,1,1,1,1,1,1,0,0,0,1,1,1,1,1,1,1,1,5.2382,12,TRUE,3.42703217618318,2.6896111920723,0,0.737420984110884,21.382
"BASELINE","Chitipa",3,"month","incidence",2023-04-01,2023-07-01,0,0,0,0,0,0,0,0,0,0,0,0,1,1,1,1,1,1,1,1,1,1,1,1,1,1,1,1,1,1,1,1,1,1,0.460599999999999,12,TRUE,3.25287338277747,3.23284729582095,0,0.0200260869565217,16.6044
"BASELINE","Dedza",1,"month","incidence",2023-04-01,2023-05-01,0,0,0,0,1,1,1,1,1,1,1,1,1,1,1,1,1,1,1,1,1,1,1,0,0,0,0,0,0,0,1,1,1,1,10.0324,12,TRUE,5.43154945555041,1.9576297134727,3.47391974207771,0,23.6722
"BASELINE","Dedza",2,"month","incidence",2023-04-01,2023-06-01,0,0,0,0,0,0,1,1,1,1,1,1,1,1,1,1,1,1,1,1,1,1,1,0,0,0,0,0,1,1,1,1,1,1,9.8902,12,TRUE,5.28041435779824,2.76850649089765,2.51190786690059,0,23.8144
"BASELINE","Dedza",3,"month","incidence",2023-04-01,2023-07-01,0,0,0,0,0,0,0,1,1,1,1,1,1,1,1,1,1,1,1,1,1,1,1,0,0,0,0,1,1,1,1,1,1,1,10.2964,12,TRUE,5.63350514757179,3.3878303368405,2.24567481073128,0,23.4082
"BASELINE","Dowa",1,"month","incidence",2023-04-01,2023-05-01,0,0,0,0,0,0,0,0,0,1,1,1,1,1,1,1,1,1,1,1,1,1,1,0,0,1,1,1,1,1,1,1,1,1,4.1062,12,TRUE,3.27309111430194,2.83607870228565,0.437012412016292,0,10.2117
"BASELINE","Dowa",2,"month","incidence",2023-04-01,2023-06-01,0,0,0,0,0,0,0,0,0,0,0,1,1,1,1,1,1,1,1,1,1,1,1,1,1,1,1,1,1,1,1,1,1,1,1.0291,12,TRUE,3.84563166608854,3.80088818782767,0.0447434782608696,0,13.2888
"BASELINE","Dowa",3,"month","incidence",2023-04-01,2023-07-01,0,0,0,0,0,0,0,0,0,0,0,1,1,1,1,1,1,1,1,1,1,1,1,1,1,1,1,1,1,1,1,1,1,1,2.438,12,TRUE,4.57156142921377,4.46556142921377,0.106,0,11.8799
"BASELINE","Karonga",1,"month","incidence",2023-04-01,2023-05-01,0,0,0,0,0,0,0,0,0,0,0,0,0,0,0,0,0,1,1,1,1,1,1,0,0,0,0,0,1,1,1,1,1,1,4.9636,12,TRUE,2.67664685912173,1.52306049748251,0,1.15358636163921,35.1965
"BASELINE","Karonga",2,"month","incidence",2023-04-01,2023-06-01,0,0,0,0,0,0,0,0,0,0,0,0,0,0,0,0,0,0,0,1,1,1,1,0,0,0,0,0,0,0,1,1,1,1,12.5779,12,TRUE,6.98021951736891,2.15393281185448,0,4.82628670551443,42.8108
"BASELINE","Karonga",3,"month","incidence",2023-04-01,2023-07-01,0,0,0,0,0,0,0,0,0,0,0,0,0,0,0,0,0,0,1,1,1,1,1,0,0,0,0,0,0,1,1,1,1,1,11.4436,12,TRUE,6.08639739125279,2.63801816464084,0,3.44837922661195,41.6765
"BASELINE","Kasungu",1,"month","incidence",2023-04-01,2023-05-01,0,0,0,0,0,0,0,0,0,1,1,1,1,1,1,1,1,1,1,1,1,1,1,0,0,1,1,1,1,1,1,1,1,1,4.0337,12,TRUE,3.39930460276647,2.98452571189843,0.414778890868041,0,25.1107
"BASELINE","Kasungu",2,"month","incidence",2023-04-01,2023-06-01,0,0,0,0,0,0,0,0,0,0,0,0,0,1,1,1,1,1,1,1,1,1,1,0,1,1,1,1,1,1,1,1,1,1,4.1158,12,TRUE,4.4941960015027,4.17403083856925,0,0.320165162933456,33.2602
"BASELINE","Kasungu",3,"month","incidence",2023-04-01,2023-07-01,0,0,0,0,0,0,0,0,0,0,0,0,0,1,1,1,1,1,1,1,1,1,1,0,1,1,1,1,1,1,1,1,1,1,3.9075,12,TRUE,5.29079507700097,5.04649681939651,0,0.24429825760446,33.0519
"BASELINE","Likoma",1,"month","incidence",2023-04-01,2023-05-01,0,0,0,0,0,0,0,0,0,0,0,0,0,0,0,0,0,0,0,0,1,1,1,0,0,0,0,0,0,0,0,1,1,1,19.6311,12,TRUE,11.0246782094335,3.08119918494622,0,7.94347902448729,38.4495
"BASELINE","Likoma",2,"month","incidence",2023-04-01,2023-06-01,0,0,0,0,0,0,0,0,0,0,0,0,0,0,1,1,1,1,1,1,1,1,1,0,0,1,1,1,1,1,1,1,1,1,6.1269,12,TRUE,4.84060583238644,4.19571724151585,0,0.644888590870587,24.9453
"BASELINE","Likoma",3,"month","incidence",2023-04-01,2023-07-01,0,0,0,0,0,0,0,0,0,0,0,0,1,1,1,1,1,1,1,1,1,1,1,1,1,1,1,1,1,1,1,1,1,1,0.3126,12,TRUE,4.98264313623901,4.96905183189118,0,0.0135913043478261,19.131
"BASELINE","Lilongwe",1,"month","incidence",2023-04-01,2023-05-01,0,0,0,0,0,0,0,0,0,0,0,0,1,1,1,1,1,1,1,1,1,1,1,1,1,1,1,1,1,1,1,1,1,1,0.488700000000001,12,TRUE,1.99564266946626,1.9743948433793,0,0.0212478260869566,12.742
"BASELINE","Lilongwe",2,"month","incidence",2023-04-01,2023-06-01,0,0,0,0,0,0,0,0,0,0,0,0,1,1,1,1,1,1,1,1,1,1,1,1,1,1,1,1,1,1,1,1,1,1,0.549900000000001,12,TRUE,2.71585930810742,2.69195061245525,0,0.023908695652174,12.8032
"BASELINE","Lilongwe",3,"month","incidence",2023-04-01,2023-07-01,0,0,0,0,0,0,0,0,0,0,1,1,1,1,1,1,1,1,1,1,1,1,1,0,1,1,1,1,1,1,1,1,1,1,3.8528,12,TRUE,3.51454286003957,3.19060055918872,0.323942300850844,0,8.4005
"BASELINE","Machinga",1,"month","incidence",2023-04-01,2023-05-01,0,0,0,0,0,0,0,0,0,0,0,0,0,0,0,0,0,1,1,1,1,1,1,0,0,0,0,0,1,1,1,1,1,1,6.6713,12,TRUE,3.58846452954217,2.00144086754632,0,1.58702366199585,41.9506
"BASELINE","Machinga",2,"month","incidence",2023-04-01,2023-06-01,0,0,0,0,0,0,0,0,0,0,0,0,0,1,1,1,1,1,1,1,1,1,1,0,1,1,1,1,1,1,1,1,1,1,3.0858,12,TRUE,3.08780164547369,2.83046481917179,0,0.257336826301908,38.3651
"BASELINE","Machinga",3,"month","incidence",2023-04-01,2023-07-01,0,0,0,0,0,0,0,0,0,0,0,0,0,0,0,0,1,1,1,1,1,1,1,0,0,0,0,1,1,1,1,1,1,1,9.8074,12,TRUE,5.47877846447984,3.46436233580198,0,2.01441612867785,45.0867
"BASELINE","Mangochi",1,"month","incidence",2023-04-01,2023-05-01,0,0,0,0,0,0,0,0,0,0,0,0,0,0,0,0,0,0,0,0,1,1,1,0,0,0,0,0,0,0,0,1,1,1,9.5676,12,TRUE,5.36531508636278,1.55326466322144,0,3.81205042314134,22.7535
"BASELINE","Mangochi",2,"month","incidence",2023-04-01,2023-06-01,0,0,0,0,0,0,0,0,0,0,0,0,0,0,0,0,0,0,0,0,1,1,1,0,0,0,0,0,0,0,0,1,1,1,13.6827,12,TRUE,7.66613889208209,2.16268568101394,0,5.50345321106815,26.8686
"BASELINE","Mangochi",3,"month","incidence",2023-04-01,2023-07-01,0,0,0,0,0,0,0,0,0,0,0,0,0,0,0,0,0,1,1,1,1,1,1,0,0,0,0,0,1,1,1,1,1,1,9.4792,12,TRUE,4.97092385848358,2.6010650893894,0,2.36985876909418,22.6651
"BASELINE","Mchinji",1,"month","incidence",2023-04-01,2023-05-01,0,0,0,0,0,0,0,0,0,0,0,0,0,0,1,1,1,1,1,1,1,1,1,0,0,1,1,1,1,1,1,1,1,1,4.2359,12,TRUE,3.73699246676591,3.33217500310424,0,0.404817463661665,36.1177
"BASELINE","Mchinji",2,"month","incidence",2023-04-01,2023-06-01,0,0,0,0,0,0,0,0,0,0,0,0,0,1,1,1,1,1,1,1,1,1,1,0,1,1,1,1,1,1,1,1,1,1,4.3757,12,TRUE,4.98492746396671,4.65614370443778,0,0.32878375952893,36.2575
"BASELINE","Mchinji",3,"month","incidence",2023-04-01,2023-07-01,0,0,0,0,0,0,0,0,0,1,1,1,1,1,1,1,1,1,1,1,1,1,1,0,0,1,1,1,1,1,1,1,1,1,7.9322,12,TRUE,6.45524105264074,5.6246405542617,0.830600498379039,0,23.9496
"BASELINE","Mulanje",1,"month","incidence",2023-04-01,2023-05-01,0,0,0,0,0,0,0,0,0,0,0,0,0,0,0,0,0,0,0,1,1,1,1,0,0,0,0,0,0,0,1,1,1,1,14.285,12,TRUE,7.89892065076011,2.49677155720652,0,5.40214909355358,48.0053
"BASELINE","Mulanje",2,"month","incidence",2023-04-01,2023-06-01,0,0,0,0,0,0,0,0,0,0,0,0,0,0,1,1,1,1,1,1,1,1,1,0,0,1,1,1,1,1,1,1,1,1,5.15,12,TRUE,4.10016314591618,3.52676646022086,0,0.573396685695317,38.8703
"BASELINE","Mulanje",3,"month","incidence",2023-04-01,2023-07-01,0,0,0,0,0,0,0,0,0,0,1,1,1,1,1,1,1,1,1,1,1,1,1,0,1,1,1,1,1,1,1,1,1,1,3.9485,12,TRUE,4.59286533496344,4.29962499606707,0.293240338896365,0,29.7718
"BASELINE","Mwanza",1,"month","incidence",2023-04-01,2023-05-01,0,0,0,0,0,0,0,0,0,0,0,0,1,1,1,1,1,1,1,1,1,1,1,1,1,1,1,1,1,1,1,1,1,1,0.708500000000001,12,TRUE,4.49822641289029,4.4674220650642,0,0.030804347826087,53.5514
"BASELINE","Mwanza",2,"month","incidence",2023-04-01,2023-06-01,0,0,0,0,0,0,0,0,0,0,1,1,1,1,1,1,1,1,1,1,1,1,1,0,1,1,1,1,1,1,1,1,1,1,6.5209,12,TRUE,6.81893355843872,6.29239082799948,0.526542730439242,0,46.322
"BASELINE","Mwanza",3,"month","incidence",2023-04-01,2023-07-01,0,0,0,0,0,0,0,0,0,1,1,1,1,1,1,1,1,1,1,1,1,1,1,0,0,1,1,1,1,1,1,1,1,1,12.3333,12,TRUE,9.12473671291831,7.64046418137575,1.48427253154256,0,40.5096
"BASELINE","Mzimba",1,"month","incidence",2023-04-01,2023-05-01,0,0,0,0,0,0,0,0,0,0,0,0,0,0,0,1,1,1,1,1,1,1,1,0,0,0,1,1,1,1,1,1,1,1,4.7113,12,TRUE,2.9660208950627,2.2267478163364,0,0.7392730787263,31.6932
"BASELINE","Mzimba",2,"month","incidence",2023-04-01,2023-06-01,0,0,0,0,0,0,0,0,0,0,0,0,0,0,1,1,1,1,1,1,1,1,1,0,0,1,1,1,1,1,1,1,1,1,4.4355,12,TRUE,3.61548233919208,3.13834407379054,0,0.477138265401538,31.4174
"BASELINE","Mzimba",3,"month","incidence",2023-04-01,2023-07-01,0,0,0,0,0,0,0,0,1,1,1,1,1,1,1,1,1,1,1,1,1,1,1,0,0,0,1,1,1,1,1,1,1,1,8.5054,12,TRUE,5.19859046438691,3.813074400404,1.38551606398292,0,18.4765
"BASELINE","Neno",1,"month","incidence",2023-04-01,2023-05-01,0,0,0,0,0,0,0,0,0,0,0,0,0,0,0,0,0,0,0,1,1,1,1,0,0,0,0,0,0,0,1,1,1,1,30.6859,12,TRUE,16.6741491126578,5.88069985285597,0,10.7934492598018,128.1378
"BASELINE","Neno",2,"month","incidence",2023-04-01,2023-06-01,0,0,0,0,0,0,0,0,0,0,0,1,1,1,1,1,1,1,1,1,1,1,1,1,1,1,1,1,1,1,1,1,1,1,1.01219999999999,12,TRUE,8.36057418380655,8.31656548815438,0.0440086956521736,0,96.4397
"BASELINE","Neno",3,"month","incidence",2023-04-01,2023-07-01,0,0,0,0,0,0,0,0,1,1,1,1,1,1,1,1,1,1,1,1,1,1,1,0,0,0,1,1,1,1,1,1,1,1,21.7133,12,TRUE,13.6048340855654,10.1737068575947,3.43112722797072,0,75.7386
"BASELINE","Nkhatabay",1,"month","incidence",2023-04-01,2023-05-01,0,0,0,0,0,0,0,0,0,0,0,0,0,0,0,1,1,1,1,1,1,1,1,0,0,0,1,1,1,1,1,1,1,1,6.3551,12,TRUE,3.86458404581233,2.80558304311532,0,1.05900100269701,62.4433
"BASELINE","Nkhatabay",2,"month","incidence",2023-04-01,2023-06-01,0,0,0,0,0,0,0,0,0,0,0,0,0,0,0,0,0,0,0,0,1,1,1,0,0,0,0,0,0,0,0,1,1,1,24.8036,12,TRUE,14.0054977303419,3.96769358993766,0,10.0378041404043,80.8918
"BASELINE","Nkhatabay",3,"month","incidence",2023-04-01,2023-07-01,0,0,0,0,0,0,0,0,0,0,0,0,0,0,0,0,1,1,1,1,1,1,1,0,0,0,0,1,1,1,1,1,1,1,14.2957,12,TRUE,7.897566575838,4.85941237552943,0,3.03815420030857,70.3839
"BASELINE","Nkhotakota",1,"month","incidence",2023-04-01,2023-05-01,0,0,0,0,0,0,0,0,0,0,0,0,0,0,0,1,1,1,1,1,1,1,1,0,0,0,1,1,1,1,1,1,1,1,6.1579,12,TRUE,4.06882293950594,3.19623458115073,0,0.872588358355216,32.4913
"BASELINE","Nkhotakota",2,"month","incidence",2023-04-01,2023-06-01,0,0,0,0,0,0,0,0,0,0,0,0,0,0,0,0,0,0,1,1,1,1,1,0,0,0,0,0,0,1,1,1,1,1,18.508,12,TRUE,9.7038079455022,4.44054237800828,0,5.26326556749392,44.8414
"BASELINE","Nkhotakota",3,"month","incidence",2023-04-01,2023-07-01,0,0,0,0,0,0,0,0,0,0,0,0,0,0,0,0,0,1,1,1,1,1,1,0,0,0,0,0,1,1,1,1,1,1,19.0867,12,TRUE,10.0065943706255,5.33395510210021,0,4.67263926852524,45.4201
"BASELINE","Nsanje",1,"month","incidence",2023-04-01,2023-05-01,0,0,0,0,0,0,0,0,0,0,0,0,0,0,0,0,0,0,0,0,0,0,0,0,0,0,0,0,0,0,0,0,0,0,30.8927,12,TRUE,23.2750088697603,2.16947008512292,0,21.1055387846374,54.8958
"BASELINE","Nsanje",2,"month","incidence",2023-04-01,2023-06-01,0,0,0,0,0,0,0,0,0,0,0,0,0,0,0,0,0,0,0,1,1,1,1,0,0,0,0,0,0,0,1,1,1,1,17.4532,12,TRUE,9.62337605094962,3.05066411788979,0,6.57271193305983,41.4563
"BASELINE","Nsanje",3,"month","incidence",2023-04-01,2023-07-01,0,0,0,0,0,0,0,0,0,0,0,0,0,0,1,1,1,1,1,1,1,1,1,0,0,1,1,1,1,1,1,1,1,1,4.9102,12,TRUE,4.18431084499615,3.69810491021025,0,0.4862059347859,28.9133
"BASELINE","Ntcheu",1,"month","incidence",2023-04-01,2023-05-01,0,0,0,0,0,0,0,0,0,0,0,0,0,0,0,0,0,0,0,1,1,1,1,0,0,0,0,0,0,0,1,1,1,1,14.2588,12,TRUE,7.8649112082907,2.52658111525269,0,5.338330093038,46.9125
"BASELINE","Ntcheu",2,"month","incidence",2023-04-01,2023-06-01,0,0,0,0,0,0,0,0,0,0,0,0,0,0,0,0,0,1,1,1,1,1,1,0,0,0,0,0,1,1,1,1,1,1,12.0742,12,TRUE,6.47888062683814,3.5671291441299,0,2.91175148270824,44.7279
"BASELINE","Ntcheu",3,"month","incidence",2023-04-01,2023-07-01,0,0,0,0,0,0,0,0,0,0,1,1,1,1,1,1,1,1,1,1,1,1,1,0,1,1,1,1,1,1,1,1,1,1,4.1667,12,TRUE,4.66062950019477,4.34157619338233,0.319053306812448,0,28.487
"BASELINE","Ntchisi",1,"month","incidence",2023-04-01,2023-05-01,0,0,0,0,0,0,0,0,0,0,0,0,0,1,1,1,1,1,1,1,1,1,1,0,1,1,1,1,1,1,1,1,1,1,4.0574,12,TRUE,3.75378372681835,3.4002666350715,0,0.353517091746852,29.7825
"BASELINE","Ntchisi",2,"month","incidence",2023-04-01,2023-06-01,0,0,0,0,0,0,0,0,0,0,0,0,1,1,1,1,1,1,1,1,1,1,1,1,1,1,1,1,1,1,1,1,1,1,2.1419,12,TRUE,4.79334493834823,4.70021885139171,0,0.0931260869565217,27.867
"BASELINE","Ntchisi",3,"month","incidence",2023-04-01,2023-07-01,0,0,0,0,0,0,0,0,0,0,1,1,1,1,1,1,1,1,1,1,1,1,1,0,1,1,1,1,1,1,1,1,1,1,6.1885,12,TRUE,6.1254465178837,5.62258777275981,0.502858745123889,0,19.5366
"BASELINE","Phalombe",1,"month","incidence",2023-04-01,2023-05-01,0,0,0,0,0,0,0,0,0,0,0,0,0,0,0,0,0,0,0,0,0,0,0,0,0,0,0,0,0,0,0,0,0,0,15.4442,12,TRUE,10.9190492925958,1.28873420076265,0,9.63031509183318,36.0705
"BASELINE","Phalombe",2,"month","incidence",2023-04-01,2023-06-01,0,0,0,0,0,0,0,0,0,0,0,0,0,0,0,0,0,0,0,0,0,0,1,0,0,0,0,0,0,0,0,0,0,1,18.7113,12,TRUE,12.4150629970824,1.82254538501259,0,10.5925176120698,39.3376
"BASELINE","Phalombe",3,"month","incidence",2023-04-01,2023-07-01,0,0,0,0,0,0,0,0,0,0,0,0,0,0,0,0,1,1,1,1,1,1,1,0,0,0,0,1,1,1,1,1,1,1,6.7075,12,TRUE,3.67956607763979,2.22889650557467,0,1.45066957206511,27.3338
"BASELINE","Rumphi",1,"month","incidence",2023-04-01,2023-05-01,0,0,0,0,0,0,0,0,0,0,0,0,0,1,1,1,1,1,1,1,1,1,1,0,1,1,1,1,1,1,1,1,1,1,2.1957,12,TRUE,2.92738275425791,2.79261785090344,0,0.134764903354468,14.7127
"BASELINE","Rumphi",2,"month","incidence",2023-04-01,2023-06-01,0,0,0,0,0,0,0,0,0,0,0,0,1,1,1,1,1,1,1,1,1,1,1,1,1,1,1,1,1,1,1,1,1,1,0.417100000000001,12,TRUE,3.73126364719987,3.71312886459117,0,0.0181347826086957,12.9341
"BASELINE","Rumphi",3,"month","incidence",2023-04-01,2023-07-01,0,0,0,0,0,0,0,0,0,0,1,1,1,1,1,1,1,1,1,1,1,1,1,0,1,1,1,1,1,1,1,1,1,1,5.3515,12,TRUE,4.78872968664657,4.35334010846113,0.435389578185442,0,7.1655
"BASELINE","Salima",1,"month","incidence",2023-04-01,2023-05-01,0,0,0,0,0,0,0,0,0,0,0,0,0,0,0,0,1,1,1,1,1,1,1,0,0,0,0,1,1,1,1,1,1,1,11.2917,12,TRUE,6.17143544012649,3.69781623597424,0,2.47361920415225,94.3029
"BASELINE","Salima",2,"month","incidence",2023-04-01,2023-06-01,0,0,0,0,0,0,0,0,0,0,0,0,0,0,1,1,1,1,1,1,1,1,1,0,0,1,1,1,1,1,1,1,1,1,9.09949999999999,12,TRUE,6.3987571093635,5.2295018720782,0,1.1692552372853,92.1107
"BASELINE","Salima",3,"month","incidence",2023-04-01,2023-07-01,0,0,0,0,0,0,0,0,1,1,1,1,1,1,1,1,1,1,1,1,1,1,1,0,0,0,1,1,1,1,1,1,1,1,15.4041,12,TRUE,9.09512618021111,6.40480559776049,2.69032058245062,0,67.6071
"BASELINE","Thyolo",1,"month","incidence",2023-04-01,2023-05-01,0,0,0,0,0,0,0,0,0,0,0,0,0,0,0,0,0,0,1,1,1,1,1,0,0,0,0,0,0,1,1,1,1,1,6.0298,12,TRUE,3.19596311754681,1.25572762970777,0,1.94023548783903,13.5703
"BASELINE","Thyolo",2,"month","incidence",2023-04-01,2023-06-01,0,0,0,0,0,0,0,0,0,0,0,0,0,0,0,1,1,1,1,1,1,1,1,0,0,0,1,1,1,1,1,1,1,1,4.0821,12,TRUE,2.38558857867716,1.70891171682253,0,0.676676861854633,11.6226
"BASELINE","Thyolo",3,"month","incidence",2023-04-01,2023-07-01,0,0,0,0,0,0,0,0,0,0,0,0,0,1,1,1,1,1,1,1,1,1,1,0,1,1,1,1,1,1,1,1,1,1,1.4135,12,TRUE,2.0926339343431,2.02217238897209,0,0.0704615453710044,8.954
"BASELINE","Zomba",1,"month","incidence",2023-04-01,2023-05-01,0,0,0,0,0,0,0,0,0,0,0,0,0,0,0,0,1,1,1,1,1,1,1,0,0,0,0,1,1,1,1,1,1,1,6.2755,12,TRUE,3.52884783741411,2.26560672897669,0,1.26324110843742,29.3012
"BASELINE","Zomba",2,"month","incidence",2023-04-01,2023-06-01,0,0,0,0,0,0,0,0,0,0,0,0,0,0,0,1,1,1,1,1,1,1,1,0,0,0,1,1,1,1,1,1,1,1,6.1868,12,TRUE,4.05701718026576,3.17419692061092,0,0.882820259654838,29.2125
"BASELINE","Zomba",3,"month","incidence",2023-04-01,2023-07-01,0,0,0,0,0,0,0,0,0,0,0,0,1,1,1,1,1,1,1,1,1,1,1,1,1,1,1,1,1,1,1,1,1,1,0.758600000000001,12,TRUE,3.87716057956304,3.84417797086738,0,0.0329826086956522,23.7843
"BASELINE","Balaka",1,"month","incidence",2023-05-01,2023-06-01,0,0,0,0,0,0,0,0,0,0,0,0,0,0,0,0,0,1,1,1,1,1,1,0,0,0,0,0,1,1,1,1,1,1,12.646,12,TRUE,6.57942405228457,3.42840687358536,0,3.15101717869921,28.4069
"BASELINE","Balaka",2,"month","incidence",2023-05-01,2023-07-01,0,0,0,0,0,0,0,0,0,0,0,0,0,0,1,1,1,1,1,1,1,1,1,0,0,1,1,1,1,1,1,1,1,1,6.9654,12,TRUE,5.29513435253601,4.57187611760389,0,0.72325823493212,22.7263
"BASELINE","Balaka",3,"month","incidence",2023-05-01,2023-08-01,0,0,0,0,0,0,0,0,0,0,0,1,1,1,1,1,1,1,1,1,1,1,1,1,1,1,1,1,1,1,1,1,1,1,2.2841,12,TRUE,5.45689813783307,5.35758944218089,0.0993086956521739,0,13.4768
"BASELINE","Blantyre",1,"month","incidence",2023-05-01,2023-06-01,0,0,0,0,0,0,0,0,0,0,0,0,0,0,0,0,0,0,0,1,1,1,1,0,0,0,0,0,0,0,1,1,1,1,8.8838,12,TRUE,4.93883715191488,1.50601668685188,0,3.432820465063,34.8152
"BASELINE","Blantyre",2,"month","incidence",2023-05-01,2023-07-01,0,0,0,0,0,0,0,0,0,0,0,0,0,0,0,1,1,1,1,1,1,1,1,0,0,0,1,1,1,1,1,1,1,1,4.6436,12,TRUE,2.87873026686368,2.12982922370612,0,0.748901043157555,30.575
"BASELINE","Blantyre",3,"month","incidence",2023-05-01,2023-08-01,0,0,0,0,0,0,0,0,0,0,0,1,1,1,1,1,1,1,1,1,1,1,1,1,1,1,1,1,1,1,1,1,1,1,1.2903,12,TRUE,2.66238085128892,2.60628085128892,0.0560999999999999,0,24.6411
"BASELINE","Chikwawa",1,"month","incidence",2023-05-01,2023-06-01,0,0,0,0,0,0,0,0,0,0,0,0,0,0,0,0,0,0,1,1,1,1,1,0,0,0,0,0,0,1,1,1,1,1,10.3584,12,TRUE,5.52720809305929,2.26355947733669,0,3.2636486157226,42.9393
"BASELINE","Chikwawa",2,"month","incidence",2023-05-01,2023-07-01,0,0,0,0,0,0,0,0,0,0,0,1,1,1,1,1,1,1,1,1,1,1,1,1,1,1,1,1,1,1,1,1,1,1,1.7015,12,TRUE,3.27307355218724,3.19909529131767,0.0739782608695652,0,30.8794
"BASELINE","Chikwawa",3,"month","incidence",2023-05-01,2023-08-01,0,0,0,0,0,0,0,0,0,0,0,0,1,1,1,1,1,1,1,1,1,1,1,1,1,1,1,1,1,1,1,1,1,1,0.821300000000001,12,TRUE,3.93984345095176,3.90413475529959,0,0.0357086956521739,33.4022
"BASELINE","Chiradzulu",1,"month","incidence",2023-05-01,2023-06-01,0,0,0,0,0,0,0,0,0,0,0,0,0,0,0,0,0,0,0,0,1,1,1,0,0,0,0,0,0,0,0,1,1,1,11.4303,12,TRUE,6.72969621379228,1.55802443038786,0,5.17167178340442,23.5633
"BASELINE","Chiradzulu",2,"month","incidence",2023-05-01,2023-07-01,0,0,0,0,0,0,0,0,0,0,0,0,0,0,0,0,0,1,1,1,1,1,1,0,0,0,0,0,1,1,1,1,1,1,7.663,12,TRUE,4.04499837191515,2.15601434945667,0,1.88898402245848,19.796
"BASELINE","Chiradzulu",3,"month","incidence",2023-05-01,2023-08-01,0,0,0,0,0,0,0,0,0,0,0,1,1,1,1,1,1,1,1,1,1,1,1,1,1,1,1,1,1,1,1,1,1,1,0.3385,12,TRUE,2.59743461246465,2.5827172211603,0.0147173913043478,0,11.7945
"BASELINE","Chitipa",1,"month","incidence",2023-05-01,2023-06-01,0,0,0,0,0,0,0,0,0,0,0,0,0,0,1,1,1,1,1,1,1,1,1,0,0,1,1,1,1,1,1,1,1,1,2.7401,12,TRUE,2.2353566212729,1.9401254783413,0,0.295231142931603,21.382
"BASELINE","Chitipa",2,"month","incidence",2023-05-01,2023-07-01,0,0,0,0,0,0,0,0,0,0,1,1,1,1,1,1,1,1,1,1,1,1,1,0,1,1,1,1,1,1,1,1,1,1,2.0375,12,TRUE,2.8363725353971,2.71148525282327,0.124887282573835,0,16.6044
"BASELINE","Chitipa",3,"month","incidence",2023-05-01,2023-08-01,0,0,0,0,0,0,0,0,0,1,1,1,1,1,1,1,1,1,1,1,1,1,1,0,0,1,1,1,1,1,1,1,1,1,5.6831,12,TRUE,3.99113015088384,3.27605577174521,0.715074379138627,0,12.9588
"BASELINE","Dedza",1,"month","incidence",2023-05-01,2023-06-01,0,0,0,0,0,0,0,0,0,0,0,0,1,1,1,1,1,1,1,1,1,1,1,1,1,1,1,1,1,1,1,1,1,1,0.142199999999999,12,TRUE,1.95703242272405,1.9508498140284,0,0.00618260869565213,23.8144
"BASELINE","Dedza",2,"month","incidence",2023-05-01,2023-07-01,0,0,0,0,0,0,0,0,0,0,0,1,1,1,1,1,1,1,1,1,1,1,1,1,1,1,1,1,1,1,1,1,1,1,0.263999999999999,12,TRUE,2.76107760800181,2.74959934713224,0.0114782608695652,0,23.4082
"BASELINE","Dedza",3,"month","incidence",2023-05-01,2023-08-01,0,0,0,0,0,0,0,1,1,1,1,1,1,1,1,1,1,1,1,1,1,1,1,0,0,0,0,1,1,1,1,1,1,1,8.8472,12,TRUE,5.02564749742666,3.34087463023411,1.68477286719256,0,14.825
"BASELINE","Dowa",1,"month","incidence",2023-05-01,2023-06-01,0,0,0,0,0,0,0,0,0,0,0,0,0,1,1,1,1,1,1,1,1,1,1,0,1,1,1,1,1,1,1,1,1,1,3.0771,12,TRUE,2.79250797823373,2.5312829655725,0,0.261225012661229,13.2888
"BASELINE","Dowa",2,"month","incidence",2023-05-01,2023-07-01,0,0,0,0,0,0,0,0,0,0,0,0,1,1,1,1,1,1,1,1,1,1,1,1,1,1,1,1,1,1,1,1,1,1,1.6682,12,TRUE,3.41158332997422,3.33905289519161,0,0.0725304347826086,11.8799
"BASELINE","Dowa",3,"month","incidence",2023-05-01,2023-08-01,0,0,0,0,0,0,0,0,0,0,0,1,1,1,1,1,1,1,1,1,1,1,1,1,1,1,1,1,1,1,1,1,1,1,1.7638,12,TRUE,3.97203317904043,3.8953462225187,0.0766869565217391,0,8.4479
"BASELINE","Karonga",1,"month","incidence",2023-05-01,2023-06-01,0,0,0,0,0,0,0,0,0,0,0,0,0,0,0,0,0,0,0,1,1,1,1,0,0,0,0,0,0,0,1,1,1,1,7.6143,12,TRUE,4.09993270842551,1.52534013281487,0,2.57459257561064,42.8108
"BASELINE","Karonga",2,"month","incidence",2023-05-01,2023-07-01,0,0,0,0,0,0,0,0,0,0,0,0,0,0,0,0,1,1,1,1,1,1,1,0,0,0,0,1,1,1,1,1,1,1,6.48,12,TRUE,3.55824901249992,2.15715670305876,0,1.40109230944116,41.6765
"BASELINE","Karonga",3,"month","incidence",2023-05-01,2023-08-01,0,0,0,0,0,0,0,0,0,0,0,0,0,1,1,1,1,1,1,1,1,1,1,0,1,1,1,1,1,1,1,1,1,1,1.9603,12,TRUE,2.76216611400238,2.64196660885921,0,0.120199505143177,37.1568
"BASELINE","Kasungu",1,"month","incidence",2023-05-01,2023-06-01,0,0,0,0,0,0,0,0,0,0,0,0,0,0,0,0,1,1,1,1,1,1,1,0,0,0,0,1,1,1,1,1,1,1,8.1495,12,TRUE,4.54417021363261,2.86818651667433,0,1.67598369695828,33.2602
"BASELINE","Kasungu",2,"month","incidence",2023-05-01,2023-07-01,0,0,0,0,0,0,0,0,0,0,0,0,0,0,0,1,1,1,1,1,1,1,1,0,0,0,1,1,1,1,1,1,1,1,7.9412,12,TRUE,5.14510083633917,3.99720455081237,0,1.1478962855268,33.0519
"BASELINE","Kasungu",3,"month","incidence",2023-05-01,2023-08-01,0,0,0,0,0,0,0,0,0,0,1,1,1,1,1,1,1,1,1,1,1,1,1,0,1,1,1,1,1,1,1,1,1,1,4.0875,12,TRUE,5.08923742039809,4.81160558776099,0.277631832637105,0,21.0232
"BASELINE","Likoma",1,"month","incidence",2023-05-01,2023-06-01,0,0,0,0,0,1,1,1,1,1,1,1,1,1,1,1,1,1,1,1,1,1,1,0,0,0,0,0,0,1,1,1,1,1,13.5042,12,TRUE,7.19963590038432,2.99356776348768,4.20606813689664,0,24.9453
"BASELINE","Likoma",2,"month","incidence",2023-05-01,2023-07-01,0,0,0,0,0,1,1,1,1,1,1,1,1,1,1,1,1,1,1,1,1,1,1,0,0,0,0,0,0,1,1,1,1,1,19.3185,12,TRUE,10.2987198198514,4.22571061886443,6.07300920098701,0,19.131
"BASELINE","Likoma",3,"month","incidence",2023-05-01,2023-08-01,0,0,0,0,0,0,0,1,1,1,1,1,1,1,1,1,1,1,1,1,1,1,1,0,0,0,0,1,1,1,1,1,1,1,15.8174,12,TRUE,8.60460940329484,5.14225671413592,3.46235268915892,0,22.6321
"BASELINE","Lilongwe",1,"month","incidence",2023-05-01,2023-06-01,0,0,0,0,0,0,0,0,0,0,0,0,1,1,1,1,1,1,1,1,1,1,1,1,1,1,1,1,1,1,1,1,1,1,0.0611999999999995,12,TRUE,1.84642432320606,1.84376345364085,0,0.00266086956521737,12.8032
"BASELINE","Lilongwe",2,"month","incidence",2023-05-01,2023-07-01,0,0,0,0,0,0,0,0,0,1,1,1,1,1,1,1,1,1,1,1,1,1,1,0,0,1,1,1,1,1,1,1,1,1,4.3415,12,TRUE,3.07511767595781,2.5397915902095,0.535326085748314,0,8.4005
"BASELINE","Lilongwe",3,"month","incidence",2023-05-01,2023-08-01,0,0,0,0,0,0,0,0,1,1,1,1,1,1,1,1,1,1,1,1,1,1,1,0,0,0,1,1,1,1,1,1,1,1,5.9288,12,TRUE,3.82211451015694,3.02659213546154,0.795522374695404,0,6.8132
"BASELINE","Machinga",1,"month","incidence",2023-05-01,2023-06-01,0,0,0,0,0,0,0,0,1,1,1,1,1,1,1,1,1,1,1,1,1,1,1,0,0,0,1,1,1,1,1,1,1,1,3.5855,12,TRUE,2.35514317688629,1.83689659577277,0.518246581113521,0,38.3651
"BASELINE","Machinga",2,"month","incidence",2023-05-01,2023-07-01,0,0,0,0,0,0,0,0,0,0,0,0,0,0,1,1,1,1,1,1,1,1,1,0,0,1,1,1,1,1,1,1,1,1,3.1361,12,TRUE,2.87770399896896,2.59776407841882,0,0.279939920550143,45.0867
"BASELINE","Machinga",3,"month","incidence",2023-05-01,2023-08-01,0,0,0,0,0,0,0,0,0,0,0,1,1,1,1,1,1,1,1,1,1,1,1,1,1,1,1,1,1,1,1,1,1,1,0.141200000000005,12,TRUE,3.18773736256352,3.18159823212874,0.00613913043478282,0,41.8094
"BASELINE","Mangochi",1,"month","incidence",2023-05-01,2023-06-01,0,0,0,0,0,0,0,0,0,0,0,0,0,0,0,0,1,1,1,1,1,1,1,0,0,0,0,1,1,1,1,1,1,1,4.1151,12,TRUE,2.26531024859705,1.38182858036982,0,0.883481668227228,26.8686
"BASELINE","Mangochi",2,"month","incidence",2023-05-01,2023-07-01,0,0,0,0,0,0,0,0,0,0,0,1,1,1,1,1,1,1,1,1,1,1,1,1,1,1,1,1,1,1,1,1,1,1,0.0884,12,TRUE,1.95804419749463,1.95420071923376,0.00384347826086957,0,22.6651
"BASELINE","Mangochi",3,"month","incidence",2023-05-01,2023-08-01,0,0,0,0,0,0,0,0,0,0,1,1,1,1,1,1,1,1,1,1,1,1,1,0,1,1,1,1,1,1,1,1,1,1,2.3346,12,TRUE,2.57222853817011,2.39045955453718,0.18176898363293,0,20.4189
"BASELINE","Mchinji",1,"month","incidence",2023-05-01,2023-06-01,0,0,0,0,0,0,0,0,0,0,0,0,1,1,1,1,1,1,1,1,1,1,1,1,1,1,1,1,1,1,1,1,1,1,0.139800000000001,12,TRUE,3.32237095460695,3.31629269373739,0,0.00607826086956526,36.2575
"BASELINE","Mchinji",2,"month","incidence",2023-05-01,2023-07-01,0,0,0,0,0,0,0,1,1,1,1,1,1,1,1,1,1,1,1,1,1,1,1,0,0,0,0,1,1,1,1,1,1,1,12.1681,12,TRUE,6.95596560803353,4.6612787195707,2.29468688846283,0,23.9496
"BASELINE","Mchinji",3,"month","incidence",2023-05-01,2023-08-01,0,0,0,0,0,0,0,1,1,1,1,1,1,1,1,1,1,1,1,1,1,1,1,0,0,0,0,1,1,1,1,1,1,1,17.1132,12,TRUE,9.32421806665586,5.64888000883191,3.67533805782395,0,19.0045
"BASELINE","Mulanje",1,"month","incidence",2023-05-01,2023-06-01,0,0,0,0,0,0,1,1,1,1,1,1,1,1,1,1,1,1,1,1,1,1,1,0,0,0,0,0,1,1,1,1,1,1,9.135,12,TRUE,4.84885756021337,2.41447273420312,2.43438482601025,0,38.8703
"BASELINE","Mulanje",2,"month","incidence",2023-05-01,2023-07-01,0,0,0,0,1,1,1,1,1,1,1,1,1,1,1,1,1,1,1,1,1,1,1,0,0,0,0,0,0,0,1,1,1,1,18.2335,12,TRUE,9.95300176462839,3.41458008669011,6.53842167793828,0,29.7718
"BASELINE","Mulanje",3,"month","incidence",2023-05-01,2023-08-01,0,0,0,0,0,1,1,1,1,1,1,1,1,1,1,1,1,1,1,1,1,1,1,0,0,0,0,0,0,1,1,1,1,1,18.0088,12,TRUE,9.57374813803392,4.18198944912956,5.39175868890436,0,29.9965
"BASELINE","Mwanza",1,"month","incidence",2023-05-01,2023-06-01,0,0,0,0,0,0,0,0,0,1,1,1,1,1,1,1,1,1,1,1,1,1,1,0,0,1,1,1,1,1,1,1,1,1,7.2294,12,TRUE,5.08540112659949,4.15675781121589,0.928643315383601,0,46.322
"BASELINE","Mwanza",2,"month","incidence",2023-05-01,2023-07-01,0,0,0,0,0,0,0,0,1,1,1,1,1,1,1,1,1,1,1,1,1,1,1,0,0,0,1,1,1,1,1,1,1,1,13.0418,12,TRUE,8.00367792041778,5.8681585089008,2.13551941151699,0,40.5096
"BASELINE","Mwanza",3,"month","incidence",2023-05-01,2023-08-01,0,0,0,0,0,0,0,0,1,1,1,1,1,1,1,1,1,1,1,1,1,1,1,0,0,0,1,1,1,1,1,1,1,1,16.0464,12,TRUE,9.77938709146469,7.14154428123485,2.63784281022984,0,37.505
"BASELINE","Mzimba",1,"month","incidence",2023-05-01,2023-06-01,0,0,0,0,0,0,0,0,0,0,0,1,1,1,1,1,1,1,1,1,1,1,1,1,1,1,1,1,1,1,1,1,1,1,0.2758,12,TRUE,2.15185202698036,2.13986072263254,0.0119913043478261,0,31.4174
"BASELINE","Mzimba",2,"month","incidence",2023-05-01,2023-07-01,0,0,0,0,0,1,1,1,1,1,1,1,1,1,1,1,1,1,1,1,1,1,1,0,0,0,0,0,0,1,1,1,1,1,13.2167,12,TRUE,7.03123882398974,3.0250478044126,4.00619101957713,0,18.4765
"BASELINE","Mzimba",3,"month","incidence",2023-05-01,2023-08-01,0,0,0,0,1,1,1,1,1,1,1,1,1,1,1,1,1,1,1,1,1,1,1,0,0,0,0,0,0,0,1,1,1,1,20.0911,12,TRUE,10.9859992613121,3.69349916833452,7.29250009297755,0,11.6021
"BASELINE","Neno",1,"month","incidence",2023-05-01,2023-06-01,0,0,0,0,1,1,1,1,1,1,1,1,1,1,1,1,1,1,1,1,1,1,1,0,0,0,0,0,0,0,1,1,1,1,31.6981,12,TRUE,17.5525936625179,5.49613181091313,12.0564618516048,0,96.4397
"BASELINE","Neno",2,"month","incidence",2023-05-01,2023-07-01,0,0,0,1,1,1,1,1,1,1,1,1,1,1,1,1,1,1,1,1,1,1,1,0,0,0,0,0,0,0,0,1,1,1,52.3992,12,TRUE,30.2520874334384,7.77270414758354,22.4793832858548,0,75.7386
"BASELINE","Neno",3,"month","incidence",2023-05-01,2023-08-01,0,0,1,1,1,1,1,1,1,1,1,1,1,1,1,1,1,1,1,1,1,1,1,0,0,0,0,0,0,0,0,0,1,1,76.0455,12,TRUE,46.0466933508253,9.51957954159707,36.5271138092282,0,52.0923
"BASELINE","Nkhatabay",1,"month","incidence",2023-05-01,2023-06-01,0,0,0,0,0,0,0,0,0,0,0,0,0,0,0,0,0,0,0,0,1,1,1,0,0,0,0,0,0,0,0,1,1,1,18.4485,12,TRUE,10.6171453732279,2.76765230700262,0,7.84949306622526,80.8918
"BASELINE","Nkhatabay",2,"month","incidence",2023-05-01,2023-07-01,0,0,0,0,0,0,0,0,0,0,0,0,0,0,0,1,1,1,1,1,1,1,1,0,0,0,1,1,1,1,1,1,1,1,7.9406,12,TRUE,5.10982569710628,3.91405142849629,0,1.19577426860999,70.3839
"BASELINE","Nkhatabay",3,"month","incidence",2023-05-01,2023-08-01,0,0,0,0,0,0,0,0,0,0,0,0,0,0,0,0,0,0,0,1,1,1,1,0,0,0,0,0,0,0,1,1,1,1,27.1221,12,TRUE,14.9669987639375,4.79371441341375,0,10.1732843505237,89.5654
"BASELINE","Nkhotakota",1,"month","incidence",2023-05-01,2023-06-01,0,0,0,0,0,0,0,0,0,0,0,0,0,0,0,0,0,0,1,1,1,1,1,0,0,0,0,0,0,1,1,1,1,1,12.3501,12,TRUE,6.54939652061511,2.97897023833968,0,3.57042628227543,44.8414
"BASELINE","Nkhotakota",2,"month","incidence",2023-05-01,2023-07-01,0,0,0,0,0,0,0,0,0,0,0,0,0,0,0,0,1,1,1,1,1,1,1,0,0,0,0,1,1,1,1,1,1,1,12.9288,12,TRUE,7.03073586449919,4.18744373128566,0,2.84329213321353,45.4201
"BASELINE","Nkhotakota",3,"month","incidence",2023-05-01,2023-08-01,0,0,0,0,0,0,0,0,0,0,0,0,0,0,0,0,0,0,0,1,1,1,1,0,0,0,0,0,0,0,1,1,1,1,25.4482,12,TRUE,13.582311927818,5.07457705949064,0,8.50773486832738,57.9395
"BASELINE","Nsanje",1,"month","incidence",2023-05-01,2023-06-01,0,0,0,0,1,1,1,1,1,1,1,1,1,1,1,1,1,1,1,1,1,1,1,0,0,0,0,0,0,0,1,1,1,1,13.4395,12,TRUE,7.44351916323907,2.3276438026166,5.11587536062247,0,41.4563
"BASELINE","Nsanje",2,"month","incidence",2023-05-01,2023-07-01,0,0,1,1,1,1,1,1,1,1,1,1,1,1,1,1,1,1,1,1,1,1,1,0,0,0,0,0,0,0,0,0,1,1,25.9825,12,TRUE,15.6636773241431,3.29178543403408,12.3718918901091,0,28.9133
"BASELINE","Nsanje",3,"month","incidence",2023-05-01,2023-08-01,0,0,0,1,1,1,1,1,1,1,1,1,1,1,1,1,1,1,1,1,1,1,1,0,0,0,0,0,0,0,0,1,1,1,27.3164,12,TRUE,15.7930843236667,4.03159732805478,11.7614869956119,0,27.5794
"BASELINE","Ntcheu",1,"month","incidence",2023-05-01,2023-06-01,0,0,0,0,0,0,0,0,0,0,1,1,1,1,1,1,1,1,1,1,1,1,1,0,1,1,1,1,1,1,1,1,1,1,2.1846,12,TRUE,2.69863438954094,2.54416253470204,0.154471854838901,0,44.7279
"BASELINE","Ntcheu",2,"month","incidence",2023-05-01,2023-07-01,0,0,0,0,1,1,1,1,1,1,1,1,1,1,1,1,1,1,1,1,1,1,1,0,0,0,0,0,0,0,1,1,1,1,18.4255,12,TRUE,9.97410028621941,3.59798916145713,6.37611112476227,0,28.487
"BASELINE","Ntcheu",3,"month","incidence",2023-05-01,2023-08-01,0,0,0,1,1,1,1,1,1,1,1,1,1,1,1,1,1,1,1,1,1,1,1,0,0,0,0,0,0,0,0,1,1,1,27.0011,12,TRUE,15.1499534782033,4.40557490634099,10.7443785718623,0,19.9114
"BASELINE","Ntchisi",1,"month","incidence",2023-05-01,2023-06-01,0,0,0,0,0,0,0,0,0,0,0,1,1,1,1,1,1,1,1,1,1,1,1,1,1,1,1,1,1,1,1,1,1,1,1.9155,12,TRUE,3.42631533191683,3.34303272322117,0.0832826086956521,0,27.867
"BASELINE","Ntchisi",2,"month","incidence",2023-05-01,2023-07-01,0,0,0,0,0,0,0,0,1,1,1,1,1,1,1,1,1,1,1,1,1,1,1,0,0,0,1,1,1,1,1,1,1,1,10.2459,12,TRUE,6.30058114241537,4.66063190461805,1.63994923779732,0,19.5366
"BASELINE","Ntchisi",3,"month","incidence",2023-05-01,2023-08-01,0,0,0,0,0,0,0,0,1,1,1,1,1,1,1,1,1,1,1,1,1,1,1,0,0,0,1,1,1,1,1,1,1,1,13.6184,12,TRUE,7.94810887761142,5.6140022568652,2.33410662074623,0,16.1641
"BASELINE","Phalombe",1,"month","incidence",2023-05-01,2023-06-01,0,0,0,0,0,0,0,0,0,0,0,0,0,0,0,0,1,1,1,1,1,1,1,0,0,0,0,1,1,1,1,1,1,1,3.2671,12,TRUE,1.89849294056258,1.30801498712539,0,0.590477953437192,39.3376
"BASELINE","Phalombe",2,"month","incidence",2023-05-01,2023-07-01,0,0,0,0,0,1,1,1,1,1,1,1,1,1,1,1,1,1,1,1,1,1,1,0,0,0,0,0,0,1,1,1,1,1,8.7367,12,TRUE,4.67046472145331,1.84981253458,2.82065218687331,0,27.3338
"BASELINE","Phalombe",3,"month","incidence",2023-05-01,2023-08-01,0,0,0,1,1,1,1,1,1,1,1,1,1,1,1,1,1,1,1,1,1,1,1,0,0,0,0,0,0,0,0,1,1,1,14.6529,12,TRUE,8.35935097908775,2.26554841476273,6.09380256432502,0,21.4176
"BASELINE","Rumphi",1,"month","incidence",2023-05-01,2023-06-01,0,0,0,0,0,0,0,0,0,0,1,1,1,1,1,1,1,1,1,1,1,1,1,0,1,1,1,1,1,1,1,1,1,1,1.7786,12,TRUE,2.60701339255115,2.50661459082563,0.100398801725526,0,12.9341
"BASELINE","Rumphi",2,"month","incidence",2023-05-01,2023-07-01,0,0,0,0,0,0,0,0,1,1,1,1,1,1,1,1,1,1,1,1,1,1,1,0,0,0,1,1,1,1,1,1,1,1,7.5472,12,TRUE,4.5735484391097,3.40851795921001,1.16503047989969,0,7.1655
"BASELINE","Rumphi",3,"month","incidence",2023-05-01,2023-08-01,0,0,0,0,0,0,0,0,1,1,1,1,1,1,1,1,1,1,1,1,1,1,1,0,0,0,1,1,1,1,1,1,1,1,8.2633,12,TRUE,5.15738361469208,4.02880813783598,1.12857547685611,0,6.4494
"BASELINE","Salima",1,"month","incidence",2023-05-01,2023-06-01,0,0,0,0,0,0,0,0,0,0,1,1,1,1,1,1,1,1,1,1,1,1,1,0,1,1,1,1,1,1,1,1,1,1,2.1922,12,TRUE,3.58854012558049,3.48112876217682,0.107411363403673,0,92.1107
"BASELINE","Salima",2,"month","incidence",2023-05-01,2023-07-01,0,0,0,0,1,1,1,1,1,1,1,1,1,1,1,1,1,1,1,1,1,1,1,0,0,0,0,0,0,0,1,1,1,1,26.6958,12,TRUE,14.6155495509949,4.92305950783752,9.69249004315739,0,67.6071
"BASELINE","Salima",3,"month","incidence",2023-05-01,2023-08-01,0,0,0,0,1,1,1,1,1,1,1,1,1,1,1,1,1,1,1,1,1,1,1,0,0,0,0,0,0,0,1,1,1,1,32.5885,12,TRUE,17.8305079610014,6.02949188377961,11.8010160772218,0,61.7144
"BASELINE","Thyolo",1,"month","incidence",2023-05-01,2023-06-01,0,0,0,0,0,0,0,0,0,1,1,1,1,1,1,1,1,1,1,1,1,1,1,0,0,1,1,1,1,1,1,1,1,1,1.9477,12,TRUE,1.50195935445521,1.27596028987618,0.225999064579022,0,11.6226
"BASELINE","Thyolo",2,"month","incidence",2023-05-01,2023-07-01,0,0,0,0,0,0,0,1,1,1,1,1,1,1,1,1,1,1,1,1,1,1,1,0,0,0,0,1,1,1,1,1,1,1,4.6163,12,TRUE,2.64849233741117,1.79141904325436,0.857073294156803,0,8.954
"BASELINE","Thyolo",3,"month","incidence",2023-05-01,2023-08-01,0,0,0,0,0,0,0,0,1,1,1,1,1,1,1,1,1,1,1,1,1,1,1,0,0,0,1,1,1,1,1,1,1,1,4.5971,12,TRUE,2.88104965663085,2.17148887679111,0.709560779839742,0,8.9732
"BASELINE","Zomba",1,"month","incidence",2023-05-01,2023-06-01,0,0,0,0,0,0,0,0,0,0,0,1,1,1,1,1,1,1,1,1,1,1,1,1,1,1,1,1,1,1,1,1,1,1,0.0887000000000029,12,TRUE,2.18417439653379,2.18031787479466,0.00385652173913056,0,29.2125
"BASELINE","Zomba",2,"month","incidence",2023-05-01,2023-07-01,0,0,0,0,0,0,0,0,0,1,1,1,1,1,1,1,1,1,1,1,1,1,1,0,0,1,1,1,1,1,1,1,1,1,5.5169,12,TRUE,3.80202141326728,3.0796396462146,0.722381767052683,0,23.7843
"BASELINE","Zomba",3,"month","incidence",2023-05-01,2023-08-01,0,0,0,0,0,0,0,0,0,1,1,1,1,1,1,1,1,1,1,1,1,1,1,0,0,1,1,1,1,1,1,1,1,1,6.6511,12,TRUE,4.6159826205775,3.75422642597125,0.861756194606252,0,22.6501
"BASELINE","Balaka",1,"month","incidence",2023-06-01,2023-07-01,0,0,0,0,0,0,0,0,0,1,1,1,1,1,1,1,1,1,1,1,1,1,1,0,0,1,1,1,1,1,1,1,1,1,5.6806,12,TRUE,4.28027779525671,3.60636799792691,0.673909797329805,0,22.7263
"BASELINE","Balaka",2,"month","incidence",2023-06-01,2023-08-01,0,0,0,0,0,0,0,1,1,1,1,1,1,1,1,1,1,1,1,1,1,1,1,0,0,0,0,1,1,1,1,1,1,1,14.9301,12,TRUE,8.13897805092713,4.99446235836714,3.14451569255999,0,13.4768
"BASELINE","Balaka",3,"month","incidence",2023-06-01,2023-09-01,0,0,0,0,0,0,0,0,1,1,1,1,1,1,1,1,1,1,1,1,1,1,1,0,0,0,1,1,1,1,1,1,1,1,13.9744,12,TRUE,8.27971169440646,5.98618817019625,2.29352352421021,0,14.4325
"BASELINE","Blantyre",1,"month","incidence",2023-06-01,2023-07-01,0,0,0,0,0,0,0,1,1,1,1,1,1,1,1,1,1,1,1,1,1,1,1,0,0,0,0,1,1,1,1,1,1,1,4.2402,12,TRUE,2.37767101463815,1.5155883030476,0.862082711590545,0,30.575
"BASELINE","Blantyre",2,"month","incidence",2023-06-01,2023-08-01,0,0,0,0,0,1,1,1,1,1,1,1,1,1,1,1,1,1,1,1,1,1,1,0,0,0,0,0,0,1,1,1,1,1,10.1741,12,TRUE,5.44043073369581,2.14336553314395,3.29706520055187,0,24.6411
"BASELINE","Blantyre",3,"month","incidence",2023-06-01,2023-09-01,0,0,0,0,1,1,1,1,1,1,1,1,1,1,1,1,1,1,1,1,1,1,1,0,0,0,0,0,0,0,1,1,1,1,15.3346,12,TRUE,8.51060571169623,2.62507594423555,5.88552976746068,0,19.4806
"BASELINE","Chikwawa",1,"month","incidence",2023-06-01,2023-07-01,0,0,0,0,1,1,1,1,1,1,1,1,1,1,1,1,1,1,1,1,1,1,1,0,0,0,0,0,0,0,1,1,1,1,12.0599,12,TRUE,6.57043564454048,2.28068899894515,4.28974664559533,0,30.8794
"BASELINE","Chikwawa",2,"month","incidence",2023-06-01,2023-08-01,0,0,0,0,0,0,0,1,1,1,1,1,1,1,1,1,1,1,1,1,1,1,1,0,0,0,0,1,1,1,1,1,1,1,9.5371,12,TRUE,5.26089577856417,3.22538131386335,2.03551446470082,0,33.4022
"BASELINE","Chikwawa",3,"month","incidence",2023-06-01,2023-09-01,0,0,0,0,0,0,1,1,1,1,1,1,1,1,1,1,1,1,1,1,1,1,1,0,0,0,0,0,1,1,1,1,1,1,13.1231,12,TRUE,7.06132643171676,3.95010307590637,3.11122335581039,0,29.8162
"BASELINE","Chiradzulu",1,"month","incidence",2023-06-01,2023-07-01,0,0,0,0,0,0,0,0,1,1,1,1,1,1,1,1,1,1,1,1,1,1,1,0,0,0,1,1,1,1,1,1,1,1,3.7673,12,TRUE,2.23655262981973,1.58412830977104,0.65242432004869,0,19.796
"BASELINE","Chiradzulu",2,"month","incidence",2023-06-01,2023-08-01,0,0,0,0,1,1,1,1,1,1,1,1,1,1,1,1,1,1,1,1,1,1,1,0,0,0,0,0,0,0,1,1,1,1,11.7688,12,TRUE,6.40273852687561,2.23951573788746,4.16322278898815,0,11.7945
"BASELINE","Chiradzulu",3,"month","incidence",2023-06-01,2023-09-01,0,0,0,1,1,1,1,1,1,1,1,1,1,1,1,1,1,1,1,1,1,1,1,0,0,0,0,0,0,0,0,1,1,1,17.2929,12,TRUE,9.77982806711695,2.734586500061,7.04524156705595,0,6.2704
"BASELINE","Chitipa",1,"month","incidence",2023-06-01,2023-07-01,0,0,0,0,0,0,0,1,1,1,1,1,1,1,1,1,1,1,1,1,1,1,1,0,0,0,0,1,1,1,1,1,1,1,4.7776,12,TRUE,2.78943401871115,1.94059979348168,0.848834225229469,0,16.6044
"BASELINE","Chitipa",2,"month","incidence",2023-06-01,2023-08-01,0,0,0,0,0,0,0,1,1,1,1,1,1,1,1,1,1,1,1,1,1,1,1,0,0,0,0,1,1,1,1,1,1,1,8.4232,12,TRUE,4.58116250620714,2.72856095617436,1.85260155003279,0,12.9588
"BASELINE","Chitipa",3,"month","incidence",2023-06-01,2023-09-01,0,0,0,0,0,0,1,1,1,1,1,1,1,1,1,1,1,1,1,1,1,1,1,0,0,0,0,0,1,1,1,1,1,1,12.7285,12,TRUE,6.70177573221875,3.3073129790307,3.39446275318805,0,8.6535
"BASELINE","Dedza",1,"month","incidence",2023-06-01,2023-07-01,0,0,0,0,0,0,0,0,0,0,0,1,1,1,1,1,1,1,1,1,1,1,1,1,1,1,1,1,1,1,1,1,1,1,0.406199999999998,12,TRUE,1.96196134252948,1.94430047296426,0.0176608695652173,0,23.4082
"BASELINE","Dedza",2,"month","incidence",2023-06-01,2023-08-01,0,0,0,0,0,0,1,1,1,1,1,1,1,1,1,1,1,1,1,1,1,1,1,0,0,0,0,0,1,1,1,1,1,1,8.9894,12,TRUE,4.83723693971829,2.74104311833642,2.09619382138187,0,14.825
"BASELINE","Dedza",3,"month","incidence",2023-06-01,2023-09-01,0,0,0,0,0,0,1,1,1,1,1,1,1,1,1,1,1,1,1,1,1,1,1,0,0,0,0,0,1,1,1,1,1,1,12.9233,12,TRUE,6.81378950485626,3.33129717770926,3.482492327147,0,10.8911
"BASELINE","Dowa",1,"month","incidence",2023-06-01,2023-07-01,0,0,0,0,0,0,0,0,0,0,0,1,1,1,1,1,1,1,1,1,1,1,1,1,1,1,1,1,1,1,1,1,1,1,1.4089,12,TRUE,2.69242538417647,2.63116886243734,0.0612565217391305,0,11.8799
"BASELINE","Dowa",2,"month","incidence",2023-06-01,2023-08-01,0,0,0,0,0,0,0,0,0,1,1,1,1,1,1,1,1,1,1,1,1,1,1,0,0,1,1,1,1,1,1,1,1,1,4.8409,12,TRUE,3.98091301945701,3.52631701640151,0.454596003055494,0,8.4479
"BASELINE","Dowa",3,"month","incidence",2023-06-01,2023-09-01,0,0,0,0,0,0,0,0,0,1,1,1,1,1,1,1,1,1,1,1,1,1,1,0,0,1,1,1,1,1,1,1,1,1,5.7165,12,TRUE,4.65365829664656,4.14306100985347,0.510597286793082,0,7.5723
"BASELINE","Karonga",1,"month","incidence",2023-06-01,2023-07-01,0,0,0,0,0,0,0,0,0,0,1,1,1,1,1,1,1,1,1,1,1,1,1,0,1,1,1,1,1,1,1,1,1,1,1.1343,12,TRUE,1.60813139341302,1.53911171419301,0.0690196792200058,0,41.6765
"BASELINE","Karonga",2,"month","incidence",2023-06-01,2023-08-01,0,0,0,0,0,0,0,1,1,1,1,1,1,1,1,1,1,1,1,1,1,1,1,0,0,0,0,1,1,1,1,1,1,1,5.654,12,TRUE,3.24426416892489,2.17663266021906,1.06763150870582,0,37.1568
"BASELINE","Karonga",3,"month","incidence",2023-06-01,2023-09-01,0,0,0,0,0,0,0,0,0,0,0,0,0,0,1,1,1,1,1,1,1,1,1,0,0,1,1,1,1,1,1,1,1,1,3.6197,12,TRUE,3.04036323262731,2.66581968750673,0,0.374543545120583,46.4305
"BASELINE","Kasungu",1,"month","incidence",2023-06-01,2023-07-01,0,0,0,0,0,0,0,0,0,0,0,1,1,1,1,1,1,1,1,1,1,1,1,1,1,1,1,1,1,1,1,1,1,1,0.208299999999994,12,TRUE,2.84849313798646,2.83943661624733,0.00905652173913018,0,33.0519
"BASELINE","Kasungu",2,"month","incidence",2023-06-01,2023-08-01,0,0,0,0,0,0,0,1,1,1,1,1,1,1,1,1,1,1,1,1,1,1,1,0,0,0,0,1,1,1,1,1,1,1,12.237,12,TRUE,6.67476738369436,3.99837113749863,2.67639624619573,0,21.0232
"BASELINE","Kasungu",3,"month","incidence",2023-06-01,2023-09-01,0,0,0,0,0,1,1,1,1,1,1,1,1,1,1,1,1,1,1,1,1,1,1,0,0,0,0,0,0,1,1,1,1,1,20.5181,12,TRUE,10.8212627310541,4.85377168999759,5.96749104105654,0,12.7421
"BASELINE","Likoma",1,"month","incidence",2023-06-01,2023-07-01,0,0,0,0,0,0,0,0,1,1,1,1,1,1,1,1,1,1,1,1,1,1,1,0,0,0,1,1,1,1,1,1,1,1,5.8143,12,TRUE,3.65717398736487,2.74571360638341,0.911460380981455,0,19.131
"BASELINE","Likoma",2,"month","incidence",2023-06-01,2023-08-01,0,0,0,0,0,0,0,0,0,0,1,1,1,1,1,1,1,1,1,1,1,1,1,0,1,1,1,1,1,1,1,1,1,1,2.3132,12,TRUE,3.93166176999936,3.82945659993134,0.102205170068024,0,22.6321
"BASELINE","Likoma",3,"month","incidence",2023-06-01,2023-09-01,0,0,0,0,0,0,0,0,0,0,0,0,0,0,0,0,0,0,1,1,1,1,1,0,0,0,0,0,0,1,1,1,1,1,19.6936,12,TRUE,10.2933440431258,4.61637863036487,0,5.67696541276094,44.6389
"BASELINE","Lilongwe",1,"month","incidence",2023-06-01,2023-07-01,0,0,0,0,0,0,0,0,1,1,1,1,1,1,1,1,1,1,1,1,1,1,1,0,0,0,1,1,1,1,1,1,1,1,4.4027,12,TRUE,2.60150972380694,1.84395729530553,0.757552428501408,0,8.4005
"BASELINE","Lilongwe",2,"month","incidence",2023-06-01,2023-08-01,0,0,0,0,0,0,0,0,1,1,1,1,1,1,1,1,1,1,1,1,1,1,1,0,0,0,1,1,1,1,1,1,1,1,5.99,12,TRUE,3.54065981357983,2.54125395400273,0.999405859577096,0,6.8132
"BASELINE","Lilongwe",3,"month","incidence",2023-06-01,2023-09-01,0,0,0,0,0,0,0,0,0,0,1,1,1,1,1,1,1,1,1,1,1,1,1,0,1,1,1,1,1,1,1,1,1,1,3.066,12,TRUE,3.26263399674901,3.02856627445721,0.234067722291799,0,9.7372
"BASELINE","Machinga",1,"month","incidence",2023-06-01,2023-07-01,0,0,0,0,0,0,0,0,0,0,0,0,0,0,0,0,0,1,1,1,1,1,1,0,0,0,0,0,1,1,1,1,1,1,6.7216,12,TRUE,3.57366895743021,1.80598635562003,0,1.76768260181018,45.0867
"BASELINE","Machinga",2,"month","incidence",2023-06-01,2023-08-01,0,0,0,0,0,0,0,0,0,0,0,0,0,0,1,1,1,1,1,1,1,1,1,0,0,1,1,1,1,1,1,1,1,1,3.4443,12,TRUE,2.90775193011117,2.5540503975786,0,0.35370153253257,41.8094
"BASELINE","Machinga",3,"month","incidence",2023-06-01,2023-09-01,0,0,0,0,0,0,0,0,0,0,0,0,0,0,0,0,0,0,0,0,1,1,1,0,0,0,0,0,0,0,0,1,1,1,20.5424,12,TRUE,11.7717106468116,3.12806012571004,0,8.64365052110154,58.9075
"BASELINE","Mangochi",1,"month","incidence",2023-06-01,2023-07-01,0,0,0,0,0,0,0,1,1,1,1,1,1,1,1,1,1,1,1,1,1,1,1,0,0,0,0,1,1,1,1,1,1,1,4.2035,12,TRUE,2.29408249147802,1.36955333466685,0.924529156811169,0,22.6651
"BASELINE","Mangochi",2,"month","incidence",2023-06-01,2023-08-01,0,0,0,0,0,0,1,1,1,1,1,1,1,1,1,1,1,1,1,1,1,1,1,0,0,0,0,0,1,1,1,1,1,1,6.4497,12,TRUE,3.46964085636402,1.93684090027916,1.53279995608486,0,20.4189
"BASELINE","Mangochi",3,"month","incidence",2023-06-01,2023-09-01,0,0,0,0,0,0,0,0,0,0,0,0,0,0,0,0,0,1,1,1,1,1,1,0,0,0,0,0,1,1,1,1,1,1,8.4864,12,TRUE,4.530241932787,2.37213595931837,0,2.15810597346863,35.355
"BASELINE","Mchinji",1,"month","incidence",2023-06-01,2023-07-01,0,0,0,0,0,0,1,1,1,1,1,1,1,1,1,1,1,1,1,1,1,1,1,0,0,0,0,0,1,1,1,1,1,1,12.3079,12,TRUE,6.52223470948531,3.19878029460265,3.32345441488267,0,23.9496
"BASELINE","Mchinji",2,"month","incidence",2023-06-01,2023-08-01,0,0,0,0,0,0,1,1,1,1,1,1,1,1,1,1,1,1,1,1,1,1,1,0,0,0,0,0,1,1,1,1,1,1,17.253,12,TRUE,9.12759561445804,4.50069479168266,4.62690082277537,0,19.0045
"BASELINE","Mchinji",3,"month","incidence",2023-06-01,2023-09-01,0,0,0,0,0,0,0,0,0,0,1,1,1,1,1,1,1,1,1,1,1,1,1,0,1,1,1,1,1,1,1,1,1,1,6.2446,12,TRUE,5.98945505452085,5.45908093065278,0.530374123868065,0,30.0129
"BASELINE","Mulanje",1,"month","incidence",2023-06-01,2023-07-01,0,0,0,0,0,0,1,1,1,1,1,1,1,1,1,1,1,1,1,1,1,1,1,0,0,0,0,0,1,1,1,1,1,1,9.0985,12,TRUE,4.83351659889741,2.42511555390663,2.40840104499078,0,29.7718
"BASELINE","Mulanje",2,"month","incidence",2023-06-01,2023-08-01,0,0,0,0,0,0,0,1,1,1,1,1,1,1,1,1,1,1,1,1,1,1,1,0,0,0,0,1,1,1,1,1,1,1,8.8738,12,TRUE,5.09816800160648,3.4296313066567,1.66853669494978,0,29.9965
"BASELINE","Mulanje",3,"month","incidence",2023-06-01,2023-09-01,0,0,0,0,0,0,0,0,0,0,1,1,1,1,1,1,1,1,1,1,1,1,1,0,1,1,1,1,1,1,1,1,1,1,2.6449,12,TRUE,4.32391449484431,4.19434393143328,0.12957056341103,0,36.2254
"BASELINE","Mwanza",1,"month","incidence",2023-06-01,2023-07-01,0,0,0,0,0,0,0,0,0,1,1,1,1,1,1,1,1,1,1,1,1,1,1,0,0,1,1,1,1,1,1,1,1,1,5.8124,12,TRUE,4.69576340165165,4.06023317894701,0.635530222704636,0,40.5096
"BASELINE","Mwanza",2,"month","incidence",2023-06-01,2023-08-01,0,0,0,0,0,0,0,0,0,1,1,1,1,1,1,1,1,1,1,1,1,1,1,0,0,1,1,1,1,1,1,1,1,1,8.817,12,TRUE,6.742238851452,5.71367532814802,1.02856352330398,0,37.505
"BASELINE","Mwanza",3,"month","incidence",2023-06-01,2023-09-01,0,0,0,0,0,0,0,0,0,0,0,1,1,1,1,1,1,1,1,1,1,1,1,1,1,1,1,1,1,1,1,1,1,1,1.06930000000001,12,TRUE,6.97795739584077,6.93146609149294,0.0464913043478263,0,45.2527
"BASELINE","Mzimba",1,"month","incidence",2023-06-01,2023-07-01,0,0,0,1,1,1,1,1,1,1,1,1,1,1,1,1,1,1,1,1,1,1,1,0,0,0,0,0,0,0,0,1,1,1,12.9409,12,TRUE,7.25501209923256,2.11788990215469,5.13712219707787,0,18.4765
"BASELINE","Mzimba",2,"month","incidence",2023-06-01,2023-08-01,0,0,0,1,1,1,1,1,1,1,1,1,1,1,1,1,1,1,1,1,1,1,1,0,0,0,0,0,0,0,0,1,1,1,19.8153,12,TRUE,11.3781395612574,2.99403154459668,8.38410801666071,0,11.6021
"BASELINE","Mzimba",3,"month","incidence",2023-06-01,2023-09-01,0,0,0,0,0,1,1,1,1,1,1,1,1,1,1,1,1,1,1,1,1,1,1,0,0,0,0,0,0,1,1,1,1,1,17.4229,12,TRUE,9.30435433669041,3.65572748770986,5.64862684898054,0,13.9945
"BASELINE","Neno",1,"month","incidence",2023-06-01,2023-07-01,0,0,0,0,0,0,1,1,1,1,1,1,1,1,1,1,1,1,1,1,1,1,1,0,0,0,0,0,1,1,1,1,1,1,20.7011,12,TRUE,11.0067718475096,5.56522708989997,5.44154475760963,0,75.7386
"BASELINE","Neno",2,"month","incidence",2023-06-01,2023-08-01,0,0,0,0,1,1,1,1,1,1,1,1,1,1,1,1,1,1,1,1,1,1,1,0,0,0,0,0,0,0,1,1,1,1,44.3474,12,TRUE,24.454285818665,7.87041962822269,16.5838661904423,0,52.0923
"BASELINE","Neno",3,"month","incidence",2023-06-01,2023-09-01,0,0,0,0,0,0,0,0,1,1,1,1,1,1,1,1,1,1,1,1,1,1,1,0,0,0,1,1,1,1,1,1,1,1,21.426,12,TRUE,13.1457336821703,9.63159960481627,3.51413407735405,0,75.0137
"BASELINE","Nkhatabay",1,"month","incidence",2023-06-01,2023-07-01,0,0,0,0,0,0,1,1,1,1,1,1,1,1,1,1,1,1,1,1,1,1,1,0,0,0,0,0,1,1,1,1,1,1,10.5079,12,TRUE,5.58451224267757,2.8121538639131,2.77235837876447,0,70.3839
"BASELINE","Nkhatabay",2,"month","incidence",2023-06-01,2023-08-01,0,0,0,0,0,0,0,0,0,0,0,0,0,0,0,1,1,1,1,1,1,1,1,0,0,0,1,1,1,1,1,1,1,1,8.67359999999999,12,TRUE,5.3762158144653,3.97698613382581,0,1.3992296806395,89.5654
"BASELINE","Nkhatabay",3,"month","incidence",2023-06-01,2023-09-01,0,0,0,0,0,0,0,0,0,0,0,0,0,0,0,0,0,0,0,0,0,1,1,0,0,0,0,0,0,0,0,0,1,1,41.7343,12,TRUE,25.8938213386186,4.87079337099862,0,21.02302796762,122.6261
"BASELINE","Nkhotakota",1,"month","incidence",2023-06-01,2023-07-01,0,0,0,0,0,0,0,0,0,0,0,0,1,1,1,1,1,1,1,1,1,1,1,1,1,1,1,1,1,1,1,1,1,1,0.578699999999998,12,TRUE,2.89545421493226,2.87029334536704,0,0.0251608695652173,45.4201
"BASELINE","Nkhotakota",2,"month","incidence",2023-06-01,2023-08-01,0,0,0,0,0,0,0,0,0,0,0,0,0,0,0,0,0,1,1,1,1,1,1,0,0,0,0,0,1,1,1,1,1,1,13.0981,12,TRUE,7.07119066506326,4.05920777700732,0,3.01198288805594,57.9395
"BASELINE","Nkhotakota",3,"month","incidence",2023-06-01,2023-09-01,0,0,0,0,0,0,0,0,0,0,0,0,0,0,0,0,0,0,0,0,1,1,1,0,0,0,0,0,0,0,0,1,1,1,30.81,12,TRUE,17.340013856415,4.96135072916588,0,12.3786631272491,75.6514
"BASELINE","Nsanje",1,"month","incidence",2023-06-01,2023-07-01,0,0,0,0,1,1,1,1,1,1,1,1,1,1,1,1,1,1,1,1,1,1,1,0,0,0,0,0,0,0,1,1,1,1,12.543,12,TRUE,6.84270961126513,2.35606730178788,4.48664230947725,0,28.9133
"BASELINE","Nsanje",2,"month","incidence",2023-06-01,2023-08-01,0,0,0,0,0,1,1,1,1,1,1,1,1,1,1,1,1,1,1,1,1,1,1,0,0,0,0,0,0,1,1,1,1,1,13.8769,12,TRUE,7.36132343387724,3.3319823320522,4.02934110182504,0,27.5794
"BASELINE","Nsanje",3,"month","incidence",2023-06-01,2023-09-01,0,0,0,0,0,0,0,0,0,0,0,1,1,1,1,1,1,1,1,1,1,1,1,1,1,1,1,1,1,1,1,1,1,1,1.5938,12,TRUE,4.14742865870504,4.07813300653112,0.0692956521739131,0,39.8625
"BASELINE","Ntcheu",1,"month","incidence",2023-06-01,2023-07-01,0,0,0,1,1,1,1,1,1,1,1,1,1,1,1,1,1,1,1,1,1,1,1,0,0,0,0,0,0,0,0,1,1,1,16.2409,12,TRUE,9.25862801853022,2.51718488810914,6.74144313042108,0,28.487
"BASELINE","Ntcheu",2,"month","incidence",2023-06-01,2023-08-01,0,0,0,1,1,1,1,1,1,1,1,1,1,1,1,1,1,1,1,1,1,1,1,0,0,0,0,0,0,0,0,1,1,1,24.8165,12,TRUE,14.4598852359265,3.55983700776455,10.900048228162,0,19.9114
"BASELINE","Ntcheu",3,"month","incidence",2023-06-01,2023-09-01,0,0,0,0,1,1,1,1,1,1,1,1,1,1,1,1,1,1,1,1,1,1,1,0,0,0,0,0,0,0,1,1,1,1,22.4268,12,TRUE,12.148621797297,4.35739223206614,7.79122956523087,0,22.3011
"BASELINE","Ntchisi",1,"month","incidence",2023-06-01,2023-07-01,0,0,0,0,0,0,0,1,1,1,1,1,1,1,1,1,1,1,1,1,1,1,1,0,0,0,0,1,1,1,1,1,1,1,8.3304,12,TRUE,4.81555596300275,3.29618738986817,1.51936857313458,0,19.5366
"BASELINE","Ntchisi",2,"month","incidence",2023-06-01,2023-08-01,0,0,0,0,0,0,0,1,1,1,1,1,1,1,1,1,1,1,1,1,1,1,1,0,0,0,0,1,1,1,1,1,1,1,11.7029,12,TRUE,6.70620925274075,4.58804465123713,2.11816460150362,0,16.1641
"BASELINE","Ntchisi",3,"month","incidence",2023-06-01,2023-09-01,0,0,0,0,0,0,0,0,0,0,0,0,0,1,1,1,1,1,1,1,1,1,1,0,1,1,1,1,1,1,1,1,1,1,6.7942,12,TRUE,6.11055101318435,5.51827699607543,0,0.592274017108921,34.6612
"BASELINE","Phalombe",1,"month","incidence",2023-06-01,2023-07-01,0,0,1,1,1,1,1,1,1,1,1,1,1,1,1,1,1,1,1,1,1,1,1,0,0,0,0,0,0,0,0,0,1,1,12.0038,12,TRUE,7.60645368449115,1.31085612405016,6.29559756044099,0,27.3338
"BASELINE","Phalombe",2,"month","incidence",2023-06-01,2023-08-01,0,1,1,1,1,1,1,1,1,1,1,1,1,1,1,1,1,1,1,1,1,1,1,0,0,0,0,0,0,0,0,0,0,1,17.92,12,TRUE,11.6124225325647,1.85383050895156,9.75859202361313,0,21.4176
"BASELINE","Phalombe",3,"month","incidence",2023-06-01,2023-09-01,0,0,0,0,0,1,1,1,1,1,1,1,1,1,1,1,1,1,1,1,1,1,1,0,0,0,0,0,0,1,1,1,1,1,9.9134,12,TRUE,5.27468647875215,2.27046940826768,3.00421707048447,0,29.4242
"BASELINE","Rumphi",1,"month","incidence",2023-06-01,2023-07-01,0,0,0,0,0,0,0,0,1,1,1,1,1,1,1,1,1,1,1,1,1,1,1,0,0,0,1,1,1,1,1,1,1,1,5.7686,12,TRUE,3.43337845893757,2.4781879016374,0.955190557300167,0,7.1655
"BASELINE","Rumphi",2,"month","incidence",2023-06-01,2023-08-01,0,0,0,0,0,0,0,0,0,1,1,1,1,1,1,1,1,1,1,1,1,1,1,0,0,1,1,1,1,1,1,1,1,1,6.4847,12,TRUE,4.18096228405801,3.33258856277823,0.848373721279772,0,6.4494
"BASELINE","Rumphi",3,"month","incidence",2023-06-01,2023-09-01,0,0,0,0,0,0,0,0,0,1,1,1,1,1,1,1,1,1,1,1,1,1,1,0,0,1,1,1,1,1,1,1,1,1,6.4808,12,TRUE,4.64300800132265,3.92164121705599,0.72136678426666,0,6.4533
"BASELINE","Salima",1,"month","incidence",2023-06-01,2023-07-01,0,0,0,1,1,1,1,1,1,1,1,1,1,1,1,1,1,1,1,1,1,1,1,0,0,0,0,0,0,0,0,1,1,1,24.5036,12,TRUE,14.3224205479163,3.47382941935992,10.8485911285564,0,67.6071
"BASELINE","Salima",2,"month","incidence",2023-06-01,2023-08-01,0,0,0,1,1,1,1,1,1,1,1,1,1,1,1,1,1,1,1,1,1,1,1,0,0,0,0,0,0,0,0,1,1,1,30.3963,12,TRUE,17.1084657936391,4.91273667822945,12.1957291154097,0,61.7144
"BASELINE","Salima",3,"month","incidence",2023-06-01,2023-09-01,0,0,0,0,0,0,0,0,0,0,0,0,1,1,1,1,1,1,1,1,1,1,1,1,1,1,1,1,1,1,1,1,1,1,1.16330000000001,12,TRUE,6.06742731202844,6.01684905115887,0,0.0505782608695655,93.274
"BASELINE","Thyolo",1,"month","incidence",2023-06-01,2023-07-01,0,0,0,0,0,0,0,0,1,1,1,1,1,1,1,1,1,1,1,1,1,1,1,0,0,0,1,1,1,1,1,1,1,1,2.6686,12,TRUE,1.68607873131232,1.27106489105021,0.415013840262107,0,8.954
"BASELINE","Thyolo",2,"month","incidence",2023-06-01,2023-08-01,0,0,0,0,0,0,0,0,0,1,1,1,1,1,1,1,1,1,1,1,1,1,1,0,0,1,1,1,1,1,1,1,1,1,2.6494,12,TRUE,2.07043568593059,1.77300064172229,0.2974350442083,0,8.9732
"BASELINE","Thyolo",3,"month","incidence",2023-06-01,2023-09-01,0,0,0,0,0,0,0,0,0,0,0,0,0,1,1,1,1,1,1,1,1,1,1,0,1,1,1,1,1,1,1,1,1,1,2.1918,12,TRUE,2.31067786657016,2.13788948621544,0,0.172788380354716,13.8144
"BASELINE","Zomba",1,"month","incidence",2023-06-01,2023-07-01,0,0,0,0,0,0,0,1,1,1,1,1,1,1,1,1,1,1,1,1,1,1,1,0,0,0,0,1,1,1,1,1,1,1,5.4282,12,TRUE,3.15249035058265,2.16942391089034,0.983066439692312,0,23.7843
"BASELINE","Zomba",2,"month","incidence",2023-06-01,2023-08-01,0,0,0,0,0,0,0,0,1,1,1,1,1,1,1,1,1,1,1,1,1,1,1,0,0,0,1,1,1,1,1,1,1,1,6.5624,12,TRUE,4.10452868142624,3.06430239572717,1.04022628569907,0,22.6501
"BASELINE","Zomba",3,"month","incidence",2023-06-01,2023-09-01,0,0,0,0,0,0,0,0,0,0,0,0,0,1,1,1,1,1,1,1,1,1,1,0,1,1,1,1,1,1,1,1,1,1,2.5132,12,TRUE,3.87074873638056,3.73564404333119,0,0.13510469304937,31.7257
"BASELINE","Balaka",1,"month","incidence",2023-07-01,2023-08-01,0,0,0,0,0,0,0,1,1,1,1,1,1,1,1,1,1,1,1,1,1,1,1,0,0,0,0,1,1,1,1,1,1,1,9.2495,12,TRUE,5.27870998382209,3.56785493342633,1.71085505039576,0,13.4768
"BASELINE","Balaka",2,"month","incidence",2023-07-01,2023-09-01,0,0,0,0,0,0,0,0,0,1,1,1,1,1,1,1,1,1,1,1,1,1,1,0,0,1,1,1,1,1,1,1,1,1,8.2938,12,TRUE,5.88540597635018,4.87618133278291,1.00922464356728,0,14.4325
"BASELINE","Balaka",3,"month","incidence",2023-07-01,2023-10-01,0,0,0,0,0,0,0,0,0,0,0,0,1,1,1,1,1,1,1,1,1,1,1,1,1,1,1,1,1,1,1,1,1,1,3.1447,12,TRUE,5.92349836219303,5.78677227523651,0,0.136726086956522,25.871
"BASELINE","Blantyre",1,"month","incidence",2023-07-01,2023-08-01,0,0,0,0,0,0,1,1,1,1,1,1,1,1,1,1,1,1,1,1,1,1,1,0,0,0,0,0,1,1,1,1,1,1,5.9339,12,TRUE,3.14010315172184,1.52004090492565,1.62006224679619,0,24.6411
"BASELINE","Blantyre",2,"month","incidence",2023-07-01,2023-09-01,0,0,0,0,1,1,1,1,1,1,1,1,1,1,1,1,1,1,1,1,1,1,1,0,0,0,0,0,0,0,1,1,1,1,11.0944,12,TRUE,6.01514373702848,2.14966246310773,3.86548127392075,0,19.4806
"BASELINE","Blantyre",3,"month","incidence",2023-07-01,2023-10-01,0,0,0,0,0,0,0,1,1,1,1,1,1,1,1,1,1,1,1,1,1,1,1,0,0,0,0,1,1,1,1,1,1,1,7.6166,12,TRUE,4.22847786017052,2.6327880769142,1.59568978325632,0,22.9584
"BASELINE","Chikwawa",1,"month","incidence",2023-07-01,2023-08-01,0,0,0,0,0,0,0,0,0,0,0,0,0,1,1,1,1,1,1,1,1,1,1,0,1,1,1,1,1,1,1,1,1,1,2.5228,12,TRUE,2.51575544114456,2.30490010098387,0,0.210855340160692,33.4022
"BASELINE","Chikwawa",2,"month","incidence",2023-07-01,2023-09-01,0,0,0,0,0,0,0,0,0,0,0,1,1,1,1,1,1,1,1,1,1,1,1,1,1,1,1,1,1,1,1,1,1,1,1.0632,12,TRUE,3.30175120998965,3.25552512303313,0.0462260869565218,0,29.8162
"BASELINE","Chikwawa",3,"month","incidence",2023-07-01,2023-10-01,0,0,0,0,0,0,0,0,0,0,0,1,1,1,1,1,1,1,1,1,1,1,1,1,1,1,1,1,1,1,1,1,1,1,2.3142,12,TRUE,4.06906601501075,3.9684486237064,0.100617391304348,0,28.5652
"BASELINE","Chiradzulu",1,"month","incidence",2023-07-01,2023-08-01,0,0,0,0,1,1,1,1,1,1,1,1,1,1,1,1,1,1,1,1,1,1,1,0,0,0,0,0,0,0,1,1,1,1,8.0015,12,TRUE,4.318023409992,1.58599162432893,2.73203178566307,0,11.7945
"BASELINE","Chiradzulu",2,"month","incidence",2023-07-01,2023-09-01,0,0,0,1,1,1,1,1,1,1,1,1,1,1,1,1,1,1,1,1,1,1,1,0,0,0,0,0,0,0,0,1,1,1,13.5256,12,TRUE,7.54489961215115,2.23703207873655,5.3078675334146,0,6.2704
"BASELINE","Chiradzulu",3,"month","incidence",2023-07-01,2023-10-01,0,0,0,0,0,1,1,1,1,1,1,1,1,1,1,1,1,1,1,1,1,1,1,0,0,0,0,0,0,1,1,1,1,1,11.2149,12,TRUE,5.91446171786605,2.72012003345648,3.19434168440956,0,8.5811
"BASELINE","Chitipa",1,"month","incidence",2023-07-01,2023-08-01,0,0,0,0,0,0,0,0,1,1,1,1,1,1,1,1,1,1,1,1,1,1,1,0,0,0,1,1,1,1,1,1,1,1,3.6456,12,TRUE,2.44093571189494,1.93809301665243,0.502842695242519,0,12.9588
"BASELINE","Chitipa",2,"month","incidence",2023-07-01,2023-09-01,0,0,0,0,0,0,0,1,1,1,1,1,1,1,1,1,1,1,1,1,1,1,1,0,0,0,0,1,1,1,1,1,1,1,7.9509,12,TRUE,4.36439557333994,2.69981784061235,1.6645777327276,0,8.6535
"BASELINE","Chitipa",3,"month","incidence",2023-07-01,2023-10-01,0,0,0,0,0,0,0,0,0,1,1,1,1,1,1,1,1,1,1,1,1,1,1,0,0,1,1,1,1,1,1,1,1,1,6.0539,12,TRUE,4.04219862004157,3.24720145690737,0.794997163134203,0,10.5505
"BASELINE","Dedza",1,"month","incidence",2023-07-01,2023-08-01,0,0,0,0,0,1,1,1,1,1,1,1,1,1,1,1,1,1,1,1,1,1,1,0,0,0,0,0,0,1,1,1,1,1,8.5832,12,TRUE,4.57016112368316,1.94340353343046,2.6267575902527,0,14.825
"BASELINE","Dedza",2,"month","incidence",2023-07-01,2023-09-01,0,0,0,0,0,1,1,1,1,1,1,1,1,1,1,1,1,1,1,1,1,1,1,0,0,0,0,0,0,1,1,1,1,1,12.5171,12,TRUE,6.6673758362983,2.73857580236993,3.92880003392837,0,10.8911
"BASELINE","Dedza",3,"month","incidence",2023-07-01,2023-10-01,0,0,0,0,0,0,0,0,1,1,1,1,1,1,1,1,1,1,1,1,1,1,1,0,0,0,1,1,1,1,1,1,1,1,7.0316,12,TRUE,4.4168948481776,3.32683924554931,1.09005560262829,0,16.3766
"BASELINE","Dowa",1,"month","incidence",2023-07-01,2023-08-01,0,0,0,0,0,0,0,0,0,1,1,1,1,1,1,1,1,1,1,1,1,1,1,0,0,1,1,1,1,1,1,1,1,1,3.432,12,TRUE,2.90056341388929,2.57415835449632,0.326405059392967,0,8.4479
"BASELINE","Dowa",2,"month","incidence",2023-07-01,2023-09-01,0,0,0,0,0,0,0,0,0,0,1,1,1,1,1,1,1,1,1,1,1,1,1,0,1,1,1,1,1,1,1,1,1,1,4.3076,12,TRUE,3.79935553536667,3.43427788086056,0.365077654506112,0,7.5723
"BASELINE","Dowa",3,"month","incidence",2023-07-01,2023-10-01,0,0,0,0,0,0,0,0,0,0,0,0,1,1,1,1,1,1,1,1,1,1,1,1,1,1,1,1,1,1,1,1,1,1,1.4083,12,TRUE,4.08509177985222,4.02386134506961,0,0.0612304347826087,13.2882
"BASELINE","Karonga",1,"month","incidence",2023-07-01,2023-08-01,0,0,0,0,0,0,0,1,1,1,1,1,1,1,1,1,1,1,1,1,1,1,1,0,0,0,0,1,1,1,1,1,1,1,4.5197,12,TRUE,2.48750960384219,1.51657770395177,0.970931899890418,0,37.1568
"BASELINE","Karonga",2,"month","incidence",2023-07-01,2023-09-01,0,0,0,0,0,0,0,0,0,0,0,0,0,0,0,1,1,1,1,1,1,1,1,0,0,0,1,1,1,1,1,1,1,1,4.754,12,TRUE,2.92260688309538,2.14476475732125,0,0.777842125774129,46.4305
"BASELINE","Karonga",3,"month","incidence",2023-07-01,2023-10-01,0,0,0,0,0,0,0,0,0,0,0,0,0,0,1,1,1,1,1,1,1,1,1,0,0,1,1,1,1,1,1,1,1,1,4.6924,12,TRUE,3.24056598438865,2.62678963687063,0,0.613776347518026,46.3689
"BASELINE","Kasungu",1,"month","incidence",2023-07-01,2023-08-01,0,0,0,0,0,1,1,1,1,1,1,1,1,1,1,1,1,1,1,1,1,1,1,0,0,0,0,0,0,1,1,1,1,1,12.0287,12,TRUE,6.38886523643422,2.83318485217585,3.55568038425837,0,21.0232
"BASELINE","Kasungu",2,"month","incidence",2023-07-01,2023-09-01,0,0,0,0,1,1,1,1,1,1,1,1,1,1,1,1,1,1,1,1,1,1,1,0,0,0,0,0,0,0,1,1,1,1,20.3098,12,TRUE,10.9533839406225,3.98915659584831,6.96422734477423,0,12.7421
"BASELINE","Kasungu",3,"month","incidence",2023-07-01,2023-10-01,0,0,0,0,0,0,0,1,1,1,1,1,1,1,1,1,1,1,1,1,1,1,1,0,0,0,0,1,1,1,1,1,1,1,13.3389,12,TRUE,7.48069615215313,4.84208650348038,2.63860964867275,0,19.713
"BASELINE","Likoma",1,"month","incidence",2023-07-01,2023-08-01,0,0,0,0,0,0,0,0,0,0,0,0,0,0,1,1,1,1,1,1,1,1,1,0,0,1,1,1,1,1,1,1,1,1,3.5011,12,TRUE,3.05553941193178,2.7201555120354,0,0.335383899896385,22.6321
"BASELINE","Likoma",2,"month","incidence",2023-07-01,2023-09-01,0,0,0,0,0,0,0,0,0,0,0,0,0,0,0,0,0,0,0,0,1,1,1,0,0,0,0,0,0,0,0,1,1,1,25.5079,12,TRUE,14.4669985134182,3.75108814289749,0,10.7159103705207,44.6389
"BASELINE","Likoma",3,"month","incidence",2023-07-01,2023-10-01,0,0,0,0,0,0,0,0,0,0,0,0,0,0,1,1,1,1,1,1,1,1,1,0,0,1,1,1,1,1,1,1,1,1,8.1275,12,TRUE,5.5015004616339,4.47202961183785,0,1.02947084979605,27.2585
"BASELINE","Lilongwe",1,"month","incidence",2023-07-01,2023-08-01,0,0,0,0,0,0,0,0,0,0,1,1,1,1,1,1,1,1,1,1,1,1,1,0,1,1,1,1,1,1,1,1,1,1,1.5873,12,TRUE,1.88711966059325,1.7756920049384,0.111427655654851,0,6.8132
"BASELINE","Lilongwe",2,"month","incidence",2023-07-01,2023-09-01,0,0,0,0,0,0,0,0,0,0,0,0,1,1,1,1,1,1,1,1,1,1,1,1,1,1,1,1,1,1,1,1,1,1,1.3367,12,TRUE,2.43293697771118,2.37481958640683,0,0.0581173913043478,9.7372
"BASELINE","Lilongwe",3,"month","incidence",2023-07-01,2023-10-01,0,0,0,0,0,0,0,0,0,0,0,0,0,0,1,1,1,1,1,1,1,1,1,0,0,1,1,1,1,1,1,1,1,1,4.8363,12,TRUE,3.33300535156671,2.78111546876957,0,0.551889882797138,13.2368
"BASELINE","Machinga",1,"month","incidence",2023-07-01,2023-08-01,0,0,0,0,0,0,0,0,0,1,1,1,1,1,1,1,1,1,1,1,1,1,1,0,0,1,1,1,1,1,1,1,1,1,3.2773,12,TRUE,2.24709918902701,1.81545666684536,0.43164252218165,0,41.8094
"BASELINE","Machinga",2,"month","incidence",2023-07-01,2023-09-01,0,0,0,0,0,0,0,0,0,0,0,0,0,0,0,0,0,0,0,1,1,1,1,0,0,0,0,0,0,0,1,1,1,1,13.8208,12,TRUE,7.55606204105591,2.56744344015336,0,4.98861860090256,58.9075
"BASELINE","Machinga",3,"month","incidence",2023-07-01,2023-10-01,0,0,0,0,0,0,0,0,0,0,0,0,0,0,0,1,1,1,1,1,1,1,1,0,0,0,1,1,1,1,1,1,1,1,6.4907,12,TRUE,4.13902513779572,3.1444631859158,0,0.994561951879913,51.5774
"BASELINE","Mangochi",1,"month","incidence",2023-07-01,2023-08-01,0,0,0,0,0,0,0,0,0,1,1,1,1,1,1,1,1,1,1,1,1,1,1,0,0,1,1,1,1,1,1,1,1,1,2.2462,12,TRUE,1.64292590571359,1.36589803583053,0.277027869883056,0,20.4189
"BASELINE","Mangochi",2,"month","incidence",2023-07-01,2023-09-01,0,0,0,0,0,0,0,0,0,0,0,0,0,0,0,0,0,0,0,0,1,1,1,0,0,0,0,0,0,0,0,1,1,1,12.6899,12,TRUE,7.272600362089,1.93167152709031,0,5.34092883499869,35.355
"BASELINE","Mangochi",3,"month","incidence",2023-07-01,2023-10-01,0,0,0,0,0,0,0,0,0,0,0,0,0,0,0,0,0,0,0,1,1,1,1,0,0,0,0,0,0,0,1,1,1,1,11.9117,12,TRUE,6.42271172060864,2.36305214142537,0,4.05965957918327,34.5768
"BASELINE","Mchinji",1,"month","incidence",2023-07-01,2023-08-01,0,0,0,0,0,0,0,0,0,1,1,1,1,1,1,1,1,1,1,1,1,1,1,0,0,1,1,1,1,1,1,1,1,1,4.9451,12,TRUE,3.75577178058795,3.17582053788729,0.579951242700664,0,19.0045
"BASELINE","Mchinji",2,"month","incidence",2023-07-01,2023-09-01,0,0,0,0,0,0,0,0,0,0,0,0,0,0,1,1,1,1,1,1,1,1,1,0,0,1,1,1,1,1,1,1,1,1,6.0633,12,TRUE,5.00745688453807,4.38948359926766,0,0.61797328527041,30.0129
"BASELINE","Mchinji",3,"month","incidence",2023-07-01,2023-10-01,0,0,0,0,0,0,0,0,0,0,0,0,0,0,0,0,1,1,1,1,1,1,1,0,0,0,0,1,1,1,1,1,1,1,15.738,12,TRUE,8.49272646953161,5.25006313079019,0,3.24266333874142,39.6876
"BASELINE","Mulanje",1,"month","incidence",2023-07-01,2023-08-01,0,0,0,0,0,0,0,0,0,0,0,0,1,1,1,1,1,1,1,1,1,1,1,1,1,1,1,1,1,1,1,1,1,1,0.224700000000002,12,TRUE,2.44668613265882,2.43691656744143,0,0.0097695652173914,29.9965
"BASELINE","Mulanje",2,"month","incidence",2023-07-01,2023-09-01,0,0,0,0,0,0,0,0,0,0,0,0,0,0,0,1,1,1,1,1,1,1,1,0,0,0,1,1,1,1,1,1,1,1,6.4536,12,TRUE,4.32440375802661,3.43529299376386,0,0.889110764262751,36.2254
"BASELINE","Mulanje",3,"month","incidence",2023-07-01,2023-10-01,0,0,0,0,0,0,0,0,0,0,0,0,0,0,0,0,0,1,1,1,1,1,1,0,0,0,0,0,1,1,1,1,1,1,13.8698,12,TRUE,7.42629934362125,4.17476448036549,0,3.25153486325576,43.6416
"BASELINE","Mwanza",1,"month","incidence",2023-07-01,2023-08-01,0,0,0,0,0,0,0,0,0,0,1,1,1,1,1,1,1,1,1,1,1,1,1,0,1,1,1,1,1,1,1,1,1,1,3.0046,12,TRUE,4.23073387335694,4.04651828963521,0.184215583721727,0,37.505
"BASELINE","Mwanza",2,"month","incidence",2023-07-01,2023-09-01,0,0,0,0,0,0,0,0,0,0,0,0,0,1,1,1,1,1,1,1,1,1,1,0,1,1,1,1,1,1,1,1,1,1,4.7431,12,TRUE,5.99043228972619,5.66548333928378,0,0.324948950442412,45.2527
"BASELINE","Mwanza",3,"month","incidence",2023-07-01,2023-10-01,0,0,0,0,0,0,0,0,0,0,1,1,1,1,1,1,1,1,1,1,1,1,1,0,1,1,1,1,1,1,1,1,1,1,4.9989,12,TRUE,7.14917270625279,6.85686976306012,0.29230294319267,0,35.5107
"BASELINE","Mzimba",1,"month","incidence",2023-07-01,2023-08-01,0,0,0,0,0,0,1,1,1,1,1,1,1,1,1,1,1,1,1,1,1,1,1,0,0,0,0,0,1,1,1,1,1,1,6.8744,12,TRUE,3.70470234546444,2.12417507621871,1.58052726924573,0,11.6021
"BASELINE","Mzimba",2,"month","incidence",2023-07-01,2023-09-01,0,0,0,0,0,0,0,0,0,1,1,1,1,1,1,1,1,1,1,1,1,1,1,0,0,1,1,1,1,1,1,1,1,1,4.482,12,TRUE,3.4681739401351,2.95993453146469,0.508239408670408,0,13.9945
"BASELINE","Mzimba",3,"month","incidence",2023-07-01,2023-10-01,0,0,0,0,0,0,0,0,0,0,1,1,1,1,1,1,1,1,1,1,1,1,1,0,1,1,1,1,1,1,1,1,1,1,3.8343,12,TRUE,3.87296422786549,3.56210971456505,0.310854513300444,0,14.6422
"BASELINE","Neno",1,"month","incidence",2023-07-01,2023-08-01,0,0,0,0,0,1,1,1,1,1,1,1,1,1,1,1,1,1,1,1,1,1,1,0,0,0,0,0,0,1,1,1,1,1,23.6463,12,TRUE,12.5575276184978,5.58234817125405,6.97517944724379,0,52.0923
"BASELINE","Neno",2,"month","incidence",2023-07-01,2023-09-01,0,0,0,0,0,0,0,0,0,0,0,1,1,1,1,1,1,1,1,1,1,1,1,1,1,1,1,1,1,1,1,1,1,1,0.724900000000005,12,TRUE,7.91705627293114,7.88553888162679,0.0315173913043481,0,75.0137
"BASELINE","Neno",3,"month","incidence",2023-07-01,2023-10-01,0,0,0,0,0,0,0,0,0,1,1,1,1,1,1,1,1,1,1,1,1,1,1,0,0,1,1,1,1,1,1,1,1,1,12.0093,12,TRUE,10.7294031423171,9.61426839028192,1.11513475203517,0,63.7293
"BASELINE","Nkhatabay",1,"month","incidence",2023-07-01,2023-08-01,0,0,0,0,0,0,0,0,0,0,0,0,0,0,0,0,0,0,0,0,1,1,1,0,0,0,0,0,0,0,0,1,1,1,19.1815,12,TRUE,11.095019516469,2.8262458300856,0,8.26877368638339,89.5654
"BASELINE","Nkhatabay",2,"month","incidence",2023-07-01,2023-09-01,0,0,0,0,0,0,0,0,0,0,0,0,0,0,0,0,0,0,0,0,0,0,0,0,0,0,0,0,0,0,0,0,0,0,52.2422,12,TRUE,38.2077749343969,3.99691518350746,0,34.2108597508895,122.6261
"BASELINE","Nkhatabay",3,"month","incidence",2023-07-01,2023-10-01,0,0,0,0,0,0,0,0,0,0,0,0,0,0,0,0,0,0,0,0,0,1,1,0,0,0,0,0,0,0,0,0,1,1,44.6633,12,TRUE,28.2704231277487,4.89520137238793,0,23.3752217553608,115.0472
"BASELINE","Nkhotakota",1,"month","incidence",2023-07-01,2023-08-01,0,0,0,0,0,0,0,0,0,0,0,0,0,0,0,0,0,0,1,1,1,1,1,0,0,0,0,0,0,1,1,1,1,1,12.5194,12,TRUE,6.66104805199977,2.86890922054809,0,3.79213883145168,57.9395
"BASELINE","Nkhotakota",2,"month","incidence",2023-07-01,2023-09-01,0,0,0,0,0,0,0,0,0,0,0,0,0,0,0,0,0,0,0,0,1,1,1,0,0,0,0,0,0,0,0,1,1,1,30.2313,12,TRUE,17.9195956767656,4.05725032891633,0,13.8623453478492,75.6514
"BASELINE","Nkhotakota",3,"month","incidence",2023-07-01,2023-10-01,0,0,0,0,0,0,0,0,0,0,0,0,0,0,0,0,0,0,0,0,1,1,1,0,0,0,0,0,0,0,0,1,1,1,38.0499,12,TRUE,22.695691091568,4.96078531778755,0,17.7349057737805,83.47
"BASELINE","Nsanje",1,"month","incidence",2023-07-01,2023-08-01,0,0,0,0,0,0,0,0,0,0,0,1,1,1,1,1,1,1,1,1,1,1,1,1,1,1,1,1,1,1,1,1,1,1,1.3339,12,TRUE,2.43917700210658,2.38118134993267,0.057995652173913,0,27.5794
"BASELINE","Nsanje",2,"month","incidence",2023-07-01,2023-09-01,0,0,0,0,0,0,0,0,0,0,0,0,0,0,0,0,0,1,1,1,1,1,1,0,0,0,0,0,1,1,1,1,1,1,10.9492,12,TRUE,5.89464353156421,3.35618323448723,0,2.53846029707698,39.8625
"BASELINE","Nsanje",3,"month","incidence",2023-07-01,2023-10-01,0,0,0,0,0,0,0,0,0,0,0,0,1,1,1,1,1,1,1,1,1,1,1,1,1,1,1,1,1,1,1,1,1,1,1.19,12,TRUE,4.12970914752405,4.07797001708926,0,0.0517391304347827,30.1033
"BASELINE","Ntcheu",1,"month","incidence",2023-07-01,2023-08-01,0,0,0,0,0,0,1,1,1,1,1,1,1,1,1,1,1,1,1,1,1,1,1,0,0,0,0,0,1,1,1,1,1,1,8.5756,12,TRUE,4.60809003174759,2.54915351656688,2.05893651518071,0,19.9114
"BASELINE","Ntcheu",2,"month","incidence",2023-07-01,2023-09-01,0,0,0,0,0,0,0,0,0,1,1,1,1,1,1,1,1,1,1,1,1,1,1,0,0,1,1,1,1,1,1,1,1,1,6.1859,12,TRUE,4.37256243409066,3.58542864466116,0.787133789429495,0,22.3011
"BASELINE","Ntcheu",3,"month","incidence",2023-07-01,2023-10-01,0,0,0,0,0,0,0,0,0,0,0,0,1,1,1,1,1,1,1,1,1,1,1,1,1,1,1,1,1,1,1,1,1,1,0.0596000000000032,12,TRUE,4.35000141934004,4.34741011499222,0,0.00259130434782623,28.5466
"BASELINE","Ntchisi",1,"month","incidence",2023-07-01,2023-08-01,0,0,0,0,0,0,0,0,0,0,1,1,1,1,1,1,1,1,1,1,1,1,1,0,1,1,1,1,1,1,1,1,1,1,3.3725,12,TRUE,3.51226909279514,3.24210967759458,0.270159415200558,0,16.1641
"BASELINE","Ntchisi",2,"month","incidence",2023-07-01,2023-09-01,0,0,0,0,0,0,0,0,0,0,0,0,0,0,0,0,0,1,1,1,1,1,1,0,0,0,0,0,1,1,1,1,1,1,15.1246,12,TRUE,7.89609327621477,4.4127120012355,0,3.48338127497926,34.6612
"BASELINE","Ntchisi",3,"month","incidence",2023-07-01,2023-10-01,0,0,0,0,0,0,0,0,0,0,0,0,0,0,0,0,0,0,0,1,1,1,1,0,0,0,0,0,0,0,1,1,1,1,30.7893,12,TRUE,16.3158473451836,5.22251492146095,0,11.0933324237226,50.3259
"BASELINE","Phalombe",1,"month","incidence",2023-07-01,2023-08-01,0,0,0,0,0,1,1,1,1,1,1,1,1,1,1,1,1,1,1,1,1,1,1,0,0,0,0,0,0,1,1,1,1,1,5.9162,12,TRUE,3.14943130496423,1.34420342744445,1.80522787751978,0,21.4176
"BASELINE","Phalombe",2,"month","incidence",2023-07-01,2023-09-01,0,0,0,0,0,0,0,0,0,0,0,0,0,1,1,1,1,1,1,1,1,1,1,0,1,1,1,1,1,1,1,1,1,1,2.0904,12,TRUE,2.0761603276111,1.90099071768033,0,0.175169609930765,29.4242
"BASELINE","Phalombe",3,"month","incidence",2023-07-01,2023-10-01,0,0,0,0,0,0,0,0,0,0,0,0,0,0,0,1,1,1,1,1,1,1,1,0,0,0,1,1,1,1,1,1,1,1,4.2746,12,TRUE,2.90293758528292,2.328228632042,0,0.574708953240911,31.6084
"BASELINE","Rumphi",1,"month","incidence",2023-07-01,2023-08-01,0,0,0,0,0,0,0,0,0,0,0,1,1,1,1,1,1,1,1,1,1,1,1,1,1,1,1,1,1,1,1,1,1,1,0.7161,12,TRUE,2.2612968770392,2.2301620944305,0.0311347826086956,0,6.4494
"BASELINE","Rumphi",2,"month","incidence",2023-07-01,2023-09-01,0,0,0,0,0,0,0,0,0,0,0,1,1,1,1,1,1,1,1,1,1,1,1,1,1,1,1,1,1,1,1,1,1,1,0.7122,12,TRUE,2.93798823726762,2.90702301987632,0.0309652173913044,0,6.4533
"BASELINE","Rumphi",3,"month","incidence",2023-07-01,2023-10-01,0,0,0,0,0,0,0,0,0,0,0,1,1,1,1,1,1,1,1,1,1,1,1,1,1,1,1,1,1,1,1,1,1,1,0.842099999999999,12,TRUE,3.42034916965269,3.38373612617443,0.0366130434782608,0,6.3234
"BASELINE","Salima",1,"month","incidence",2023-07-01,2023-08-01,0,0,0,0,0,0,0,0,0,1,1,1,1,1,1,1,1,1,1,1,1,1,1,0,0,1,1,1,1,1,1,1,1,1,5.8927,12,TRUE,4.27309433791121,3.53957195569288,0.733522382218337,0,61.7144
"BASELINE","Salima",2,"month","incidence",2023-07-01,2023-09-01,0,0,0,0,0,0,0,0,0,0,0,0,0,0,0,0,0,0,0,1,1,1,1,0,0,0,0,0,0,0,1,1,1,1,25.6669,12,TRUE,13.8976078595789,5.00571066473633,0,8.89189719484262,93.274
"BASELINE","Salima",3,"month","incidence",2023-07-01,2023-10-01,0,0,0,0,0,0,0,0,0,0,0,1,1,1,1,1,1,1,1,1,1,1,1,1,1,1,1,1,1,1,1,1,1,1,1.26130000000001,12,TRUE,6.18555759474078,6.130718464306,0.0548391304347829,0,66.3458
"BASELINE","Thyolo",1,"month","incidence",2023-07-01,2023-08-01,0,0,0,0,0,0,0,0,0,0,0,0,1,1,1,1,1,1,1,1,1,1,1,1,1,1,1,1,1,1,1,1,1,1,0.0191999999999997,12,TRUE,1.26174963858151,1.26091485597281,0,0.000834782608695637,8.9732
"BASELINE","Thyolo",2,"month","incidence",2023-07-01,2023-09-01,0,0,0,0,0,0,0,0,0,0,0,0,0,0,0,0,1,1,1,1,1,1,1,0,0,0,0,1,1,1,1,1,1,1,4.8604,12,TRUE,2.69277065080408,1.73933286399727,0,0.95343778680681,13.8144
"BASELINE","Thyolo",3,"month","incidence",2023-07-01,2023-10-01,0,0,0,0,0,0,0,0,0,0,0,0,0,1,1,1,1,1,1,1,1,1,1,0,1,1,1,1,1,1,1,1,1,1,1.9069,12,TRUE,2.20998538049027,2.0745263556541,0,0.135459024836174,10.8609
"BASELINE","Zomba",1,"month","incidence",2023-07-01,2023-08-01,0,0,0,0,0,0,0,0,0,0,0,1,1,1,1,1,1,1,1,1,1,1,1,1,1,1,1,1,1,1,1,1,1,1,1.1342,12,TRUE,2.2227439212436,2.17343087776534,0.049313043478261,0,22.6501
"BASELINE","Zomba",2,"month","incidence",2023-07-01,2023-09-01,0,0,0,0,0,0,0,0,0,0,0,0,0,0,0,0,1,1,1,1,1,1,1,0,0,0,0,1,1,1,1,1,1,1,7.9414,12,TRUE,4.54632395975487,3.05543441741869,0,1.49088954233619,31.7257
"BASELINE","Zomba",3,"month","incidence",2023-07-01,2023-10-01,0,0,0,0,0,0,0,0,0,0,0,0,0,0,0,0,0,1,1,1,1,1,1,0,0,0,0,0,1,1,1,1,1,1,14.1895,12,TRUE,7.47300434667609,3.7029154033866,0,3.77008894328949,37.9738
"BASELINE","Balaka",1,"month","incidence",2023-08-01,2023-09-01,0,0,0,0,0,0,0,0,0,0,0,0,1,1,1,1,1,1,1,1,1,1,1,1,1,1,1,1,1,1,1,1,1,1,0.955699999999998,12,TRUE,3.40523579529513,3.36368362138208,0,0.0415521739130434,14.4325
"BASELINE","Balaka",2,"month","incidence",2023-08-01,2023-10-01,0,0,0,0,0,0,0,0,0,0,0,0,0,0,0,1,1,1,1,1,1,1,1,0,0,0,1,1,1,1,1,1,1,1,12.3942,12,TRUE,6.60407505176208,4.43629600013217,0,2.16777905162991,25.871
"BASELINE","Balaka",3,"month","incidence",2023-08-01,2023-11-01,0,0,0,0,0,0,0,0,0,0,0,0,0,0,0,1,1,1,1,1,1,1,1,0,0,0,1,1,1,1,1,1,1,1,12.2038,12,TRUE,6.92296586005026,5.17370828838733,0,1.74925757166293,25.6806
"BASELINE","Blantyre",1,"month","incidence",2023-08-01,2023-09-01,0,0,0,0,0,0,1,1,1,1,1,1,1,1,1,1,1,1,1,1,1,1,1,0,0,0,0,0,1,1,1,1,1,1,5.1605,12,TRUE,2.77160844689408,1.52704495151239,1.24456349538169,0,19.4806
"BASELINE","Blantyre",2,"month","incidence",2023-08-01,2023-10-01,0,0,0,0,0,0,0,0,0,0,1,1,1,1,1,1,1,1,1,1,1,1,1,0,1,1,1,1,1,1,1,1,1,1,1.6827,12,TRUE,2.26829805302178,2.15956768078219,0.108730372239593,0,22.9584
"BASELINE","Blantyre",3,"month","incidence",2023-08-01,2023-11-01,0,0,0,0,0,0,0,0,0,0,1,1,1,1,1,1,1,1,1,1,1,1,1,0,1,1,1,1,1,1,1,1,1,1,2.3786,12,TRUE,2.81584401622067,2.64123507590234,0.174608940318336,0,22.2625
"BASELINE","Chikwawa",1,"month","incidence",2023-08-01,2023-09-01,0,0,0,0,0,0,0,0,0,1,1,1,1,1,1,1,1,1,1,1,1,1,1,0,0,1,1,1,1,1,1,1,1,1,3.586,12,TRUE,2.72881051089853,2.30592465519584,0.422885855702684,0,29.8162
"BASELINE","Chikwawa",2,"month","incidence",2023-08-01,2023-10-01,0,0,0,0,0,0,0,0,0,1,1,1,1,1,1,1,1,1,1,1,1,1,1,0,0,1,1,1,1,1,1,1,1,1,4.837,12,TRUE,3.80625499251764,3.25915404410583,0.547100948411809,0,28.5652
"BASELINE","Chikwawa",3,"month","incidence",2023-08-01,2023-11-01,0,0,0,0,0,0,1,1,1,1,1,1,1,1,1,1,1,1,1,1,1,1,1,0,0,0,0,0,1,1,1,1,1,1,14.9598,12,TRUE,7.93247309474344,3.97784895552032,3.95462413922311,0,18.4424
"BASELINE","Chiradzulu",1,"month","incidence",2023-08-01,2023-09-01,0,0,0,0,0,0,1,1,1,1,1,1,1,1,1,1,1,1,1,1,1,1,1,0,0,0,0,0,1,1,1,1,1,1,5.5241,12,TRUE,2.94640160177313,1.58703723014108,1.35936437163205,0,6.2704
"BASELINE","Chiradzulu",2,"month","incidence",2023-08-01,2023-10-01,0,0,0,0,0,0,0,0,0,1,1,1,1,1,1,1,1,1,1,1,1,1,1,0,0,1,1,1,1,1,1,1,1,1,3.2134,12,TRUE,2.54084523439675,2.19245502892169,0.348390205475061,0,8.5811
"BASELINE","Chiradzulu",3,"month","incidence",2023-08-01,2023-11-01,0,0,0,0,0,0,0,0,0,0,0,0,0,1,1,1,1,1,1,1,1,1,1,0,1,1,1,1,1,1,1,1,1,1,3.139,12,TRUE,2.88771709522788,2.62047707479013,0,0.267240020437748,14.9335
"BASELINE","Chitipa",1,"month","incidence",2023-08-01,2023-09-01,0,0,0,0,0,0,0,0,1,1,1,1,1,1,1,1,1,1,1,1,1,1,1,0,0,0,1,1,1,1,1,1,1,1,4.3053,12,TRUE,2.6233036387294,1.92049253905549,0.70281109967391,0,8.6535
"BASELINE","Chitipa",2,"month","incidence",2023-08-01,2023-10-01,0,0,0,0,0,0,0,0,0,0,1,1,1,1,1,1,1,1,1,1,1,1,1,0,1,1,1,1,1,1,1,1,1,1,2.4083,12,TRUE,2.8121051945566,2.63922667642917,0.172878518127425,0,10.5505
"BASELINE","Chitipa",3,"month","incidence",2023-08-01,2023-11-01,0,0,0,0,0,0,0,0,0,0,0,1,1,1,1,1,1,1,1,1,1,1,1,1,1,1,1,1,1,1,1,1,1,1,1.1046,12,TRUE,3.18921138467238,3.14118529771586,0.0480260869565217,0,11.8542
"BASELINE","Dedza",1,"month","incidence",2023-08-01,2023-09-01,0,0,0,0,0,0,0,0,1,1,1,1,1,1,1,1,1,1,1,1,1,1,1,0,0,0,1,1,1,1,1,1,1,1,3.9339,12,TRUE,2.52979802573525,1.94288424338204,0.586913782353211,0,10.8911
"BASELINE","Dedza",2,"month","incidence",2023-08-01,2023-10-01,0,0,0,0,0,0,0,0,0,0,0,0,1,1,1,1,1,1,1,1,1,1,1,1,1,1,1,1,1,1,1,1,1,1,1.5516,12,TRUE,2.75390979594198,2.68644892637676,0,0.0674608695652174,16.3766
"BASELINE","Dedza",3,"month","incidence",2023-08-01,2023-11-01,0,0,0,0,0,0,0,0,0,0,0,0,0,0,1,1,1,1,1,1,1,1,1,0,0,1,1,1,1,1,1,1,1,1,6.105,12,TRUE,4.0179065936129,3.2149548544607,0,0.802951739152205,20.93
"BASELINE","Dowa",1,"month","incidence",2023-08-01,2023-09-01,0,0,0,0,0,0,0,0,0,0,0,1,1,1,1,1,1,1,1,1,1,1,1,1,1,1,1,1,1,1,1,1,1,1,0.8756,12,TRUE,2.47059384006348,2.43252427484609,0.0380695652173913,0,7.5723
"BASELINE","Dowa",2,"month","incidence",2023-08-01,2023-10-01,0,0,0,0,0,0,0,0,0,0,0,0,0,0,1,1,1,1,1,1,1,1,1,0,0,1,1,1,1,1,1,1,1,1,4.8403,12,TRUE,3.63358957081801,3.17515114050631,0,0.458438430311704,13.2882
"BASELINE","Dowa",3,"month","incidence",2023-08-01,2023-11-01,0,0,0,0,0,0,0,0,0,0,0,0,0,0,0,0,1,1,1,1,1,1,1,0,0,0,0,1,1,1,1,1,1,1,12.1278,12,TRUE,5.98075388545821,3.70795107199351,0,2.27280281346471,20.5757
"BASELINE","Karonga",1,"month","incidence",2023-08-01,2023-09-01,0,0,0,0,0,0,0,0,0,0,0,0,0,0,0,0,0,0,0,0,1,1,1,0,0,0,0,0,0,0,0,1,1,1,9.27370000000001,12,TRUE,5.20694618872985,1.51051121409092,0,3.69643497463893,46.4305
"BASELINE","Karonga",2,"month","incidence",2023-08-01,2023-10-01,0,0,0,0,0,0,0,0,0,0,0,0,0,0,0,0,0,0,1,1,1,1,1,0,0,0,0,0,0,1,1,1,1,1,9.2121,12,TRUE,4.89773057049375,2.13618544508403,0,2.76154512540972,46.3689
"BASELINE","Karonga",3,"month","incidence",2023-08-01,2023-11-01,0,0,0,0,0,0,0,0,0,0,1,1,1,1,1,1,1,1,1,1,1,1,1,0,1,1,1,1,1,1,1,1,1,1,2.6828,12,TRUE,2.83203801614731,2.61628216820802,0.215755847939284,0,34.474
"BASELINE","Kasungu",1,"month","incidence",2023-08-01,2023-09-01,0,0,0,0,0,0,0,1,1,1,1,1,1,1,1,1,1,1,1,1,1,1,1,0,0,0,0,1,1,1,1,1,1,1,8.2811,12,TRUE,4.56828257321397,2.82826655037918,1.74001602283479,0,12.7421
"BASELINE","Kasungu",2,"month","incidence",2023-08-01,2023-10-01,0,0,0,0,0,0,0,0,0,0,0,1,1,1,1,1,1,1,1,1,1,1,1,1,1,1,1,1,1,1,1,1,1,1,1.3102,12,TRUE,3.96417559015688,3.90721037276558,0.0569652173913043,0,19.713
"BASELINE","Kasungu",3,"month","incidence",2023-08-01,2023-11-01,0,0,0,0,0,0,0,0,0,0,0,0,0,1,1,1,1,1,1,1,1,1,1,0,1,1,1,1,1,1,1,1,1,1,4.7978,12,TRUE,5.04243615314707,4.67003919190521,0,0.372396961241859,25.821
"BASELINE","Likoma",1,"month","incidence",2023-08-01,2023-09-01,0,0,0,0,0,0,0,0,0,0,0,0,0,0,0,0,0,0,0,0,0,1,1,0,0,0,0,0,0,0,0,0,1,1,22.0068,12,TRUE,13.3638317062773,2.71501304089127,0,10.648818665386,44.6389
"BASELINE","Likoma",2,"month","incidence",2023-08-01,2023-10-01,0,0,0,0,0,0,0,0,0,0,0,0,0,0,1,1,1,1,1,1,1,1,1,0,0,1,1,1,1,1,1,1,1,1,4.6264,12,TRUE,4.1844916608984,3.77518347142717,0,0.409308189471222,27.2585
"BASELINE","Likoma",3,"month","incidence",2023-08-01,2023-11-01,0,0,0,0,0,0,0,0,1,1,1,1,1,1,1,1,1,1,1,1,1,1,1,0,0,0,1,1,1,1,1,1,1,1,10.3158,12,TRUE,6.2038539549981,4.53737948440469,1.6664744705934,0,12.3163
"BASELINE","Lilongwe",1,"month","incidence",2023-08-01,2023-09-01,0,0,0,0,0,0,0,0,0,0,0,0,0,0,1,1,1,1,1,1,1,1,1,0,0,1,1,1,1,1,1,1,1,1,2.924,12,TRUE,2.06744862988021,1.7202487343267,0,0.347199895553514,9.7372
"BASELINE","Lilongwe",2,"month","incidence",2023-08-01,2023-10-01,0,0,0,0,0,0,0,0,0,0,0,0,0,0,0,1,1,1,1,1,1,1,1,0,0,0,1,1,1,1,1,1,1,1,6.4236,12,TRUE,3.40047978422238,2.26813106555689,0,1.13234871866549,13.2368
"BASELINE","Lilongwe",3,"month","incidence",2023-08-01,2023-11-01,0,0,0,0,0,0,0,0,0,0,0,0,0,0,0,0,1,1,1,1,1,1,1,0,0,0,0,1,1,1,1,1,1,1,8.208,12,TRUE,4.15671854109015,2.64371280278606,0,1.51300573830409,15.0212
"BASELINE","Machinga",1,"month","incidence",2023-08-01,2023-09-01,0,0,0,0,0,0,0,0,0,0,0,0,0,0,0,0,0,0,0,0,0,0,1,0,0,0,0,0,0,0,0,0,0,1,17.0981,12,TRUE,10.9544980912624,1.8177220648332,0,9.13677602642916,58.9075
"BASELINE","Machinga",2,"month","incidence",2023-08-01,2023-10-01,0,0,0,0,0,0,0,0,0,0,0,0,0,0,0,0,0,1,1,1,1,1,1,0,0,0,0,0,1,1,1,1,1,1,9.768,12,TRUE,5.18264076742457,2.57064719671194,0,2.61199357071263,51.5774
"BASELINE","Machinga",3,"month","incidence",2023-08-01,2023-11-01,0,0,0,0,0,0,0,0,1,1,1,1,1,1,1,1,1,1,1,1,1,1,1,0,0,0,1,1,1,1,1,1,1,1,7.5652,12,TRUE,4.4687466952012,3.14838697033011,1.32035972487109,0,34.2442
"BASELINE","Mangochi",1,"month","incidence",2023-08-01,2023-09-01,0,0,0,0,0,0,0,0,0,0,0,0,0,0,0,0,0,0,0,0,0,0,0,0,0,0,0,0,0,0,0,0,0,0,14.9361,12,TRUE,10.1710785017535,1.35704787955719,0,8.81403062219629,35.355
"BASELINE","Mangochi",2,"month","incidence",2023-08-01,2023-10-01,0,0,0,0,0,0,0,0,0,0,0,0,0,0,0,0,0,0,0,0,1,1,1,0,0,0,0,0,0,0,0,1,1,1,14.1579,12,TRUE,8.37082987060718,1.91869022418235,0,6.45213964642484,34.5768
"BASELINE","Mangochi",3,"month","incidence",2023-08-01,2023-11-01,0,0,0,0,0,0,0,0,0,0,0,0,0,1,1,1,1,1,1,1,1,1,1,0,1,1,1,1,1,1,1,1,1,1,2.5261,12,TRUE,2.55224965077987,2.34330120428548,0,0.208948446494381,22.945
"BASELINE","Mchinji",1,"month","incidence",2023-08-01,2023-09-01,0,0,0,0,0,0,0,0,0,0,0,0,0,0,0,0,0,1,1,1,1,1,1,0,0,0,0,0,1,1,1,1,1,1,11.0084,12,TRUE,5.83745881643348,3.1355572493803,0,2.70190156705317,30.0129
"BASELINE","Mchinji",2,"month","incidence",2023-08-01,2023-10-01,0,0,0,0,0,0,0,0,0,0,0,0,0,0,0,0,0,0,1,1,1,1,1,0,0,0,0,0,0,1,1,1,1,1,20.6831,12,TRUE,10.7805579982626,4.26856862656141,0,6.5119893717012,39.6876
"BASELINE","Mchinji",3,"month","incidence",2023-08-01,2023-11-01,0,0,0,0,0,0,0,0,0,0,0,0,0,0,0,0,0,1,1,1,1,1,1,0,0,0,0,0,1,1,1,1,1,1,19.5605,12,TRUE,9.96918663685678,5.05338581134261,0,4.91580082551417,38.565
"BASELINE","Mulanje",1,"month","incidence",2023-08-01,2023-09-01,0,0,0,0,0,0,0,0,0,0,0,0,0,0,0,0,1,1,1,1,1,1,1,0,0,0,0,1,1,1,1,1,1,1,6.2289,12,TRUE,3.59257474733598,2.43683750460812,0,1.15573724272786,36.2254
"BASELINE","Mulanje",2,"month","incidence",2023-08-01,2023-10-01,0,0,0,0,0,0,0,0,0,0,0,0,0,0,0,0,0,0,1,1,1,1,1,0,0,0,0,0,0,1,1,1,1,1,13.6451,12,TRUE,7.20343706031865,3.43586834909789,0,3.76756871122076,43.6416
"BASELINE","Mulanje",3,"month","incidence",2023-08-01,2023-11-01,0,0,0,0,0,0,0,0,0,0,0,0,0,0,0,0,0,1,1,1,1,1,1,0,0,0,0,0,1,1,1,1,1,1,14.3243,12,TRUE,7.64531114903091,4.17629700056646,0,3.46901414846445,44.3208
"BASELINE","Mwanza",1,"month","incidence",2023-08-01,2023-09-01,0,0,0,0,0,0,0,0,0,0,0,0,0,0,0,1,1,1,1,1,1,1,1,0,0,0,1,1,1,1,1,1,1,1,7.74769999999999,12,TRUE,5.13213130209625,4.03439812837544,0,1.09773317372081,45.2527
"BASELINE","Mwanza",2,"month","incidence",2023-08-01,2023-10-01,0,0,0,0,0,0,0,0,0,0,0,1,1,1,1,1,1,1,1,1,1,1,1,1,1,1,1,1,1,1,1,1,1,1,1.9943,12,TRUE,5.71726560944833,5.63055691379616,0.086708695652174,0,35.5107
"BASELINE","Mwanza",3,"month","incidence",2023-08-01,2023-11-01,0,0,0,0,0,0,0,0,0,0,0,1,1,1,1,1,1,1,1,1,1,1,1,1,1,1,1,1,1,1,1,1,1,1,0.498600000000003,12,TRUE,6.81550575920581,6.79382749833625,0.0216782608695654,0,37.0064
"BASELINE","Mzimba",1,"month","incidence",2023-08-01,2023-09-01,0,0,0,0,0,0,0,0,0,0,0,0,0,1,1,1,1,1,1,1,1,1,1,0,1,1,1,1,1,1,1,1,1,1,2.3924,12,TRUE,2.28117734311939,2.07881839409465,0,0.202358949024738,13.9945
"BASELINE","Mzimba",2,"month","incidence",2023-08-01,2023-10-01,0,0,0,0,0,0,0,0,0,0,0,0,0,1,1,1,1,1,1,1,1,1,1,0,1,1,1,1,1,1,1,1,1,1,3.0401,12,TRUE,3.05737617410011,2.8159710378289,0,0.241405136271212,14.6422
"BASELINE","Mzimba",3,"month","incidence",2023-08-01,2023-11-01,0,0,0,0,0,0,0,0,0,0,0,0,0,1,1,1,1,1,1,1,1,1,1,0,1,1,1,1,1,1,1,1,1,1,4.1349,12,TRUE,3.67415072750487,3.3248101836488,0,0.349340543856072,15.737
"BASELINE","Neno",1,"month","incidence",2023-08-01,2023-09-01,0,0,0,0,0,0,0,0,0,0,0,0,0,0,0,0,0,0,1,1,1,1,1,0,0,0,0,0,0,1,1,1,1,1,22.9214,12,TRUE,12.1371469630131,5.59361030691753,0,6.54353665609558,75.0137
"BASELINE","Neno",2,"month","incidence",2023-08-01,2023-10-01,0,0,0,0,0,0,0,0,0,0,0,0,0,0,1,1,1,1,1,1,1,1,1,0,0,1,1,1,1,1,1,1,1,1,11.637,12,TRUE,9.11168339393423,7.80722713110405,0,1.30445626283017,63.7293
"BASELINE","Neno",3,"month","incidence",2023-08-01,2023-11-01,0,0,0,0,0,0,0,0,0,0,0,1,1,1,1,1,1,1,1,1,1,1,1,1,1,1,1,1,1,1,1,1,1,1,1.5607,12,TRUE,9.48872102671619,9.42086450497706,0.0678565217391306,0,50.5316
"BASELINE","Nkhatabay",1,"month","incidence",2023-08-01,2023-09-01,0,0,0,0,0,0,0,0,0,0,0,0,0,0,0,0,0,0,0,0,0,0,0,0,0,0,0,0,0,0,0,0,0,0,33.0607,12,TRUE,22.9728281178365,2.87296188526585,0,20.0998662325707,122.6261
"BASELINE","Nkhatabay",2,"month","incidence",2023-08-01,2023-10-01,0,0,0,0,0,0,0,0,0,0,0,0,0,0,0,0,0,0,0,0,1,1,1,0,0,0,0,0,0,0,0,1,1,1,25.4818,12,TRUE,14.402844461549,4.06298166232394,0,10.3398627992251,115.0472
"BASELINE","Nkhatabay",3,"month","incidence",2023-08-01,2023-11-01,0,0,0,0,0,0,0,0,0,0,0,0,1,1,1,1,1,1,1,1,1,1,1,1,1,1,1,1,1,1,1,1,1,1,2.4898,12,TRUE,5.08436812740236,4.97611595348931,0,0.108252173913044,92.0552
"BASELINE","Nkhotakota",1,"month","incidence",2023-08-01,2023-09-01,0,0,0,0,0,0,0,0,0,0,0,0,0,0,0,0,0,0,0,0,1,1,1,0,0,0,0,0,0,0,0,1,1,1,17.7119,12,TRUE,9.94392881828823,2.88571598115251,0,7.05821283713573,75.6514
"BASELINE","Nkhotakota",2,"month","incidence",2023-08-01,2023-10-01,0,0,0,0,0,0,0,0,0,0,0,0,0,0,0,0,0,0,0,0,1,1,1,0,0,0,0,0,0,0,0,1,1,1,25.5305,12,TRUE,14.4191669841075,4.08101867770265,0,10.3381483064049,83.47
"BASELINE","Nkhotakota",3,"month","incidence",2023-08-01,2023-11-01,0,0,0,0,0,0,0,0,0,1,1,1,1,1,1,1,1,1,1,1,1,1,1,0,0,1,1,1,1,1,1,1,1,1,7.9147,12,TRUE,5.94567334664401,4.99820669556961,0.947466651074402,0,50.0248
"BASELINE","Nsanje",1,"month","incidence",2023-08-01,2023-09-01,0,0,0,0,0,0,0,0,0,0,0,0,0,0,0,0,0,0,0,1,1,1,1,0,0,0,0,0,0,0,1,1,1,1,12.2831,12,TRUE,6.65919918846292,2.3807471575174,0,4.27845203094552,39.8625
"BASELINE","Nsanje",2,"month","incidence",2023-08-01,2023-10-01,0,0,0,0,0,0,0,0,0,0,0,0,0,1,1,1,1,1,1,1,1,1,1,0,1,1,1,1,1,1,1,1,1,1,2.5239,12,TRUE,3.50806312028507,3.35152760704065,0,0.156535513244422,30.1033
"BASELINE","Nsanje",3,"month","incidence",2023-08-01,2023-11-01,0,0,0,0,0,0,0,1,1,1,1,1,1,1,1,1,1,1,1,1,1,1,1,0,0,0,0,1,1,1,1,1,1,1,10.683,12,TRUE,6.07890988953784,4.0674061338302,2.01150375570764,0,16.8964
"BASELINE","Ntcheu",1,"month","incidence",2023-08-01,2023-09-01,0,0,0,0,0,0,0,0,0,0,0,0,0,1,1,1,1,1,1,1,1,1,1,0,1,1,1,1,1,1,1,1,1,1,2.3897,12,TRUE,2.72472660680953,2.54427089841324,0,0.180455708396284,22.3011
"BASELINE","Ntcheu",2,"month","incidence",2023-08-01,2023-10-01,0,0,0,0,0,0,0,0,0,0,0,0,0,0,0,1,1,1,1,1,1,1,1,0,0,0,1,1,1,1,1,1,1,1,8.6352,12,TRUE,5.02114414057682,3.52198795513077,0,1.49915618544606,28.5466
"BASELINE","Ntcheu",3,"month","incidence",2023-08-01,2023-11-01,0,0,0,0,0,0,0,0,0,0,0,0,0,1,1,1,1,1,1,1,1,1,1,0,1,1,1,1,1,1,1,1,1,1,2.6781,12,TRUE,4.3420206175397,4.22002500749638,0,0.121995610043325,22.5895
"BASELINE","Ntchisi",1,"month","incidence",2023-08-01,2023-09-01,0,0,0,0,0,0,0,0,0,0,0,0,0,0,0,0,0,0,0,1,1,1,1,0,0,0,0,0,0,0,1,1,1,1,18.4971,12,TRUE,10.0636918419261,3.18662378725738,0,6.87706805466877,34.6612
"BASELINE","Ntchisi",2,"month","incidence",2023-08-01,2023-10-01,0,0,0,0,0,0,0,0,0,0,0,0,0,0,0,0,0,0,0,0,1,1,1,0,0,0,0,0,0,0,0,1,1,1,34.1618,12,TRUE,19.7411425132533,4.27257016725378,0,15.4685723459995,50.3259
"BASELINE","Ntchisi",3,"month","incidence",2023-08-01,2023-11-01,0,0,0,0,0,0,0,0,0,0,0,0,0,0,0,0,0,0,0,0,1,1,1,0,0,0,0,0,0,0,0,1,1,1,42.5004,12,TRUE,24.4544261117661,5.02087228532253,0,19.4335538264436,58.6645
"BASELINE","Phalombe",1,"month","incidence",2023-08-01,2023-09-01,0,0,0,0,0,0,0,0,0,0,0,0,0,0,0,0,0,0,0,1,1,1,1,0,0,0,0,0,0,0,1,1,1,1,8.0066,12,TRUE,4.45300310406042,1.35407913491545,0,3.09892396914497,29.4242
"BASELINE","Phalombe",2,"month","incidence",2023-08-01,2023-10-01,0,0,0,0,0,0,0,0,0,0,0,0,0,0,0,0,0,0,0,1,1,1,1,0,0,0,0,0,0,0,1,1,1,1,10.1908,12,TRUE,5.55907848620625,1.91495707712386,0,3.64412140908238,31.6084
"BASELINE","Phalombe",3,"month","incidence",2023-08-01,2023-11-01,0,0,0,0,0,0,0,0,0,0,0,0,1,1,1,1,1,1,1,1,1,1,1,1,1,1,1,1,1,1,1,1,1,1,0.0611999999999995,12,TRUE,2.34401122501458,2.34135035544936,0,0.00266086956521737,21.4788
"BASELINE","Rumphi",1,"month","incidence",2023-08-01,2023-09-01,0,0,0,0,0,0,0,0,0,0,0,0,1,1,1,1,1,1,1,1,1,1,1,1,1,1,1,1,1,1,1,1,1,1,0.00389999999999979,12,TRUE,2.17948629194201,2.17931672672462,0,0.000169565217391295,6.4533
"BASELINE","Rumphi",2,"month","incidence",2023-08-01,2023-10-01,0,0,0,0,0,0,0,0,0,0,0,1,1,1,1,1,1,1,1,1,1,1,1,1,1,1,1,1,1,1,1,1,1,1,0.125999999999999,12,TRUE,2.84071349209676,2.8352352312272,0.00547826086956519,0,6.3234
"BASELINE","Rumphi",3,"month","incidence",2023-08-01,2023-11-01,0,0,0,0,0,0,0,0,0,0,0,1,1,1,1,1,1,1,1,1,1,1,1,1,1,1,1,1,1,1,1,1,1,1,0.0945,12,TRUE,3.29567990967352,3.29157121402135,0.00410869565217391,0,6.3549
"BASELINE","Salima",1,"month","incidence",2023-08-01,2023-09-01,0,0,0,0,0,0,0,0,0,0,0,0,0,0,0,0,0,0,0,0,0,1,1,0,0,0,0,0,0,0,0,0,1,1,31.5596,12,TRUE,19.8353235459804,3.53896095140926,0,16.2963625945711,93.274
"BASELINE","Salima",2,"month","incidence",2023-08-01,2023-10-01,0,0,0,0,0,0,0,0,0,0,0,0,0,1,1,1,1,1,1,1,1,1,1,0,1,1,1,1,1,1,1,1,1,1,4.6314,12,TRUE,5.3522714324175,5.00484657419176,0,0.347424858225737,66.3458
"BASELINE","Salima",3,"month","incidence",2023-08-01,2023-11-01,0,0,0,0,0,1,1,1,1,1,1,1,1,1,1,1,1,1,1,1,1,1,1,0,0,0,0,0,0,1,1,1,1,1,28.8319,12,TRUE,15.4047906704297,6.12512861539775,9.27966205503195,0,32.8825
"BASELINE","Thyolo",1,"month","incidence",2023-08-01,2023-09-01,0,0,0,0,0,0,0,0,0,0,0,0,0,0,0,0,0,1,1,1,1,1,1,0,0,0,0,0,1,1,1,1,1,1,4.8412,12,TRUE,2.55474438946183,1.26105534992378,0,1.29368903953804,13.8144
"BASELINE","Thyolo",2,"month","incidence",2023-08-01,2023-10-01,0,0,0,0,0,0,0,0,0,0,0,0,0,1,1,1,1,1,1,1,1,1,1,0,1,1,1,1,1,1,1,1,1,1,1.8877,12,TRUE,1.89337951871893,1.73963983869206,0,0.153739680026874,10.8609
"BASELINE","Thyolo",3,"month","incidence",2023-08-01,2023-11-01,0,0,0,0,0,0,0,0,0,0,0,0,0,1,1,1,1,1,1,1,1,1,1,0,1,1,1,1,1,1,1,1,1,1,2.4692,12,TRUE,2.28388614335005,2.07508350571547,0,0.208802637634571,11.4424
"BASELINE","Zomba",1,"month","incidence",2023-08-01,2023-09-01,0,0,0,0,0,0,0,0,0,0,0,0,0,0,0,0,0,0,1,1,1,1,1,0,0,0,0,0,0,1,1,1,1,1,9.0756,12,TRUE,4.81458967374273,2.1703075839702,0,2.64428208977253,31.7257
"BASELINE","Zomba",2,"month","incidence",2023-08-01,2023-10-01,0,0,0,0,0,0,0,0,0,0,0,0,0,0,0,0,0,0,0,1,1,1,1,0,0,0,0,0,0,0,1,1,1,1,15.3237,12,TRUE,8.22438707660499,3.04437223190157,0,5.18001484470341,37.9738
"BASELINE","Zomba",3,"month","incidence",2023-08-01,2023-11-01,0,0,0,0,0,0,0,0,0,0,0,0,0,0,0,0,1,1,1,1,1,1,1,0,0,0,0,1,1,1,1,1,1,1,9.868,12,TRUE,5.57441317081692,3.69095388858685,0,1.88345928223007,32.5181
"BASELINE","Balaka",1,"month","incidence",2023-09-01,2023-10-01,0,0,0,0,0,0,0,0,0,0,0,0,0,0,0,0,1,1,1,1,1,1,1,0,0,0,0,1,1,1,1,1,1,1,11.4385,12,TRUE,5.96989446040511,3.40637922708562,0,2.56351523331949,25.871
"BASELINE","Balaka",2,"month","incidence",2023-09-01,2023-11-01,0,0,0,0,0,0,0,0,0,0,0,0,0,0,0,1,1,1,1,1,1,1,1,0,0,0,1,1,1,1,1,1,1,1,11.2481,12,TRUE,6.32011380932919,4.50082464993578,0,1.81928915939342,25.6806
"BASELINE","Balaka",3,"month","incidence",2023-09-01,2023-12-01,0,0,0,0,0,0,0,0,0,0,0,1,1,1,1,1,1,1,1,1,1,1,1,1,1,1,1,1,1,1,1,1,1,1,1.5228,12,TRUE,5.3292992217469,5.26309052609473,0.0662086956521738,0,12.9097
"BASELINE","Blantyre",1,"month","incidence",2023-09-01,2023-10-01,0,0,0,0,0,0,0,0,0,0,0,0,0,0,0,1,1,1,1,1,1,1,1,0,0,0,1,1,1,1,1,1,1,1,3.4778,12,TRUE,2.11282950751303,1.53236803630267,0,0.58046147121035,22.9584
"BASELINE","Blantyre",2,"month","incidence",2023-09-01,2023-11-01,0,0,0,0,0,0,0,0,0,0,0,0,0,0,1,1,1,1,1,1,1,1,1,0,0,1,1,1,1,1,1,1,1,1,2.7819,12,TRUE,2.43202896999673,2.16247345712089,0,0.269555512875844,22.2625
"BASELINE","Blantyre",3,"month","incidence",2023-09-01,2023-12-01,0,0,0,0,0,0,0,0,0,0,0,1,1,1,1,1,1,1,1,1,1,1,1,1,1,1,1,1,1,1,1,1,1,1,0.6661,12,TRUE,2.65972748210972,2.6307666125445,0.0289608695652174,0,18.8145
"BASELINE","Chikwawa",1,"month","incidence",2023-09-01,2023-10-01,0,0,0,0,0,0,0,0,0,0,0,1,1,1,1,1,1,1,1,1,1,1,1,1,1,1,1,1,1,1,1,1,1,1,1.251,12,TRUE,2.35315274447226,2.29876144012443,0.054391304347826,0,28.5652
"BASELINE","Chikwawa",2,"month","incidence",2023-09-01,2023-11-01,0,0,0,0,0,0,1,1,1,1,1,1,1,1,1,1,1,1,1,1,1,1,1,0,0,0,0,0,1,1,1,1,1,1,11.3738,12,TRUE,6.08072911066741,3.24580935142688,2.83491975924054,0,18.4424
"BASELINE","Chikwawa",3,"month","incidence",2023-09-01,2023-12-01,0,0,0,0,0,1,1,1,1,1,1,1,1,1,1,1,1,1,1,1,1,1,1,0,0,0,0,0,0,1,1,1,1,1,16.9716,12,TRUE,8.98582351005515,3.95088976056469,5.03493374949046,0,12.8446
"BASELINE","Chiradzulu",1,"month","incidence",2023-09-01,2023-10-01,0,0,0,0,0,0,0,0,0,0,0,0,0,0,1,1,1,1,1,1,1,1,1,0,0,1,1,1,1,1,1,1,1,1,2.3107,12,TRUE,1.75531265244262,1.50170727681579,0,0.253605375626826,8.5811
"BASELINE","Chiradzulu",2,"month","incidence",2023-09-01,2023-11-01,0,0,0,0,0,0,0,0,0,0,0,0,0,0,0,0,0,1,1,1,1,1,1,0,0,0,0,0,1,1,1,1,1,1,8.6631,12,TRUE,4.30395332861856,1.98272517817524,0,2.32122815044332,14.9335
"BASELINE","Chiradzulu",3,"month","incidence",2023-09-01,2023-12-01,0,0,0,0,0,0,0,0,0,0,0,0,0,0,0,1,1,1,1,1,1,1,1,0,0,0,1,1,1,1,1,1,1,1,6.4422,12,TRUE,3.40879673726875,2.31689549262256,0,1.09190124464619,12.7126
"BASELINE","Chitipa",1,"month","incidence",2023-09-01,2023-10-01,0,0,0,0,0,0,0,0,0,0,0,0,0,1,1,1,1,1,1,1,1,1,1,0,1,1,1,1,1,1,1,1,1,1,1.897,12,TRUE,1.99729123816364,1.84962485242605,0,0.147666385737586,10.5505
"BASELINE","Chitipa",2,"month","incidence",2023-09-01,2023-11-01,0,0,0,0,0,0,0,0,0,0,0,0,0,1,1,1,1,1,1,1,1,1,1,0,1,1,1,1,1,1,1,1,1,1,3.2007,12,TRUE,2.74802639804861,2.4716376093043,0,0.276388788744308,11.8542
"BASELINE","Chitipa",3,"month","incidence",2023-09-01,2023-12-01,0,0,0,0,0,0,0,0,0,0,0,0,0,0,1,1,1,1,1,1,1,1,1,0,0,1,1,1,1,1,1,1,1,1,5.2421,12,TRUE,3.51276099742053,2.8943697164122,0,0.618391281008332,13.8956
"BASELINE","Dedza",1,"month","incidence",2023-09-01,2023-10-01,0,0,0,0,0,0,0,0,0,0,0,0,0,0,0,0,1,1,1,1,1,1,1,0,0,0,0,1,1,1,1,1,1,1,5.4855,12,TRUE,3.02334764021662,1.90567492382893,0,1.11767271638769,16.3766
"BASELINE","Dedza",2,"month","incidence",2023-09-01,2023-11-01,0,0,0,0,0,0,0,0,0,0,0,0,0,0,0,0,0,1,1,1,1,1,1,0,0,0,0,0,1,1,1,1,1,1,10.0389,12,TRUE,5.17309736280533,2.58836787091237,0,2.58472949189295,20.93
"BASELINE","Dedza",3,"month","incidence",2023-09-01,2023-12-01,0,0,0,0,0,0,0,0,0,0,0,0,0,0,0,0,1,1,1,1,1,1,1,0,0,0,0,1,1,1,1,1,1,1,10.1596,12,TRUE,5.24973266123946,3.05621813649514,0,2.19351452474432,21.0507
"BASELINE","Dowa",1,"month","incidence",2023-09-01,2023-10-01,0,0,0,0,0,0,0,0,0,0,0,0,0,0,0,1,1,1,1,1,1,1,1,0,0,0,1,1,1,1,1,1,1,1,5.7159,12,TRUE,3.2637240289292,2.36926247105575,0,0.894461557873452,13.2882
"BASELINE","Dowa",2,"month","incidence",2023-09-01,2023-11-01,0,0,0,0,0,0,0,0,0,0,0,0,0,0,0,0,0,1,1,1,1,1,1,0,0,0,0,0,1,1,1,1,1,1,13.0034,12,TRUE,6.23705284135009,3.0880647707121,0,3.14898807063799,20.5757
"BASELINE","Dowa",3,"month","incidence",2023-09-01,2023-12-01,0,0,0,0,0,0,0,0,0,0,0,0,0,0,0,0,1,1,1,1,1,1,1,0,0,0,0,1,1,1,1,1,1,1,12.0653,12,TRUE,5.8466971931286,3.5936971801238,0,2.2530000130048,19.6376
"BASELINE","Karonga",1,"month","incidence",2023-09-01,2023-10-01,0,0,0,0,0,0,0,0,0,0,0,1,1,1,1,1,1,1,1,1,1,1,1,1,1,1,1,1,1,1,1,1,1,1,0.0616000000000057,12,TRUE,1.53167634047858,1.52899807960902,0.00267826086956546,0,46.3689
"BASELINE","Karonga",2,"month","incidence",2023-09-01,2023-11-01,0,0,0,0,1,1,1,1,1,1,1,1,1,1,1,1,1,1,1,1,1,1,1,0,0,0,0,0,0,0,1,1,1,1,11.9565,12,TRUE,6.57019177841641,2.16232982102549,4.40786195739092,0,34.474
"BASELINE","Karonga",3,"month","incidence",2023-09-01,2023-12-01,0,1,1,1,1,1,1,1,1,1,1,1,1,1,1,1,1,1,1,1,1,1,1,0,0,0,0,0,0,0,0,0,0,1,25.2026,12,TRUE,16.2264005855319,2.64830235855806,13.5780982269738,0,21.2279
"BASELINE","Kasungu",1,"month","incidence",2023-09-01,2023-10-01,0,0,0,0,0,0,0,0,0,0,0,0,0,0,0,1,1,1,1,1,1,1,1,0,0,0,1,1,1,1,1,1,1,1,6.9709,12,TRUE,3.94940965887081,2.72006902083855,0,1.22934063803226,19.713
"BASELINE","Kasungu",2,"month","incidence",2023-09-01,2023-11-01,0,0,0,0,0,0,0,0,0,0,0,0,0,0,0,0,0,1,1,1,1,1,1,0,0,0,0,0,1,1,1,1,1,1,13.0789,12,TRUE,6.64944401287031,3.63535521548208,0,3.01408879738823,25.821
"BASELINE","Kasungu",3,"month","incidence",2023-09-01,2023-12-01,0,0,0,0,0,0,0,0,0,0,0,0,0,0,0,0,1,1,1,1,1,1,1,0,0,0,0,1,1,1,1,1,1,1,12.3812,12,TRUE,6.49603070481636,4.25690252748134,0,2.23912817733502,25.1233
"BASELINE","Likoma",1,"month","incidence",2023-09-01,2023-10-01,0,0,0,1,1,1,1,1,1,1,1,1,1,1,1,1,1,1,1,1,1,1,1,0,0,0,0,0,0,0,0,1,1,1,17.3804,12,TRUE,9.8119195067409,2.78210222298827,7.02981728375264,0,27.2585
"BASELINE","Likoma",2,"month","incidence",2023-09-01,2023-11-01,0,0,1,1,1,1,1,1,1,1,1,1,1,1,1,1,1,1,1,1,1,1,1,0,0,0,0,0,0,0,0,0,1,1,32.3226,12,TRUE,19.7687114016006,3.93448669565834,15.8342247059423,0,12.3163
"BASELINE","Likoma",3,"month","incidence",2023-09-01,2023-12-01,0,0,0,1,1,1,1,1,1,1,1,1,1,1,1,1,1,1,1,1,1,1,1,0,0,0,0,0,0,0,0,1,1,1,35.7611,12,TRUE,21.1693394285925,4.81180870563285,16.3575307229597,0,8.8778
"BASELINE","Lilongwe",1,"month","incidence",2023-09-01,2023-10-01,0,0,0,0,0,0,0,0,0,0,0,0,0,0,0,1,1,1,1,1,1,1,1,0,0,0,1,1,1,1,1,1,1,1,3.4996,12,TRUE,2.28991068834101,1.80661509263821,0,0.483295595702794,13.2368
"BASELINE","Lilongwe",2,"month","incidence",2023-09-01,2023-11-01,0,0,0,0,0,0,0,0,0,0,0,0,0,0,0,1,1,1,1,1,1,1,1,0,0,0,1,1,1,1,1,1,1,1,5.284,12,TRUE,3.22323564425574,2.43785126166315,0,0.785384382592589,15.0212
"BASELINE","Lilongwe",3,"month","incidence",2023-09-01,2023-12-01,0,0,0,0,0,0,0,0,0,0,0,0,0,0,0,0,1,1,1,1,1,1,1,0,0,0,0,1,1,1,1,1,1,1,8.0824,12,TRUE,4.33689160461308,2.87330122462967,0,1.46359037998341,17.8196
"BASELINE","Machinga",1,"month","incidence",2023-09-01,2023-10-01,0,0,0,0,0,0,1,1,1,1,1,1,1,1,1,1,1,1,1,1,1,1,1,0,0,0,0,0,1,1,1,1,1,1,7.3301,12,TRUE,3.87843795154113,1.87514512535934,2.00329282618179,0,51.5774
"BASELINE","Machinga",2,"month","incidence",2023-09-01,2023-11-01,0,1,1,1,1,1,1,1,1,1,1,1,1,1,1,1,1,1,1,1,1,1,1,0,0,0,0,0,0,0,0,0,0,1,24.6633,12,TRUE,15.7248930375975,2.65185566770098,13.0730373698965,0,34.2442
"BASELINE","Machinga",3,"month","incidence",2023-09-01,2023-12-01,0,0,1,1,1,1,1,1,1,1,1,1,1,1,1,1,1,1,1,1,1,1,1,0,0,0,0,0,0,0,0,0,1,1,28.8527,12,TRUE,18.1121322963074,3.24784662868749,14.8642856676199,0,30.0548
"BASELINE","Mangochi",1,"month","incidence",2023-09-01,2023-10-01,0,0,0,0,0,0,0,0,0,0,0,1,1,1,1,1,1,1,1,1,1,1,1,1,1,1,1,1,1,1,1,1,1,1,0.778199999999998,12,TRUE,1.44679703023326,1.41296224762456,0.0338347826086956,0,34.5768
"BASELINE","Mangochi",2,"month","incidence",2023-09-01,2023-11-01,0,0,0,1,1,1,1,1,1,1,1,1,1,1,1,1,1,1,1,1,1,1,1,0,0,0,0,0,0,0,0,1,1,1,12.41,12,TRUE,6.99312144024827,1.99823037371182,4.99489106653645,0,22.945
"BASELINE","Mangochi",3,"month","incidence",2023-09-01,2023-12-01,0,0,0,1,1,1,1,1,1,1,1,1,1,1,1,1,1,1,1,1,1,1,1,0,0,0,0,0,0,0,0,1,1,1,16.6357,12,TRUE,9.62663633559379,2.44732240206246,7.17931393353133,0,18.7193
"BASELINE","Mchinji",1,"month","incidence",2023-09-01,2023-10-01,0,0,0,0,0,0,0,0,0,0,0,0,0,0,0,0,1,1,1,1,1,1,1,0,0,0,0,1,1,1,1,1,1,1,9.6747,12,TRUE,5.29522197203581,3.18888946843044,0,2.10633250360537,39.6876
"BASELINE","Mchinji",2,"month","incidence",2023-09-01,2023-11-01,0,0,0,0,0,0,0,0,0,0,0,0,0,0,0,1,1,1,1,1,1,1,1,0,0,0,1,1,1,1,1,1,1,1,8.5521,12,TRUE,5.6470218978283,4.45282537508155,0,1.19419652274676,38.565
"BASELINE","Mchinji",3,"month","incidence",2023-09-01,2023-12-01,0,0,0,0,0,0,0,0,0,0,0,0,0,0,0,0,0,1,1,1,1,1,1,0,0,0,0,0,1,1,1,1,1,1,20.2638,12,TRUE,10.635562693421,5.37543674243375,0,5.26012595098722,50.2767
"BASELINE","Mulanje",1,"month","incidence",2023-09-01,2023-10-01,0,0,0,0,0,0,0,0,0,0,0,0,0,0,0,0,1,1,1,1,1,1,1,0,0,0,0,1,1,1,1,1,1,1,7.4162,12,TRUE,4.05829983323922,2.43922003254869,0,1.61907980069053,43.6416
"BASELINE","Mulanje",2,"month","incidence",2023-09-01,2023-11-01,0,0,0,0,0,0,0,0,0,0,0,0,0,0,0,1,1,1,1,1,1,1,1,0,0,0,1,1,1,1,1,1,1,1,8.0954,12,TRUE,4.83610026405538,3.44832739612922,0,1.38777286792617,44.3208
"BASELINE","Mulanje",3,"month","incidence",2023-09-01,2023-12-01,0,0,0,0,0,0,0,0,0,0,0,0,0,0,0,0,1,1,1,1,1,1,1,0,0,0,0,1,1,1,1,1,1,1,10.5875,12,TRUE,6.13137370575278,4.21050682909311,0,1.92086687665967,46.8129
"BASELINE","Mwanza",1,"month","incidence",2023-09-01,2023-10-01,0,0,0,0,0,0,0,0,1,1,1,1,1,1,1,1,1,1,1,1,1,1,1,0,0,0,1,1,1,1,1,1,1,1,9.742,12,TRUE,5.74825181595183,4.04510584907432,1.70314596687752,0,35.5107
"BASELINE","Mwanza",2,"month","incidence",2023-09-01,2023-11-01,0,0,0,0,0,0,0,0,0,1,1,1,1,1,1,1,1,1,1,1,1,1,1,0,0,1,1,1,1,1,1,1,1,1,8.2463,12,TRUE,6.59746599019873,5.68965858236954,0.907807407829191,0,37.0064
"BASELINE","Mwanza",3,"month","incidence",2023-09-01,2023-12-01,0,0,0,0,0,0,0,0,0,0,1,1,1,1,1,1,1,1,1,1,1,1,1,0,1,1,1,1,1,1,1,1,1,1,4.1986,12,TRUE,7.08734118885092,6.89901341839412,0.1883277704568,0,41.0541
"BASELINE","Mzimba",1,"month","incidence",2023-09-01,2023-10-01,0,0,0,0,0,0,0,0,0,0,0,0,1,1,1,1,1,1,1,1,1,1,1,1,1,1,1,1,1,1,1,1,1,1,0.6477,12,TRUE,2.13634597126388,2.10818510169866,0,0.0281608695652174,14.6422
"BASELINE","Mzimba",2,"month","incidence",2023-09-01,2023-11-01,0,0,0,0,0,0,0,0,0,0,0,0,1,1,1,1,1,1,1,1,1,1,1,1,1,1,1,1,1,1,1,1,1,1,1.7425,12,TRUE,2.96831457898893,2.89255370942371,0,0.0757608695652174,15.737
"BASELINE","Mzimba",3,"month","incidence",2023-09-01,2023-12-01,0,0,0,0,0,0,0,0,0,0,0,0,0,0,0,1,1,1,1,1,1,1,1,0,0,0,1,1,1,1,1,1,1,1,8.4294,12,TRUE,4.84924897483925,3.43981443672564,0,1.40943453811362,22.4239
"BASELINE","Neno",1,"month","incidence",2023-09-01,2023-10-01,0,0,0,0,0,0,0,0,1,1,1,1,1,1,1,1,1,1,1,1,1,1,1,0,0,0,1,1,1,1,1,1,1,1,11.2844,12,TRUE,7.31213229271641,5.63573256516983,1.67639972754659,0,63.7293
"BASELINE","Neno",2,"month","incidence",2023-09-01,2023-11-01,0,0,0,0,0,0,0,1,1,1,1,1,1,1,1,1,1,1,1,1,1,1,1,0,0,0,0,1,1,1,1,1,1,1,24.4821,12,TRUE,13.3477391060654,7.95968868428106,5.38805042178437,0,50.5316
"BASELINE","Neno",3,"month","incidence",2023-09-01,2023-12-01,0,0,0,0,0,0,0,0,0,0,0,0,0,0,0,1,1,1,1,1,1,1,1,0,0,0,1,1,1,1,1,1,1,1,20.3223,12,TRUE,12.8404419431621,9.70030978606169,0,3.14013215710045,95.336
"BASELINE","Nkhatabay",1,"month","incidence",2023-09-01,2023-10-01,0,0,0,0,0,0,0,1,1,1,1,1,1,1,1,1,1,1,1,1,1,1,1,0,0,0,0,1,1,1,1,1,1,1,7.57889999999999,12,TRUE,4.38382925425271,2.99161966925729,1.39220958499543,0,115.0472
"BASELINE","Nkhatabay",2,"month","incidence",2023-09-01,2023-11-01,0,0,0,1,1,1,1,1,1,1,1,1,1,1,1,1,1,1,1,1,1,1,1,0,0,0,0,0,0,0,0,1,1,1,30.5709,12,TRUE,17.9813241142111,4.23078910972577,13.7505350044854,0,92.0552
"BASELINE","Nkhatabay",3,"month","incidence",2023-09-01,2023-12-01,0,1,1,1,1,1,1,1,1,1,1,1,1,1,1,1,1,1,1,1,1,1,1,0,0,0,0,0,0,0,0,0,0,1,53.395,12,TRUE,35.4771529495743,5.18163726407602,30.2955156854982,0,69.2311
"BASELINE","Nkhotakota",1,"month","incidence",2023-09-01,2023-10-01,0,0,0,0,0,0,0,0,0,0,0,0,0,0,0,0,1,1,1,1,1,1,1,0,0,0,0,1,1,1,1,1,1,1,7.8186,12,TRUE,4.44491419375041,2.92261678322369,0,1.52229741052673,83.47
"BASELINE","Nkhotakota",2,"month","incidence",2023-09-01,2023-11-01,0,0,0,1,1,1,1,1,1,1,1,1,1,1,1,1,1,1,1,1,1,1,1,0,0,0,0,0,0,0,0,1,1,1,25.6266,12,TRUE,14.4332781148086,4.13320429245417,10.3000738223544,0,50.0248
"BASELINE","Nkhotakota",3,"month","incidence",2023-09-01,2023-12-01,0,0,0,1,1,1,1,1,1,1,1,1,1,1,1,1,1,1,1,1,1,1,1,0,0,0,0,0,0,0,0,1,1,1,31.7456,12,TRUE,17.9428399719384,5.06212075959694,12.8807192123414,0,43.9058
"BASELINE","Nsanje",1,"month","incidence",2023-09-01,2023-10-01,0,0,0,0,0,1,1,1,1,1,1,1,1,1,1,1,1,1,1,1,1,1,1,0,0,0,0,0,0,1,1,1,1,1,9.7592,12,TRUE,5.16831602059645,2.40325295629908,2.76506306429737,0,30.1033
"BASELINE","Nsanje",2,"month","incidence",2023-09-01,2023-11-01,0,0,0,1,1,1,1,1,1,1,1,1,1,1,1,1,1,1,1,1,1,1,1,0,0,0,0,0,0,0,0,1,1,1,22.9661,12,TRUE,13.2679377188562,3.39871292461139,9.86922479424483,0,16.8964
"BASELINE","Nsanje",3,"month","incidence",2023-09-01,2023-12-01,0,0,0,0,1,1,1,1,1,1,1,1,1,1,1,1,1,1,1,1,1,1,1,0,0,0,0,0,0,0,1,1,1,1,23.7156,12,TRUE,13.0988112397039,4.15769910251738,8.94111213718656,0,16.1469
"BASELINE","Ntcheu",1,"month","incidence",2023-09-01,2023-10-01,0,0,0,0,0,0,0,0,0,0,0,0,0,0,0,1,1,1,1,1,1,1,1,0,0,0,1,1,1,1,1,1,1,1,6.2455,12,TRUE,3.65216614324442,2.54875102900938,0,1.10341511423504,28.5466
"BASELINE","Ntcheu",2,"month","incidence",2023-09-01,2023-11-01,0,0,0,0,0,0,0,0,0,0,0,0,1,1,1,1,1,1,1,1,1,1,1,1,1,1,1,1,1,1,1,1,1,1,0.288399999999999,12,TRUE,3.56452528826675,3.55198615783197,0,0.0125391304347826,22.5895
"BASELINE","Ntcheu",3,"month","incidence",2023-09-01,2023-12-01,0,0,0,0,0,0,0,0,0,0,0,0,0,1,1,1,1,1,1,1,1,1,1,0,1,1,1,1,1,1,1,1,1,1,5.1141,12,TRUE,4.71557175941496,4.27558139729797,0,0.439990362116986,27.4152
"BASELINE","Ntchisi",1,"month","incidence",2023-09-01,2023-10-01,0,0,0,0,0,0,0,0,0,0,0,0,0,0,0,0,0,0,1,1,1,1,1,0,0,0,0,0,0,1,1,1,1,1,15.6647,12,TRUE,8.37107103165559,3.32569398770353,0,5.04537704395206,50.3259
"BASELINE","Ntchisi",2,"month","incidence",2023-09-01,2023-11-01,0,0,0,0,0,0,0,0,0,0,0,0,0,0,0,0,0,0,0,1,1,1,1,0,0,0,0,0,0,0,1,1,1,1,24.0033,12,TRUE,12.9426903343136,4.66478404341077,0,8.2779062909028,58.6645
"BASELINE","Ntchisi",3,"month","incidence",2023-09-01,2023-12-01,0,0,0,0,0,0,0,0,0,0,0,0,0,0,0,0,0,0,0,0,0,1,1,0,0,0,0,0,0,0,0,0,1,1,51.6411,12,TRUE,32.3988280296262,5.65558822537161,0,26.7432398042546,86.3023
"BASELINE","Phalombe",1,"month","incidence",2023-09-01,2023-10-01,0,0,0,0,0,0,0,0,0,0,0,0,0,0,1,1,1,1,1,1,1,1,1,0,0,1,1,1,1,1,1,1,1,1,2.1842,12,TRUE,1.6345329596253,1.37191387835822,0,0.262619081267079,31.6084
"BASELINE","Phalombe",2,"month","incidence",2023-09-01,2023-11-01,0,0,0,0,0,1,1,1,1,1,1,1,1,1,1,1,1,1,1,1,1,1,1,0,0,0,0,0,0,1,1,1,1,1,7.9454,12,TRUE,4.21013203446194,1.94017921318207,2.26995282127987,0,21.4788
"BASELINE","Phalombe",3,"month","incidence",2023-09-01,2023-12-01,0,0,0,0,0,0,0,1,1,1,1,1,1,1,1,1,1,1,1,1,1,1,1,0,0,0,0,1,1,1,1,1,1,1,7.1582,12,TRUE,3.92748039496373,2.37622454092531,1.55125585403842,0,22.266
"BASELINE","Rumphi",1,"month","incidence",2023-09-01,2023-10-01,0,0,0,0,0,0,0,0,0,0,0,1,1,1,1,1,1,1,1,1,1,1,1,1,1,1,1,1,1,1,1,1,1,1,0.129899999999999,12,TRUE,2.1847469670021,2.17909914091514,0.00564782608695649,0,6.3234
"BASELINE","Rumphi",2,"month","incidence",2023-09-01,2023-11-01,0,0,0,0,0,0,0,0,0,0,0,1,1,1,1,1,1,1,1,1,1,1,1,1,1,1,1,1,1,1,1,1,1,1,0.0983999999999998,12,TRUE,2.83943527840494,2.83515701753537,0.00427826086956521,0,6.3549
"BASELINE","Rumphi",3,"month","incidence",2023-09-01,2023-12-01,0,0,0,0,0,0,0,0,0,0,0,0,0,0,0,1,1,1,1,1,1,1,1,0,0,0,1,1,1,1,1,1,1,1,8.2594,12,TRUE,4.43115179536282,3.29136604962318,0,1.13978574573965,14.7127
"BASELINE","Salima",1,"month","incidence",2023-09-01,2023-10-01,0,0,0,1,1,1,1,1,1,1,1,1,1,1,1,1,1,1,1,1,1,1,1,0,0,0,0,0,0,0,0,1,1,1,26.9282,12,TRUE,15.9271536870222,3.64560994415043,12.2815437428718,0,66.3458
"BASELINE","Salima",2,"month","incidence",2023-09-01,2023-11-01,1,1,1,1,1,1,1,1,1,1,1,1,1,1,1,1,1,1,1,1,1,1,1,0,0,0,0,0,0,0,0,0,0,0,60.3915,12,TRUE,42.2883190824197,5.15567102613975,37.1326480562799,0,32.8825
"BASELINE","Salima",3,"month","incidence",2023-09-01,2023-12-01,0,1,1,1,1,1,1,1,1,1,1,1,1,1,1,1,1,1,1,1,1,1,1,0,0,0,0,0,0,0,0,0,0,1,68.5091,12,TRUE,46.3750127473381,6.31438164784687,40.0606310994912,0,24.7649
"BASELINE","Thyolo",1,"month","incidence",2023-09-01,2023-10-01,0,0,0,0,0,0,0,0,1,1,1,1,1,1,1,1,1,1,1,1,1,1,1,0,0,0,1,1,1,1,1,1,1,1,2.9535,12,TRUE,1.78095842372382,1.28202631031244,0.49893211341138,0,10.8609
"BASELINE","Thyolo",2,"month","incidence",2023-09-01,2023-11-01,0,0,0,0,0,0,0,0,0,1,1,1,1,1,1,1,1,1,1,1,1,1,1,0,0,1,1,1,1,1,1,1,1,1,2.372,12,TRUE,2.03622793041158,1.80105406613757,0.235173864274018,0,11.4424
"BASELINE","Thyolo",3,"month","incidence",2023-09-01,2023-12-01,0,0,0,0,0,0,0,0,0,0,0,0,1,1,1,1,1,1,1,1,1,1,1,1,1,1,1,1,1,1,1,1,1,1,0.2774,12,TRUE,2.1949447026127,2.18288383304748,0,0.0120608695652174,14.0918
"BASELINE","Zomba",1,"month","incidence",2023-09-01,2023-10-01,0,0,0,0,0,0,0,0,0,0,0,0,0,0,0,0,1,1,1,1,1,1,1,0,0,0,0,1,1,1,1,1,1,1,6.2481,12,TRUE,3.48099161654705,2.18560544429376,0,1.29538617225329,37.9738
"BASELINE","Zomba",2,"month","incidence",2023-09-01,2023-11-01,0,0,0,0,0,0,0,0,0,0,0,0,1,1,1,1,1,1,1,1,1,1,1,1,1,1,1,1,1,1,1,1,1,1,0.792399999999997,12,TRUE,3.12360683817501,3.08915466426197,0,0.0344521739130434,32.5181
"BASELINE","Zomba",3,"month","incidence",2023-09-01,2023-12-01,0,0,0,0,0,0,0,0,0,0,0,0,0,1,1,1,1,1,1,1,1,1,1,0,1,1,1,1,1,1,1,1,1,1,2.6936,12,TRUE,3.92769135093018,3.77049358452832,0,0.15719776640186,34.4193
"BASELINE","Balaka",1,"month","incidence",2023-10-01,2023-11-01,0,0,0,0,0,0,0,0,0,0,0,1,1,1,1,1,1,1,1,1,1,1,1,1,1,1,1,1,1,1,1,1,1,1,0.1904,12,TRUE,3.61766573881131,3.60938747794175,0.00827826086956523,0,25.6806
"BASELINE","Balaka",2,"month","incidence",2023-10-01,2023-12-01,0,0,0,0,0,0,0,1,1,1,1,1,1,1,1,1,1,1,1,1,1,1,1,0,0,0,0,1,1,1,1,1,1,1,12.9613,12,TRUE,7.33860543497612,4.9803586026625,2.35824683231362,0,12.9097
"BASELINE","Balaka",3,"month","incidence",2023-10-01,2024-01-01,0,0,0,0,0,0,0,0,0,0,1,1,1,1,1,1,1,1,1,1,1,1,1,0,1,1,1,1,1,1,1,1,1,1,5.4869,12,TRUE,6.33428376300529,5.94266159371429,0.391622169291001,0,20.3841
"BASELINE","Blantyre",1,"month","incidence",2023-10-01,2023-11-01,0,0,0,0,0,0,0,0,0,0,0,1,1,1,1,1,1,1,1,1,1,1,1,1,1,1,1,1,1,1,1,1,1,1,0.695900000000002,12,TRUE,1.56564209294255,1.53538557120342,0.0302565217391305,0,22.2625
"BASELINE","Blantyre",2,"month","incidence",2023-10-01,2023-12-01,0,0,0,0,0,0,0,0,1,1,1,1,1,1,1,1,1,1,1,1,1,1,1,0,0,0,1,1,1,1,1,1,1,1,4.1439,12,TRUE,2.75457411717338,2.17071155661482,0.583862560558565,0,18.8145
"BASELINE","Blantyre",3,"month","incidence",2023-10-01,2024-01-01,0,0,0,0,0,0,0,0,0,0,0,0,0,0,0,0,0,0,0,0,1,1,1,0,0,0,0,0,0,0,0,1,1,1,17.8697,12,TRUE,10.2988902947666,2.65081042053774,0,7.64807987422885,40.8281
"BASELINE","Chikwawa",1,"month","incidence",2023-10-01,2023-11-01,0,0,0,0,0,1,1,1,1,1,1,1,1,1,1,1,1,1,1,1,1,1,1,0,0,0,0,0,0,1,1,1,1,1,10.1228,12,TRUE,5.38936401614959,2.29589410956007,3.09346990658952,0,18.4424
"BASELINE","Chikwawa",2,"month","incidence",2023-10-01,2023-12-01,0,0,0,0,0,1,1,1,1,1,1,1,1,1,1,1,1,1,1,1,1,1,1,0,0,0,0,0,0,1,1,1,1,1,15.7206,12,TRUE,8.40691042603879,3.23806653106315,5.16884389497564,0,12.8446
"BASELINE","Chikwawa",3,"month","incidence",2023-10-01,2024-01-01,0,0,0,0,0,0,0,0,0,1,1,1,1,1,1,1,1,1,1,1,1,1,1,0,0,1,1,1,1,1,1,1,1,1,5.7206,12,TRUE,4.56549926709871,3.93699003613776,0.628509230960948,0,22.8446
"BASELINE","Chiradzulu",1,"month","incidence",2023-10-01,2023-11-01,0,0,0,0,0,0,0,0,0,0,0,0,0,0,0,0,0,0,1,1,1,1,1,0,0,0,0,0,0,1,1,1,1,1,6.3524,12,TRUE,3.31032606569035,1.56064614275173,0,1.74967992293862,14.9335
"BASELINE","Chiradzulu",2,"month","incidence",2023-10-01,2023-12-01,0,0,0,0,0,0,0,0,0,0,0,0,0,0,0,1,1,1,1,1,1,1,1,0,0,0,1,1,1,1,1,1,1,1,4.1315,12,TRUE,2.65855453111287,2.11054836915005,0,0.548006161962822,12.7126
"BASELINE","Chiradzulu",3,"month","incidence",2023-10-01,2024-01-01,0,0,0,0,0,0,0,0,0,0,0,0,0,0,0,0,0,0,0,0,0,0,0,0,0,0,0,0,0,0,0,0,0,0,36.5554,12,TRUE,26.4799275592912,2.49002937050008,0,23.9898981887911,45.1365
"BASELINE","Chitipa",1,"month","incidence",2023-10-01,2023-11-01,0,0,0,0,0,0,0,0,0,0,0,0,0,1,1,1,1,1,1,1,1,1,1,0,1,1,1,1,1,1,1,1,1,1,1.3037,12,TRUE,1.96133907996548,1.89108172307569,0,0.0702573568897899,11.8542
"BASELINE","Chitipa",2,"month","incidence",2023-10-01,2023-12-01,0,0,0,0,0,0,0,0,0,0,0,0,0,0,1,1,1,1,1,1,1,1,1,0,0,1,1,1,1,1,1,1,1,1,3.3451,12,TRUE,2.86310578198827,2.56155876468861,0,0.301547017299662,13.8956
"BASELINE","Chitipa",3,"month","incidence",2023-10-01,2024-01-01,0,0,0,0,0,0,0,0,0,0,0,0,0,0,0,0,0,0,0,0,0,0,1,0,0,0,0,0,0,0,0,0,0,1,34.8897,12,TRUE,22.8756590124177,3.02437024085279,0,19.8512887715649,45.4402
"BASELINE","Dedza",1,"month","incidence",2023-10-01,2023-11-01,0,0,0,0,0,0,0,0,0,0,0,0,0,0,0,1,1,1,1,1,1,1,1,0,0,0,1,1,1,1,1,1,1,1,4.5534,12,TRUE,2.72722501274213,1.95316138498767,0,0.774063627754459,20.93
"BASELINE","Dedza",2,"month","incidence",2023-10-01,2023-12-01,0,0,0,0,0,0,0,0,0,0,0,0,0,0,1,1,1,1,1,1,1,1,1,0,0,1,1,1,1,1,1,1,1,1,4.6741,12,TRUE,3.30410463882887,2.71699886498491,0,0.587105773843958,21.0507
"BASELINE","Dedza",3,"month","incidence",2023-10-01,2024-01-01,0,0,0,0,0,0,0,0,0,0,0,0,0,0,0,0,0,0,0,0,0,1,1,0,0,0,0,0,0,0,0,0,1,1,27.2776,12,TRUE,16.4181495496672,3.26650826946325,0,13.151641280204,43.6542
"BASELINE","Dowa",1,"month","incidence",2023-10-01,2023-11-01,0,0,0,0,0,0,0,0,0,0,0,0,0,0,0,0,1,1,1,1,1,1,1,0,0,0,0,1,1,1,1,1,1,1,7.2875,12,TRUE,4.03685002186233,2.60967227381262,0,1.42717774804972,20.5757
"BASELINE","Dowa",2,"month","incidence",2023-10-01,2023-12-01,0,0,0,0,0,0,0,0,0,0,0,0,0,0,1,1,1,1,1,1,1,1,1,0,0,1,1,1,1,1,1,1,1,1,6.3494,12,TRUE,4.28823686949616,3.500380433568,0,0.787856435928165,19.6376
"BASELINE","Dowa",3,"month","incidence",2023-10-01,2024-01-01,0,0,0,0,0,0,0,0,0,0,0,0,0,0,0,0,0,0,0,0,0,1,1,0,0,0,0,0,0,0,0,0,1,1,39.7952,12,TRUE,24.0320170882677,4.11419045825193,0,19.9178266300158,53.0834
"BASELINE","Karonga",1,"month","incidence",2023-10-01,2023-11-01,0,0,1,1,1,1,1,1,1,1,1,1,1,1,1,1,1,1,1,1,1,1,1,0,0,0,0,0,0,0,0,0,1,1,11.8949,12,TRUE,7.18173144635629,1.50084551435753,5.68088593199876,0,34.474
"BASELINE","Karonga",2,"month","incidence",2023-10-01,2023-12-01,1,1,1,1,1,1,1,1,1,1,1,1,1,1,1,1,1,1,1,1,1,1,1,0,0,0,0,0,0,0,0,0,0,0,25.141,12,TRUE,17.68817912997,2.12251608143124,15.5656630485387,0,21.2279
"BASELINE","Karonga",3,"month","incidence",2023-10-01,2024-01-01,0,0,0,0,0,0,0,0,0,0,0,0,0,0,0,0,1,1,1,1,1,1,1,0,0,0,0,1,1,1,1,1,1,1,6.413,12,TRUE,3.74174307188262,2.59954068517909,0,1.14220238670353,52.7819
"BASELINE","Kasungu",1,"month","incidence",2023-10-01,2023-11-01,0,0,0,0,0,0,0,0,0,0,0,0,0,0,0,1,1,1,1,1,1,1,1,0,0,0,1,1,1,1,1,1,1,1,6.108,12,TRUE,3.79487336606092,2.82939231912259,0,0.965481046938332,25.821
"BASELINE","Kasungu",2,"month","incidence",2023-10-01,2023-12-01,0,0,0,0,0,0,0,0,0,0,0,0,0,0,1,1,1,1,1,1,1,1,1,0,0,1,1,1,1,1,1,1,1,1,5.4103,12,TRUE,4.45015433187933,3.90056730899909,0,0.549587022880236,25.1233
"BASELINE","Kasungu",3,"month","incidence",2023-10-01,2024-01-01,0,0,0,0,0,0,0,0,0,0,0,0,0,0,0,0,0,0,0,0,0,0,1,0,0,0,0,0,0,0,0,0,0,1,52.1394,12,TRUE,34.5828698556747,4.64828264954359,0,29.9345872061311,71.8524
"BASELINE","Likoma",1,"month","incidence",2023-10-01,2023-11-01,0,0,0,0,1,1,1,1,1,1,1,1,1,1,1,1,1,1,1,1,1,1,1,0,0,0,0,0,0,0,1,1,1,1,14.9422,12,TRUE,8.13944697164334,2.81953668750424,5.3199102841391,0,12.3163
"BASELINE","Likoma",2,"month","incidence",2023-10-01,2023-12-01,0,0,0,0,0,1,1,1,1,1,1,1,1,1,1,1,1,1,1,1,1,1,1,0,0,0,0,0,0,1,1,1,1,1,18.3807,12,TRUE,9.76124056147416,3.94157301647604,5.81966754499812,0,8.8778
"BASELINE","Likoma",3,"month","incidence",2023-10-01,2024-01-01,0,0,0,0,0,0,0,0,0,1,1,1,1,1,1,1,1,1,1,1,1,1,1,0,0,1,1,1,1,1,1,1,1,1,8.3651,12,TRUE,5.82574921431124,4.76346859164063,1.06228062267061,0,18.8934
"BASELINE","Lilongwe",1,"month","incidence",2023-10-01,2023-11-01,0,0,0,0,0,0,0,0,0,0,0,0,0,1,1,1,1,1,1,1,1,1,1,0,1,1,1,1,1,1,1,1,1,1,1.7844,12,TRUE,1.98468753494811,1.84772114601708,0,0.136966388931029,15.0212
"BASELINE","Lilongwe",2,"month","incidence",2023-10-01,2023-12-01,0,0,0,0,0,0,0,0,0,0,0,0,0,0,1,1,1,1,1,1,1,1,1,0,0,1,1,1,1,1,1,1,1,1,4.5828,12,TRUE,3.13721828062455,2.54950582554932,0,0.587712455075231,17.8196
"BASELINE","Lilongwe",3,"month","incidence",2023-10-01,2024-01-01,0,0,0,0,0,0,0,0,0,0,0,0,0,0,0,0,0,0,0,0,0,1,1,0,0,0,0,0,0,0,0,0,1,1,27.4945,12,TRUE,16.8201927571523,3.04204580533113,0,13.7781469518211,40.7313
"BASELINE","Machinga",1,"month","incidence",2023-10-01,2023-11-01,0,1,1,1,1,1,1,1,1,1,1,1,1,1,1,1,1,1,1,1,1,1,1,0,0,0,0,0,0,0,0,0,0,1,17.3332,12,TRUE,11.0013591009688,1.88321873852533,9.11814036244349,0,34.2442
"BASELINE","Machinga",2,"month","incidence",2023-10-01,2023-12-01,0,0,1,1,1,1,1,1,1,1,1,1,1,1,1,1,1,1,1,1,1,1,1,0,0,0,0,0,0,0,0,0,1,1,21.5226,12,TRUE,13.086850376018,2.66327348093767,10.4235768950803,0,30.0548
"BASELINE","Machinga",3,"month","incidence",2023-10-01,2024-01-01,0,0,0,0,1,1,1,1,1,1,1,1,1,1,1,1,1,1,1,1,1,1,1,0,0,0,0,0,0,0,1,1,1,1,18.1134,12,TRUE,9.9613895466254,3.26183053689163,6.69955900973377,0,33.464
"BASELINE","Mangochi",1,"month","incidence",2023-10-01,2023-11-01,0,0,1,1,1,1,1,1,1,1,1,1,1,1,1,1,1,1,1,1,1,1,1,0,0,0,0,0,0,0,0,0,1,1,11.6318,12,TRUE,7.13671470480405,1.40304375252096,5.73367095228309,0,22.945
"BASELINE","Mangochi",2,"month","incidence",2023-10-01,2023-12-01,0,0,1,1,1,1,1,1,1,1,1,1,1,1,1,1,1,1,1,1,1,1,1,0,0,0,0,0,0,0,0,0,1,1,15.8575,12,TRUE,9.60350668365113,1.98420350341798,7.61930318023315,0,18.7193
"BASELINE","Mangochi",3,"month","incidence",2023-10-01,2024-01-01,0,0,0,1,1,1,1,1,1,1,1,1,1,1,1,1,1,1,1,1,1,1,1,0,0,0,0,0,0,0,0,1,1,1,15.4925,12,TRUE,8.80040007539053,2.4301430646084,6.37025701078213,0,19.0843
"BASELINE","Mchinji",1,"month","incidence",2023-10-01,2023-11-01,0,0,0,0,0,0,0,0,0,0,0,1,1,1,1,1,1,1,1,1,1,1,1,1,1,1,1,1,1,1,1,1,1,1,1.12260000000001,12,TRUE,3.23077487276056,3.18196617710839,0.0488086956521742,0,38.565
"BASELINE","Mchinji",2,"month","incidence",2023-10-01,2023-12-01,0,0,0,0,0,0,0,0,0,0,0,0,0,0,0,1,1,1,1,1,1,1,1,0,0,0,1,1,1,1,1,1,1,1,10.5891,12,TRUE,6.30712462213383,4.48805674547403,0,1.8190678766598,50.2767
"BASELINE","Mchinji",3,"month","incidence",2023-10-01,2024-01-01,0,0,0,0,0,0,0,0,0,0,0,0,0,0,0,0,0,0,0,0,0,0,1,0,0,0,0,0,0,0,0,0,0,1,55.5882,12,TRUE,36.5808298736257,5.45714731535188,0,31.1236825582738,95.2758
"BASELINE","Mulanje",1,"month","incidence",2023-10-01,2023-11-01,0,0,0,0,0,0,0,0,0,0,0,0,1,1,1,1,1,1,1,1,1,1,1,1,1,1,1,1,1,1,1,1,1,1,0.679200000000002,12,TRUE,2.47694962079842,2.44741918601581,0,0.0295304347826088,44.3208
"BASELINE","Mulanje",2,"month","incidence",2023-10-01,2023-12-01,0,0,0,0,0,0,0,0,0,0,0,0,0,1,1,1,1,1,1,1,1,1,1,0,1,1,1,1,1,1,1,1,1,1,3.1713,12,TRUE,3.6973168641746,3.46117340567568,0,0.236143458498914,46.8129
"BASELINE","Mulanje",3,"month","incidence",2023-10-01,2024-01-01,0,0,0,0,0,0,0,0,0,0,0,0,0,0,0,0,0,0,0,0,1,1,1,0,0,0,0,0,0,0,0,1,1,1,31.9428,12,TRUE,18.9840249215818,4.23675714107605,0,14.7472677805057,75.5844
"BASELINE","Mwanza",1,"month","incidence",2023-10-01,2023-11-01,0,0,0,0,0,0,0,0,0,0,0,0,1,1,1,1,1,1,1,1,1,1,1,1,1,1,1,1,1,1,1,1,1,1,1.4957,12,TRUE,4.09542909483936,4.03039866005675,0,0.0650304347826087,37.0064
"BASELINE","Mwanza",2,"month","incidence",2023-10-01,2023-12-01,0,0,0,0,0,0,0,0,0,0,0,0,0,1,1,1,1,1,1,1,1,1,1,0,1,1,1,1,1,1,1,1,1,1,5.5434,12,TRUE,6.0475644681624,5.6176317659314,0,0.429932702230997,41.0541
"BASELINE","Mwanza",3,"month","incidence",2023-10-01,2024-01-01,0,0,0,0,0,0,0,0,0,0,0,0,0,0,0,0,0,0,0,0,0,1,1,0,0,0,0,0,0,0,0,0,1,1,62.0413,12,TRUE,38.6810582351077,6.76384448724729,0,31.9172137478604,97.552
"BASELINE","Mzimba",1,"month","incidence",2023-10-01,2023-11-01,0,0,0,0,0,0,0,0,0,0,0,0,1,1,1,1,1,1,1,1,1,1,1,1,1,1,1,1,1,1,1,1,1,1,1.0948,12,TRUE,2.16047949981584,2.11287949981584,0,0.0476,15.737
"BASELINE","Mzimba",2,"month","incidence",2023-10-01,2023-12-01,0,0,0,0,0,0,0,0,0,0,0,0,0,0,0,0,1,1,1,1,1,1,1,0,0,0,0,1,1,1,1,1,1,1,7.7817,12,TRUE,4.3648924673256,2.91130628071418,0,1.45358618661142,22.4239
"BASELINE","Mzimba",3,"month","incidence",2023-10-01,2024-01-01,0,0,0,0,0,0,0,0,0,0,0,0,0,0,0,0,0,0,0,0,1,1,1,0,0,0,0,0,0,0,0,1,1,1,27.905,12,TRUE,16.3473503470865,3.4697461855528,0,12.8776041615337,42.5472
"BASELINE","Neno",1,"month","incidence",2023-10-01,2023-11-01,0,0,0,0,0,0,0,0,1,1,1,1,1,1,1,1,1,1,1,1,1,1,1,0,0,0,1,1,1,1,1,1,1,1,13.1977,12,TRUE,7.88573526005842,5.62308008356604,2.26265517649238,0,50.5316
"BASELINE","Neno",2,"month","incidence",2023-10-01,2023-12-01,0,0,0,0,0,0,0,0,0,0,0,0,0,0,0,0,0,0,1,1,1,1,1,0,0,0,0,0,0,1,1,1,1,1,31.6067,12,TRUE,16.673393614081,7.91167117839908,0,8.76172243568195,95.336
"BASELINE","Neno",3,"month","incidence",2023-10-01,2024-01-01,0,0,0,0,0,0,0,0,0,0,0,0,0,0,0,0,0,0,0,0,0,0,0,0,0,0,0,0,0,0,0,0,0,0,145.9625,12,TRUE,111.62110440476,9.59637046883512,0,102.024733935925,209.6918
"BASELINE","Nkhatabay",1,"month","incidence",2023-10-01,2023-11-01,0,0,0,1,1,1,1,1,1,1,1,1,1,1,1,1,1,1,1,1,1,1,1,0,0,0,0,0,0,0,0,1,1,1,22.992,12,TRUE,13.7295182041941,2.99307115551941,10.7364470486747,0,92.0552
"BASELINE","Nkhatabay",2,"month","incidence",2023-10-01,2023-12-01,0,1,1,1,1,1,1,1,1,1,1,1,1,1,1,1,1,1,1,1,1,1,1,0,0,0,0,0,0,0,0,0,0,1,45.8161,12,TRUE,30.988000746496,4.23284182128326,26.7551589252127,0,69.2311
"BASELINE","Nkhatabay",3,"month","incidence",2023-10-01,2024-01-01,0,0,0,0,0,0,0,1,1,1,1,1,1,1,1,1,1,1,1,1,1,1,1,0,0,0,0,1,1,1,1,1,1,1,14.485,12,TRUE,8.12558248547317,5.18415131202851,2.94143117344467,0,100.5622
"BASELINE","Nkhotakota",1,"month","incidence",2023-10-01,2023-11-01,1,1,1,1,1,1,1,1,1,1,1,1,1,1,1,1,1,1,1,1,1,1,1,0,0,0,0,0,0,0,0,0,0,0,33.4452,12,TRUE,23.9429083585859,2.70619234932314,21.2367160092628,0,50.0248
"BASELINE","Nkhotakota",2,"month","incidence",2023-10-01,2023-12-01,0,1,1,1,1,1,1,1,1,1,1,1,1,1,1,1,1,1,1,1,1,1,1,0,0,0,0,0,0,0,0,0,0,1,39.5642,12,TRUE,26.3191247111793,3.8271339228031,22.4919907883762,0,43.9058
"BASELINE","Nkhotakota",3,"month","incidence",2023-10-01,2024-01-01,0,0,0,0,0,0,0,0,0,1,1,1,1,1,1,1,1,1,1,1,1,1,1,0,0,1,1,1,1,1,1,1,1,1,8.1347,12,TRUE,5.73065206452417,4.68726264408187,1.0433894204423,0,75.3353
"BASELINE","Nsanje",1,"month","incidence",2023-10-01,2023-11-01,0,0,0,0,1,1,1,1,1,1,1,1,1,1,1,1,1,1,1,1,1,1,1,0,0,0,0,0,0,0,1,1,1,1,13.2069,12,TRUE,7.24445238901797,2.41108971102179,4.83336267799618,0,16.8964
"BASELINE","Nsanje",2,"month","incidence",2023-10-01,2023-12-01,0,0,0,0,0,1,1,1,1,1,1,1,1,1,1,1,1,1,1,1,1,1,1,0,0,0,0,0,0,1,1,1,1,1,13.9564,12,TRUE,7.3860571361617,3.40085438550321,3.98520275065849,0,16.1469
"BASELINE","Nsanje",3,"month","incidence",2023-10-01,2024-01-01,0,0,0,0,0,0,0,0,0,0,0,1,1,1,1,1,1,1,1,1,1,1,1,1,1,1,1,1,1,1,1,1,1,1,0.7926,12,TRUE,4.16976285617429,4.13530198660907,0.0344608695652174,0,29.3107
"BASELINE","Ntcheu",1,"month","incidence",2023-10-01,2023-11-01,0,0,0,0,0,0,0,0,1,1,1,1,1,1,1,1,1,1,1,1,1,1,1,0,0,0,1,1,1,1,1,1,1,1,5.9571,12,TRUE,3.57393475174133,2.5592125876837,1.01472216405764,0,22.5895
"BASELINE","Ntcheu",2,"month","incidence",2023-10-01,2023-12-01,0,0,0,0,0,0,0,0,0,0,0,1,1,1,1,1,1,1,1,1,1,1,1,1,1,1,1,1,1,1,1,1,1,1,1.1314,12,TRUE,3.64860747807628,3.59941617372845,0.0491913043478262,0,27.4152
"BASELINE","Ntcheu",3,"month","incidence",2023-10-01,2024-01-01,0,0,0,0,0,0,0,0,0,0,0,0,0,0,0,0,1,1,1,1,1,1,1,0,0,0,0,1,1,1,1,1,1,1,12.2598,12,TRUE,6.8301097907338,4.36417484341308,0,2.46593494732072,40.8064
"BASELINE","Ntchisi",1,"month","incidence",2023-10-01,2023-11-01,0,0,0,0,0,0,0,0,0,0,0,0,0,0,0,0,1,1,1,1,1,1,1,0,0,0,0,1,1,1,1,1,1,1,8.3386,12,TRUE,4.85091414559523,3.34983404687745,0,1.50108009871779,58.6645
"BASELINE","Ntchisi",2,"month","incidence",2023-10-01,2023-12-01,0,0,0,0,0,0,0,0,0,0,0,0,0,0,0,0,0,0,0,0,1,1,1,0,0,0,0,0,0,0,0,1,1,1,35.9764,12,TRUE,21.4229337648205,4.73616472609345,0,16.686769038727,86.3023
"BASELINE","Ntchisi",3,"month","incidence",2023-10-01,2024-01-01,0,0,0,0,0,0,0,0,0,0,0,0,0,0,0,0,0,0,0,0,0,0,0,0,0,0,0,0,0,0,0,0,0,0,65.1731,12,TRUE,44.7822177922633,5.7841362017174,0,38.9980815905459,115.499
"BASELINE","Phalombe",1,"month","incidence",2023-10-01,2023-11-01,0,0,0,1,1,1,1,1,1,1,1,1,1,1,1,1,1,1,1,1,1,1,1,0,0,0,0,0,0,0,0,1,1,1,10.1296,12,TRUE,5.99190687303838,1.37084152499348,4.6210653480449,0,21.4788
"BASELINE","Phalombe",2,"month","incidence",2023-10-01,2023-12-01,0,0,0,0,0,1,1,1,1,1,1,1,1,1,1,1,1,1,1,1,1,1,1,0,0,0,0,0,0,1,1,1,1,1,9.3424,12,TRUE,4.99996017476387,1.93866267650999,3.06129749825388,0,22.266
"BASELINE","Phalombe",3,"month","incidence",2023-10-01,2024-01-01,0,0,0,0,0,0,0,0,0,0,0,1,1,1,1,1,1,1,1,1,1,1,1,1,1,1,1,1,1,1,1,1,1,1,0.907899999999998,12,TRUE,2.41384108345738,2.3743671704139,0.0394739130434782,0,30.7005
"BASELINE","Rumphi",1,"month","incidence",2023-10-01,2023-11-01,0,0,0,0,0,0,0,0,0,0,0,0,1,1,1,1,1,1,1,1,1,1,1,1,1,1,1,1,1,1,1,1,1,1,0.0314999999999994,12,TRUE,2.17154629607467,2.17017673085728,0,0.00136956521739128,6.3549
"BASELINE","Rumphi",2,"month","incidence",2023-10-01,2023-12-01,0,0,0,0,0,0,0,0,0,0,0,0,0,0,0,1,1,1,1,1,1,1,1,0,0,0,1,1,1,1,1,1,1,1,8.3893,12,TRUE,4.2503629374942,2.81888316401433,0,1.43147977347987,14.7127
"BASELINE","Rumphi",3,"month","incidence",2023-10-01,2024-01-01,0,0,0,0,0,0,0,0,0,0,0,0,0,0,0,0,0,0,0,0,0,1,1,0,0,0,0,0,0,0,0,0,1,1,35.7945,12,TRUE,20.6793694474333,3.27507767923498,0,17.4042917681983,42.1179
"BASELINE","Salima",1,"month","incidence",2023-10-01,2023-11-01,0,0,1,1,1,1,1,1,1,1,1,1,1,1,1,1,1,1,1,1,1,1,1,0,0,0,0,0,0,0,0,0,1,1,33.4633,12,TRUE,21.1652248968645,3.67671369980767,17.4885111970569,0,32.8825
"BASELINE","Salima",2,"month","incidence",2023-10-01,2023-12-01,0,0,1,1,1,1,1,1,1,1,1,1,1,1,1,1,1,1,1,1,1,1,1,0,0,0,0,0,0,0,0,0,1,1,41.5809,12,TRUE,25.187639346195,5.19965837923097,19.9879809669641,0,24.7649
"BASELINE","Salima",3,"month","incidence",2023-10-01,2024-01-01,0,0,0,0,0,0,0,0,0,0,0,0,1,1,1,1,1,1,1,1,1,1,1,1,1,1,1,1,1,1,1,1,1,1,0.226600000000005,12,TRUE,6.37533758506307,6.36548541115002,0,0.00985217391304369,66.5724
"BASELINE","Thyolo",1,"month","incidence",2023-10-01,2023-11-01,0,0,0,0,0,0,0,0,0,0,0,0,1,1,1,1,1,1,1,1,1,1,1,1,1,1,1,1,1,1,1,1,1,1,0.581499999999998,12,TRUE,1.305118765634,1.27983615693835,0,0.0252826086956521,11.4424
"BASELINE","Thyolo",2,"month","incidence",2023-10-01,2023-12-01,0,0,0,0,0,0,0,0,0,0,0,0,0,0,1,1,1,1,1,1,1,1,1,0,0,1,1,1,1,1,1,1,1,1,3.2309,12,TRUE,2.20327995551916,1.78193140644448,0,0.421348549074678,14.0918
"BASELINE","Thyolo",3,"month","incidence",2023-10-01,2024-01-01,0,0,0,0,0,0,0,0,0,0,0,0,0,0,0,0,0,0,0,0,0,1,1,0,0,0,0,0,0,0,0,0,1,1,20.2281,12,TRUE,12.7075581259956,2.14314419111588,0,10.5644139348797,31.089
"BASELINE","Zomba",1,"month","incidence",2023-10-01,2023-11-01,0,0,0,0,0,0,0,1,1,1,1,1,1,1,1,1,1,1,1,1,1,1,1,0,0,0,0,1,1,1,1,1,1,1,5.4557,12,TRUE,3.17229354733847,2.18849859993144,0.983794947407032,0,32.5181
"BASELINE","Zomba",2,"month","incidence",2023-10-01,2023-12-01,0,0,0,0,0,0,0,0,0,0,1,1,1,1,1,1,1,1,1,1,1,1,1,0,1,1,1,1,1,1,1,1,1,1,3.5545,12,TRUE,3.39990924372326,3.09500440125757,0.304904842465691,0,34.4193
"BASELINE","Zomba",3,"month","incidence",2023-10-01,2024-01-01,0,0,0,0,0,0,0,0,0,0,0,0,0,0,0,0,0,0,0,1,1,1,1,0,0,0,0,0,0,0,1,1,1,1,22.1323,12,TRUE,12.2792732483086,3.78762281484375,0,8.49165043346487,60.1061
"BASELINE","Balaka",1,"month","incidence",2023-11-01,2023-12-01,0,0,0,0,0,0,1,1,1,1,1,1,1,1,1,1,1,1,1,1,1,1,1,0,0,0,0,0,1,1,1,1,1,1,12.7709,12,TRUE,6.79230068200534,3.60468964919617,3.18761103280916,0,12.9097
"BASELINE","Balaka",2,"month","incidence",2023-11-01,2024-01-01,0,0,0,0,0,0,0,0,0,0,1,1,1,1,1,1,1,1,1,1,1,1,1,0,1,1,1,1,1,1,1,1,1,1,5.2965,12,TRUE,5.39941020942438,4.97290191047498,0.426508298949398,0,20.3841
"BASELINE","Balaka",3,"month","incidence",2023-11-01,2024-02-01,0,0,0,0,0,0,0,0,0,0,0,0,1,1,1,1,1,1,1,1,1,1,1,1,1,1,1,1,1,1,1,1,1,1,1.908,12,TRUE,6.01507642344701,5.93211990170789,0,0.0829565217391305,27.5886
"BASELINE","Blantyre",1,"month","incidence",2023-11-01,2023-12-01,0,0,0,0,0,0,0,0,1,1,1,1,1,1,1,1,1,1,1,1,1,1,1,0,0,0,1,1,1,1,1,1,1,1,3.448,12,TRUE,2.10567692951297,1.53515409217737,0.570522837335602,0,18.8145
"BASELINE","Blantyre",2,"month","incidence",2023-11-01,2024-01-01,0,0,0,0,0,0,0,0,0,0,0,0,0,0,0,0,0,0,0,0,0,1,1,0,0,0,0,0,0,0,0,0,1,1,18.5656,12,TRUE,11.5101807483122,2.16978217343253,0,9.34039857487967,40.8281
"BASELINE","Blantyre",3,"month","incidence",2023-11-01,2024-02-01,0,0,0,0,0,0,0,0,0,0,0,0,0,0,0,0,0,0,1,1,1,1,1,0,0,0,0,0,0,1,1,1,1,1,10.6111,12,TRUE,5.60216136739954,2.64830335472579,0,2.95385801267375,32.8736
"BASELINE","Chikwawa",1,"month","incidence",2023-11-01,2023-12-01,0,0,0,0,0,0,0,0,1,1,1,1,1,1,1,1,1,1,1,1,1,1,1,0,0,0,1,1,1,1,1,1,1,1,5.5978,12,TRUE,3.28280492343817,2.30049875891076,0.982306164527418,0,12.8446
"BASELINE","Chikwawa",2,"month","incidence",2023-11-01,2024-01-01,0,0,0,0,0,0,0,0,0,0,0,0,0,0,1,1,1,1,1,1,1,1,1,0,0,1,1,1,1,1,1,1,1,1,4.4022,12,TRUE,3.64100079114835,3.1898754673349,0,0.451125323813457,22.8446
"BASELINE","Chikwawa",3,"month","incidence",2023-11-01,2024-02-01,0,0,0,0,0,0,0,0,0,0,0,0,0,0,0,0,0,0,1,1,1,1,1,0,0,0,0,0,0,1,1,1,1,1,17.3655,12,TRUE,9.05671224115446,3.82651929146115,0,5.2301929496933,35.8079
"BASELINE","Chiradzulu",1,"month","incidence",2023-11-01,2023-12-01,0,0,0,0,0,0,0,0,0,1,1,1,1,1,1,1,1,1,1,1,1,1,1,0,0,1,1,1,1,1,1,1,1,1,2.2209,12,TRUE,1.84774390448219,1.61513462374384,0.232609280738353,0,12.7126
"BASELINE","Chiradzulu",2,"month","incidence",2023-11-01,2024-01-01,0,0,0,0,0,0,0,0,0,0,0,0,0,0,0,0,0,0,0,0,0,0,0,0,0,0,0,0,0,0,0,0,0,0,30.203,12,TRUE,22.1370102527036,2.25363603391652,0,19.8833742187871,45.1365
"BASELINE","Chiradzulu",3,"month","incidence",2023-11-01,2024-02-01,0,0,0,0,0,0,0,0,0,0,0,0,0,0,0,0,0,0,0,1,1,1,1,0,0,0,0,0,0,0,1,1,1,1,15.4503,12,TRUE,8.40289691196407,2.71864879256993,0,5.68424811939414,30.3838
"BASELINE","Chitipa",1,"month","incidence",2023-11-01,2023-12-01,0,0,0,0,0,0,0,0,0,0,0,0,0,1,1,1,1,1,1,1,1,1,1,0,1,1,1,1,1,1,1,1,1,1,2.0414,12,TRUE,2.03512563613507,1.86620880417586,0,0.168916831959212,13.8956
"BASELINE","Chitipa",2,"month","incidence",2023-11-01,2024-01-01,0,0,0,0,0,0,0,0,0,0,0,0,0,0,0,0,0,0,0,0,0,0,0,0,0,0,0,0,0,0,0,0,0,0,33.586,12,TRUE,24.0248693699349,2.54988424926882,0,21.4749851206661,45.4402
"BASELINE","Chitipa",3,"month","incidence",2023-11-01,2024-02-01,0,0,0,0,0,0,0,0,0,0,0,0,0,0,0,0,0,1,1,1,1,1,1,0,0,0,0,0,1,1,1,1,1,1,12.8327,12,TRUE,6.52865553337146,3.02564170691861,0,3.50301382645285,24.6869
"BASELINE","Dedza",1,"month","incidence",2023-11-01,2023-12-01,0,0,0,0,0,0,0,0,0,0,0,0,1,1,1,1,1,1,1,1,1,1,1,1,1,1,1,1,1,1,1,1,1,1,0.120699999999999,12,TRUE,1.96965104161245,1.96440321552549,0,0.00524782608695649,21.0507
"BASELINE","Dedza",2,"month","incidence",2023-11-01,2024-01-01,0,0,0,0,0,0,0,0,0,0,0,0,0,0,0,0,0,0,0,0,0,1,1,0,0,0,0,0,0,0,0,0,1,1,22.7242,12,TRUE,13.8555282866497,2.7582129483648,0,11.0973153382849,43.6542
"BASELINE","Dedza",3,"month","incidence",2023-11-01,2024-02-01,0,0,0,0,0,0,0,0,0,0,0,0,0,0,0,0,0,0,1,1,1,1,1,0,0,0,0,0,0,1,1,1,1,1,14.5021,12,TRUE,7.64449244554349,3.34333913111138,0,4.30115331443211,35.4321
"BASELINE","Dowa",1,"month","incidence",2023-11-01,2023-12-01,0,0,0,0,0,0,0,0,0,0,0,1,1,1,1,1,1,1,1,1,1,1,1,1,1,1,1,1,1,1,1,1,1,1,0.938100000000002,12,TRUE,2.7350721182675,2.69428516174576,0.0407869565217392,0,19.6376
"BASELINE","Dowa",2,"month","incidence",2023-11-01,2024-01-01,0,0,0,0,0,0,0,0,0,0,0,0,0,0,0,0,0,0,0,0,0,1,1,0,0,0,0,0,0,0,0,0,1,1,32.5077,12,TRUE,19.9814304094352,3.72552679463715,0,16.255903614798,53.0834
"BASELINE","Dowa",3,"month","incidence",2023-11-01,2024-02-01,0,0,0,0,0,0,0,0,0,0,0,0,0,0,1,1,1,1,1,1,1,1,1,0,0,1,1,1,1,1,1,1,1,1,7.8417,12,TRUE,5.43642217916259,4.45863094630101,0,0.977791232861579,28.4174
"BASELINE","Karonga",1,"month","incidence",2023-11-01,2023-12-01,0,0,1,1,1,1,1,1,1,1,1,1,1,1,1,1,1,1,1,1,1,1,1,0,0,0,0,0,0,0,0,0,1,1,13.2461,12,TRUE,8.25940762014478,1.52271413787035,6.73669348227443,0,21.2279
"BASELINE","Karonga",2,"month","incidence",2023-11-01,2024-01-01,0,0,0,0,0,0,0,0,0,0,0,0,0,0,0,0,0,0,0,0,0,1,1,0,0,0,0,0,0,0,0,0,1,1,18.3079,12,TRUE,11.3295501386871,2.15344298539351,0,9.1761071532936,52.7819
"BASELINE","Karonga",3,"month","incidence",2023-11-01,2024-02-01,0,0,0,0,0,0,0,0,0,0,0,0,0,0,0,0,0,0,0,0,0,0,1,0,0,0,0,0,0,0,0,0,0,1,27.8708,12,TRUE,18.6904671171395,2.63741825219489,0,16.0530488649447,62.3448
"BASELINE","Kasungu",1,"month","incidence",2023-11-01,2023-12-01,0,0,0,0,0,0,0,0,0,0,0,1,1,1,1,1,1,1,1,1,1,1,1,1,1,1,1,1,1,1,1,1,1,1,0.697700000000001,12,TRUE,2.8935790860734,2.8632443034647,0.0303347826086957,0,25.1233
"BASELINE","Kasungu",2,"month","incidence",2023-11-01,2024-01-01,0,0,0,0,0,0,0,0,0,0,0,0,0,0,0,0,0,0,0,0,0,0,0,0,0,0,0,0,0,0,0,0,0,0,46.0314,12,TRUE,31.718271151463,3.99275548288888,0,27.7255156685741,71.8524
"BASELINE","Kasungu",3,"month","incidence",2023-11-01,2024-02-01,0,0,0,0,0,0,0,0,0,0,0,0,0,0,0,0,0,0,0,0,0,0,1,0,0,0,0,0,0,0,0,0,0,1,46.2505,12,TRUE,29.3388647506547,4.81181632371376,0,24.5270484269409,72.0715
"BASELINE","Likoma",1,"month","incidence",2023-11-01,2023-12-01,0,0,0,0,0,0,0,0,0,1,1,1,1,1,1,1,1,1,1,1,1,1,1,0,0,1,1,1,1,1,1,1,1,1,3.4385,12,TRUE,3.00077350267117,2.69293323671456,0.307840265956602,0,8.8778
"BASELINE","Likoma",2,"month","incidence",2023-11-01,2024-01-01,0,0,0,0,0,0,0,0,0,0,0,0,0,0,1,1,1,1,1,1,1,1,1,0,0,1,1,1,1,1,1,1,1,1,6.5771,12,TRUE,4.39697587999217,3.5889442908796,0,0.808031589112564,18.8934
"BASELINE","Likoma",3,"month","incidence",2023-11-01,2024-02-01,0,0,0,0,0,0,0,0,0,0,1,1,1,1,1,1,1,1,1,1,1,1,1,0,1,1,1,1,1,1,1,1,1,1,5.1393,12,TRUE,4.62445494611845,4.20659330277158,0.417861643346874,0,7.177
"BASELINE","Lilongwe",1,"month","incidence",2023-11-01,2023-12-01,0,0,0,0,0,0,0,0,0,0,0,0,0,0,1,1,1,1,1,1,1,1,1,0,0,1,1,1,1,1,1,1,1,1,2.7984,12,TRUE,2.17791160179808,1.85848214645329,0,0.319429455344787,17.8196
"BASELINE","Lilongwe",2,"month","incidence",2023-11-01,2024-01-01,0,0,0,0,0,0,0,0,0,0,0,0,0,0,0,0,0,0,0,0,0,0,1,0,0,0,0,0,0,0,0,0,0,1,25.7101,12,TRUE,16.6440147790531,2.57846225635715,0,14.0655525226959,40.7313
"BASELINE","Lilongwe",3,"month","incidence",2023-11-01,2024-02-01,0,0,0,0,0,0,0,0,0,0,0,0,0,0,0,0,0,0,0,0,0,1,1,0,0,0,0,0,0,0,0,0,1,1,25.8857,12,TRUE,15.5424903446541,3.09431136334012,0,12.448178981314,40.9069
"BASELINE","Machinga",1,"month","incidence",2023-11-01,2023-12-01,0,0,0,0,0,0,0,0,1,1,1,1,1,1,1,1,1,1,1,1,1,1,1,0,0,0,1,1,1,1,1,1,1,1,4.1894,12,TRUE,2.61211752255219,1.94325094548462,0.668866577067567,0,30.0548
"BASELINE","Machinga",2,"month","incidence",2023-11-01,2024-01-01,0,0,0,0,0,0,0,0,0,0,0,1,1,1,1,1,1,1,1,1,1,1,1,1,1,1,1,1,1,1,1,1,1,1,0.780200000000001,12,TRUE,2.78209358132912,2.74817184219869,0.0339217391304348,0,33.464
"BASELINE","Machinga",3,"month","incidence",2023-11-01,2024-02-01,0,0,0,0,0,0,0,0,0,0,0,0,0,1,1,1,1,1,1,1,1,1,1,0,1,1,1,1,1,1,1,1,1,1,3.6506,12,TRUE,3.66718279016953,3.36363124840739,0,0.303551541762144,37.8948
"BASELINE","Mangochi",1,"month","incidence",2023-11-01,2023-12-01,0,0,0,0,0,0,0,1,1,1,1,1,1,1,1,1,1,1,1,1,1,1,1,0,0,0,0,1,1,1,1,1,1,1,4.2257,12,TRUE,2.33600242492214,1.43965793134228,0.896344493579857,0,18.7193
"BASELINE","Mangochi",2,"month","incidence",2023-11-01,2024-01-01,0,0,0,0,0,0,0,0,1,1,1,1,1,1,1,1,1,1,1,1,1,1,1,0,0,0,1,1,1,1,1,1,1,1,3.8607,12,TRUE,2.57588459358775,2.03598377168224,0.539900821905502,0,19.0843
"BASELINE","Mangochi",3,"month","incidence",2023-11-01,2024-02-01,0,0,0,0,0,0,0,0,0,0,1,1,1,1,1,1,1,1,1,1,1,1,1,0,1,1,1,1,1,1,1,1,1,1,2.1374,12,TRUE,2.6407488998131,2.48983847866006,0.150910421153046,0,20.8076
"BASELINE","Mchinji",1,"month","incidence",2023-11-01,2023-12-01,0,0,0,0,0,0,0,0,0,0,0,0,0,0,0,0,0,1,1,1,1,1,1,0,0,0,0,0,1,1,1,1,1,1,11.7117,12,TRUE,6.23371070997198,3.18175192191782,0,3.05195878805415,50.2767
"BASELINE","Mchinji",2,"month","incidence",2023-11-01,2024-01-01,0,0,0,0,0,0,0,0,0,0,0,0,0,0,0,0,0,0,0,0,0,0,0,0,0,0,0,0,0,0,0,0,0,0,56.7108,12,TRUE,40.8956905587031,4.48434607019479,0,36.4113444885083,95.2758
"BASELINE","Mchinji",3,"month","incidence",2023-11-01,2024-02-01,0,0,0,0,0,0,0,0,0,0,0,0,0,0,0,0,0,0,0,0,0,0,1,0,0,0,0,0,0,0,0,0,0,1,55.709,12,TRUE,36.6838021686951,5.4485021363965,0,31.2353000322986,94.274
"BASELINE","Mulanje",1,"month","incidence",2023-11-01,2023-12-01,0,0,0,0,0,0,0,0,0,0,0,0,0,1,1,1,1,1,1,1,1,1,1,0,1,1,1,1,1,1,1,1,1,1,2.4921,12,TRUE,2.64404136276595,2.4443415480756,0,0.199699814690344,46.8129
"BASELINE","Mulanje",2,"month","incidence",2023-11-01,2024-01-01,0,0,0,0,0,0,0,0,0,0,0,0,0,0,0,0,0,0,0,0,0,1,1,0,0,0,0,0,0,0,0,0,1,1,31.2636,12,TRUE,19.7355324841535,3.45682096836056,0,16.2787115157929,75.5844
"BASELINE","Mulanje",3,"month","incidence",2023-11-01,2024-02-01,0,0,0,0,0,0,0,0,0,0,0,0,0,0,0,0,0,0,0,0,1,1,1,0,0,0,0,0,0,0,0,1,1,1,26.7947,12,TRUE,15.1853629084005,4.23206773454447,0,10.953295173856,71.1155
"BASELINE","Mwanza",1,"month","incidence",2023-11-01,2023-12-01,0,0,0,0,0,0,0,0,0,0,0,0,0,1,1,1,1,1,1,1,1,1,1,0,1,1,1,1,1,1,1,1,1,1,4.0477,12,TRUE,4.35215833747229,4.03126971547986,0,0.320888621992432,41.0541
"BASELINE","Mwanza",2,"month","incidence",2023-11-01,2024-01-01,0,0,0,0,0,0,0,0,0,0,0,0,0,0,0,0,0,0,0,0,0,0,1,0,0,0,0,0,0,0,0,0,0,1,60.5456,12,TRUE,40.565306435381,5.62366115470471,0,34.9416452806763,97.552
"BASELINE","Mwanza",3,"month","incidence",2023-11-01,2024-02-01,0,0,0,0,0,0,0,0,0,0,0,0,0,0,0,0,0,0,0,0,1,1,1,0,0,0,0,0,0,0,0,1,1,1,45.4062,12,TRUE,25.7217510029808,6.7820940458162,0,18.9396569571646,82.4126
"BASELINE","Mzimba",1,"month","incidence",2023-11-01,2023-12-01,0,0,0,0,0,0,0,0,0,0,0,0,0,0,0,0,1,1,1,1,1,1,1,0,0,0,0,1,1,1,1,1,1,1,6.6869,12,TRUE,3.61170731666331,2.11967547400132,0,1.49203184266199,22.4239
"BASELINE","Mzimba",2,"month","incidence",2023-11-01,2024-01-01,0,0,0,0,0,0,0,0,0,0,0,0,0,0,0,0,0,0,0,0,0,1,1,0,0,0,0,0,0,0,0,0,1,1,26.8102,12,TRUE,16.7238678983466,2.92818322921002,0,13.7956846691366,42.5472
"BASELINE","Mzimba",3,"month","incidence",2023-11-01,2024-02-01,0,0,0,0,0,0,0,0,0,0,0,0,0,0,0,0,0,0,0,0,0,1,1,0,0,0,0,0,0,0,0,0,1,1,29.3095,12,TRUE,17.4829541575498,3.49967072337059,0,13.9832834341792,45.0465
"BASELINE","Neno",1,"month","incidence",2023-11-01,2023-12-01,0,0,0,0,0,0,0,0,0,0,0,0,0,0,0,0,0,0,0,0,0,1,1,0,0,0,0,0,0,0,0,0,1,1,44.8044,12,TRUE,27.0754733626927,5.62021916871817,0,21.4552541939746,95.336
"BASELINE","Neno",2,"month","incidence",2023-11-01,2024-01-01,0,0,0,0,0,0,0,0,0,0,0,0,0,0,0,0,0,0,0,0,0,0,0,0,0,0,0,0,0,0,0,0,0,0,159.1602,12,TRUE,131.061640500541,7.83682762383061,0,123.224812876711,209.6918
"BASELINE","Neno",3,"month","incidence",2023-11-01,2024-02-01,0,0,0,0,0,0,0,0,0,0,0,0,0,0,0,0,0,0,0,0,0,0,0,0,0,0,0,0,0,0,0,0,0,0,128.6851,12,TRUE,94.1167453524254,9.44332643314517,0,84.6734189192802,179.2167
"BASELINE","Nkhatabay",1,"month","incidence",2023-11-01,2023-12-01,0,0,0,1,1,1,1,1,1,1,1,1,1,1,1,1,1,1,1,1,1,1,1,0,0,0,0,0,0,0,0,1,1,1,22.8241,12,TRUE,13.5383116502218,3.05459679834674,10.483714851875,0,69.2311
"BASELINE","Nkhatabay",2,"month","incidence",2023-11-01,2024-01-01,0,0,0,0,0,0,0,0,0,0,0,0,0,0,0,1,1,1,1,1,1,1,1,0,0,0,1,1,1,1,1,1,1,1,8.50700000000001,12,TRUE,5.56142558094229,4.31985221980339,0,1.2415733611389,100.5622
"BASELINE","Nkhatabay",3,"month","incidence",2023-11-01,2024-02-01,0,0,0,0,0,0,0,0,1,1,1,1,1,1,1,1,1,1,1,1,1,1,1,0,0,0,1,1,1,1,1,1,1,1,11.3303,12,TRUE,7.08870866021124,5.29071685137377,1.79799180883747,0,80.7249
"BASELINE","Nkhotakota",1,"month","incidence",2023-11-01,2023-12-01,0,0,0,0,0,0,0,0,1,1,1,1,1,1,1,1,1,1,1,1,1,1,1,0,0,0,1,1,1,1,1,1,1,1,6.119,12,TRUE,3.78709470095321,2.79739657228097,0.989698128672248,0,43.9058
"BASELINE","Nkhotakota",2,"month","incidence",2023-11-01,2024-01-01,0,0,0,0,0,0,0,0,0,0,0,0,0,0,0,0,0,0,0,0,1,1,1,0,0,0,0,0,0,0,0,1,1,1,25.3105,12,TRUE,14.3927905383714,3.95611617185575,0,10.4366743665157,75.3353
"BASELINE","Nkhotakota",3,"month","incidence",2023-11-01,2024-02-01,0,0,0,0,0,0,0,0,0,0,0,0,0,0,0,0,0,1,1,1,1,1,1,0,0,0,0,0,1,1,1,1,1,1,16.8734,12,TRUE,9.03051178221412,4.84273117987188,0,4.18778060234224,66.8982
"BASELINE","Nsanje",1,"month","incidence",2023-11-01,2023-12-01,0,0,0,0,0,0,0,0,0,0,0,1,1,1,1,1,1,1,1,1,1,1,1,1,1,1,1,1,1,1,1,1,1,1,0.749500000000001,12,TRUE,2.44243235165159,2.40984539512985,0.0325869565217392,0,16.1469
"BASELINE","Nsanje",2,"month","incidence",2023-11-01,2024-01-01,0,0,0,0,0,0,0,0,0,0,0,0,0,0,0,0,0,1,1,1,1,1,1,0,0,0,0,0,1,1,1,1,1,1,12.4143,12,TRUE,6.49679179138236,3.32284682632233,0,3.17394496506004,29.3107
"BASELINE","Nsanje",3,"month","incidence",2023-11-01,2024-02-01,0,0,0,0,0,0,0,0,0,0,0,0,0,0,0,0,0,1,1,1,1,1,1,0,0,0,0,0,1,1,1,1,1,1,15.7233,12,TRUE,8.09640083583238,3.96093466240823,0,4.13546617342415,32.6197
"BASELINE","Ntcheu",1,"month","incidence",2023-11-01,2023-12-01,0,0,0,0,0,0,0,0,0,0,0,0,0,0,0,1,1,1,1,1,1,1,1,0,0,0,1,1,1,1,1,1,1,1,4.8257,12,TRUE,3.22117030797801,2.54998166242368,0,0.671188645554329,27.4152
"BASELINE","Ntcheu",2,"month","incidence",2023-11-01,2024-01-01,0,0,0,0,0,0,0,0,0,0,0,0,0,0,0,0,0,0,0,1,1,1,1,0,0,0,0,0,0,0,1,1,1,1,18.2169,12,TRUE,9.76702643632914,3.55459961785878,0,6.21242681847037,40.8064
"BASELINE","Ntcheu",3,"month","incidence",2023-11-01,2024-02-01,0,0,0,0,0,0,0,0,0,0,0,0,0,0,0,0,0,1,1,1,1,1,1,0,0,0,0,0,1,1,1,1,1,1,14.091,12,TRUE,7.47197110842097,4.28077802707433,0,3.19119308134664,36.6805
"BASELINE","Ntchisi",1,"month","incidence",2023-11-01,2023-12-01,0,0,0,0,0,0,0,0,0,0,0,0,0,0,0,0,0,0,0,0,0,1,1,0,0,0,0,0,0,0,0,0,1,1,27.6378,12,TRUE,16.91897758031,3.3554184998195,0,13.5635590804905,86.3023
"BASELINE","Ntchisi",2,"month","incidence",2023-11-01,2024-01-01,0,0,0,0,0,0,0,0,0,0,0,0,0,0,0,0,0,0,0,0,0,0,0,0,0,0,0,0,0,0,0,0,0,0,56.8345,12,TRUE,40.1723367167626,4.74527834988232,0,35.4270583668803,115.499
"BASELINE","Ntchisi",3,"month","incidence",2023-11-01,2024-02-01,0,0,0,0,0,0,0,0,0,0,0,0,0,0,0,0,1,1,1,1,1,1,1,0,0,0,0,1,1,1,1,1,1,1,15.2104,12,TRUE,8.70278399001898,5.80758993097111,0,2.89519405904787,73.8749
"BASELINE","Phalombe",1,"month","incidence",2023-11-01,2023-12-01,0,0,0,0,0,0,0,0,0,0,0,0,1,1,1,1,1,1,1,1,1,1,1,1,1,1,1,1,1,1,1,1,1,1,0.787199999999999,12,TRUE,1.43339300496794,1.39916691801142,0,0.0342260869565217,22.266
"BASELINE","Phalombe",2,"month","incidence",2023-11-01,2024-01-01,0,0,0,0,0,0,0,0,0,0,0,0,0,0,0,0,0,0,1,1,1,1,1,0,0,0,0,0,0,1,1,1,1,1,9.2217,12,TRUE,4.92583280818538,1.9786116664197,0,2.94722114176568,30.7005
"BASELINE","Phalombe",3,"month","incidence",2023-11-01,2024-02-01,0,0,0,0,0,0,0,0,0,0,0,0,0,0,0,0,1,1,1,1,1,1,1,0,0,0,0,1,1,1,1,1,1,1,6.4136,12,TRUE,3.65239163061409,2.41732782547247,0,1.23506380514162,27.8924
"BASELINE","Rumphi",1,"month","incidence",2023-11-01,2023-12-01,0,0,0,0,0,0,0,0,0,0,0,0,0,0,0,0,0,1,1,1,1,1,1,0,0,0,0,0,1,1,1,1,1,1,8.3578,12,TRUE,4.13381277292313,2.16238094340476,0,1.97143182951837,14.7127
"BASELINE","Rumphi",2,"month","incidence",2023-11-01,2024-01-01,0,0,0,0,0,0,0,0,0,0,0,0,0,0,0,0,0,0,0,0,0,0,1,0,0,0,0,0,0,0,0,0,0,1,35.763,12,TRUE,22.7283242476577,2.81120132865682,0,19.9171229190008,42.1179
"BASELINE","Rumphi",3,"month","incidence",2023-11-01,2024-02-01,0,0,0,0,0,0,0,0,0,0,0,0,0,0,0,0,0,0,0,0,1,1,1,0,0,0,0,0,0,0,0,1,1,1,28.9316,12,TRUE,15.493281641517,3.26478599686069,0,12.2284956446563,35.2865
"BASELINE","Salima",1,"month","incidence",2023-11-01,2023-12-01,0,0,0,0,0,0,0,0,1,1,1,1,1,1,1,1,1,1,1,1,1,1,1,0,0,0,1,1,1,1,1,1,1,1,8.1176,12,TRUE,5.06474234318097,3.77550175293405,1.28924059024692,0,24.7649
"BASELINE","Salima",2,"month","incidence",2023-11-01,2024-01-01,0,0,0,0,0,0,0,0,0,0,0,0,0,0,0,0,0,0,0,0,1,1,1,0,0,0,0,0,0,0,0,1,1,1,33.6899,12,TRUE,18.9649579332819,5.26111514863552,0,13.7038427846463,66.5724
"BASELINE","Salima",3,"month","incidence",2023-11-01,2024-02-01,0,0,0,0,0,0,0,0,0,0,0,0,0,0,0,0,0,0,0,1,1,1,1,0,0,0,0,0,0,0,1,1,1,1,32.0971,12,TRUE,16.9814573808087,6.33176071305951,0,10.6496966677492,64.9796
"BASELINE","Thyolo",1,"month","incidence",2023-11-01,2023-12-01,0,0,0,0,0,0,0,0,0,0,0,0,0,0,0,1,1,1,1,1,1,1,1,0,0,0,1,1,1,1,1,1,1,1,2.6494,12,TRUE,1.68118497292454,1.27272421608032,0,0.408460756844222,14.0918
"BASELINE","Thyolo",2,"month","incidence",2023-11-01,2024-01-01,0,0,0,0,0,0,0,0,0,0,0,0,0,0,0,0,0,0,0,0,0,0,1,0,0,0,0,0,0,0,0,0,0,1,19.6466,12,TRUE,13.2877515908146,1.77468299120366,0,11.5130685996109,31.089
"BASELINE","Thyolo",3,"month","incidence",2023-11-01,2024-02-01,0,0,0,0,0,0,0,0,0,0,0,0,0,0,0,0,0,0,0,0,1,1,1,0,0,0,0,0,0,0,0,1,1,1,16.2162,12,TRUE,9.50544551319006,2.13847624048081,0,7.36696927270925,27.6586
"BASELINE","Zomba",1,"month","incidence",2023-11-01,2023-12-01,0,0,0,0,0,0,0,0,0,0,0,0,0,1,1,1,1,1,1,1,1,1,1,0,1,1,1,1,1,1,1,1,1,1,1.9012,12,TRUE,2.32910668759073,2.19362281406348,0,0.135483873527246,34.4193
"BASELINE","Zomba",2,"month","incidence",2023-11-01,2024-01-01,0,0,0,0,0,0,0,0,0,0,0,0,0,0,0,0,0,0,0,0,0,1,1,0,0,0,0,0,0,0,0,0,1,1,27.588,12,TRUE,17.3227426300551,3.10107433290724,0,14.2216682971479,60.1061
"BASELINE","Zomba",3,"month","incidence",2023-11-01,2024-02-01,0,0,0,0,0,0,0,0,0,0,0,0,0,0,0,0,1,1,1,1,1,1,1,0,0,0,0,1,1,1,1,1,1,1,11.5279,12,TRUE,6.2989645492379,3.78638219448002,0,2.51258235475788,44.046
"BASELINE","Balaka",1,"month","incidence",2023-12-01,2024-01-01,0,0,0,0,0,0,0,0,0,0,0,0,0,0,0,0,1,1,1,1,1,1,1,0,0,0,0,1,1,1,1,1,1,1,7.4744,12,TRUE,4.15509466551092,2.75213561986381,0,1.40295904564711,20.3841
"BASELINE","Balaka",2,"month","incidence",2023-12-01,2024-02-01,0,0,0,0,0,0,0,0,0,0,0,0,0,0,0,0,0,1,1,1,1,1,1,0,0,0,0,0,1,1,1,1,1,1,14.6789,12,TRUE,7.42059918684018,3.67880245991438,0,3.74179672692581,27.5886
"BASELINE","Balaka",3,"month","incidence",2023-12-01,2024-03-01,0,0,0,0,0,0,0,0,0,0,0,0,0,0,0,0,0,0,1,1,1,1,1,0,0,0,0,0,0,1,1,1,1,1,20.4434,12,TRUE,10.1257523355596,4.30754311868897,0,5.81820921687062,33.3531
"BASELINE","Blantyre",1,"month","incidence",2023-12-01,2024-01-01,0,0,0,0,0,0,0,0,0,0,0,0,0,0,0,0,0,0,0,0,0,0,0,0,0,0,0,0,0,0,0,0,0,0,22.0136,12,TRUE,16.6682624119115,1.52231821873253,0,15.145944193179,40.8281
"BASELINE","Blantyre",2,"month","incidence",2023-12-01,2024-02-01,0,0,0,0,0,0,0,0,0,0,0,0,0,0,0,0,0,0,0,0,1,1,1,0,0,0,0,0,0,0,0,1,1,1,14.0591,12,TRUE,8.03711008533212,2.14665275903883,0,5.89045732629329,32.8736
"BASELINE","Blantyre",3,"month","incidence",2023-12-01,2024-03-01,0,0,0,0,0,0,0,0,0,0,0,0,0,0,0,0,0,0,0,0,0,1,1,0,0,0,0,0,0,0,0,0,1,1,21.198,12,TRUE,12.8382693417675,2.60953407501058,0,10.228735266757,40.0125
"BASELINE","Chikwawa",1,"month","incidence",2023-12-01,2024-01-01,0,0,0,0,0,0,0,0,0,0,0,0,0,0,0,0,0,0,1,1,1,1,1,0,0,0,0,0,0,1,1,1,1,1,10,12,TRUE,5.26623439189662,2.22236969228775,0,3.04386469960887,22.8446
"BASELINE","Chikwawa",2,"month","incidence",2023-12-01,2024-02-01,0,0,0,0,0,0,0,0,0,0,0,0,0,0,0,0,0,0,0,0,1,1,1,0,0,0,0,0,0,0,0,1,1,1,22.9633,12,TRUE,13.2561345841608,3.02039906224623,0,10.2357355219146,35.8079
"BASELINE","Chikwawa",3,"month","incidence",2023-12-01,2024-03-01,0,0,0,0,0,0,0,0,0,0,0,0,0,0,0,0,1,1,1,1,1,1,1,0,0,0,0,1,1,1,1,1,1,1,9.8939,12,TRUE,5.36317664258352,3.56739217255916,0,1.79578447002436,22.7385
"BASELINE","Chiradzulu",1,"month","incidence",2023-12-01,2024-01-01,0,0,0,0,0,0,0,0,0,0,0,0,0,0,0,0,0,0,0,0,0,0,0,0,0,0,0,0,0,0,0,0,0,0,32.4239,12,TRUE,26.8170320857822,1.5860960071217,0,25.2309360786605,45.1365
"BASELINE","Chiradzulu",2,"month","incidence",2023-12-01,2024-02-01,0,0,0,0,0,0,0,0,0,0,0,0,0,0,0,0,0,0,0,0,0,1,1,0,0,0,0,0,0,0,0,0,1,1,17.6712,12,TRUE,10.5692717586815,2.19925116976287,0,8.37002058891863,30.3838
"BASELINE","Chiradzulu",3,"month","incidence",2023-12-01,2024-03-01,0,0,0,0,0,0,0,0,0,0,0,0,0,0,0,0,0,0,0,0,0,0,1,0,0,0,0,0,0,0,0,0,0,1,26.1417,12,TRUE,16.6700345348449,2.638156854339,0,14.0318776805059,38.8543
"BASELINE","Chitipa",1,"month","incidence",2023-12-01,2024-01-01,0,0,0,0,0,0,0,0,0,0,0,0,0,0,0,0,0,0,0,0,0,0,0,0,0,0,0,0,0,0,0,0,0,0,31.5446,12,TRUE,24.8708492218189,1.87900836186227,0,22.9918408599566,45.4402
"BASELINE","Chitipa",2,"month","incidence",2023-12-01,2024-02-01,0,0,0,0,0,0,0,0,0,0,0,0,0,0,0,0,0,0,1,1,1,1,1,0,0,0,0,0,0,1,1,1,1,1,10.7913,12,TRUE,5.62571451288688,2.59537881822509,0,3.03033569466179,24.6869
"BASELINE","Chitipa",3,"month","incidence",2023-12-01,2024-03-01,0,0,0,0,0,0,0,0,0,0,0,0,0,0,0,0,0,0,0,0,1,1,1,0,0,0,0,0,0,0,0,1,1,1,20.5578,12,TRUE,11.4309715613305,3.10134112978589,0,8.3296304315446,34.4534
"BASELINE","Dedza",1,"month","incidence",2023-12-01,2024-01-01,0,0,0,0,0,0,0,0,0,0,0,0,0,0,0,0,0,0,0,0,0,0,0,0,0,0,0,0,0,0,0,0,0,0,22.6035,12,TRUE,16.2161156495952,1.8190865228674,0,14.3970291267278,43.6542
"BASELINE","Dedza",2,"month","incidence",2023-12-01,2024-02-01,0,0,0,0,0,0,0,0,0,0,0,0,0,0,0,0,0,0,0,1,1,1,1,0,0,0,0,0,0,0,1,1,1,1,14.3814,12,TRUE,7.90695467846446,2.56077493103665,0,5.3461797474278,35.4321
"BASELINE","Dedza",3,"month","incidence",2023-12-01,2024-03-01,0,0,0,0,0,0,0,0,0,0,0,0,0,0,0,0,0,0,0,0,1,1,1,0,0,0,0,0,0,0,0,1,1,1,23.3938,12,TRUE,13.811436861601,3.10766832379181,0,10.7037685378092,44.4445
"BASELINE","Dowa",1,"month","incidence",2023-12-01,2024-01-01,0,0,0,0,0,0,0,0,0,0,0,0,0,0,0,0,0,0,0,0,0,0,0,0,0,0,0,0,0,0,0,0,0,0,33.4458,12,TRUE,23.9766606507416,2.66532484707926,0,21.3113358036624,53.0834
"BASELINE","Dowa",2,"month","incidence",2023-12-01,2024-02-01,0,0,0,0,0,0,0,0,0,0,0,0,0,0,0,1,1,1,1,1,1,1,1,0,0,0,1,1,1,1,1,1,1,1,8.7798,12,TRUE,5.16655795002295,3.68102427231956,0,1.48553367770339,28.4174
"BASELINE","Dowa",3,"month","incidence",2023-12-01,2024-03-01,0,0,0,0,0,0,0,0,0,0,0,0,0,0,0,0,1,1,1,1,1,1,1,0,0,0,0,1,1,1,1,1,1,1,12.1885,12,TRUE,6.71695278879143,4.39786579527256,0,2.31908699351887,31.8261
"BASELINE","Karonga",1,"month","incidence",2023-12-01,2024-01-01,0,0,0,0,0,0,0,0,0,0,0,0,0,0,0,0,0,0,0,0,0,0,0,0,0,0,0,0,0,0,0,0,0,0,31.554,12,TRUE,26.2335161394866,1.51524003486342,0,24.7182761046232,52.7819
"BASELINE","Karonga",2,"month","incidence",2023-12-01,2024-02-01,0,0,0,0,0,0,0,0,0,0,0,0,0,0,0,0,0,0,0,0,0,0,0,0,0,0,0,0,0,0,0,0,0,0,41.1169,12,TRUE,33.5907137325925,2.14098717407231,0,31.4497265585202,62.3448
"BASELINE","Karonga",3,"month","incidence",2023-12-01,2024-03-01,0,0,0,0,0,0,0,0,0,0,0,0,0,0,0,0,0,0,0,0,1,1,1,0,0,0,0,0,0,0,0,1,1,1,18.4364,12,TRUE,10.7515760235896,2.61167963989954,0,8.13989638369006,39.6643
"BASELINE","Kasungu",1,"month","incidence",2023-12-01,2024-01-01,0,0,0,0,0,0,0,0,0,0,0,0,0,0,0,0,0,0,0,0,0,0,0,0,0,0,0,0,0,0,0,0,0,0,46.7291,12,TRUE,37.0771016098396,2.7429607541126,0,34.334140855727,71.8524
"BASELINE","Kasungu",2,"month","incidence",2023-12-01,2024-02-01,0,0,0,0,0,0,0,0,0,0,0,0,0,0,0,0,0,0,0,0,0,0,0,0,0,0,0,0,0,0,0,0,0,0,46.9482,12,TRUE,33.2453548075571,3.82627413444849,0,29.4190806731087,72.0715
"BASELINE","Kasungu",3,"month","incidence",2023-12-01,2024-03-01,0,0,0,0,0,0,0,0,0,0,0,0,0,0,0,0,0,0,0,0,0,0,0,0,0,0,0,0,0,0,0,0,0,0,57.7557,12,TRUE,40.9010415932403,4.61404058886164,0,36.2870010043787,82.879
"BASELINE","Likoma",1,"month","incidence",2023-12-01,2024-01-01,0,0,0,0,0,0,0,0,0,0,0,0,0,0,0,0,0,1,1,1,1,1,1,0,0,0,0,0,1,1,1,1,1,1,10.0156,12,TRUE,5.06688291119696,2.51646268866782,0,2.55042022252914,18.8934
"BASELINE","Likoma",2,"month","incidence",2023-12-01,2024-02-01,0,0,0,0,0,0,0,0,0,0,0,1,1,1,1,1,1,1,1,1,1,1,1,1,1,1,1,1,1,1,1,1,1,1,1.7008,12,TRUE,3.36042266662558,3.28647484053863,0.0739478260869566,0,7.177
"BASELINE","Likoma",3,"month","incidence",2023-12-01,2024-03-01,0,0,0,0,0,0,0,0,0,0,0,0,0,0,1,1,1,1,1,1,1,1,1,0,0,1,1,1,1,1,1,1,1,1,7.6846,12,TRUE,4.75851716173429,3.83684664757016,0,0.921670514164137,16.5624
"BASELINE","Lilongwe",1,"month","incidence",2023-12-01,2024-01-01,0,0,0,0,0,0,0,0,0,0,0,0,0,0,0,0,0,0,0,0,0,0,0,0,0,0,0,0,0,0,0,0,0,0,22.9117,12,TRUE,16.3462437995367,1.86690834226531,0,14.4793354572714,40.7313
"BASELINE","Lilongwe",2,"month","incidence",2023-12-01,2024-02-01,0,0,0,0,0,0,0,0,0,0,0,0,0,0,0,0,0,0,0,0,0,1,1,0,0,0,0,0,0,0,0,0,1,1,23.0873,12,TRUE,14.3794909247359,2.60841846896794,0,11.771072455768,40.9069
"BASELINE","Lilongwe",3,"month","incidence",2023-12-01,2024-03-01,0,0,0,0,0,0,0,0,0,0,0,0,0,0,0,0,0,0,0,1,1,1,1,0,0,0,0,0,0,0,1,1,1,1,17.0261,12,TRUE,9.17929802345026,3.15067171846539,0,6.02862630498487,34.8457
"BASELINE","Machinga",1,"month","incidence",2023-12-01,2024-01-01,0,0,0,0,0,0,0,0,0,0,0,0,0,0,1,1,1,1,1,1,1,1,1,0,0,1,1,1,1,1,1,1,1,1,3.4092,12,TRUE,2.38548370919445,1.94524248433397,0,0.440241224860482,33.464
"BASELINE","Machinga",2,"month","incidence",2023-12-01,2024-02-01,0,0,0,0,0,0,0,0,0,0,0,0,0,0,0,0,1,1,1,1,1,1,1,0,0,0,0,1,1,1,1,1,1,1,7.84,12,TRUE,4.37192788823408,2.75098830344944,0,1.62093958478464,37.8948
"BASELINE","Machinga",3,"month","incidence",2023-12-01,2024-03-01,0,0,0,0,0,0,0,0,0,0,0,0,0,0,0,0,1,1,1,1,1,1,1,0,0,0,0,1,1,1,1,1,1,1,8.6551,12,TRUE,4.97607675826254,3.3613653204137,0,1.61471143784884,38.7099
"BASELINE","Mangochi",1,"month","incidence",2023-12-01,2024-01-01,0,0,0,0,0,0,0,0,0,0,0,0,1,1,1,1,1,1,1,1,1,1,1,1,1,1,1,1,1,1,1,1,1,1,0.364999999999998,12,TRUE,1.22739917223787,1.21152960702048,0,0.0158695652173912,19.0843
"BASELINE","Mangochi",2,"month","incidence",2023-12-01,2024-02-01,0,0,0,0,0,0,0,0,0,0,0,0,0,0,1,1,1,1,1,1,1,1,1,0,0,1,1,1,1,1,1,1,1,1,2.0883,12,TRUE,1.90231788038234,1.71336160146491,0,0.18895627891743,20.8076
"BASELINE","Mangochi",3,"month","incidence",2023-12-01,2024-03-01,0,0,0,0,0,0,0,0,0,0,0,0,0,1,1,1,1,1,1,1,1,1,1,0,1,1,1,1,1,1,1,1,1,1,1.4812,12,TRUE,2.17909979617485,2.09351666320239,0,0.0855831329724613,20.2005
"BASELINE","Mchinji",1,"month","incidence",2023-12-01,2024-01-01,0,0,0,0,0,0,0,0,0,0,0,0,0,0,0,0,0,0,0,0,0,0,0,0,0,0,0,0,0,0,0,0,0,0,44.9991,12,TRUE,33.869052345819,3.16976693054481,0,30.6992854152741,95.2758
"BASELINE","Mchinji",2,"month","incidence",2023-12-01,2024-02-01,0,0,0,0,0,0,0,0,0,0,0,0,0,0,0,0,0,0,0,0,0,0,1,0,0,0,0,0,0,0,0,0,0,1,43.9973,12,TRUE,28.6871770366252,4.48272738273821,0,24.204449653887,94.274
"BASELINE","Mchinji",3,"month","incidence",2023-12-01,2024-03-01,0,0,0,0,0,0,0,0,0,0,0,0,0,0,0,0,0,1,1,1,1,1,1,0,0,0,0,0,1,1,1,1,1,1,17.5283,12,TRUE,9.46553316567165,5.48129904842434,0,3.98423411724731,67.805
"BASELINE","Mulanje",1,"month","incidence",2023-12-01,2024-01-01,0,0,0,0,0,0,0,0,0,0,0,0,0,0,0,0,0,0,0,0,0,0,0,0,0,0,0,0,0,0,0,0,0,0,28.7715,12,TRUE,20.1880222067519,2.44451999699058,0,17.7435022097613,75.5844
"BASELINE","Mulanje",2,"month","incidence",2023-12-01,2024-02-01,0,0,0,0,0,0,0,0,0,0,0,0,0,0,0,0,0,0,0,0,1,1,1,0,0,0,0,0,0,0,0,1,1,1,24.3026,12,TRUE,14.1921313394564,3.45707333323631,0,10.7350580062201,71.1155
"BASELINE","Mulanje",3,"month","incidence",2023-12-01,2024-03-01,0,0,0,0,0,0,0,0,0,0,0,0,0,0,0,0,1,1,1,1,1,1,1,0,0,0,0,1,1,1,1,1,1,1,12.4089,12,TRUE,6.86279331681219,4.2340328349058,0,2.62876048190639,59.2218
"BASELINE","Mwanza",1,"month","incidence",2023-12-01,2024-01-01,0,0,0,0,0,0,0,0,0,0,0,0,0,0,0,0,0,0,0,0,0,0,0,0,0,0,0,0,0,0,0,0,0,0,56.4979,12,TRUE,42.4125788164217,4.00835290735406,0,38.4042259090676,97.552
"BASELINE","Mwanza",2,"month","incidence",2023-12-01,2024-02-01,0,0,0,0,0,0,0,0,0,0,0,0,0,0,0,0,0,0,0,0,1,1,1,0,0,0,0,0,0,0,0,1,1,1,41.3585,12,TRUE,24.3285782571144,5.61781917388521,0,18.7107590832291,82.4126
"BASELINE","Mwanza",3,"month","incidence",2023-12-01,2024-03-01,0,0,0,0,0,0,0,0,0,0,0,0,0,0,0,0,0,0,0,0,1,1,1,0,0,0,0,0,0,0,0,1,1,1,48.7689,12,TRUE,28.3287165930743,6.80585745207337,0,21.5228591410009,89.823
"BASELINE","Mzimba",1,"month","incidence",2023-12-01,2024-01-01,0,0,0,0,0,0,0,0,0,0,0,0,0,0,0,0,0,0,0,0,0,0,1,0,0,0,0,0,0,0,0,0,0,1,20.1233,12,TRUE,12.9223102187961,2.12680358813411,0,10.795506630662,42.5472
"BASELINE","Mzimba",2,"month","incidence",2023-12-01,2024-02-01,0,0,0,0,0,0,0,0,0,0,0,0,0,0,0,0,0,0,0,0,1,1,1,0,0,0,0,0,0,0,0,1,1,1,22.6226,12,TRUE,13.4154107098038,2.98476643205321,0,10.4306442777506,45.0465
"BASELINE","Mzimba",3,"month","incidence",2023-12-01,2024-03-01,0,0,0,0,0,0,0,0,0,0,0,0,0,0,0,0,0,0,0,0,1,1,1,0,0,0,0,0,0,0,0,1,1,1,27.3511,12,TRUE,16.1302133697958,3.6183277447993,0,12.5118856249965,49.775
"BASELINE","Neno",1,"month","incidence",2023-12-01,2024-01-01,0,0,0,0,0,0,0,0,0,0,0,0,0,0,0,0,0,0,0,0,0,0,0,0,0,0,0,0,0,0,0,0,0,0,114.3558,12,TRUE,94.196680123347,5.74118939283239,0,88.4554907305146,209.6918
"BASELINE","Neno",2,"month","incidence",2023-12-01,2024-02-01,0,0,0,0,0,0,0,0,0,0,0,0,0,0,0,0,0,0,0,0,0,0,1,0,0,0,0,0,0,0,0,0,0,1,83.8807,12,TRUE,55.7860252513465,8.11926790349613,0,47.6667573478504,179.2167
"BASELINE","Neno",3,"month","incidence",2023-12-01,2024-03-01,0,0,0,0,0,0,0,0,0,0,0,0,0,0,0,0,0,0,0,0,0,1,1,0,0,0,0,0,0,0,0,0,1,1,81.3619,12,TRUE,49.679107347856,9.93252191190173,0,39.7465854359543,176.6979
"BASELINE","Nkhatabay",1,"month","incidence",2023-12-01,2024-01-01,0,0,0,0,0,0,0,0,0,0,0,0,0,0,0,0,0,0,0,0,0,0,1,0,0,0,0,0,0,0,0,0,0,1,31.3311,12,TRUE,20.799892144052,3.04726326015895,0,17.7526288838931,100.5622
"BASELINE","Nkhatabay",2,"month","incidence",2023-12-01,2024-02-01,0,0,0,0,0,0,0,0,0,0,0,0,0,0,0,0,1,1,1,1,1,1,1,0,0,0,0,1,1,1,1,1,1,1,11.4938,12,TRUE,6.54047681000588,4.30948103063804,0,2.23099577936784,80.7249
"BASELINE","Nkhatabay",3,"month","incidence",2023-12-01,2024-03-01,0,0,0,0,0,0,0,0,0,0,0,0,0,0,1,1,1,1,1,1,1,1,1,0,0,1,1,1,1,1,1,1,1,1,7.23090000000001,12,TRUE,6.03354868075649,5.27801479063328,0,0.75553389012321,76.462
"BASELINE","Nkhotakota",1,"month","incidence",2023-12-01,2024-01-01,0,0,0,0,0,0,0,0,0,0,0,0,0,0,0,0,0,0,0,0,0,0,0,0,0,0,0,0,0,0,0,0,0,0,31.4295,12,TRUE,21.6328770239913,2.79001604532237,0,18.842860978669,75.3353
"BASELINE","Nkhotakota",2,"month","incidence",2023-12-01,2024-02-01,0,0,0,0,0,0,0,0,0,0,0,0,0,0,0,0,0,0,0,1,1,1,1,0,0,0,0,0,0,0,1,1,1,1,22.9924,12,TRUE,12.7551347421575,3.94567853053345,0,8.80945621162403,66.8982
"BASELINE","Nkhotakota",3,"month","incidence",2023-12-01,2024-03-01,0,0,0,0,0,0,0,0,0,0,0,0,0,0,0,0,0,0,1,1,1,1,1,0,0,0,0,0,0,1,1,1,1,1,21.248,12,TRUE,11.3015879432505,4.82355952069281,0,6.47802842255767,65.1538
"BASELINE","Nsanje",1,"month","incidence",2023-12-01,2024-01-01,0,0,0,0,0,0,0,0,0,0,0,0,0,0,0,0,0,0,0,1,1,1,1,0,0,0,0,0,0,0,1,1,1,1,13.1638,12,TRUE,7.17073675565793,2.39759400872127,0,4.77314274693667,29.3107
"BASELINE","Nsanje",2,"month","incidence",2023-12-01,2024-02-01,0,0,0,0,0,0,0,0,0,0,0,0,0,0,0,0,0,0,1,1,1,1,1,0,0,0,0,0,0,1,1,1,1,1,16.4728,12,TRUE,8.66861411984256,3.29425759135886,0,5.37435652848371,32.6197
"BASELINE","Nsanje",3,"month","incidence",2023-12-01,2024-03-01,0,0,0,0,0,0,0,0,0,0,0,0,0,0,0,0,0,0,1,1,1,1,1,0,0,0,0,0,0,1,1,1,1,1,20.1671,12,TRUE,10.4981714644106,3.92040826594514,0,6.57776319846547,36.314
"BASELINE","Ntcheu",1,"month","incidence",2023-12-01,2024-01-01,0,0,0,0,0,0,0,0,0,0,0,0,0,0,0,0,0,0,0,1,1,1,1,0,0,0,0,0,0,0,1,1,1,1,13.3912,12,TRUE,7.27957299367886,2.55966252588057,0,4.71991046779829,40.8064
"BASELINE","Ntcheu",2,"month","incidence",2023-12-01,2024-02-01,0,0,0,0,0,0,0,0,0,0,0,0,0,0,0,0,1,1,1,1,1,1,1,0,0,0,0,1,1,1,1,1,1,1,9.2653,12,TRUE,5.31621285186998,3.59490501702074,0,1.72130783484924,36.6805
"BASELINE","Ntcheu",3,"month","incidence",2023-12-01,2024-03-01,0,0,0,0,0,0,0,0,0,0,0,0,0,0,0,0,1,1,1,1,1,1,1,0,0,0,0,1,1,1,1,1,1,1,11.3212,12,TRUE,6.45512180538728,4.35730051092345,0,2.09782129446383,38.7364
"BASELINE","Ntchisi",1,"month","incidence",2023-12-01,2024-01-01,0,0,0,0,0,0,0,0,0,0,0,0,0,0,0,0,0,0,0,0,0,1,1,0,0,0,0,0,0,0,0,0,1,1,29.1967,12,TRUE,18.0641046636879,3.43638322533645,0,14.6277214383515,115.499
"BASELINE","Ntchisi",2,"month","incidence",2023-12-01,2024-02-01,0,0,0,0,0,0,0,1,1,1,1,1,1,1,1,1,1,1,1,1,1,1,1,0,0,0,0,1,1,1,1,1,1,1,12.4274,12,TRUE,7.16666682216028,4.85977976278221,2.30688705937807,0,73.8749
"BASELINE","Ntchisi",3,"month","incidence",2023-12-01,2024-03-01,0,0,0,0,0,0,0,0,0,1,1,1,1,1,1,1,1,1,1,1,1,1,1,0,0,1,1,1,1,1,1,1,1,1,7.9278,12,TRUE,6.75477400359983,5.95199034056014,0.80278366303969,0,78.3745
"BASELINE","Phalombe",1,"month","incidence",2023-12-01,2024-01-01,0,0,0,0,0,0,0,0,0,0,0,0,0,0,0,0,0,0,0,0,1,1,1,0,0,0,0,0,0,0,0,1,1,1,8.4345,12,TRUE,4.70919922758769,1.398170220016,0,3.31102900757169,30.7005
"BASELINE","Phalombe",2,"month","incidence",2023-12-01,2024-02-01,0,0,0,0,0,0,0,0,0,0,0,0,0,0,0,0,1,1,1,1,1,1,1,0,0,0,0,1,1,1,1,1,1,1,5.6264,12,TRUE,3.13897617685641,1.9773112876528,0,1.16166488920362,27.8924
"BASELINE","Phalombe",3,"month","incidence",2023-12-01,2024-03-01,0,0,0,0,0,0,0,0,0,0,0,0,0,0,0,1,1,1,1,1,1,1,1,0,0,0,1,1,1,1,1,1,1,1,4.6022,12,TRUE,3.06330395160375,2.41804823216537,0,0.645255719438371,26.8682
"BASELINE","Rumphi",1,"month","incidence",2023-12-01,2024-01-01,0,0,0,0,0,0,0,0,0,0,0,0,0,0,0,0,0,0,0,0,0,0,1,0,0,0,0,0,0,0,0,0,0,1,27.4052,12,TRUE,18.5008947325963,2.46969754875825,0,16.0311971838381,42.1179
"BASELINE","Rumphi",2,"month","incidence",2023-12-01,2024-02-01,0,0,0,0,0,0,0,0,0,0,0,0,0,0,0,0,0,0,0,1,1,1,1,0,0,0,0,0,0,0,1,1,1,1,20.5738,12,TRUE,11.1814817757712,3.36005385433936,0,7.82142792143181,35.2865
"BASELINE","Rumphi",3,"month","incidence",2023-12-01,2024-03-01,0,0,0,0,0,0,0,0,0,0,0,0,0,0,0,0,0,0,0,1,1,1,1,0,0,0,0,0,0,0,1,1,1,1,21.3371,12,TRUE,11.0359171323148,3.97441733447544,0,7.06149979783936,36.0498
"BASELINE","Salima",1,"month","incidence",2023-12-01,2024-01-01,0,0,0,0,0,0,0,0,0,0,0,0,0,0,0,0,0,0,0,0,0,0,0,0,0,0,0,0,0,0,0,0,0,0,41.8075,12,TRUE,28.5268514366166,3.71226098582358,0,24.814590450793,66.5724
"BASELINE","Salima",2,"month","incidence",2023-12-01,2024-02-01,0,0,0,0,0,0,0,0,0,0,0,0,0,0,0,0,0,0,0,0,1,1,1,0,0,0,0,0,0,0,0,1,1,1,40.2147,12,TRUE,23.6826626054484,5.09588147519979,0,18.5867811302487,64.9796
"BASELINE","Salima",3,"month","incidence",2023-12-01,2024-03-01,0,0,0,0,0,0,0,0,0,0,0,0,0,0,0,0,0,0,1,1,1,1,1,0,0,0,0,0,0,1,1,1,1,1,31.615,12,TRUE,16.4626535383944,6.06153130867441,0,10.40112222972,56.3799
"BASELINE","Thyolo",1,"month","incidence",2023-12-01,2024-01-01,0,0,0,0,0,0,0,0,0,0,0,0,0,0,0,0,0,0,0,0,0,0,0,0,0,0,0,0,0,0,0,0,0,0,16.9972,12,TRUE,12.5449680816602,1.2679673924458,0,11.2770006892144,31.089
"BASELINE","Thyolo",2,"month","incidence",2023-12-01,2024-02-01,0,0,0,0,0,0,0,0,0,0,0,0,0,0,0,0,0,0,0,0,1,1,1,0,0,0,0,0,0,0,0,1,1,1,13.5668,12,TRUE,8.06180591966326,1.78318123089838,0,6.27862468876489,27.6586
"BASELINE","Thyolo",3,"month","incidence",2023-12-01,2024-03-01,0,0,0,0,0,0,0,0,0,0,0,0,0,0,0,0,0,1,1,1,1,1,1,0,0,0,0,0,1,1,1,1,1,1,7.1923,12,TRUE,3.8420230632901,2.16185789035589,0,1.68016517293421,21.2841
"BASELINE","Zomba",1,"month","incidence",2023-12-01,2024-01-01,0,0,0,0,0,0,0,0,0,0,0,0,0,0,0,0,0,0,0,0,0,0,0,0,0,0,0,0,0,0,0,0,0,0,25.6868,12,TRUE,18.5294134524439,2.03837826148455,0,16.4910351909593,60.1061
"BASELINE","Zomba",2,"month","incidence",2023-12-01,2024-02-01,0,0,0,0,0,0,0,0,0,0,0,0,0,0,0,0,0,1,1,1,1,1,1,0,0,0,0,0,1,1,1,1,1,1,9.6267,12,TRUE,5.17709223142761,2.88270218263794,0,2.29439004878967,44.046
"BASELINE","Zomba",3,"month","incidence",2023-12-01,2024-03-01,0,0,0,0,0,0,0,0,0,0,0,0,0,0,0,0,0,0,0,0,1,1,1,0,0,0,0,0,0,0,0,1,1,1,26.6219,12,TRUE,15.8226377851577,3.52698453771606,0,12.2956532474417,61.0412
"BASELINE","Balaka",1,"month","incidence",2024-01-01,2024-02-01,0,0,0,0,0,0,0,0,0,0,0,0,0,0,0,0,1,1,1,1,1,1,1,0,0,0,0,1,1,1,1,1,1,1,7.2045,12,TRUE,4.04513146281977,2.60302766304703,0,1.44210379977275,27.5886
"BASELINE","Balaka",2,"month","incidence",2024-01-01,2024-03-01,0,0,0,0,0,0,0,0,0,0,0,0,0,0,0,0,0,1,1,1,1,1,1,0,0,0,0,0,1,1,1,1,1,1,12.969,12,TRUE,6.83936201209368,3.60348043503381,0,3.23588157705988,33.3531
"BASELINE","Balaka",3,"month","incidence",2024-01-01,2024-04-01,0,0,0,0,0,0,0,0,0,0,0,0,0,0,0,0,0,0,0,1,1,1,1,0,0,0,0,0,0,0,1,1,1,1,26.3338,12,TRUE,14.3827734156001,4.31779875276905,0,10.064974662831,46.7179
"BASELINE","Blantyre",1,"month","incidence",2024-01-01,2024-02-01,0,0,0,0,0,1,1,1,1,1,1,1,1,1,1,1,1,1,1,1,1,1,1,0,0,0,0,0,0,1,1,1,1,1,7.9545,12,TRUE,4.25890662617462,1.63865359536564,2.62025303080898,0,32.8736
"BASELINE","Blantyre",2,"month","incidence",2024-01-01,2024-03-01,0,0,0,0,0,0,0,0,0,0,0,1,1,1,1,1,1,1,1,1,1,1,1,1,1,1,1,1,1,1,1,1,1,1,0.815599999999996,12,TRUE,2.35286700816273,2.31740613859751,0.0354608695652172,0,40.0125
"BASELINE","Blantyre",3,"month","incidence",2024-01-01,2024-04-01,0,0,0,0,0,0,0,0,0,0,0,0,0,0,0,0,0,1,1,1,1,1,1,0,0,0,0,0,1,1,1,1,1,1,10.8894,12,TRUE,5.77215238658389,2.83823128317869,0,2.9339211034052,51.7175
"BASELINE","Chikwawa",1,"month","incidence",2024-01-01,2024-02-01,0,0,0,0,0,0,0,0,0,0,0,0,0,0,0,0,0,0,0,1,1,1,1,0,0,0,0,0,0,0,1,1,1,1,12.9633,12,TRUE,7.1943228432629,2.21625952088244,0,4.97806332238047,35.8079
"BASELINE","Chikwawa",2,"month","incidence",2024-01-01,2024-03-01,0,0,0,0,0,0,0,0,0,0,0,1,1,1,1,1,1,1,1,1,1,1,1,1,1,1,1,1,1,1,1,1,1,1,0.106100000000001,12,TRUE,3.11166835347235,3.10705530999408,0.00461304347826093,0,22.7385
"BASELINE","Chikwawa",3,"month","incidence",2024-01-01,2024-04-01,0,0,0,0,0,0,0,0,0,0,0,0,0,0,0,0,1,1,1,1,1,1,1,0,0,0,0,1,1,1,1,1,1,1,10.8238,12,TRUE,5.98053272152311,3.76517149535966,0,2.21536122616345,33.6684
"BASELINE","Chiradzulu",1,"month","incidence",2024-01-01,2024-02-01,0,0,1,1,1,1,1,1,1,1,1,1,1,1,1,1,1,1,1,1,1,1,1,0,0,0,0,0,0,0,0,0,1,1,14.7527,12,TRUE,8.96457656433413,1.82885123391852,7.1357253304156,0,30.3838
"BASELINE","Chiradzulu",2,"month","incidence",2024-01-01,2024-03-01,0,0,0,0,0,0,0,0,1,1,1,1,1,1,1,1,1,1,1,1,1,1,1,0,0,0,1,1,1,1,1,1,1,1,6.2822,12,TRUE,3.6915754512358,2.58638621857035,1.10518923266546,0,38.8543
"BASELINE","Chiradzulu",3,"month","incidence",2024-01-01,2024-04-01,0,0,0,0,0,0,0,0,0,0,0,1,1,1,1,1,1,1,1,1,1,1,1,1,1,1,1,1,1,1,1,1,1,1,1.6835,12,TRUE,3.24085890880583,3.16766325663192,0.0731956521739128,0,43.453
"BASELINE","Chitipa",1,"month","incidence",2024-01-01,2024-02-01,0,1,1,1,1,1,1,1,1,1,1,1,1,1,1,1,1,1,1,1,1,1,1,0,0,0,0,0,0,0,0,0,0,1,20.7533,12,TRUE,13.6443485835198,2.0704671508781,11.5738814326417,0,24.6869
"BASELINE","Chitipa",2,"month","incidence",2024-01-01,2024-03-01,0,0,0,0,0,0,1,1,1,1,1,1,1,1,1,1,1,1,1,1,1,1,1,0,0,0,0,0,1,1,1,1,1,1,10.9868,12,TRUE,5.83659550217924,2.92808272521979,2.90851277695945,0,34.4534
"BASELINE","Chitipa",3,"month","incidence",2024-01-01,2024-04-01,0,0,0,0,0,0,0,0,0,0,0,0,1,1,1,1,1,1,1,1,1,1,1,1,1,1,1,1,1,1,1,1,1,1,1.017,12,TRUE,3.6303716920276,3.58615430072325,0,0.044217391304348,46.4572
"BASELINE","Dedza",1,"month","incidence",2024-01-01,2024-02-01,0,0,0,0,0,1,1,1,1,1,1,1,1,1,1,1,1,1,1,1,1,1,1,0,0,0,0,0,0,1,1,1,1,1,8.2221,12,TRUE,4.37022386846246,1.91463566362178,2.45558820484068,0,35.4321
"BASELINE","Dedza",2,"month","incidence",2024-01-01,2024-03-01,0,0,0,0,0,0,0,0,0,0,0,0,1,1,1,1,1,1,1,1,1,1,1,1,1,1,1,1,1,1,1,1,1,1,0.790299999999995,12,TRUE,2.74206459206235,2.70770372249713,0,0.0343608695652172,44.4445
"BASELINE","Dedza",3,"month","incidence",2024-01-01,2024-04-01,0,0,0,0,0,0,0,1,1,1,1,1,1,1,1,1,1,1,1,1,1,1,1,0,0,0,0,1,1,1,1,1,1,1,8.9669,12,TRUE,5.08084842230864,3.31624624737627,1.76460217493237,0,34.6873
"BASELINE","Dowa",1,"month","incidence",2024-01-01,2024-02-01,0,0,1,1,1,1,1,1,1,1,1,1,1,1,1,1,1,1,1,1,1,1,1,0,0,0,0,0,0,0,0,0,1,1,24.666,12,TRUE,15.3668297268476,2.84303643714406,12.5237932897035,0,28.4174
"BASELINE","Dowa",2,"month","incidence",2024-01-01,2024-03-01,0,0,0,0,1,1,1,1,1,1,1,1,1,1,1,1,1,1,1,1,1,1,1,0,0,0,0,0,0,0,1,1,1,1,21.2573,12,TRUE,11.5809814215347,4.02066068773001,7.56032073380466,0,31.8261
"BASELINE","Dowa",3,"month","incidence",2024-01-01,2024-04-01,0,0,0,0,0,0,0,0,1,1,1,1,1,1,1,1,1,1,1,1,1,1,1,0,0,0,1,1,1,1,1,1,1,1,10.0885,12,TRUE,6.45804696447154,4.92369087452238,1.53435608994916,0,42.9949
"BASELINE","Karonga",1,"month","incidence",2024-01-01,2024-02-01,0,0,0,0,0,0,0,0,0,0,0,0,0,0,0,0,0,0,0,1,1,1,1,0,0,0,0,0,0,0,1,1,1,1,9.5629,12,TRUE,5.25657351332884,1.72648154926559,0,3.53009196406325,62.3448
"BASELINE","Karonga",2,"month","incidence",2024-01-01,2024-03-01,0,0,0,0,1,1,1,1,1,1,1,1,1,1,1,1,1,1,1,1,1,1,1,0,0,0,0,0,0,0,1,1,1,1,13.1176,12,TRUE,7.1688852439754,2.44161362215831,4.72727162181709,0,39.6643
"BASELINE","Karonga",3,"month","incidence",2024-01-01,2024-04-01,0,0,0,0,0,0,0,0,0,1,1,1,1,1,1,1,1,1,1,1,1,1,1,0,0,1,1,1,1,1,1,1,1,1,4.5786,12,TRUE,3.52315504767151,2.99035376165823,0.532801286013281,0,48.2033
"BASELINE","Kasungu",1,"month","incidence",2024-01-01,2024-02-01,0,0,0,0,0,0,0,0,0,0,0,0,1,1,1,1,1,1,1,1,1,1,1,1,1,1,1,1,1,1,1,1,1,1,0.219099999999997,12,TRUE,3.04619061821541,3.03666453125889,0,0.00952608695652163,72.0715
"BASELINE","Kasungu",2,"month","incidence",2024-01-01,2024-03-01,0,0,0,0,0,0,0,0,0,0,0,0,0,0,0,0,1,1,1,1,1,1,1,0,0,0,0,1,1,1,1,1,1,1,11.0266,12,TRUE,6.35055396960655,4.29449216448365,0,2.0560618051229,82.879
"BASELINE","Kasungu",3,"month","incidence",2024-01-01,2024-04-01,0,0,0,0,0,0,0,0,0,1,1,1,1,1,1,1,1,1,1,1,1,1,1,0,0,1,1,1,1,1,1,1,1,1,6.4576,12,TRUE,5.84992198349891,5.25965725368272,0.590264729816192,0,65.3948
"BASELINE","Likoma",1,"month","incidence",2024-01-01,2024-02-01,0,0,0,0,0,1,1,1,1,1,1,1,1,1,1,1,1,1,1,1,1,1,1,0,0,0,0,0,0,1,1,1,1,1,11.7164,12,TRUE,6.18016700813062,2.76341650521992,3.4167505029107,0,7.177
"BASELINE","Likoma",2,"month","incidence",2024-01-01,2024-03-01,0,0,0,0,0,0,0,0,0,0,0,1,1,1,1,1,1,1,1,1,1,1,1,1,1,1,1,1,1,1,1,1,1,1,2.331,12,TRUE,3.9038875941317,3.80253976804474,0.101347826086956,0,16.5624
"BASELINE","Likoma",3,"month","incidence",2024-01-01,2024-04-01,0,0,0,0,0,0,0,0,0,0,0,0,0,0,1,1,1,1,1,1,1,1,1,0,0,1,1,1,1,1,1,1,1,1,8.6492,12,TRUE,5.6588412036713,4.52882966746125,0,1.13001153621006,27.5426
"BASELINE","Lilongwe",1,"month","incidence",2024-01-01,2024-02-01,0,0,0,0,0,0,0,0,0,0,0,0,1,1,1,1,1,1,1,1,1,1,1,1,1,1,1,1,1,1,1,1,1,1,0.175600000000003,12,TRUE,1.90581209146296,1.89817730885427,0,0.00763478260869578,40.9069
"BASELINE","Lilongwe",2,"month","incidence",2024-01-01,2024-03-01,0,0,0,0,0,0,0,0,1,1,1,1,1,1,1,1,1,1,1,1,1,1,1,0,0,0,1,1,1,1,1,1,1,1,5.8856,12,TRUE,3.63833027521351,2.68442809397057,0.953902181242941,0,34.8457
"BASELINE","Lilongwe",3,"month","incidence",2024-01-01,2024-04-01,0,0,0,0,0,0,0,0,0,0,0,0,0,0,0,0,1,1,1,1,1,1,1,0,0,0,0,1,1,1,1,1,1,1,8.8458,12,TRUE,5.01994790505477,3.28773954070995,0,1.73220836434482,49.5771
"BASELINE","Machinga",1,"month","incidence",2024-01-01,2024-02-01,0,0,0,0,0,0,0,0,0,0,0,0,0,0,0,1,1,1,1,1,1,1,1,0,0,0,1,1,1,1,1,1,1,1,4.4308,12,TRUE,2.68820210150739,1.94705147911403,0,0.741150622393358,37.8948
"BASELINE","Machinga",2,"month","incidence",2024-01-01,2024-03-01,0,0,0,0,0,0,0,0,0,0,0,0,0,0,0,1,1,1,1,1,1,1,1,0,0,0,1,1,1,1,1,1,1,1,5.2459,12,TRUE,3.49119699360644,2.75354660840166,0,0.737650385204775,38.7099
"BASELINE","Machinga",3,"month","incidence",2024-01-01,2024-04-01,0,0,0,0,0,0,0,0,0,0,0,0,0,0,0,0,0,0,0,0,1,1,1,0,0,0,0,0,0,0,0,1,1,1,23.9721,12,TRUE,14.0372922496101,3.36947303329479,0,10.6678192163153,57.4361
"BASELINE","Mangochi",1,"month","incidence",2024-01-01,2024-02-01,0,0,0,0,0,0,0,0,0,0,0,0,0,0,1,1,1,1,1,1,1,1,1,0,0,1,1,1,1,1,1,1,1,1,1.7233,12,TRUE,1.39465045367742,1.20666666129578,0,0.18798379238164,20.8076
"BASELINE","Mangochi",2,"month","incidence",2024-01-01,2024-03-01,0,0,0,0,0,0,0,0,0,0,0,0,0,1,1,1,1,1,1,1,1,1,1,0,1,1,1,1,1,1,1,1,1,1,1.1162,12,TRUE,1.76455955368962,1.70648435766795,0,0.0580751960216665,20.2005
"BASELINE","Mangochi",3,"month","incidence",2024-01-01,2024-04-01,0,0,0,0,0,0,0,0,0,0,0,0,0,0,0,0,0,0,0,0,0,1,1,0,0,0,0,0,0,0,0,0,1,1,16.566,12,TRUE,9.99880689765204,2.08645306706503,0,7.91235383058701,35.6503
"BASELINE","Mchinji",1,"month","incidence",2024-01-01,2024-02-01,0,0,0,0,0,0,0,0,0,0,0,1,1,1,1,1,1,1,1,1,1,1,1,1,1,1,1,1,1,1,1,1,1,1,1.0018,12,TRUE,3.44266269836306,3.39910617662393,0.0435565217391306,0,94.274
"BASELINE","Mchinji",2,"month","incidence",2024-01-01,2024-03-01,0,0,0,0,1,1,1,1,1,1,1,1,1,1,1,1,1,1,1,1,1,1,1,0,0,0,0,0,0,0,1,1,1,1,27.4708,12,TRUE,15.1868345305033,4.80706205492772,10.3797724755756,0,67.805
"BASELINE","Mchinji",3,"month","incidence",2024-01-01,2024-04-01,0,0,0,0,0,0,0,0,0,1,1,1,1,1,1,1,1,1,1,1,1,1,1,0,0,1,1,1,1,1,1,1,1,1,7.42320000000001,12,TRUE,6.59049960833136,5.88742459823384,0.703075010097522,0,87.8526
"BASELINE","Mulanje",1,"month","incidence",2024-01-01,2024-02-01,0,0,0,0,0,0,0,0,0,1,1,1,1,1,1,1,1,1,1,1,1,1,1,0,0,1,1,1,1,1,1,1,1,1,4.4689,12,TRUE,3.13678762181096,2.56149912448449,0.575288497326471,0,71.1155
"BASELINE","Mulanje",2,"month","incidence",2024-01-01,2024-03-01,0,0,0,0,0,1,1,1,1,1,1,1,1,1,1,1,1,1,1,1,1,1,1,0,0,0,0,0,0,1,1,1,1,1,16.3626,12,TRUE,8.72424506911739,3.62250680185277,5.10173826726461,0,59.2218
"BASELINE","Mulanje",3,"month","incidence",2024-01-01,2024-04-01,0,0,0,0,0,0,0,0,0,1,1,1,1,1,1,1,1,1,1,1,1,1,1,0,0,1,1,1,1,1,1,1,1,1,5.5535,12,TRUE,4.95767078267221,4.43664662715033,0.521024155521885,0,70.0309
"BASELINE","Mwanza",1,"month","incidence",2024-01-01,2024-02-01,0,0,0,0,0,0,1,1,1,1,1,1,1,1,1,1,1,1,1,1,1,1,1,0,0,0,0,0,1,1,1,1,1,1,15.1394,12,TRUE,8.09113091050995,4.27888143784505,3.8122494726649,0,82.4126
"BASELINE","Mwanza",2,"month","incidence",2024-01-01,2024-03-01,0,0,0,0,0,0,0,0,0,1,1,1,1,1,1,1,1,1,1,1,1,1,1,0,0,1,1,1,1,1,1,1,1,1,7.72900000000001,12,TRUE,6.79546466030816,6.05125216118696,0.744212499121202,0,89.823
"BASELINE","Mwanza",3,"month","incidence",2024-01-01,2024-04-01,0,0,0,0,0,0,0,0,0,0,0,0,0,0,1,1,1,1,1,1,1,1,1,0,0,1,1,1,1,1,1,1,1,1,10.5516,12,TRUE,8.55869894556877,7.411240049911,0,1.14745889565777,108.1036
"BASELINE","Mzimba",1,"month","incidence",2024-01-01,2024-02-01,0,0,0,0,0,0,0,0,0,0,0,0,0,1,1,1,1,1,1,1,1,1,1,0,1,1,1,1,1,1,1,1,1,1,2.49930000000001,12,TRUE,2.40882224842142,2.19541736391445,0,0.213404884506968,45.0465
"BASELINE","Mzimba",2,"month","incidence",2024-01-01,2024-03-01,0,0,0,0,0,0,0,0,0,0,0,0,0,0,0,1,1,1,1,1,1,1,1,0,0,0,1,1,1,1,1,1,1,1,7.2278,12,TRUE,4.33606151385122,3.1047890111172,0,1.23127250273402,49.775
"BASELINE","Mzimba",3,"month","incidence",2024-01-01,2024-04-01,0,0,0,0,0,0,0,0,0,0,0,0,0,0,1,1,1,1,1,1,1,1,1,0,0,1,1,1,1,1,1,1,1,1,4.70350000000001,12,TRUE,4.23689396167063,3.80257441811876,0,0.434319543551876,47.2507
"BASELINE","Neno",1,"month","incidence",2024-01-01,2024-02-01,0,0,0,0,0,1,1,1,1,1,1,1,1,1,1,1,1,1,1,1,1,1,1,0,0,0,0,0,0,1,1,1,1,1,30.4751,12,TRUE,16.2765663238469,6.55481995040446,9.72174637344244,0,179.2167
"BASELINE","Neno",2,"month","incidence",2024-01-01,2024-03-01,0,0,0,0,0,0,1,1,1,1,1,1,1,1,1,1,1,1,1,1,1,1,1,0,0,0,0,0,1,1,1,1,1,1,32.9939,12,TRUE,17.622348271537,9.26991527277572,8.35243299876132,0,176.6979
"BASELINE","Neno",3,"month","incidence",2024-01-01,2024-04-01,0,0,0,0,0,0,0,0,0,0,0,0,1,1,1,1,1,1,1,1,1,1,1,1,1,1,1,1,1,1,1,1,1,1,0.333300000000008,12,TRUE,11.3677724929145,11.3532811885666,0,0.0144913043478264,210.0251
"BASELINE","Nkhatabay",1,"month","incidence",2024-01-01,2024-02-01,0,0,0,1,1,1,1,1,1,1,1,1,1,1,1,1,1,1,1,1,1,1,1,0,0,0,0,0,0,0,0,1,1,1,19.8373,12,TRUE,11.2992988411152,3.08336527380337,8.21593356731185,0,80.7249
"BASELINE","Nkhatabay",2,"month","incidence",2024-01-01,2024-03-01,0,0,0,0,1,1,1,1,1,1,1,1,1,1,1,1,1,1,1,1,1,1,1,0,0,0,0,0,0,0,1,1,1,1,24.1002,12,TRUE,13.2421034256877,4.36053698796296,8.88156643772477,0,76.462
"BASELINE","Nkhatabay",3,"month","incidence",2024-01-01,2024-04-01,0,0,0,0,0,0,0,1,1,1,1,1,1,1,1,1,1,1,1,1,1,1,1,0,0,0,0,1,1,1,1,1,1,1,16.5655,12,TRUE,9.01382951806247,5.34054531252096,3.67328420554151,0,83.9967
"BASELINE","Nkhotakota",1,"month","incidence",2024-01-01,2024-02-01,0,0,0,0,0,0,0,1,1,1,1,1,1,1,1,1,1,1,1,1,1,1,1,0,0,0,0,1,1,1,1,1,1,1,8.4371,12,TRUE,4.68578297091389,2.92018462272646,1.76559834818742,0,66.8982
"BASELINE","Nkhotakota",2,"month","incidence",2024-01-01,2024-03-01,0,0,0,0,0,0,0,1,1,1,1,1,1,1,1,1,1,1,1,1,1,1,1,0,0,0,0,1,1,1,1,1,1,1,10.1815,12,TRUE,5.94177386154756,4.12976469809312,1.81200916345444,0,65.1538
"BASELINE","Nkhotakota",3,"month","incidence",2024-01-01,2024-04-01,0,0,0,0,0,0,0,0,0,0,0,0,1,1,1,1,1,1,1,1,1,1,1,1,1,1,1,1,1,1,1,1,1,1,1.5247,12,TRUE,5.12419943839141,5.05790813404359,0,0.0662913043478259,76.86
"BASELINE","Nsanje",1,"month","incidence",2024-01-01,2024-02-01,0,0,0,0,0,0,0,0,0,0,0,0,0,0,1,1,1,1,1,1,1,1,1,0,0,1,1,1,1,1,1,1,1,1,3.309,12,TRUE,2.75744852825143,2.41103912090867,0,0.346409407342758,32.6197
"BASELINE","Nsanje",2,"month","incidence",2024-01-01,2024-03-01,0,0,0,0,0,0,0,0,0,0,0,0,0,0,0,1,1,1,1,1,1,1,1,0,0,0,1,1,1,1,1,1,1,1,7.0033,12,TRUE,4.46619910465791,3.39837268938828,0,1.06782641526964,36.314
"BASELINE","Nsanje",3,"month","incidence",2024-01-01,2024-04-01,0,0,0,0,0,0,0,0,0,0,0,0,0,0,0,0,1,1,1,1,1,1,1,0,0,0,0,1,1,1,1,1,1,1,13.1755,12,TRUE,7.08859616771494,4.12936153940691,0,2.95923462830803,42.4862
"BASELINE","Ntcheu",1,"month","incidence",2024-01-01,2024-02-01,0,0,0,0,0,0,0,0,0,1,1,1,1,1,1,1,1,1,1,1,1,1,1,0,0,1,1,1,1,1,1,1,1,1,4.12589999999999,12,TRUE,3.06845147301213,2.56886800868503,0.499583464327102,0,36.6805
"BASELINE","Ntcheu",2,"month","incidence",2024-01-01,2024-03-01,0,0,0,0,0,0,0,0,0,0,0,1,1,1,1,1,1,1,1,1,1,1,1,1,1,1,1,1,1,1,1,1,1,1,2.06999999999999,12,TRUE,3.72292797782873,3.63292797782873,0.0899999999999997,0,38.7364
"BASELINE","Ntcheu",3,"month","incidence",2024-01-01,2024-04-01,0,0,0,0,0,0,0,0,0,0,0,0,0,0,0,0,1,1,1,1,1,1,1,0,0,0,0,1,1,1,1,1,1,1,11.5089,12,TRUE,6.60569202447997,4.44238335685916,0,2.16330866762081,52.3153
"BASELINE","Ntchisi",1,"month","incidence",2024-01-01,2024-02-01,1,1,1,1,1,1,1,1,1,1,1,1,1,1,1,1,1,1,1,1,1,1,1,0,0,0,0,0,0,0,0,0,0,0,41.6241,12,TRUE,29.4045949805557,3.48003747348834,25.9245575070673,0,73.8749
"BASELINE","Ntchisi",2,"month","incidence",2024-01-01,2024-03-01,0,0,0,1,1,1,1,1,1,1,1,1,1,1,1,1,1,1,1,1,1,1,1,0,0,0,0,0,0,0,0,1,1,1,37.1245,12,TRUE,22.0719072922567,4.92151619257381,17.1503910996829,0,78.3745
"BASELINE","Ntchisi",3,"month","incidence",2024-01-01,2024-04-01,0,0,0,0,0,0,0,1,1,1,1,1,1,1,1,1,1,1,1,1,1,1,1,0,0,0,0,1,1,1,1,1,1,1,18.9721,12,TRUE,10.2812405998265,6.02760171632544,4.2536388835011,0,96.5269
"BASELINE","Phalombe",1,"month","incidence",2024-01-01,2024-02-01,0,0,0,0,0,0,0,0,1,1,1,1,1,1,1,1,1,1,1,1,1,1,1,0,0,0,1,1,1,1,1,1,1,1,2.8081,12,TRUE,1.82976118453871,1.41719491022705,0.412566274311657,0,27.8924
"BASELINE","Phalombe",2,"month","incidence",2024-01-01,2024-03-01,0,0,0,0,0,0,0,0,1,1,1,1,1,1,1,1,1,1,1,1,1,1,1,0,0,0,1,1,1,1,1,1,1,1,3.8323,12,TRUE,2.54538300779593,2.00421626256922,0.541166745226707,0,26.8682
"BASELINE","Phalombe",3,"month","incidence",2024-01-01,2024-04-01,0,0,0,0,0,0,0,0,0,0,0,0,0,0,0,0,1,1,1,1,1,1,1,0,0,0,0,1,1,1,1,1,1,1,6.8991,12,TRUE,3.86327260870637,2.45465358874127,0,1.4086190199651,37.5996
"BASELINE","Rumphi",1,"month","incidence",2024-01-01,2024-02-01,0,0,0,0,0,0,0,1,1,1,1,1,1,1,1,1,1,1,1,1,1,1,1,0,0,0,0,1,1,1,1,1,1,1,6.8314,12,TRUE,3.90820821784674,2.60532787150433,1.30288034634241,0,35.2865
"BASELINE","Rumphi",2,"month","incidence",2024-01-01,2024-03-01,0,0,0,0,0,0,0,0,0,1,1,1,1,1,1,1,1,1,1,1,1,1,1,0,0,1,1,1,1,1,1,1,1,1,6.0681,12,TRUE,4.43372696948948,3.68449001031006,0.749236959179422,0,36.0498
"BASELINE","Rumphi",3,"month","incidence",2024-01-01,2024-04-01,0,0,0,0,0,0,0,0,0,0,0,0,0,0,0,0,0,1,1,1,1,1,1,0,0,0,0,0,1,1,1,1,1,1,17.3522,12,TRUE,9.18965789849256,4.50634132984347,0,4.68331656864909,59.4701
"BASELINE","Salima",1,"month","incidence",2024-01-01,2024-02-01,0,0,0,0,0,0,0,0,0,0,0,1,1,1,1,1,1,1,1,1,1,1,1,1,1,1,1,1,1,1,1,1,1,1,1.5928,12,TRUE,4.00466952707367,3.93541735316062,0.0692521739130433,0,64.9796
"BASELINE","Salima",2,"month","incidence",2024-01-01,2024-03-01,0,0,0,0,0,0,0,0,1,1,1,1,1,1,1,1,1,1,1,1,1,1,1,0,0,0,1,1,1,1,1,1,1,1,10.1925,12,TRUE,6.93150450978671,5.56552059443818,1.36598391534853,0,56.3799
"BASELINE","Salima",3,"month","incidence",2024-01-01,2024-04-01,0,0,0,0,0,0,0,0,0,0,0,0,0,0,0,0,1,1,1,1,1,1,1,0,0,0,0,1,1,1,1,1,1,1,18.4566,12,TRUE,10.4465979994044,6.8095160879475,0,3.63708191145692,85.029
"BASELINE","Thyolo",1,"month","incidence",2024-01-01,2024-02-01,0,0,0,0,0,0,0,1,1,1,1,1,1,1,1,1,1,1,1,1,1,1,1,0,0,0,0,1,1,1,1,1,1,1,3.4304,12,TRUE,1.98172934993384,1.34880492849264,0.632924421441201,0,27.6586
"BASELINE","Thyolo",2,"month","incidence",2024-01-01,2024-03-01,0,0,0,0,1,1,1,1,1,1,1,1,1,1,1,1,1,1,1,1,1,1,1,0,0,0,0,0,0,0,1,1,1,1,9.8049,12,TRUE,5.31163886459714,1.90749822286996,3.40414064172718,0,21.2841
"BASELINE","Thyolo",3,"month","incidence",2024-01-01,2024-04-01,0,0,0,0,0,0,0,0,0,1,1,1,1,1,1,1,1,1,1,1,1,1,1,0,0,1,1,1,1,1,1,1,1,1,2.8471,12,TRUE,2.59377131660054,2.33619866564856,0.257572650951984,0,28.2419
"BASELINE","Zomba",1,"month","incidence",2024-01-01,2024-02-01,0,0,0,1,1,1,1,1,1,1,1,1,1,1,1,1,1,1,1,1,1,1,1,0,0,0,0,0,0,0,0,1,1,1,16.0601,12,TRUE,9.56035022789973,2.11803432523171,7.44231590266801,0,44.046
"BASELINE","Zomba",2,"month","incidence",2024-01-01,2024-03-01,0,0,0,0,0,0,0,0,0,0,0,0,1,1,1,1,1,1,1,1,1,1,1,1,1,1,1,1,1,1,1,1,1,1,0.935100000000006,12,TRUE,3.03600939005357,2.99535286831444,0,0.0406565217391307,61.0412
"BASELINE","Zomba",3,"month","incidence",2024-01-01,2024-04-01,0,0,0,0,0,0,0,0,0,0,0,0,0,1,1,1,1,1,1,1,1,1,1,0,1,1,1,1,1,1,1,1,1,1,2.5136,12,TRUE,3.80826472701838,3.66854306347619,0,0.13972166354219,62.6197
"BASELINE","Balaka",1,"month","incidence",2024-02-01,2024-03-01,0,0,0,0,0,0,0,0,0,0,0,0,0,0,0,1,1,1,1,1,1,1,1,0,0,0,1,1,1,1,1,1,1,1,5.7645,12,TRUE,3.55523517070592,2.61762179380836,0,0.937613376897558,33.3531
"BASELINE","Balaka",2,"month","incidence",2024-02-01,2024-04-01,0,0,0,0,0,0,0,0,0,0,0,0,0,0,0,0,0,0,0,1,1,1,1,0,0,0,0,0,0,0,1,1,1,1,19.1293,12,TRUE,10.3438383562103,3.67351936438957,0,6.67031899182075,46.7179
"BASELINE","Balaka",3,"month","incidence",2024-02-01,2024-05-01,0,0,0,0,0,0,0,0,0,0,0,0,0,0,0,0,0,0,0,1,1,1,1,0,0,0,0,0,0,0,1,1,1,1,24.8686,12,TRUE,13.5619217422428,4.45329498492823,0,9.10862675731461,52.4572
"BASELINE","Blantyre",1,"month","incidence",2024-02-01,2024-03-01,0,0,0,0,0,0,0,0,0,0,0,0,0,0,0,0,0,0,1,1,1,1,1,0,0,0,0,0,0,1,1,1,1,1,7.1389,12,TRUE,3.80556571870611,1.58578328188795,0,2.21978243681816,40.0125
"BASELINE","Blantyre",2,"month","incidence",2024-02-01,2024-04-01,0,0,0,0,0,0,0,0,0,0,0,0,0,0,0,0,0,0,0,0,0,1,1,0,0,0,0,0,0,0,0,0,1,1,18.8439,12,TRUE,11.6151742310471,2.24263622423046,0,9.37253800681668,51.7175
"BASELINE","Blantyre",3,"month","incidence",2024-02-01,2024-05-01,0,0,0,0,0,0,0,0,0,0,0,0,0,0,0,0,1,1,1,1,1,1,1,0,0,0,0,1,1,1,1,1,1,1,8.3321,12,TRUE,4.56243561147544,2.74665721402325,0,1.81577839745219,41.2057
"BASELINE","Chikwawa",1,"month","incidence",2024-02-01,2024-03-01,0,0,0,0,1,1,1,1,1,1,1,1,1,1,1,1,1,1,1,1,1,1,1,0,0,0,0,0,0,0,1,1,1,1,13.0694,12,TRUE,7.24826303468133,2.24641335154312,5.0018496831382,0,22.7385
"BASELINE","Chikwawa",2,"month","incidence",2024-02-01,2024-04-01,0,0,0,0,0,0,0,0,0,0,1,1,1,1,1,1,1,1,1,1,1,1,1,0,1,1,1,1,1,1,1,1,1,1,2.1395,12,TRUE,3.29304746095503,3.17690822844829,0.116139232506743,0,33.6684
"BASELINE","Chikwawa",3,"month","incidence",2024-02-01,2024-05-01,0,0,0,0,0,0,0,0,0,0,0,0,0,0,0,1,1,1,1,1,1,1,1,0,0,0,1,1,1,1,1,1,1,1,9.5146,12,TRUE,5.56713718768053,3.88509833980305,0,1.68203884787748,45.3225
"BASELINE","Chiradzulu",1,"month","incidence",2024-02-01,2024-03-01,0,0,0,0,0,0,0,0,0,0,0,0,0,0,0,0,0,0,1,1,1,1,1,0,0,0,0,0,0,1,1,1,1,1,8.4705,12,TRUE,4.51887312996597,1.85762672035646,0,2.66124640960951,38.8543
"BASELINE","Chiradzulu",2,"month","incidence",2024-02-01,2024-04-01,0,0,0,0,0,0,0,0,0,0,0,0,0,0,0,0,0,0,0,1,1,1,1,0,0,0,0,0,0,0,1,1,1,1,13.0692,12,TRUE,7.03203274161786,2.62708090175476,0,4.40495183986309,43.453
"BASELINE","Chiradzulu",3,"month","incidence",2024-02-01,2024-05-01,0,0,0,0,0,0,0,0,0,0,0,0,0,0,0,0,0,0,0,0,0,0,0,0,0,0,0,0,0,0,0,0,0,0,42.4964,12,TRUE,31.1946060355953,3.21337691355232,0,27.981229122043,72.8802
"BASELINE","Chitipa",1,"month","incidence",2024-02-01,2024-03-01,0,0,0,0,0,0,0,0,0,0,0,0,0,0,0,0,0,0,1,1,1,1,1,0,0,0,0,0,0,1,1,1,1,1,9.7665,12,TRUE,5.2094104179499,2.14777259491945,0,3.06163782303046,34.4534
"BASELINE","Chitipa",2,"month","incidence",2024-02-01,2024-04-01,0,0,0,0,0,0,0,0,0,0,0,0,0,0,0,0,0,0,0,0,1,1,1,0,0,0,0,0,0,0,0,1,1,1,21.7703,12,TRUE,12.7637189098429,3.02296530787278,0,9.74075360197012,46.4572
"BASELINE","Chitipa",3,"month","incidence",2024-02-01,2024-05-01,0,0,0,0,0,0,0,0,0,0,0,0,0,0,0,0,0,0,0,1,1,1,1,0,0,0,0,0,0,0,1,1,1,1,20.2314,12,TRUE,11.0304645354196,3.66794765053832,0,7.36251688488128,44.9183
"BASELINE","Dedza",1,"month","incidence",2024-02-01,2024-03-01,0,0,0,0,0,0,0,0,0,0,0,0,0,0,0,0,0,0,1,1,1,1,1,0,0,0,0,0,0,1,1,1,1,1,9.0124,12,TRUE,4.81498971443114,1.92794210898653,0,2.8870476054446,44.4445
"BASELINE","Dedza",2,"month","incidence",2024-02-01,2024-04-01,0,0,0,0,0,0,0,0,0,0,0,1,1,1,1,1,1,1,1,1,1,1,1,1,1,1,1,1,1,1,1,1,1,1,0.744799999999998,12,TRUE,2.7589044866946,2.72652187799895,0.0323826086956521,0,34.6873
"BASELINE","Dedza",3,"month","incidence",2024-02-01,2024-05-01,0,0,0,0,0,0,0,0,0,0,0,0,0,1,1,1,1,1,1,1,1,1,1,0,1,1,1,1,1,1,1,1,1,1,2.7949,12,TRUE,3.53169860808345,3.33840026765274,0,0.193298340430715,38.227
"BASELINE","Dowa",1,"month","incidence",2024-02-01,2024-03-01,0,0,0,0,0,0,0,0,0,0,0,0,0,1,1,1,1,1,1,1,1,1,1,0,1,1,1,1,1,1,1,1,1,1,3.4087,12,TRUE,3.20863025697573,2.91359198497303,0,0.295038272002701,31.8261
"BASELINE","Dowa",2,"month","incidence",2024-02-01,2024-04-01,0,0,0,0,0,0,0,0,0,0,0,0,0,0,0,0,0,1,1,1,1,1,1,0,0,0,0,0,1,1,1,1,1,1,14.5775,12,TRUE,7.74169622872085,4.07461219477905,0,3.66708403394181,42.9949
"BASELINE","Dowa",3,"month","incidence",2024-02-01,2024-05-01,0,0,0,0,0,0,0,0,0,0,0,0,0,0,0,0,0,1,1,1,1,1,1,0,0,0,0,0,1,1,1,1,1,1,19.5014,12,TRUE,10.2053139525582,4.92604993640943,0,5.27926401614874,47.9188
"BASELINE","Karonga",1,"month","incidence",2024-02-01,2024-03-01,1,1,1,1,1,1,1,1,1,1,1,1,1,1,1,1,1,1,1,1,1,1,1,0,0,0,0,0,0,0,0,0,0,0,22.6805,12,TRUE,16.5519230223384,1.74537982573619,14.8065431966022,0,39.6643
"BASELINE","Karonga",2,"month","incidence",2024-02-01,2024-04-01,0,0,0,0,1,1,1,1,1,1,1,1,1,1,1,1,1,1,1,1,1,1,1,0,0,0,0,0,0,0,1,1,1,1,14.1415,12,TRUE,7.82147400919563,2.46833982104851,5.35313418814712,0,48.2033
"BASELINE","Karonga",3,"month","incidence",2024-02-01,2024-05-01,0,0,0,1,1,1,1,1,1,1,1,1,1,1,1,1,1,1,1,1,1,1,1,0,0,0,0,0,0,0,0,1,1,1,20.0096,12,TRUE,11.492397558099,3.0230865366808,8.4693110214182,0,42.3352
"BASELINE","Kasungu",1,"month","incidence",2024-02-01,2024-03-01,0,0,0,0,0,0,0,0,0,0,0,0,0,0,0,0,0,1,1,1,1,1,1,0,0,0,0,0,1,1,1,1,1,1,10.8075,12,TRUE,5.7662023858619,3.00535004361763,0,2.76085234224427,82.879
"BASELINE","Kasungu",2,"month","incidence",2024-02-01,2024-04-01,0,0,0,0,0,0,0,0,0,1,1,1,1,1,1,1,1,1,1,1,1,1,1,0,0,1,1,1,1,1,1,1,1,1,6.6767,12,TRUE,5.04424328770239,4.25020679136262,0.794036496339769,0,65.3948
"BASELINE","Kasungu",3,"month","incidence",2024-02-01,2024-05-01,0,0,0,0,0,0,0,0,0,0,0,0,0,0,0,0,0,0,0,0,1,1,1,0,0,0,0,0,0,0,0,1,1,1,33.0131,12,TRUE,18.7233911930052,5.20541897007508,0,13.5179722229301,105.0846
"BASELINE","Likoma",1,"month","incidence",2024-02-01,2024-03-01,0,0,0,0,0,0,0,0,0,0,0,0,0,0,0,0,0,1,1,1,1,1,1,0,0,0,0,0,1,1,1,1,1,1,9.3854,12,TRUE,4.65009396978702,2.40053705084694,0,2.24955691894007,16.5624
"BASELINE","Likoma",2,"month","incidence",2024-02-01,2024-04-01,0,0,0,0,0,0,0,0,0,0,0,0,0,0,0,0,0,0,0,1,1,1,1,0,0,0,0,0,0,0,1,1,1,1,20.3656,12,TRUE,10.2115338892059,3.12542122422075,0,7.08611266498517,27.5426
"BASELINE","Likoma",3,"month","incidence",2024-02-01,2024-05-01,0,0,0,0,0,0,0,0,0,0,0,0,0,0,0,0,0,0,0,0,1,1,1,0,0,0,0,0,0,0,0,1,1,1,32.7568,12,TRUE,17.7192989546573,3.6276770503162,0,14.0916219043411,39.9338
"BASELINE","Lilongwe",1,"month","incidence",2024-02-01,2024-03-01,0,0,0,0,0,0,1,1,1,1,1,1,1,1,1,1,1,1,1,1,1,1,1,0,0,0,0,0,1,1,1,1,1,1,6.0612,12,TRUE,3.27564598467781,1.89563656134093,1.38000942333688,0,34.8457
"BASELINE","Lilongwe",2,"month","incidence",2024-02-01,2024-04-01,0,0,0,0,0,0,0,0,0,0,0,0,0,0,0,0,0,1,1,1,1,1,1,0,0,0,0,0,1,1,1,1,1,1,8.6702,12,TRUE,4.6795089037246,2.68083493437864,0,1.99867396934596,49.5771
"BASELINE","Lilongwe",3,"month","incidence",2024-02-01,2024-05-01,0,0,0,0,0,0,0,0,0,0,0,0,0,1,1,1,1,1,1,1,1,1,1,0,1,1,1,1,1,1,1,1,1,1,3.389,12,TRUE,3.55699809529638,3.28333883692764,0,0.273659258368736,44.2959
"BASELINE","Machinga",1,"month","incidence",2024-02-01,2024-03-01,0,0,0,0,0,0,0,0,0,0,0,0,1,1,1,1,1,1,1,1,1,1,1,1,1,1,1,1,1,1,1,1,1,1,0.815100000000001,12,TRUE,1.98603729994705,1.95059816951227,0,0.0354391304347827,38.7099
"BASELINE","Machinga",2,"month","incidence",2024-02-01,2024-04-01,0,0,0,0,0,0,0,0,0,0,0,0,0,0,0,0,0,0,0,0,1,1,1,0,0,0,0,0,0,0,0,1,1,1,19.5413,12,TRUE,11.4347815682179,2.75856238606438,0,8.67621918215355,57.4361
"BASELINE","Machinga",3,"month","incidence",2024-02-01,2024-05-01,0,0,0,0,0,0,0,0,0,0,0,0,0,0,0,0,0,0,1,1,1,1,1,0,0,0,0,0,0,1,1,1,1,1,15.1117,12,TRUE,8.05251762306139,3.3785351347461,0,4.67398248831529,53.0065
"BASELINE","Mangochi",1,"month","incidence",2024-02-01,2024-03-01,0,0,0,0,0,0,0,0,0,0,0,1,1,1,1,1,1,1,1,1,1,1,1,1,1,1,1,1,1,1,1,1,1,1,0.607099999999999,12,TRUE,1.23079006564943,1.20439441347552,0.026395652173913,0,20.2005
"BASELINE","Mangochi",2,"month","incidence",2024-02-01,2024-04-01,0,0,0,0,0,0,0,0,0,0,0,0,0,0,0,0,0,0,0,0,0,1,1,0,0,0,0,0,0,0,0,0,1,1,14.8427,12,TRUE,9.26019695568833,1.70327091398347,0,7.55692604170487,35.6503
"BASELINE","Mangochi",3,"month","incidence",2024-02-01,2024-05-01,0,0,0,0,0,0,0,0,0,0,0,0,0,0,0,0,0,0,0,0,0,0,1,0,0,0,0,0,0,0,0,0,0,1,19.4192,12,TRUE,12.3845664702709,2.08436028218917,0,10.3002061880818,40.2268
"BASELINE","Mchinji",1,"month","incidence",2024-02-01,2024-03-01,0,0,1,1,1,1,1,1,1,1,1,1,1,1,1,1,1,1,1,1,1,1,1,0,0,0,0,0,0,0,0,0,1,1,26.469,12,TRUE,15.8864002506194,3.39347007888906,12.4929301717304,0,67.805
"BASELINE","Mchinji",2,"month","incidence",2024-02-01,2024-04-01,0,0,0,0,0,0,0,0,0,1,1,1,1,1,1,1,1,1,1,1,1,1,1,0,0,1,1,1,1,1,1,1,1,1,6.42140000000001,12,TRUE,5.45272668600561,4.79909140907221,0.653635276933395,0,87.8526
"BASELINE","Mchinji",3,"month","incidence",2024-02-01,2024-05-01,0,0,0,0,0,0,1,1,1,1,1,1,1,1,1,1,1,1,1,1,1,1,1,0,0,0,0,0,1,1,1,1,1,1,22.6235,12,TRUE,11.9882859060721,5.87766259060062,6.11062331547143,0,71.6505
"BASELINE","Mulanje",1,"month","incidence",2024-02-01,2024-03-01,0,0,0,0,0,1,1,1,1,1,1,1,1,1,1,1,1,1,1,1,1,1,1,0,0,0,0,0,0,1,1,1,1,1,11.8937,12,TRUE,6.35334486164616,2.55133523399262,3.80200962765354,0,59.2218
"BASELINE","Mulanje",2,"month","incidence",2024-02-01,2024-04-01,0,0,0,0,0,0,0,0,0,0,0,1,1,1,1,1,1,1,1,1,1,1,1,1,1,1,1,1,1,1,1,1,1,1,1.08459999999999,12,TRUE,3.65528941181184,3.60813289007271,0.0471565217391302,0,70.0309
"BASELINE","Mulanje",3,"month","incidence",2024-02-01,2024-05-01,0,0,0,0,0,0,0,0,0,0,0,0,0,0,1,1,1,1,1,1,1,1,1,0,0,1,1,1,1,1,1,1,1,1,7.51690000000001,12,TRUE,5.36961553145536,4.41904225241586,0,0.950573279039499,78.6324
"BASELINE","Mwanza",1,"month","incidence",2024-02-01,2024-03-01,0,0,0,0,0,0,0,0,0,0,0,0,0,0,1,1,1,1,1,1,1,1,1,0,0,1,1,1,1,1,1,1,1,1,7.4104,12,TRUE,5.24423410154464,4.29810674846848,0,0.946127353076162,89.823
"BASELINE","Mwanza",2,"month","incidence",2024-02-01,2024-04-01,0,0,0,0,0,0,0,0,0,0,0,0,0,0,0,0,0,0,1,1,1,1,1,0,0,0,0,0,0,1,1,1,1,1,25.691,12,TRUE,13.6414424203553,6.07844085621145,0,7.56300156414389,108.1036
"BASELINE","Mwanza",3,"month","incidence",2024-02-01,2024-05-01,0,0,0,0,0,0,0,0,0,0,0,0,0,0,0,0,0,0,0,0,1,1,1,0,0,0,0,0,0,0,0,1,1,1,50.3116,12,TRUE,29.0670110309395,7.44453926470208,0,21.6224717662374,132.7242
"BASELINE","Mzimba",1,"month","incidence",2024-02-01,2024-03-01,0,0,0,0,0,0,0,0,0,0,0,0,0,0,0,1,1,1,1,1,1,1,1,0,0,0,1,1,1,1,1,1,1,1,4.7285,12,TRUE,2.91131283059752,2.13962980129399,0,0.771683029303532,49.775
"BASELINE","Mzimba",2,"month","incidence",2024-02-01,2024-04-01,0,0,0,0,0,0,0,0,0,0,0,0,0,1,1,1,1,1,1,1,1,1,1,0,1,1,1,1,1,1,1,1,1,1,2.2042,12,TRUE,3.15821655422834,3.0258934834476,0,0.132323070780739,47.2507
"BASELINE","Mzimba",3,"month","incidence",2024-02-01,2024-05-01,0,0,0,0,0,0,0,0,0,0,0,0,0,0,0,0,0,0,0,0,0,1,1,0,0,0,0,0,0,0,0,0,1,1,33.6346,12,TRUE,21.2552235824526,3.70594752522968,0,17.549276057223,78.6811
"BASELINE","Neno",1,"month","incidence",2024-02-01,2024-03-01,0,0,0,0,0,0,0,0,0,0,0,1,1,1,1,1,1,1,1,1,1,1,1,1,1,1,1,1,1,1,1,1,1,1,2.5188,12,TRUE,6.71431017706755,6.60479713358928,0.109513043478261,0,176.6979
"BASELINE","Neno",2,"month","incidence",2024-02-01,2024-04-01,0,0,0,0,0,0,0,0,0,0,0,0,0,0,0,0,0,1,1,1,1,1,1,0,0,0,0,0,1,1,1,1,1,1,30.8084,12,TRUE,16.5911584674747,9.34059368304491,0,7.25056478442982,210.0251
"BASELINE","Neno",3,"month","incidence",2024-02-01,2024-05-01,0,0,0,0,0,0,0,0,0,0,1,1,1,1,1,1,1,1,1,1,1,1,1,0,1,1,1,1,1,1,1,1,1,1,6.88980000000001,12,TRUE,11.7518276786606,11.4398442090619,0.311983469598657,0,172.3269
"BASELINE","Nkhatabay",1,"month","incidence",2024-02-01,2024-03-01,0,0,0,0,0,0,0,0,0,1,1,1,1,1,1,1,1,1,1,1,1,1,1,0,0,1,1,1,1,1,1,1,1,1,4.2629,12,TRUE,3.57354322340577,3.13115079183815,0.442392431567622,0,76.462
"BASELINE","Nkhatabay",2,"month","incidence",2024-02-01,2024-04-01,0,0,0,0,0,0,0,0,0,0,0,0,0,1,1,1,1,1,1,1,1,1,1,0,1,1,1,1,1,1,1,1,1,1,3.2718,12,TRUE,4.62777895691919,4.42811591565277,0,0.199663041266415,83.9967
"BASELINE","Nkhatabay",3,"month","incidence",2024-02-01,2024-05-01,0,0,0,0,0,0,0,0,0,0,0,0,0,0,0,1,1,1,1,1,1,1,1,0,0,0,1,1,1,1,1,1,1,1,12.2772,12,TRUE,7.46812985979555,5.4233122576232,0,2.04481760217234,93.0021
"BASELINE","Nkhotakota",1,"month","incidence",2024-02-01,2024-03-01,0,0,0,0,0,0,0,0,0,0,1,1,1,1,1,1,1,1,1,1,1,1,1,0,1,1,1,1,1,1,1,1,1,1,1.7444,12,TRUE,3.00506556368382,2.92767955904643,0.0773860046373854,0,65.1538
"BASELINE","Nkhotakota",2,"month","incidence",2024-02-01,2024-04-01,0,0,0,0,0,0,0,0,0,0,0,0,0,0,0,1,1,1,1,1,1,1,1,0,0,0,1,1,1,1,1,1,1,1,9.9618,12,TRUE,5.88069135229171,4.14036413868595,0,1.74032721360577,76.86
"BASELINE","Nkhotakota",3,"month","incidence",2024-02-01,2024-05-01,0,0,0,0,0,0,0,0,0,0,0,0,0,0,0,0,0,0,1,1,1,1,1,0,0,0,0,0,0,1,1,1,1,1,23.1813,12,TRUE,12.3687101706846,5.07088974454927,0,7.29782042613536,90.0795
"BASELINE","Nsanje",1,"month","incidence",2024-02-01,2024-03-01,0,0,0,0,0,0,0,0,0,0,0,0,0,0,1,1,1,1,1,1,1,1,1,0,0,1,1,1,1,1,1,1,1,1,3.6943,12,TRUE,2.84055094083935,2.41026017729219,0,0.43029076354716,36.314
"BASELINE","Nsanje",2,"month","incidence",2024-02-01,2024-04-01,0,0,0,0,0,0,0,0,0,0,0,0,0,0,0,0,1,1,1,1,1,1,1,0,0,0,0,1,1,1,1,1,1,1,9.86649999999999,12,TRUE,5.47265948973739,3.40462542393633,0,2.06803406580106,42.4862
"BASELINE","Nsanje",3,"month","incidence",2024-02-01,2024-05-01,0,0,0,0,0,0,0,0,0,0,0,0,0,0,0,0,0,0,1,1,1,1,1,0,0,0,0,0,0,1,1,1,1,1,19.5133,12,TRUE,10.4013327216807,4.15085231266331,0,6.25048040901736,52.133
"BASELINE","Ntcheu",1,"month","incidence",2024-02-01,2024-03-01,0,0,0,0,0,0,0,0,0,0,0,0,0,1,1,1,1,1,1,1,1,1,1,0,1,1,1,1,1,1,1,1,1,1,2.0559,12,TRUE,2.62514742659625,2.4843975120836,0,0.140749914512644,38.7364
"BASELINE","Ntcheu",2,"month","incidence",2024-02-01,2024-04-01,0,0,0,0,0,0,0,0,0,0,0,0,0,0,0,0,0,0,1,1,1,1,1,0,0,0,0,0,0,1,1,1,1,1,15.6348,12,TRUE,8.32719629346357,3.51200714899734,0,4.81518914446623,52.3153
"BASELINE","Ntcheu",3,"month","incidence",2024-02-01,2024-05-01,0,0,0,0,0,0,0,0,0,0,0,0,0,0,0,0,0,0,0,0,1,1,1,0,0,0,0,0,0,0,0,1,1,1,27.0574,12,TRUE,15.2902474358992,4.28783390222299,0,11.0024135336762,63.7379
"BASELINE","Ntchisi",1,"month","incidence",2024-02-01,2024-03-01,0,0,0,0,0,0,0,0,0,0,0,0,0,0,1,1,1,1,1,1,1,1,1,0,0,1,1,1,1,1,1,1,1,1,4.4996,12,TRUE,4.07643132226047,3.66518681453478,0,0.411244507725687,78.3745
"BASELINE","Ntchisi",2,"month","incidence",2024-02-01,2024-04-01,0,0,0,0,0,0,0,0,0,0,0,0,0,0,0,0,0,0,1,1,1,1,1,0,0,0,0,0,0,1,1,1,1,1,22.652,12,TRUE,12.0532664748285,5.18335690174613,0,6.86990957308241,96.5269
"BASELINE","Ntchisi",3,"month","incidence",2024-02-01,2024-05-01,0,0,0,0,0,0,0,0,0,0,0,0,0,0,0,0,0,1,1,1,1,1,1,0,0,0,0,0,1,1,1,1,1,1,21.4793,12,TRUE,11.5346102397691,6.34828978200577,0,5.18632045776336,95.3542
"BASELINE","Phalombe",1,"month","incidence",2024-02-01,2024-03-01,0,0,0,0,0,0,0,0,0,0,1,1,1,1,1,1,1,1,1,1,1,1,1,0,1,1,1,1,1,1,1,1,1,1,1.0242,12,TRUE,1.47242177141337,1.41120324660196,0.0612185248114092,0,26.8682
"BASELINE","Phalombe",2,"month","incidence",2024-02-01,2024-04-01,0,0,0,0,0,0,0,0,0,0,0,0,0,0,0,0,0,0,1,1,1,1,1,0,0,0,0,0,0,1,1,1,1,1,9.7072,12,TRUE,5.19789192199835,1.99574277060944,0,3.20214915138891,37.5996
"BASELINE","Phalombe",3,"month","incidence",2024-02-01,2024-05-01,0,0,0,0,0,0,0,0,0,0,0,0,0,0,0,0,0,1,1,1,1,1,1,0,0,0,0,0,1,1,1,1,1,1,8.2275,12,TRUE,4.42076000519764,2.44427572292075,0,1.97648428227689,36.1199
"BASELINE","Rumphi",1,"month","incidence",2024-02-01,2024-03-01,0,0,0,0,0,0,0,0,0,0,0,0,1,1,1,1,1,1,1,1,1,1,1,1,1,1,1,1,1,1,1,1,1,1,0.763300000000001,12,TRUE,2.6441547518214,2.61096779529966,0,0.0331869565217392,36.0498
"BASELINE","Rumphi",2,"month","incidence",2024-02-01,2024-04-01,0,0,0,0,0,0,0,0,0,0,0,0,0,0,0,0,0,0,0,0,1,1,1,0,0,0,0,0,0,0,0,1,1,1,24.1836,12,TRUE,13.8430567957334,3.68809294797448,0,10.154963847759,59.4701
"BASELINE","Rumphi",3,"month","incidence",2024-02-01,2024-05-01,0,0,0,0,0,0,0,0,0,0,0,0,0,0,0,0,0,0,0,1,1,1,1,0,0,0,0,0,0,0,1,1,1,1,23.4665,12,TRUE,12.7109969922844,4.49635213802116,0,8.21464485426322,58.753
"BASELINE","Salima",1,"month","incidence",2024-02-01,2024-03-01,0,0,0,0,0,0,0,0,1,1,1,1,1,1,1,1,1,1,1,1,1,1,1,0,0,0,1,1,1,1,1,1,1,1,8.59970000000001,12,TRUE,5.3242497923445,3.93414901427502,1.39010077806947,0,56.3799
"BASELINE","Salima",2,"month","incidence",2024-02-01,2024-04-01,0,0,0,0,0,0,0,0,0,0,0,0,0,0,0,0,0,1,1,1,1,1,1,0,0,0,0,0,1,1,1,1,1,1,20.0494,12,TRUE,10.6947910322691,5.56372689238448,0,5.13106413988466,85.029
"BASELINE","Salima",3,"month","incidence",2024-02-01,2024-05-01,0,0,0,0,0,0,0,0,0,0,0,0,0,0,0,0,0,1,1,1,1,1,1,0,0,0,0,0,1,1,1,1,1,1,23.989,12,TRUE,12.8193126917375,6.80595507420914,0,6.01335761752834,88.9686
"BASELINE","Thyolo",1,"month","incidence",2024-02-01,2024-03-01,0,0,0,0,0,1,1,1,1,1,1,1,1,1,1,1,1,1,1,1,1,1,1,0,0,0,0,0,0,1,1,1,1,1,6.3745,12,TRUE,3.40734786321622,1.35196129205479,2.05538657116144,0,21.2841
"BASELINE","Thyolo",2,"month","incidence",2024-02-01,2024-04-01,0,0,0,0,0,0,0,0,0,0,0,0,1,1,1,1,1,1,1,1,1,1,1,1,1,1,1,1,1,1,1,1,1,1,0.583300000000001,12,TRUE,1.93732286459255,1.91196199502733,0,0.0253608695652174,28.2419
"BASELINE","Thyolo",3,"month","incidence",2024-02-01,2024-05-01,0,0,0,0,0,0,0,0,0,0,0,0,0,0,0,0,0,0,0,1,1,1,1,0,0,0,0,0,0,0,1,1,1,1,12.9015,12,TRUE,7.0846895847901,2.34166564770536,0,4.74302393708474,40.5601
"BASELINE","Zomba",1,"month","incidence",2024-02-01,2024-03-01,0,0,0,0,0,0,0,0,0,0,0,0,0,0,0,0,0,0,0,0,0,1,1,0,0,0,0,0,0,0,0,0,1,1,16.9952,12,TRUE,10.2384681544543,2.15723278968016,0,8.08123536477412,61.0412
"BASELINE","Zomba",2,"month","incidence",2024-02-01,2024-04-01,0,0,0,0,0,0,0,0,0,0,0,0,0,0,0,0,0,0,0,0,1,1,1,0,0,0,0,0,0,0,0,1,1,1,18.5737,12,TRUE,10.4008660832984,3.05078786836163,0,7.35007821493676,62.6197
"BASELINE","Zomba",3,"month","incidence",2024-02-01,2024-05-01,0,0,0,0,0,0,0,0,0,0,0,0,0,0,0,0,0,0,0,0,0,0,0,0,0,0,0,0,0,0,0,0,0,0,48.1029,12,TRUE,34.9830963987379,3.73643679547958,0,31.2466596032583,92.1489
"BASELINE","Balaka",1,"month","incidence",2024-03-01,2024-04-01,0,0,0,0,0,0,0,0,0,0,0,0,0,0,0,0,0,0,0,1,1,1,1,0,0,0,0,0,0,0,1,1,1,1,13.3648,12,TRUE,7.22693467240061,2.62334764087518,0,4.60358703152543,46.7179
"BASELINE","Balaka",2,"month","incidence",2024-03-01,2024-05-01,0,0,0,0,0,0,0,0,0,0,0,0,0,0,0,0,0,0,0,1,1,1,1,0,0,0,0,0,0,0,1,1,1,1,19.1041,12,TRUE,10.3451899198671,3.70207041197372,0,6.64311950789341,52.4572
"BASELINE","Balaka",3,"month","incidence",2024-03-01,2024-06-01,0,0,0,0,0,0,0,0,0,1,1,1,1,1,1,1,1,1,1,1,1,1,1,0,0,1,1,1,1,1,1,1,1,1,7.6042,12,TRUE,5.45404021151498,4.50378171858929,0.950258492925693,0,25.7489
"BASELINE","Blantyre",1,"month","incidence",2024-03-01,2024-04-01,0,0,0,0,0,0,0,0,0,0,0,0,0,0,0,0,0,0,0,0,1,1,1,0,0,0,0,0,0,0,0,1,1,1,11.705,12,TRUE,6.91130591016274,1.59549092000216,0,5.31581499016059,51.7175
"BASELINE","Blantyre",2,"month","incidence",2024-03-01,2024-05-01,0,0,0,0,0,0,0,0,0,0,0,0,1,1,1,1,1,1,1,1,1,1,1,1,1,1,1,1,1,1,1,1,1,1,1.1932,12,TRUE,2.30824315857974,2.25636489771018,0,0.0518782608695651,41.2057
"BASELINE","Blantyre",3,"month","incidence",2024-03-01,2024-06-01,0,0,0,0,0,1,1,1,1,1,1,1,1,1,1,1,1,1,1,1,1,1,1,0,0,0,0,0,0,1,1,1,1,1,11.7164,12,TRUE,6.22243547329034,2.76347133645855,3.45896413683179,0,28.2961
"BASELINE","Chikwawa",1,"month","incidence",2024-03-01,2024-04-01,0,0,0,0,0,0,0,0,0,0,0,0,0,0,0,0,0,0,1,1,1,1,1,0,0,0,0,0,0,1,1,1,1,1,10.9299,12,TRUE,5.8474464434898,2.26868454951771,0,3.57876189397209,33.6684
"BASELINE","Chikwawa",2,"month","incidence",2024-03-01,2024-05-01,0,0,0,0,0,0,0,0,0,0,0,0,0,0,0,0,0,0,0,0,1,1,1,0,0,0,0,0,0,0,0,1,1,1,22.584,12,TRUE,13.1559343342502,3.17652554606793,0,9.97940878818228,45.3225
"BASELINE","Chikwawa",3,"month","incidence",2024-03-01,2024-06-01,0,0,0,0,0,0,0,0,0,0,0,0,0,0,1,1,1,1,1,1,1,1,1,0,0,1,1,1,1,1,1,1,1,1,6.7212,12,TRUE,4.69754819117248,3.84470530282205,0,0.852842888350434,29.4597
"BASELINE","Chiradzulu",1,"month","incidence",2024-03-01,2024-04-01,0,0,0,0,0,0,0,0,0,0,0,0,0,0,0,1,1,1,1,1,1,1,1,0,0,0,1,1,1,1,1,1,1,1,4.5987,12,TRUE,2.68752161178666,1.87179623678571,0,0.815725375000953,43.453
"BASELINE","Chiradzulu",2,"month","incidence",2024-03-01,2024-05-01,0,0,0,0,0,0,0,0,0,0,0,0,0,0,0,0,0,0,0,0,0,0,0,0,0,0,0,0,0,0,0,0,0,0,34.0259,12,TRUE,24.7310312580084,2.64711962406127,0,22.0839116339471,72.8802
"BASELINE","Chiradzulu",3,"month","incidence",2024-03-01,2024-06-01,0,0,0,0,0,0,1,1,1,1,1,1,1,1,1,1,1,1,1,1,1,1,1,0,0,0,0,0,1,1,1,1,1,1,12.4079,12,TRUE,6.57866111147449,3.24204618352907,3.33661492794542,0,26.4464
"BASELINE","Chitipa",1,"month","incidence",2024-03-01,2024-04-01,0,0,0,0,0,0,0,0,0,0,0,0,0,0,0,0,0,0,0,1,1,1,1,0,0,0,0,0,0,0,1,1,1,1,12.0038,12,TRUE,6.60252091486708,2.15972044038199,0,4.44280047448508,46.4572
"BASELINE","Chitipa",2,"month","incidence",2024-03-01,2024-05-01,0,0,0,0,0,0,0,0,0,0,0,0,0,0,0,0,0,1,1,1,1,1,1,0,0,0,0,0,1,1,1,1,1,1,10.4649,12,TRUE,5.61208157590452,3.05430593772261,0,2.55777563818191,44.9183
"BASELINE","Chitipa",3,"month","incidence",2024-03-01,2024-06-01,0,0,0,0,0,0,0,1,1,1,1,1,1,1,1,1,1,1,1,1,1,1,1,0,0,0,0,1,1,1,1,1,1,1,9.7972,12,TRUE,5.60142573088201,3.73518960387011,1.86623612701191,0,24.6562
"BASELINE","Dedza",1,"month","incidence",2024-03-01,2024-04-01,0,0,0,0,1,1,1,1,1,1,1,1,1,1,1,1,1,1,1,1,1,1,1,0,0,0,0,0,0,0,1,1,1,1,9.7572,12,TRUE,5.26732524982612,1.93075915534675,3.33656609447937,0,34.6873
"BASELINE","Dedza",2,"month","incidence",2024-03-01,2024-05-01,0,0,0,0,0,0,0,0,1,1,1,1,1,1,1,1,1,1,1,1,1,1,1,0,0,0,1,1,1,1,1,1,1,1,6.2175,12,TRUE,3.77104775864829,2.7305057831674,1.04054197548089,0,38.227
"BASELINE","Dedza",3,"month","incidence",2024-03-01,2024-06-01,0,0,0,1,1,1,1,1,1,1,1,1,1,1,1,1,1,1,1,1,1,1,1,0,0,0,0,0,0,0,0,1,1,1,22.648,12,TRUE,13.0923075477942,3.34417295423935,9.74813459355489,0,21.7965
"BASELINE","Dowa",1,"month","incidence",2024-03-01,2024-04-01,0,0,0,0,0,0,0,0,0,0,0,0,0,0,0,0,0,1,1,1,1,1,1,0,0,0,0,0,1,1,1,1,1,1,11.1688,12,TRUE,5.921228690826,2.91599880139109,0,3.00522988943491,42.9949
"BASELINE","Dowa",2,"month","incidence",2024-03-01,2024-05-01,0,0,0,0,0,0,0,0,0,0,0,0,0,0,0,0,0,1,1,1,1,1,1,0,0,0,0,0,1,1,1,1,1,1,16.0927,12,TRUE,8.49144384965674,4.09906145108884,0,4.39238239856789,47.9188
"BASELINE","Dowa",3,"month","incidence",2024-03-01,2024-06-01,0,0,0,0,0,0,0,0,0,0,1,1,1,1,1,1,1,1,1,1,1,1,1,0,1,1,1,1,1,1,1,1,1,1,5.1635,12,TRUE,5.38191518879963,4.96743631722971,0.414478871569923,0,26.6626
"BASELINE","Karonga",1,"month","incidence",2024-03-01,2024-04-01,0,0,0,0,0,0,0,0,0,0,0,0,0,0,0,0,0,0,1,1,1,1,1,0,0,0,0,0,0,1,1,1,1,1,8.539,12,TRUE,4.55812554557195,1.8539292778588,0,2.70419626771315,48.2033
"BASELINE","Karonga",2,"month","incidence",2024-03-01,2024-05-01,0,0,0,0,0,0,0,0,0,0,0,0,0,1,1,1,1,1,1,1,1,1,1,0,1,1,1,1,1,1,1,1,1,1,2.6709,12,TRUE,2.83576996037624,2.62185192842847,0,0.213918031947769,42.3352
"BASELINE","Karonga",3,"month","incidence",2024-03-01,2024-06-01,0,0,0,0,0,0,0,0,0,1,1,1,1,1,1,1,1,1,1,1,1,1,1,0,0,1,1,1,1,1,1,1,1,1,5.4117,12,TRUE,3.89086480422092,3.21109970289092,0.679765101330002,0,34.2526
"BASELINE","Kasungu",1,"month","incidence",2024-03-01,2024-04-01,0,0,0,0,1,1,1,1,1,1,1,1,1,1,1,1,1,1,1,1,1,1,1,0,0,0,0,0,0,0,1,1,1,1,17.4842,12,TRUE,9.69019235289952,3.01671177211,6.67348058078952,0,65.3948
"BASELINE","Kasungu",2,"month","incidence",2024-03-01,2024-05-01,0,0,0,0,0,0,0,0,0,0,0,0,0,0,0,0,0,0,0,1,1,1,1,0,0,0,0,0,0,0,1,1,1,1,22.2056,12,TRUE,12.0600061644895,4.26627470188854,0,7.793731462601,105.0846
"BASELINE","Kasungu",3,"month","incidence",2024-03-01,2024-06-01,0,0,0,0,0,1,1,1,1,1,1,1,1,1,1,1,1,1,1,1,1,1,1,0,0,0,0,0,0,1,1,1,1,1,21.2047,12,TRUE,11.2291873492784,5.22509806108567,6.00408928819278,0,61.6743
"BASELINE","Likoma",1,"month","incidence",2024-03-01,2024-04-01,0,0,0,0,0,0,0,0,0,0,0,0,0,0,0,0,0,1,1,1,1,1,1,0,0,0,0,0,1,1,1,1,1,1,10.9802,12,TRUE,5.75130777375083,2.74230659444429,0,3.00900117930654,27.5426
"BASELINE","Likoma",2,"month","incidence",2024-03-01,2024-05-01,0,0,0,0,0,0,0,0,0,0,0,0,0,0,0,0,0,0,0,1,1,1,1,0,0,0,0,0,0,0,1,1,1,1,23.3714,12,TRUE,12.7700738834427,3.73274997308223,0,9.03732391036052,39.9338
"BASELINE","Likoma",3,"month","incidence",2024-03-01,2024-06-01,0,0,0,0,0,0,0,0,0,0,0,0,0,0,0,0,1,1,1,1,1,1,1,0,0,0,0,1,1,1,1,1,1,1,15.2742,12,TRUE,7.84556380735631,4.41827001032544,0,3.42729379703087,31.8366
"BASELINE","Lilongwe",1,"month","incidence",2024-03-01,2024-04-01,0,0,0,0,0,0,0,0,0,0,0,0,0,0,0,0,0,0,0,0,0,1,1,0,0,0,0,0,0,0,0,0,1,1,14.7314,12,TRUE,8.81628501943868,1.90302596047057,0,6.9132590589681,49.5771
"BASELINE","Lilongwe",2,"month","incidence",2024-03-01,2024-05-01,0,0,0,0,0,0,0,0,0,0,0,0,0,0,0,0,0,1,1,1,1,1,1,0,0,0,0,0,1,1,1,1,1,1,9.4502,12,TRUE,5.05462965152035,2.69128512284557,0,2.36334452867477,44.2959
"BASELINE","Lilongwe",3,"month","incidence",2024-03-01,2024-06-01,0,0,0,0,0,0,0,0,0,1,1,1,1,1,1,1,1,1,1,1,1,1,1,0,0,1,1,1,1,1,1,1,1,1,5.9276,12,TRUE,4.0739076962876,3.29514405172241,0.77876364456519,0,28.9181
"BASELINE","Machinga",1,"month","incidence",2024-03-01,2024-04-01,0,0,0,0,0,0,0,0,0,0,0,0,0,0,0,0,0,0,0,0,0,0,1,0,0,0,0,0,0,0,0,0,0,1,18.7262,12,TRUE,12.1009199099207,1.95047709512084,0,10.1504428147999,57.4361
"BASELINE","Machinga",2,"month","incidence",2024-03-01,2024-05-01,0,0,0,0,0,0,0,0,0,0,0,0,0,0,0,0,0,0,0,1,1,1,1,0,0,0,0,0,0,0,1,1,1,1,14.2966,12,TRUE,7.75796793097574,2.75839116101797,0,4.99957676995778,53.0065
"BASELINE","Machinga",3,"month","incidence",2024-03-01,2024-06-01,0,0,0,0,0,0,0,0,0,1,1,1,1,1,1,1,1,1,1,1,1,1,1,0,0,1,1,1,1,1,1,1,1,1,5.654,12,TRUE,4.08489804416078,3.37832542774864,0.706572616412136,0,33.0559
"BASELINE","Mangochi",1,"month","incidence",2024-03-01,2024-04-01,0,0,0,0,0,0,0,0,0,0,0,0,0,0,0,0,0,0,0,0,0,0,0,0,0,0,0,0,0,0,0,0,0,0,15.4498,12,TRUE,11.22038256758,1.20451124103844,0,10.0158713265416,35.6503
"BASELINE","Mangochi",2,"month","incidence",2024-03-01,2024-05-01,0,0,0,0,0,0,0,0,0,0,0,0,0,0,0,0,0,0,0,0,0,0,0,0,0,0,0,0,0,0,0,0,0,0,20.0263,12,TRUE,14.0450005061345,1.7034361331074,0,12.3415643730271,40.2268
"BASELINE","Mangochi",3,"month","incidence",2024-03-01,2024-06-01,0,0,0,0,0,0,0,0,0,0,0,0,0,0,0,1,1,1,1,1,1,1,1,0,0,0,1,1,1,1,1,1,1,1,5.0576,12,TRUE,2.97252003779302,2.08403279925578,0,0.88848723853724,25.2581
"BASELINE","Mchinji",1,"month","incidence",2024-03-01,2024-04-01,0,0,0,0,0,0,0,0,0,0,0,0,0,0,0,0,0,0,0,1,1,1,1,0,0,0,0,0,0,0,1,1,1,1,20.0476,12,TRUE,11.1035452130583,3.47194492246911,0,7.63160029058914,87.8526
"BASELINE","Mchinji",2,"month","incidence",2024-03-01,2024-05-01,0,0,0,0,0,0,0,0,0,0,0,0,0,1,1,1,1,1,1,1,1,1,1,0,1,1,1,1,1,1,1,1,1,1,3.84549999999999,12,TRUE,5.1598482421239,4.91007159716822,0,0.249776644955677,71.6505
"BASELINE","Mchinji",3,"month","incidence",2024-03-01,2024-06-01,0,0,0,0,0,0,1,1,1,1,1,1,1,1,1,1,1,1,1,1,1,1,1,0,0,0,0,0,1,1,1,1,1,1,19.8788,12,TRUE,10.7026217090697,6.01358500679728,4.68903670227243,0,47.9262
"BASELINE","Mulanje",1,"month","incidence",2024-03-01,2024-04-01,0,0,0,0,0,0,0,0,0,0,0,0,0,0,0,0,0,0,1,1,1,1,1,0,0,0,0,0,0,1,1,1,1,1,10.8091,12,TRUE,5.73730957551406,2.57207109441604,0,3.16523848109803,70.0309
"BASELINE","Mulanje",2,"month","incidence",2024-03-01,2024-05-01,0,0,0,0,0,0,0,0,0,0,0,0,0,0,0,0,0,0,0,1,1,1,1,0,0,0,0,0,0,0,1,1,1,1,19.4106,12,TRUE,10.5941509774185,3.63745782511097,0,6.95669315230754,78.6324
"BASELINE","Mulanje",3,"month","incidence",2024-03-01,2024-06-01,0,0,0,0,0,0,0,0,1,1,1,1,1,1,1,1,1,1,1,1,1,1,1,0,0,0,1,1,1,1,1,1,1,1,10.8897,12,TRUE,6.37955656292469,4.45495781620786,1.92459874671683,0,48.3321
"BASELINE","Mwanza",1,"month","incidence",2024-03-01,2024-04-01,0,0,0,0,0,0,0,0,0,0,0,0,0,0,0,0,0,0,1,1,1,1,1,0,0,0,0,0,0,1,1,1,1,1,18.2806,12,TRUE,9.71102028689978,4.29500813915146,0,5.41601214774832,108.1036
"BASELINE","Mwanza",2,"month","incidence",2024-03-01,2024-05-01,0,0,0,0,0,0,0,0,0,0,0,0,0,0,0,0,0,0,0,0,1,1,1,0,0,0,0,0,0,0,0,1,1,1,42.9012,12,TRUE,25.0845538672173,6.07405876089082,0,19.0104951063264,132.7242
"BASELINE","Mwanza",3,"month","incidence",2024-03-01,2024-06-01,0,0,0,0,0,0,0,0,0,0,0,1,1,1,1,1,1,1,1,1,1,1,1,1,1,1,1,1,1,1,1,1,1,1,2.89279999999999,12,TRUE,7.56494622897566,7.43917231593218,0.125773913043478,0,86.9302
"BASELINE","Mzimba",1,"month","incidence",2024-03-01,2024-04-01,0,0,0,0,0,0,0,0,0,0,1,1,1,1,1,1,1,1,1,1,1,1,1,0,1,1,1,1,1,1,1,1,1,1,2.5243,12,TRUE,2.35766122781372,2.13805360503125,0.219607622782472,0,47.2507
"BASELINE","Mzimba",2,"month","incidence",2024-03-01,2024-05-01,0,0,0,0,0,0,0,0,0,0,0,0,0,0,0,0,0,0,0,0,0,0,1,0,0,0,0,0,0,0,0,0,0,1,28.9061,12,TRUE,18.6462194654967,3.02366440531588,0,15.6225550601808,78.6811
"BASELINE","Mzimba",3,"month","incidence",2024-03-01,2024-06-01,0,0,0,1,1,1,1,1,1,1,1,1,1,1,1,1,1,1,1,1,1,1,1,0,0,0,0,0,0,0,0,1,1,1,26.0313,12,TRUE,15.2013945668609,3.70321747321992,11.498177093641,0,23.7437
"BASELINE","Neno",1,"month","incidence",2024-03-01,2024-04-01,0,0,0,0,0,0,0,0,0,0,0,0,0,0,0,0,0,0,0,1,1,1,1,0,0,0,0,0,0,0,1,1,1,1,33.3272,12,TRUE,17.987242488442,6.60203729123669,0,11.3852051972053,210.0251
"BASELINE","Neno",2,"month","incidence",2024-03-01,2024-05-01,0,0,0,0,0,0,0,0,0,0,0,1,1,1,1,1,1,1,1,1,1,1,1,1,1,1,1,1,1,1,1,1,1,1,4.37100000000001,12,TRUE,9.52673415482072,9.33669067655985,0.19004347826087,0,172.3269
"BASELINE","Neno",3,"month","incidence",2024-03-01,2024-06-01,0,0,0,0,1,1,1,1,1,1,1,1,1,1,1,1,1,1,1,1,1,1,1,0,0,0,0,0,0,0,1,1,1,1,64.1868,12,TRUE,35.3694241776021,11.4350640218863,23.9343601557158,0,112.5111
"BASELINE","Nkhatabay",1,"month","incidence",2024-03-01,2024-04-01,0,0,0,0,0,0,0,0,0,0,0,0,0,0,0,1,1,1,1,1,1,1,1,0,0,0,1,1,1,1,1,1,1,1,7.5347,12,TRUE,4.44374120633838,3.12553610191498,0,1.3182051044234,83.9967
"BASELINE","Nkhatabay",2,"month","incidence",2024-03-01,2024-05-01,0,0,0,0,0,0,0,0,0,0,0,0,0,0,0,0,0,1,1,1,1,1,1,0,0,0,0,0,1,1,1,1,1,1,16.5401,12,TRUE,8.78911709720508,4.4201755450149,0,4.36894155219018,93.0021
"BASELINE","Nkhatabay",3,"month","incidence",2024-03-01,2024-06-01,0,0,0,0,0,0,0,0,0,0,0,0,0,0,0,1,1,1,1,1,1,1,1,0,0,0,1,1,1,1,1,1,1,1,13.1984,12,TRUE,7.74180369556442,5.41358732940752,0,2.3282163661569,89.6604
"BASELINE","Nkhotakota",1,"month","incidence",2024-03-01,2024-04-01,0,0,0,0,0,0,0,0,0,0,0,0,0,0,0,0,0,0,1,1,1,1,1,0,0,0,0,0,0,1,1,1,1,1,11.7062,12,TRUE,6.19300834154661,2.92699394175971,0,3.2660143997869,76.86
"BASELINE","Nkhotakota",2,"month","incidence",2024-03-01,2024-05-01,0,0,0,0,0,0,0,0,0,0,0,0,0,0,0,0,0,0,0,0,1,1,1,0,0,0,0,0,0,0,0,1,1,1,24.9257,12,TRUE,13.9084698477484,4.13939452942047,0,9.76907531832796,90.0795
"BASELINE","Nkhotakota",3,"month","incidence",2024-03-01,2024-06-01,0,0,0,0,0,0,0,0,0,0,0,0,0,0,0,0,0,0,0,1,1,1,1,0,0,0,0,0,0,0,1,1,1,1,26.5042,12,TRUE,14.4073459297258,5.06970222057412,0,9.33764370915169,91.658
"BASELINE","Nsanje",1,"month","incidence",2024-03-01,2024-04-01,0,0,0,0,0,0,0,0,0,0,0,0,0,0,0,0,1,1,1,1,1,1,1,0,0,0,0,1,1,1,1,1,1,1,6.1722,12,TRUE,3.55849050581414,2.41174031369402,0,1.14675019212012,42.4862
"BASELINE","Nsanje",2,"month","incidence",2024-03-01,2024-05-01,0,0,0,0,0,0,0,0,0,0,0,0,0,0,0,0,0,0,1,1,1,1,1,0,0,0,0,0,0,1,1,1,1,1,15.819,12,TRUE,8.44683464845198,3.40991121414626,0,5.03692343430572,52.133
"BASELINE","Nsanje",3,"month","incidence",2024-03-01,2024-06-01,0,0,0,0,0,0,0,0,0,0,0,0,0,0,1,1,1,1,1,1,1,1,1,0,0,1,1,1,1,1,1,1,1,1,6.368,12,TRUE,4.90279557742869,4.16458389923738,0,0.738211678191313,42.682
"BASELINE","Ntcheu",1,"month","incidence",2024-03-01,2024-04-01,0,0,0,0,0,0,0,0,0,0,0,0,0,0,0,0,0,0,0,1,1,1,1,0,0,0,0,0,0,0,1,1,1,1,13.5789,12,TRUE,7.47209086167619,2.43746028876563,0,5.03463057291056,52.3153
"BASELINE","Ntcheu",2,"month","incidence",2024-03-01,2024-05-01,0,0,0,0,0,0,0,0,0,0,0,0,0,0,0,0,0,0,0,0,1,1,1,0,0,0,0,0,0,0,0,1,1,1,25.0015,12,TRUE,14.7195991652305,3.4470893981182,0,11.2725097671123,63.7379
"BASELINE","Ntcheu",3,"month","incidence",2024-03-01,2024-06-01,0,0,0,0,0,0,0,0,0,1,1,1,1,1,1,1,1,1,1,1,1,1,1,0,0,1,1,1,1,1,1,1,1,1,6.7192,12,TRUE,5.02285971979497,4.21519092656149,0.807668793233476,0,32.0172
"BASELINE","Ntchisi",1,"month","incidence",2024-03-01,2024-04-01,0,0,0,0,0,0,0,0,0,0,0,0,0,0,0,0,0,0,0,1,1,1,1,0,0,0,0,0,0,0,1,1,1,1,18.1524,12,TRUE,9.75669581576924,3.66721005981875,0,6.08948575595049,96.5269
"BASELINE","Ntchisi",2,"month","incidence",2024-03-01,2024-05-01,0,0,0,0,0,0,0,0,0,0,0,0,0,0,0,0,0,1,1,1,1,1,1,0,0,0,0,0,1,1,1,1,1,1,16.9797,12,TRUE,9.15163314740971,5.18621820266672,0,3.96541494474299,95.3542
"BASELINE","Ntchisi",3,"month","incidence",2024-03-01,2024-06-01,0,0,0,0,0,0,0,0,0,0,0,1,1,1,1,1,1,1,1,1,1,1,1,1,1,1,1,1,1,1,1,1,1,1,0.745499999999993,12,TRUE,6.38420718911203,6.35179414563377,0.0324130434782606,0,77.629
"BASELINE","Phalombe",1,"month","incidence",2024-03-01,2024-04-01,0,0,0,0,0,0,0,0,0,0,0,0,0,0,0,0,0,0,0,0,1,1,1,0,0,0,0,0,0,0,0,1,1,1,10.7314,12,TRUE,6.39269288073117,1.41120306966173,0,4.98148981106944,37.5996
"BASELINE","Phalombe",2,"month","incidence",2024-03-01,2024-05-01,0,0,0,0,0,0,0,0,0,0,0,0,0,0,0,0,0,0,1,1,1,1,1,0,0,0,0,0,0,1,1,1,1,1,9.2517,12,TRUE,4.94043543646797,1.99574252037816,0,2.94469291608981,36.1199
"BASELINE","Phalombe",3,"month","incidence",2024-03-01,2024-06-01,0,0,0,0,0,0,1,1,1,1,1,1,1,1,1,1,1,1,1,1,1,1,1,0,0,0,0,0,1,1,1,1,1,1,9.0369,12,TRUE,4.80786429210428,2.44427541645128,2.363588875653,0,17.8313
"BASELINE","Rumphi",1,"month","incidence",2024-03-01,2024-04-01,0,0,0,0,0,0,0,0,0,0,0,0,0,0,0,0,0,0,0,0,0,1,1,0,0,0,0,0,0,0,0,0,1,1,23.4203,12,TRUE,14.7476488041007,2.61041695811894,0,12.1372318459818,59.4701
"BASELINE","Rumphi",2,"month","incidence",2024-03-01,2024-05-01,0,0,0,0,0,0,0,0,0,0,0,0,0,0,0,0,0,0,0,0,1,1,1,0,0,0,0,0,0,0,0,1,1,1,22.7032,12,TRUE,12.7503688988291,3.68798508169287,0,9.06238381713624,58.753
"BASELINE","Rumphi",3,"month","incidence",2024-03-01,2024-06-01,0,0,0,0,0,0,0,0,0,0,0,1,1,1,1,1,1,1,1,1,1,1,1,1,1,1,1,1,1,1,1,1,1,1,1.7772,12,TRUE,4.57501884943892,4.49774928422153,0.0772695652173913,0,34.2726
"BASELINE","Salima",1,"month","incidence",2024-03-01,2024-04-01,0,0,0,0,0,0,0,0,0,0,0,0,0,0,0,0,0,0,0,0,1,1,1,0,0,0,0,0,0,0,0,1,1,1,28.6491,12,TRUE,16.8775638096269,3.94042692167088,0,12.937136887956,85.029
"BASELINE","Salima",2,"month","incidence",2024-03-01,2024-05-01,0,0,0,0,0,0,0,0,0,0,0,0,0,0,0,0,0,0,0,1,1,1,1,0,0,0,0,0,0,0,1,1,1,1,32.5887,12,TRUE,18.086125376782,5.56872373459056,0,12.5174016421914,88.9686
"BASELINE","Salima",3,"month","incidence",2024-03-01,2024-06-01,0,0,0,0,0,0,0,0,0,0,0,0,1,1,1,1,1,1,1,1,1,1,1,1,1,1,1,1,1,1,1,1,1,1,1.6352,12,TRUE,6.86642595510185,6.79533030292794,0,0.0710956521739129,58.0151
"BASELINE","Thyolo",1,"month","incidence",2024-03-01,2024-04-01,0,0,0,0,0,0,0,0,0,0,0,0,0,0,0,0,0,0,0,1,1,1,1,0,0,0,0,0,0,0,1,1,1,1,6.9578,12,TRUE,3.76452247423751,1.36197192296105,0,2.40255055127646,28.2419
"BASELINE","Thyolo",2,"month","incidence",2024-03-01,2024-05-01,0,0,0,0,0,0,0,0,0,0,0,0,0,0,0,0,0,0,0,0,0,0,1,0,0,0,0,0,0,0,0,0,0,1,19.276,12,TRUE,12.6653136405666,1.92611916502288,0,10.7391944755437,40.5601
"BASELINE","Thyolo",3,"month","incidence",2024-03-01,2024-06-01,0,0,0,0,0,0,0,0,0,0,0,1,1,1,1,1,1,1,1,1,1,1,1,1,1,1,1,1,1,1,1,1,1,1,0.736999999999998,12,TRUE,2.3862550690038,2.35421159074293,0.0320434782608695,0,20.5471
"BASELINE","Zomba",1,"month","incidence",2024-03-01,2024-04-01,0,0,0,0,0,0,0,0,0,0,0,0,0,1,1,1,1,1,1,1,1,1,1,0,1,1,1,1,1,1,1,1,1,1,1.5785,12,TRUE,2.29962491518165,2.2069139759005,0,0.0927109392811539,62.6197
"BASELINE","Zomba",2,"month","incidence",2024-03-01,2024-05-01,0,0,0,0,0,0,0,0,0,0,0,0,0,0,0,0,0,0,0,0,0,0,1,0,0,0,0,0,0,0,0,0,0,1,31.1077,12,TRUE,20.4068904057867,3.12104767570921,0,17.2858427300775,92.1489
"BASELINE","Zomba",3,"month","incidence",2024-03-01,2024-06-01,0,0,0,0,0,0,0,0,0,0,1,1,1,1,1,1,1,1,1,1,1,1,1,0,1,1,1,1,1,1,1,1,1,1,3.9142,12,TRUE,4.13700081756579,3.8224871341935,0.314513683372287,0,57.127
"BASELINE","Balaka",1,"month","incidence",2024-04-01,2024-05-01,0,0,0,0,0,0,0,0,0,0,0,0,0,0,0,1,1,1,1,1,1,1,1,0,0,0,1,1,1,1,1,1,1,1,5.7393,12,TRUE,3.56902760974626,2.64841902124939,0,0.920608588496862,52.4572
"BASELINE","Balaka",2,"month","incidence",2024-04-01,2024-06-01,0,0,0,0,1,1,1,1,1,1,1,1,1,1,1,1,1,1,1,1,1,1,1,0,0,0,0,0,0,0,1,1,1,1,20.969,12,TRUE,11.5492043931797,3.74543009869777,7.80377429448194,0,25.7489
"BASELINE","Balaka",3,"month","incidence",2024-04-01,2024-07-01,0,0,0,0,1,1,1,1,1,1,1,1,1,1,1,1,1,1,1,1,1,1,1,0,0,0,0,0,0,0,1,1,1,1,25.1466,12,TRUE,13.7929392328043,4.58426878045106,9.20867045235325,0,21.5713
"BASELINE","Blantyre",1,"month","incidence",2024-04-01,2024-05-01,0,0,0,1,1,1,1,1,1,1,1,1,1,1,1,1,1,1,1,1,1,1,1,0,0,0,0,0,0,0,0,1,1,1,10.5118,12,TRUE,5.99398181617911,1.62794106839231,4.3660407477868,0,41.2057
"BASELINE","Blantyre",2,"month","incidence",2024-04-01,2024-06-01,0,1,1,1,1,1,1,1,1,1,1,1,1,1,1,1,1,1,1,1,1,1,1,0,0,0,0,0,0,0,0,0,0,1,23.4214,12,TRUE,15.4866206434998,2.30225633766455,13.1843643058353,0,28.2961
"BASELINE","Blantyre",3,"month","incidence",2024-04-01,2024-07-01,0,0,1,1,1,1,1,1,1,1,1,1,1,1,1,1,1,1,1,1,1,1,1,0,0,0,0,0,0,0,0,0,1,1,25.4964,12,TRUE,16.0939723019912,2.81967664218344,13.2742956598078,0,26.2211
"BASELINE","Chikwawa",1,"month","incidence",2024-04-01,2024-05-01,0,0,0,0,0,0,0,0,0,0,0,0,0,0,0,0,0,0,0,1,1,1,1,0,0,0,0,0,0,0,1,1,1,1,11.6541,12,TRUE,6.3226737605663,2.25093615530821,0,4.07173760525809,45.3225
"BASELINE","Chikwawa",2,"month","incidence",2024-04-01,2024-06-01,0,0,0,0,0,0,0,0,0,1,1,1,1,1,1,1,1,1,1,1,1,1,1,0,0,1,1,1,1,1,1,1,1,1,4.2087,12,TRUE,3.6049010823435,3.18235836153064,0.422542720812868,0,29.4597
"BASELINE","Chikwawa",3,"month","incidence",2024-04-01,2024-07-01,0,0,0,0,0,0,0,0,0,0,1,1,1,1,1,1,1,1,1,1,1,1,1,0,1,1,1,1,1,1,1,1,1,1,4.4506,12,TRUE,4.26679364349037,3.88622511272527,0.380568530765095,0,29.2178
"BASELINE","Chiradzulu",1,"month","incidence",2024-04-01,2024-05-01,0,0,0,0,0,0,0,0,0,0,0,0,0,0,0,0,0,0,0,0,0,0,0,0,0,0,0,0,0,0,0,0,0,0,29.4272,12,TRUE,22.9442597645676,1.84630023243904,0,21.0979595321285,72.8802
"BASELINE","Chiradzulu",2,"month","incidence",2024-04-01,2024-06-01,0,0,0,1,1,1,1,1,1,1,1,1,1,1,1,1,1,1,1,1,1,1,1,0,0,0,0,0,0,0,0,1,1,1,17.0066,12,TRUE,9.72218670555118,2.61106282892789,7.11112387662329,0,26.4464
"BASELINE","Chiradzulu",3,"month","incidence",2024-04-01,2024-07-01,0,1,1,1,1,1,1,1,1,1,1,1,1,1,1,1,1,1,1,1,1,1,1,0,0,0,0,0,0,0,0,0,0,1,30.2601,12,TRUE,19.4361436293185,3.19788580861065,16.2382578207079,0,13.1929
"BASELINE","Chitipa",1,"month","incidence",2024-04-01,2024-05-01,0,0,0,0,0,0,0,0,0,0,1,1,1,1,1,1,1,1,1,1,1,1,1,0,1,1,1,1,1,1,1,1,1,1,1.5389,12,TRUE,2.26121963642987,2.17187706595329,0.0893425704765796,0,44.9183
"BASELINE","Chitipa",2,"month","incidence",2024-04-01,2024-06-01,0,0,0,1,1,1,1,1,1,1,1,1,1,1,1,1,1,1,1,1,1,1,1,0,0,0,0,0,0,0,0,1,1,1,21.801,12,TRUE,12.7636730119904,3.07149800247823,9.6921750095122,0,24.6562
"BASELINE","Chitipa",3,"month","incidence",2024-04-01,2024-07-01,0,0,0,1,1,1,1,1,1,1,1,1,1,1,1,1,1,1,1,1,1,1,1,0,0,0,0,0,0,0,0,1,1,1,26.5673,12,TRUE,15.5336704528355,3.76180142602473,11.7718690268108,0,19.8899
"BASELINE","Dedza",1,"month","incidence",2024-04-01,2024-05-01,0,0,0,0,0,0,0,0,0,0,0,0,0,0,0,1,1,1,1,1,1,1,1,0,0,0,1,1,1,1,1,1,1,1,3.5397,12,TRUE,2.41566110521023,1.94510885931378,0,0.470552245896452,38.227
"BASELINE","Dedza",2,"month","incidence",2024-04-01,2024-06-01,0,0,0,0,0,1,1,1,1,1,1,1,1,1,1,1,1,1,1,1,1,1,1,0,0,0,0,0,0,1,1,1,1,1,12.8908,12,TRUE,6.88806043208272,2.75079932913361,4.13726110294911,0,21.7965
"BASELINE","Dedza",3,"month","incidence",2024-04-01,2024-07-01,0,0,0,1,1,1,1,1,1,1,1,1,1,1,1,1,1,1,1,1,1,1,1,0,0,0,0,0,0,0,0,1,1,1,21.192,12,TRUE,11.9872013375382,3.36720400153881,8.61999733599936,0,13.4953
"BASELINE","Dowa",1,"month","incidence",2024-04-01,2024-05-01,0,0,0,0,0,0,0,0,0,0,0,0,0,0,1,1,1,1,1,1,1,1,1,0,0,1,1,1,1,1,1,1,1,1,4.9239,12,TRUE,3.54919328685977,2.93235566455639,0,0.616837622303385,47.9188
"BASELINE","Dowa",2,"month","incidence",2024-04-01,2024-06-01,0,0,0,0,0,0,1,1,1,1,1,1,1,1,1,1,1,1,1,1,1,1,1,0,0,0,0,0,1,1,1,1,1,1,16.3323,12,TRUE,8.63344322227836,4.14499176629614,4.48845145598222,0,26.6626
"BASELINE","Dowa",3,"month","incidence",2024-04-01,2024-07-01,0,0,0,0,1,1,1,1,1,1,1,1,1,1,1,1,1,1,1,1,1,1,1,0,0,0,0,0,0,0,1,1,1,1,26.8134,12,TRUE,14.5847929695687,5.06005584104627,9.5247371285224,0,16.1815
"BASELINE","Karonga",1,"month","incidence",2024-04-01,2024-05-01,0,0,0,0,0,0,0,1,1,1,1,1,1,1,1,1,1,1,1,1,1,1,1,0,0,0,0,1,1,1,1,1,1,1,5.8681,12,TRUE,3.18217242821512,1.86892150778007,1.31325092043505,0,42.3352
"BASELINE","Karonga",2,"month","incidence",2024-04-01,2024-06-01,0,0,0,0,1,1,1,1,1,1,1,1,1,1,1,1,1,1,1,1,1,1,1,0,0,0,0,0,0,0,1,1,1,1,13.9507,12,TRUE,7.59785625115318,2.64305414331335,4.95480210783982,0,34.2526
"BASELINE","Karonga",3,"month","incidence",2024-04-01,2024-07-01,0,0,0,0,0,0,0,0,0,0,0,1,1,1,1,1,1,1,1,1,1,1,1,1,1,1,1,1,1,1,1,1,1,1,1.4416,12,TRUE,3.29974526770289,3.23706700683332,0.0626782608695653,0,46.7617
"BASELINE","Kasungu",1,"month","incidence",2024-04-01,2024-05-01,0,0,0,0,0,0,0,0,0,0,0,0,0,0,0,0,0,0,0,0,0,0,0,0,0,0,0,0,0,0,0,0,0,0,39.6898,12,TRUE,28.9790277694228,3.05035995100413,0,25.9286678184187,105.0846
"BASELINE","Kasungu",2,"month","incidence",2024-04-01,2024-06-01,0,0,0,0,0,0,0,0,0,0,1,1,1,1,1,1,1,1,1,1,1,1,1,0,1,1,1,1,1,1,1,1,1,1,3.7205,12,TRUE,4.57790907144745,4.31386041282976,0.264048658617686,0,61.6743
"BASELINE","Kasungu",3,"month","incidence",2024-04-01,2024-07-01,0,0,0,0,1,1,1,1,1,1,1,1,1,1,1,1,1,1,1,1,1,1,1,0,0,0,0,0,0,0,1,1,1,1,28.2003,12,TRUE,15.3921969955339,5.28337841651246,10.1088185790215,0,37.1945
"BASELINE","Likoma",1,"month","incidence",2024-04-01,2024-05-01,0,0,0,0,0,0,0,0,0,0,0,0,0,0,0,0,0,0,1,1,1,1,1,0,0,0,0,0,0,1,1,1,1,1,12.3912,12,TRUE,6.59386442551386,2.81060116089671,0,3.78326326461715,39.9338
"BASELINE","Likoma",2,"month","incidence",2024-04-01,2024-06-01,0,0,0,0,0,0,0,0,0,0,0,0,0,1,1,1,1,1,1,1,1,1,1,0,1,1,1,1,1,1,1,1,1,1,4.294,12,TRUE,4.28743081552801,3.93138899917533,0,0.356041816352684,31.8366
"BASELINE","Likoma",3,"month","incidence",2024-04-01,2024-07-01,0,0,0,0,0,0,0,0,0,0,0,0,0,0,0,0,1,1,1,1,1,1,1,0,0,0,0,1,1,1,1,1,1,1,12.3912,12,TRUE,7.03966299382293,4.75383409184844,0,2.2858289019745,39.9338
"BASELINE","Lilongwe",1,"month","incidence",2024-04-01,2024-05-01,0,0,0,0,0,0,0,1,1,1,1,1,1,1,1,1,1,1,1,1,1,1,1,0,0,0,0,1,1,1,1,1,1,1,5.2812,12,TRUE,2.98741298342903,1.94253650503591,1.04487647839312,0,44.2959
"BASELINE","Lilongwe",2,"month","incidence",2024-04-01,2024-06-01,0,0,0,1,1,1,1,1,1,1,1,1,1,1,1,1,1,1,1,1,1,1,1,0,0,0,0,0,0,0,0,1,1,1,20.659,12,TRUE,12.2733427326248,2.74716147082661,9.52618126179815,0,28.9181
"BASELINE","Lilongwe",3,"month","incidence",2024-04-01,2024-07-01,0,0,1,1,1,1,1,1,1,1,1,1,1,1,1,1,1,1,1,1,1,1,1,0,0,0,0,0,0,0,0,0,1,1,30.0053,12,TRUE,18.8586101164728,3.36457192227947,15.4940381941934,0,19.5718
"BASELINE","Machinga",1,"month","incidence",2024-04-01,2024-05-01,0,0,0,0,0,0,0,0,1,1,1,1,1,1,1,1,1,1,1,1,1,1,1,0,0,0,1,1,1,1,1,1,1,1,4.4296,12,TRUE,2.73636344719417,2.01757762290869,0.718785824285485,0,53.0065
"BASELINE","Machinga",2,"month","incidence",2024-04-01,2024-06-01,0,0,1,1,1,1,1,1,1,1,1,1,1,1,1,1,1,1,1,1,1,1,1,0,0,0,0,0,0,0,0,0,1,1,24.3802,12,TRUE,15.1126749803302,2.85328563745793,12.2593893428723,0,33.0559
"BASELINE","Machinga",3,"month","incidence",2024-04-01,2024-07-01,0,0,0,1,1,1,1,1,1,1,1,1,1,1,1,1,1,1,1,1,1,1,1,0,0,0,0,0,0,0,0,1,1,1,24.545,12,TRUE,14.330423755791,3.49454695109189,10.8358768046992,0,32.8911
"BASELINE","Mangochi",1,"month","incidence",2024-04-01,2024-05-01,0,0,0,0,0,0,0,0,0,0,0,0,0,0,0,0,0,1,1,1,1,1,1,0,0,0,0,0,1,1,1,1,1,1,4.5765,12,TRUE,2.44268757960295,1.27743748807197,0,1.16525009153098,40.2268
"BASELINE","Mangochi",2,"month","incidence",2024-04-01,2024-06-01,0,0,0,0,1,1,1,1,1,1,1,1,1,1,1,1,1,1,1,1,1,1,1,0,0,0,0,0,0,0,1,1,1,1,10.3922,12,TRUE,5.75195652987095,1.8065694207152,3.94538710915575,0,25.2581
"BASELINE","Mangochi",3,"month","incidence",2024-04-01,2024-07-01,0,0,0,1,1,1,1,1,1,1,1,1,1,1,1,1,1,1,1,1,1,1,1,0,0,0,0,0,0,0,0,1,1,1,13.6401,12,TRUE,7.6685255511154,2.21258663283381,5.45593891828159,0,22.0102
"BASELINE","Mchinji",1,"month","incidence",2024-04-01,2024-05-01,0,0,0,0,0,1,1,1,1,1,1,1,1,1,1,1,1,1,1,1,1,1,1,0,0,0,0,0,0,1,1,1,1,1,16.2021,12,TRUE,8.64908353297643,3.51500349818426,5.13408003479217,0,71.6505
"BASELINE","Mchinji",2,"month","incidence",2024-04-01,2024-06-01,0,0,1,1,1,1,1,1,1,1,1,1,1,1,1,1,1,1,1,1,1,1,1,0,0,0,0,0,0,0,0,0,1,1,39.9264,12,TRUE,24.2238351959469,4.97096561892105,19.2528695770259,0,47.9262
"BASELINE","Mchinji",3,"month","incidence",2024-04-01,2024-07-01,0,0,1,1,1,1,1,1,1,1,1,1,1,1,1,1,1,1,1,1,1,1,1,0,0,0,0,0,0,0,0,0,1,1,51.6728,12,TRUE,31.9588779638687,6.08816464763748,25.8707133162312,0,36.1798
"BASELINE","Mulanje",1,"month","incidence",2024-04-01,2024-05-01,0,0,0,0,0,0,0,0,0,0,0,0,0,0,0,0,0,1,1,1,1,1,1,0,0,0,0,0,1,1,1,1,1,1,8.6015,12,TRUE,4.61959767784113,2.54472994054978,0,2.07486773729135,78.6324
"BASELINE","Mulanje",2,"month","incidence",2024-04-01,2024-06-01,0,0,0,1,1,1,1,1,1,1,1,1,1,1,1,1,1,1,1,1,1,1,1,0,0,0,0,0,0,0,0,1,1,1,21.6988,12,TRUE,12.1130101727022,3.59879159450238,8.51421857819982,0,48.3321
"BASELINE","Mulanje",3,"month","incidence",2024-04-01,2024-07-01,0,0,1,1,1,1,1,1,1,1,1,1,1,1,1,1,1,1,1,1,1,1,1,0,0,0,0,0,0,0,0,0,1,1,35.3474,12,TRUE,21.433830700345,4.40760154857395,17.026229151771,0,34.6835
"BASELINE","Mwanza",1,"month","incidence",2024-04-01,2024-05-01,0,0,0,0,0,0,0,0,0,0,0,0,0,0,0,0,0,0,0,1,1,1,1,0,0,0,0,0,0,0,1,1,1,1,24.6206,12,TRUE,13.6018579804953,4.32466640142707,0,9.27719157906823,132.7242
"BASELINE","Mwanza",2,"month","incidence",2024-04-01,2024-06-01,0,0,0,0,0,0,1,1,1,1,1,1,1,1,1,1,1,1,1,1,1,1,1,0,0,0,0,0,1,1,1,1,1,1,21.1734,12,TRUE,11.3421364708853,6.11600187763741,5.22613459324786,0,86.9302
"BASELINE","Mwanza",3,"month","incidence",2024-04-01,2024-07-01,0,0,0,1,1,1,1,1,1,1,1,1,1,1,1,1,1,1,1,1,1,1,1,0,0,0,0,0,0,0,0,1,1,1,51.5094,12,TRUE,29.9021659550729,7.49054193305775,22.4116240220152,0,56.5942
"BASELINE","Mzimba",1,"month","incidence",2024-04-01,2024-05-01,0,0,0,0,0,0,0,0,0,0,0,0,0,0,0,0,0,0,0,0,0,0,0,0,0,0,0,0,0,0,0,0,0,0,31.4304,12,TRUE,23.9347849208633,2.13470360057401,0,21.8000813202893,78.6811
"BASELINE","Mzimba",2,"month","incidence",2024-04-01,2024-06-01,0,0,1,1,1,1,1,1,1,1,1,1,1,1,1,1,1,1,1,1,1,1,1,0,0,0,0,0,0,0,0,0,1,1,23.507,12,TRUE,14.0994760956374,3.01892678357845,11.080549312059,0,23.7437
"BASELINE","Mzimba",3,"month","incidence",2024-04-01,2024-07-01,0,0,0,1,1,1,1,1,1,1,1,1,1,1,1,1,1,1,1,1,1,1,1,0,0,0,0,0,0,0,0,1,1,1,28.1461,12,TRUE,16.7708363144296,3.69741509529441,13.0734212191352,0,19.1046
"BASELINE","Neno",1,"month","incidence",2024-04-01,2024-05-01,0,0,0,0,1,1,1,1,1,1,1,1,1,1,1,1,1,1,1,1,1,1,1,0,0,0,0,0,0,0,1,1,1,1,37.6982,12,TRUE,20.8509635076065,6.5790160576943,14.2719474499122,0,172.3269
"BASELINE","Neno",2,"month","incidence",2024-04-01,2024-06-01,0,1,1,1,1,1,1,1,1,1,1,1,1,1,1,1,1,1,1,1,1,1,1,0,0,0,0,0,0,0,0,0,0,1,97.514,12,TRUE,65.1983206586328,9.30413373586165,55.8941869227711,0,112.5111
"BASELINE","Neno",3,"month","incidence",2024-04-01,2024-07-01,1,1,1,1,1,1,1,1,1,1,1,1,1,1,1,1,1,1,1,1,1,1,1,0,0,0,0,0,0,0,0,0,0,0,125.7074,12,TRUE,85.6953072024971,11.395190075738,74.3001171267591,0,84.3177
"BASELINE","Nkhatabay",1,"month","incidence",2024-04-01,2024-05-01,0,0,0,0,0,0,0,0,0,0,0,0,0,0,0,0,1,1,1,1,1,1,1,0,0,0,0,1,1,1,1,1,1,1,9.00539999999999,12,TRUE,5.00854978609111,3.13195316597211,0,1.876596620119,93.0021
"BASELINE","Nkhatabay",2,"month","incidence",2024-04-01,2024-06-01,0,0,0,0,0,0,0,0,0,0,0,0,0,0,1,1,1,1,1,1,1,1,1,0,0,1,1,1,1,1,1,1,1,1,5.66369999999999,12,TRUE,4.9753753285518,4.42925064403511,0,0.546124684516693,89.6604
"BASELINE","Nkhatabay",3,"month","incidence",2024-04-01,2024-07-01,0,0,0,0,0,0,0,0,0,0,0,0,0,0,0,0,0,1,1,1,1,1,1,0,0,0,0,0,1,1,1,1,1,1,19.7452,12,TRUE,10.5216689615223,5.42470201038989,0,5.09696695113243,103.7419
"BASELINE","Nkhotakota",1,"month","incidence",2024-04-01,2024-05-01,0,0,0,0,0,0,0,0,0,0,0,0,0,0,0,0,0,0,1,1,1,1,1,0,0,0,0,0,0,1,1,1,1,1,13.2195,12,TRUE,7.04575347934697,2.94495053627844,0,4.10080294306853,90.0795
"BASELINE","Nkhotakota",2,"month","incidence",2024-04-01,2024-06-01,0,0,0,0,0,0,0,0,0,0,0,0,0,0,0,0,0,1,1,1,1,1,1,0,0,0,0,0,1,1,1,1,1,1,14.798,12,TRUE,7.90517355930096,4.16478898892289,0,3.74038457037807,91.658
"BASELINE","Nkhotakota",3,"month","incidence",2024-04-01,2024-07-01,0,0,0,0,0,0,0,0,0,0,0,0,0,0,1,1,1,1,1,1,1,1,1,0,0,1,1,1,1,1,1,1,1,1,7.2286,12,TRUE,5.88324873508365,5.10080395461147,0,0.782444780472179,84.0886
"BASELINE","Nsanje",1,"month","incidence",2024-04-01,2024-05-01,0,0,0,0,0,0,0,0,0,0,0,0,0,0,0,0,0,0,1,1,1,1,1,0,0,0,0,0,0,1,1,1,1,1,9.64680000000001,12,TRUE,5.10527705355388,2.39985652420674,0,2.70542052934715,52.133
"BASELINE","Nsanje",2,"month","incidence",2024-04-01,2024-06-01,0,0,0,0,0,0,0,0,0,0,0,0,1,1,1,1,1,1,1,1,1,1,1,1,1,1,1,1,1,1,1,1,1,1,0.195800000000006,12,TRUE,3.40242268776099,3.39390964428272,0,0.00851304347826111,42.682
"BASELINE","Nsanje",3,"month","incidence",2024-04-01,2024-07-01,0,0,0,0,0,0,0,0,0,0,0,0,1,1,1,1,1,1,1,1,1,1,1,1,1,1,1,1,1,1,1,1,1,1,0.373400000000004,12,TRUE,4.17038842288445,4.15415364027575,0,0.0162347826086958,42.8596
"BASELINE","Ntcheu",1,"month","incidence",2024-04-01,2024-05-01,0,0,0,0,0,0,0,0,0,0,0,0,0,0,0,0,0,0,1,1,1,1,1,0,0,0,0,0,0,1,1,1,1,1,11.4226,12,TRUE,6.10884526336536,2.40085743977825,0,3.70798782358712,63.7379
"BASELINE","Ntcheu",2,"month","incidence",2024-04-01,2024-06-01,0,0,0,0,1,1,1,1,1,1,1,1,1,1,1,1,1,1,1,1,1,1,1,0,0,0,0,0,0,0,1,1,1,1,20.2981,12,TRUE,11.3104107930747,3.39532515265874,7.91508564041599,0,32.0172
"BASELINE","Ntcheu",3,"month","incidence",2024-04-01,2024-07-01,0,0,0,1,1,1,1,1,1,1,1,1,1,1,1,1,1,1,1,1,1,1,1,0,0,0,0,0,0,0,0,1,1,1,28.229,12,TRUE,16.3293022723336,4.15840706742566,12.170895204908,0,24.0863
"BASELINE","Ntchisi",1,"month","incidence",2024-04-01,2024-05-01,0,0,0,0,0,0,0,0,0,0,0,1,1,1,1,1,1,1,1,1,1,1,1,1,1,1,1,1,1,1,1,1,1,1,1.17269999999999,12,TRUE,3.75217865615165,3.70119169962991,0.0509869565217388,0,95.3542
"BASELINE","Ntchisi",2,"month","incidence",2024-04-01,2024-06-01,0,0,0,0,0,0,1,1,1,1,1,1,1,1,1,1,1,1,1,1,1,1,1,0,0,0,0,0,1,1,1,1,1,1,18.8979,12,TRUE,10.0785858896404,5.23427549855935,4.84431039108102,0,77.629
"BASELINE","Ntchisi",3,"month","incidence",2024-04-01,2024-07-01,0,0,0,1,1,1,1,1,1,1,1,1,1,1,1,1,1,1,1,1,1,1,1,0,0,0,0,0,0,0,0,1,1,1,48.6124,12,TRUE,28.9387503528504,6.41065207231121,22.5280982805392,0,47.9145
"BASELINE","Phalombe",1,"month","incidence",2024-04-01,2024-05-01,0,0,0,0,0,0,0,0,0,0,1,1,1,1,1,1,1,1,1,1,1,1,1,0,1,1,1,1,1,1,1,1,1,1,1.4797,12,TRUE,1.5377117765853,1.41739789755014,0.120313879035159,0,36.1199
"BASELINE","Phalombe",2,"month","incidence",2024-04-01,2024-06-01,0,1,1,1,1,1,1,1,1,1,1,1,1,1,1,1,1,1,1,1,1,1,1,0,0,0,0,0,0,0,0,0,0,1,19.7683,12,TRUE,12.9139930508861,2.00450332999452,10.9094897208916,0,17.8313
"BASELINE","Phalombe",3,"month","incidence",2024-04-01,2024-07-01,0,0,1,1,1,1,1,1,1,1,1,1,1,1,1,1,1,1,1,1,1,1,1,0,0,0,0,0,0,0,0,0,1,1,22.4035,12,TRUE,14.1815192033259,2.45500517309815,11.7265140302277,0,15.1961
"BASELINE","Rumphi",1,"month","incidence",2024-04-01,2024-05-01,0,0,0,0,0,0,0,0,0,0,0,1,1,1,1,1,1,1,1,1,1,1,1,1,1,1,1,1,1,1,1,1,1,1,0.717100000000002,12,TRUE,2.71845501411234,2.68727675324277,0.0311782608695653,0,58.753
"BASELINE","Rumphi",2,"month","incidence",2024-04-01,2024-06-01,0,0,0,1,1,1,1,1,1,1,1,1,1,1,1,1,1,1,1,1,1,1,1,0,0,0,0,0,0,0,0,1,1,1,25.1975,12,TRUE,14.4791280736587,3.80038323028587,10.6787448433728,0,34.2726
"BASELINE","Rumphi",3,"month","incidence",2024-04-01,2024-07-01,0,0,1,1,1,1,1,1,1,1,1,1,1,1,1,1,1,1,1,1,1,1,1,0,0,0,0,0,0,0,0,0,1,1,39.9089,12,TRUE,24.7669914274088,4.65449987061522,20.1124915567936,0,19.5612
"BASELINE","Salima",1,"month","incidence",2024-04-01,2024-05-01,0,0,0,0,0,0,0,0,0,0,0,0,0,1,1,1,1,1,1,1,1,1,1,0,1,1,1,1,1,1,1,1,1,1,3.9396,12,TRUE,4.32647322099775,4.01870965796667,0,0.307763563031083,88.9686
"BASELINE","Salima",2,"month","incidence",2024-04-01,2024-06-01,0,0,0,0,0,1,1,1,1,1,1,1,1,1,1,1,1,1,1,1,1,1,1,0,0,0,0,0,0,1,1,1,1,1,27.0139,12,TRUE,14.4463438738309,5.68331370153621,8.76303017229468,0,58.0151
"BASELINE","Salima",3,"month","incidence",2024-04-01,2024-07-01,0,0,0,0,0,1,1,1,1,1,1,1,1,1,1,1,1,1,1,1,1,1,1,0,0,0,0,0,0,1,1,1,1,1,30.7681,12,TRUE,16.383456819542,6.96060930846602,9.422847511076,0,54.2609
"BASELINE","Thyolo",1,"month","incidence",2024-04-01,2024-05-01,0,0,0,0,0,0,0,0,0,0,0,0,0,0,0,0,0,0,0,0,0,1,1,0,0,0,0,0,0,0,0,0,1,1,12.3182,12,TRUE,7.75633159999806,1.37319653438016,0,6.38313506561791,40.5601
"BASELINE","Thyolo",2,"month","incidence",2024-04-01,2024-06-01,0,0,0,0,0,1,1,1,1,1,1,1,1,1,1,1,1,1,1,1,1,1,1,0,0,0,0,0,0,1,1,1,1,1,7.6948,12,TRUE,4.06822607555734,1.94199316272415,2.12623291283319,0,20.5471
"BASELINE","Thyolo",3,"month","incidence",2024-04-01,2024-07-01,0,0,0,0,0,1,1,1,1,1,1,1,1,1,1,1,1,1,1,1,1,1,1,0,0,0,0,0,0,1,1,1,1,1,10.1186,12,TRUE,5.37504472287465,2.37844616632393,2.99659855655071,0,18.1233
"BASELINE","Zomba",1,"month","incidence",2024-04-01,2024-05-01,0,0,0,0,0,0,0,0,0,0,0,0,0,0,0,0,0,0,0,0,0,0,0,0,0,0,0,0,0,0,0,0,0,0,29.5292,12,TRUE,21.9135302021948,2.16889442247478,0,19.74463577972,92.1489
"BASELINE","Zomba",2,"month","incidence",2024-04-01,2024-06-01,0,0,0,0,0,0,0,0,0,1,1,1,1,1,1,1,1,1,1,1,1,1,1,0,0,1,1,1,1,1,1,1,1,1,5.4927,12,TRUE,3.78689968417409,3.0672799076192,0.719619776554891,0,57.127
"BASELINE","Zomba",3,"month","incidence",2024-04-01,2024-07-01,0,0,0,0,1,1,1,1,1,1,1,1,1,1,1,1,1,1,1,1,1,1,1,0,0,0,0,0,0,0,1,1,1,1,22.2955,12,TRUE,12.4079520260433,3.75663533597908,8.65131669006417,0,40.3242
"BASELINE","Balaka",1,"month","incidence",2024-05-01,2024-06-01,0,1,1,1,1,1,1,1,1,1,1,1,1,1,1,1,1,1,1,1,1,1,1,0,0,0,0,0,0,0,0,0,0,1,26.7083,12,TRUE,17.9336097070615,2.51853914333033,15.4150705637312,0,25.7489
"BASELINE","Balaka",2,"month","incidence",2024-05-01,2024-07-01,0,0,1,1,1,1,1,1,1,1,1,1,1,1,1,1,1,1,1,1,1,1,1,0,0,0,0,0,0,0,0,0,1,1,30.8859,12,TRUE,19.2386305513849,3.56175221386527,15.6768783375196,0,21.5713
"BASELINE","Balaka",3,"month","incidence",2024-05-01,2024-08-01,0,0,1,1,1,1,1,1,1,1,1,1,1,1,1,1,1,1,1,1,1,1,1,0,0,0,0,0,0,0,0,0,1,1,34.1388,12,TRUE,20.5153530202777,4.36223775709913,16.1531152631785,0,18.3184
"BASELINE","Blantyre",1,"month","incidence",2024-05-01,2024-06-01,0,0,1,1,1,1,1,1,1,1,1,1,1,1,1,1,1,1,1,1,1,1,1,0,0,0,0,0,0,0,0,0,1,1,12.9096,12,TRUE,7.79010005137885,1.63130055783417,6.15879949354468,0,28.2961
"BASELINE","Blantyre",2,"month","incidence",2024-05-01,2024-07-01,0,0,0,1,1,1,1,1,1,1,1,1,1,1,1,1,1,1,1,1,1,1,1,0,0,0,0,0,0,0,0,1,1,1,14.9846,12,TRUE,8.55930089760369,2.30700737319588,6.25229352440781,0,26.2211
"BASELINE","Blantyre",3,"month","incidence",2024-05-01,2024-08-01,0,0,0,0,1,1,1,1,1,1,1,1,1,1,1,1,1,1,1,1,1,1,1,0,0,0,0,0,0,0,1,1,1,1,15.8287,12,TRUE,8.7190693798874,2.82549544858423,5.89357393130317,0,25.377
"BASELINE","Chikwawa",1,"month","incidence",2024-05-01,2024-06-01,0,0,0,1,1,1,1,1,1,1,1,1,1,1,1,1,1,1,1,1,1,1,1,0,0,0,0,0,0,0,0,1,1,1,15.8628,12,TRUE,9.36709954450532,2.16151087269493,7.20558867181039,0,29.4597
"BASELINE","Chikwawa",2,"month","incidence",2024-05-01,2024-07-01,0,0,0,0,1,1,1,1,1,1,1,1,1,1,1,1,1,1,1,1,1,1,1,0,0,0,0,0,0,0,1,1,1,1,16.1047,12,TRUE,8.76773932381838,3.05683799138208,5.71090133243631,0,29.2178
"BASELINE","Chikwawa",3,"month","incidence",2024-05-01,2024-08-01,0,0,0,0,0,0,0,0,0,1,1,1,1,1,1,1,1,1,1,1,1,1,1,0,0,1,1,1,1,1,1,1,1,1,5.9503,12,TRUE,4.45829365810264,3.74384665262016,0.714447005482479,0,39.3722
"BASELINE","Chiradzulu",1,"month","incidence",2024-05-01,2024-06-01,1,1,1,1,1,1,1,1,1,1,1,1,1,1,1,1,1,1,1,1,1,1,1,0,0,0,0,0,0,0,0,0,0,0,46.4338,12,TRUE,39.8098122388147,1.88646967255809,37.9233425662566,0,26.4464
"BASELINE","Chiradzulu",2,"month","incidence",2024-05-01,2024-07-01,1,1,1,1,1,1,1,1,1,1,1,1,1,1,1,1,1,1,1,1,1,1,1,0,0,0,0,0,0,0,0,0,0,0,59.6873,12,TRUE,50.3195666711383,2.66787099593718,47.6516956752011,0,13.1929
"BASELINE","Chiradzulu",3,"month","incidence",2024-05-01,2024-08-01,1,1,1,1,1,1,1,1,1,1,1,1,1,1,1,1,1,1,1,1,1,1,1,0,0,0,0,0,0,0,0,0,0,0,57.547,12,TRUE,46.0739166489126,3.26746131980843,42.8064553291041,0,15.3332
"BASELINE","Chitipa",1,"month","incidence",2024-05-01,2024-06-01,0,1,1,1,1,1,1,1,1,1,1,1,1,1,1,1,1,1,1,1,1,1,1,0,0,0,0,0,0,0,0,0,0,1,20.2621,12,TRUE,13.0828431190376,2.11458237331396,10.9682607457236,0,24.6562
"BASELINE","Chitipa",2,"month","incidence",2024-05-01,2024-07-01,0,0,1,1,1,1,1,1,1,1,1,1,1,1,1,1,1,1,1,1,1,1,1,0,0,0,0,0,0,0,0,0,1,1,25.0284,12,TRUE,15.4064237660973,2.9904710710957,12.4159526950016,0,19.8899
"BASELINE","Chitipa",3,"month","incidence",2024-05-01,2024-08-01,0,0,1,1,1,1,1,1,1,1,1,1,1,1,1,1,1,1,1,1,1,1,1,0,0,0,0,0,0,0,0,0,1,1,31.7479,12,TRUE,19.7730869182041,3.66256410736936,16.1105228108347,0,13.1704
"BASELINE","Dedza",1,"month","incidence",2024-05-01,2024-06-01,0,0,1,1,1,1,1,1,1,1,1,1,1,1,1,1,1,1,1,1,1,1,1,0,0,0,0,0,0,0,0,0,1,1,16.4305,12,TRUE,10.1821829897776,1.92442571666136,8.25775727311625,0,21.7965
"BASELINE","Dedza",2,"month","incidence",2024-05-01,2024-07-01,0,0,1,1,1,1,1,1,1,1,1,1,1,1,1,1,1,1,1,1,1,1,1,0,0,0,0,0,0,0,0,0,1,1,24.7317,12,TRUE,15.6351646354537,2.72154894828206,12.9136156871717,0,13.4953
"BASELINE","Dedza",3,"month","incidence",2024-05-01,2024-08-01,0,0,1,1,1,1,1,1,1,1,1,1,1,1,1,1,1,1,1,1,1,1,1,0,0,0,0,0,0,0,0,0,1,1,28.2999,12,TRUE,17.5050732667172,3.33320311664962,14.1718701500675,0,9.9271
"BASELINE","Dowa",1,"month","incidence",2024-05-01,2024-06-01,0,0,0,1,1,1,1,1,1,1,1,1,1,1,1,1,1,1,1,1,1,1,1,0,0,0,0,0,0,0,0,1,1,1,21.2562,12,TRUE,12.5498268382398,2.89837012064416,9.65145671759563,0,26.6626
"BASELINE","Dowa",2,"month","incidence",2024-05-01,2024-07-01,0,0,1,1,1,1,1,1,1,1,1,1,1,1,1,1,1,1,1,1,1,1,1,0,0,0,0,0,0,0,0,0,1,1,31.7373,12,TRUE,18.9954811538696,4.09891433339192,14.8965668204777,0,16.1815
"BASELINE","Dowa",3,"month","incidence",2024-05-01,2024-08-01,0,0,0,1,1,1,1,1,1,1,1,1,1,1,1,1,1,1,1,1,1,1,1,0,0,0,0,0,0,0,0,1,1,1,31.7484,12,TRUE,17.9847218615224,5.01413073739375,12.9705911241287,0,16.1704
"BASELINE","Karonga",1,"month","incidence",2024-05-01,2024-06-01,0,0,0,0,0,1,1,1,1,1,1,1,1,1,1,1,1,1,1,1,1,1,1,0,0,0,0,0,0,1,1,1,1,1,8.0826,12,TRUE,4.29706546405131,1.87531724494991,2.4217482191014,0,34.2526
"BASELINE","Karonga",2,"month","incidence",2024-05-01,2024-07-01,0,0,0,0,0,0,0,0,0,0,0,0,0,0,1,1,1,1,1,1,1,1,1,0,0,1,1,1,1,1,1,1,1,1,4.4265,12,TRUE,3.20415622802569,2.65209908156031,0,0.552057146465373,46.7617
"BASELINE","Karonga",3,"month","incidence",2024-05-01,2024-08-01,0,0,0,0,0,0,0,0,0,0,0,0,0,0,1,1,1,1,1,1,1,1,1,0,0,1,1,1,1,1,1,1,1,1,5.0012,12,TRUE,3.83294060888691,3.24814474856334,0,0.584795860323569,47.3364
"BASELINE","Kasungu",1,"month","incidence",2024-05-01,2024-06-01,1,1,1,1,1,1,1,1,1,1,1,1,1,1,1,1,1,1,1,1,1,1,1,0,0,0,0,0,0,0,0,0,0,0,43.4103,12,TRUE,32.2800897607437,3.16981323374234,29.1102765270013,0,61.6743
"BASELINE","Kasungu",2,"month","incidence",2024-05-01,2024-07-01,1,1,1,1,1,1,1,1,1,1,1,1,1,1,1,1,1,1,1,1,1,1,1,0,0,0,0,0,0,0,0,0,0,0,67.8901,12,TRUE,52.1496057275798,4.48279286534814,47.6668128622317,0,37.1945
"BASELINE","Kasungu",3,"month","incidence",2024-05-01,2024-08-01,1,1,1,1,1,1,1,1,1,1,1,1,1,1,1,1,1,1,1,1,1,1,1,0,0,0,0,0,0,0,0,0,0,0,75.9359,12,TRUE,56.6578103666847,5.49027757134594,51.1675327953387,0,29.1487
"BASELINE","Likoma",1,"month","incidence",2024-05-01,2024-06-01,0,0,0,0,0,0,0,1,1,1,1,1,1,1,1,1,1,1,1,1,1,1,1,0,0,0,0,1,1,1,1,1,1,1,8.0972,12,TRUE,4.50282434733434,2.81480663139907,1.68801771593527,0,31.8366
"BASELINE","Likoma",2,"month","incidence",2024-05-01,2024-07-01,0,0,0,0,0,0,0,0,0,0,0,1,1,1,1,1,1,1,1,1,1,1,1,1,1,1,1,1,1,1,1,1,1,1,0,12,TRUE,3.97766881467139,3.97766881467139,0,0,39.9338
"BASELINE","Likoma",3,"month","incidence",2024-05-01,2024-08-01,0,0,0,0,0,0,0,0,0,0,0,0,0,0,0,1,1,1,1,1,1,1,1,0,0,0,1,1,1,1,1,1,1,1,11.4096,12,TRUE,6.80482526885554,4.85314305563976,0,1.95168221321578,51.3434
"BASELINE","Lilongwe",1,"month","incidence",2024-05-01,2024-06-01,0,0,1,1,1,1,1,1,1,1,1,1,1,1,1,1,1,1,1,1,1,1,1,0,0,0,0,0,0,0,0,0,1,1,15.3778,12,TRUE,9.29337205853469,1.93531628902794,7.35805576950676,0,28.9181
"BASELINE","Lilongwe",2,"month","incidence",2024-05-01,2024-07-01,0,0,1,1,1,1,1,1,1,1,1,1,1,1,1,1,1,1,1,1,1,1,1,0,0,0,0,0,0,0,0,0,1,1,24.7241,12,TRUE,15.6017487588477,2.73695054342488,12.8647982154228,0,19.5718
"BASELINE","Lilongwe",3,"month","incidence",2024-05-01,2024-08-01,0,1,1,1,1,1,1,1,1,1,1,1,1,1,1,1,1,1,1,1,1,1,1,0,0,0,0,0,0,0,0,0,0,1,31.6167,12,TRUE,20.2797847975552,3.35206614131204,16.9277186562432,0,12.6792
"BASELINE","Machinga",1,"month","incidence",2024-05-01,2024-06-01,0,1,1,1,1,1,1,1,1,1,1,1,1,1,1,1,1,1,1,1,1,1,1,0,0,0,0,0,0,0,0,0,0,1,19.9506,12,TRUE,13.0726547069994,2.00754255451193,11.0651121524874,0,33.0559
"BASELINE","Machinga",2,"month","incidence",2024-05-01,2024-07-01,0,0,0,1,1,1,1,1,1,1,1,1,1,1,1,1,1,1,1,1,1,1,1,0,0,0,0,0,0,0,0,1,1,1,20.1154,12,TRUE,11.7712799195404,2.8390939076319,8.93218601190846,0,32.8911
"BASELINE","Machinga",3,"month","incidence",2024-05-01,2024-08-01,0,0,0,1,1,1,1,1,1,1,1,1,1,1,1,1,1,1,1,1,1,1,1,0,0,0,0,0,0,0,0,1,1,1,22.7909,12,TRUE,13.0528729389181,3.47716570277127,9.57570723614683,0,30.2156
"BASELINE","Mangochi",1,"month","incidence",2024-05-01,2024-06-01,1,1,1,1,1,1,1,1,1,1,1,1,1,1,1,1,1,1,1,1,1,1,1,0,0,0,0,0,0,0,0,0,0,0,14.9687,12,TRUE,10.6478934961939,1.23053826853137,9.4173552276625,0,25.2581
"BASELINE","Mangochi",2,"month","incidence",2024-05-01,2024-07-01,0,1,1,1,1,1,1,1,1,1,1,1,1,1,1,1,1,1,1,1,1,1,1,0,0,0,0,0,0,0,0,0,0,1,18.2166,12,TRUE,12.1742280182705,1.74024390837617,10.4339841098943,0,22.0102
"BASELINE","Mangochi",3,"month","incidence",2024-05-01,2024-08-01,0,0,0,1,1,1,1,1,1,1,1,1,1,1,1,1,1,1,1,1,1,1,1,0,0,0,0,0,0,0,0,1,1,1,15.6644,12,TRUE,9.25334755521044,2.13135480175417,7.12199275345627,0,24.5624
"BASELINE","Mchinji",1,"month","incidence",2024-05-01,2024-06-01,0,0,0,1,1,1,1,1,1,1,1,1,1,1,1,1,1,1,1,1,1,1,1,0,0,0,0,0,0,0,0,1,1,1,23.7243,12,TRUE,13.6947946705637,3.52115784854973,10.1736368220139,0,47.9262
"BASELINE","Mchinji",2,"month","incidence",2024-05-01,2024-07-01,0,0,0,1,1,1,1,1,1,1,1,1,1,1,1,1,1,1,1,1,1,1,1,0,0,0,0,0,0,0,0,1,1,1,35.4707,12,TRUE,20.7861054047331,4.9796691846755,15.8064362200576,0,36.1798
"BASELINE","Mchinji",3,"month","incidence",2024-05-01,2024-08-01,0,0,0,1,1,1,1,1,1,1,1,1,1,1,1,1,1,1,1,1,1,1,1,0,0,0,0,0,0,0,0,1,1,1,43.9423,12,TRUE,25.8270505791569,6.09882429515805,19.7282262839988,0,27.7082
"BASELINE","Mulanje",1,"month","incidence",2024-05-01,2024-06-01,1,1,1,1,1,1,1,1,1,1,1,1,1,1,1,1,1,1,1,1,1,1,1,0,0,0,0,0,0,0,0,0,0,0,30.3003,12,TRUE,21.6316531022178,2.4687756174016,19.1628774848161,0,48.3321
"BASELINE","Mulanje",2,"month","incidence",2024-05-01,2024-07-01,1,1,1,1,1,1,1,1,1,1,1,1,1,1,1,1,1,1,1,1,1,1,1,0,0,0,0,0,0,0,0,0,0,0,43.9489,12,TRUE,31.6895819897329,3.49137596058536,28.1982060291475,0,34.6835
"BASELINE","Mulanje",3,"month","incidence",2024-05-01,2024-08-01,0,1,1,1,1,1,1,1,1,1,1,1,1,1,1,1,1,1,1,1,1,1,1,0,0,0,0,0,0,0,0,0,0,1,43.6943,12,TRUE,28.9400236530673,4.2760448018268,24.6639788512405,0,34.9381
"BASELINE","Mwanza",1,"month","incidence",2024-05-01,2024-06-01,0,1,1,1,1,1,1,1,1,1,1,1,1,1,1,1,1,1,1,1,1,1,1,0,0,0,0,0,0,0,0,0,0,1,45.794,12,TRUE,30.6084955138088,4.37310016989357,26.2353953439152,0,86.9302
"BASELINE","Mwanza",2,"month","incidence",2024-05-01,2024-07-01,1,1,1,1,1,1,1,1,1,1,1,1,1,1,1,1,1,1,1,1,1,1,1,0,0,0,0,0,0,0,0,0,0,0,76.13,12,TRUE,54.4142858234705,6.18449756987957,48.2297882535909,0,56.5942
"BASELINE","Mwanza",3,"month","incidence",2024-05-01,2024-08-01,0,1,1,1,1,1,1,1,1,1,1,1,1,1,1,1,1,1,1,1,1,1,1,0,0,0,0,0,0,0,0,0,0,1,73.2755,12,TRUE,47.498829011509,7.57443168084375,39.9243973306652,0,59.4487
"BASELINE","Mzimba",1,"month","incidence",2024-05-01,2024-06-01,1,1,1,1,1,1,1,1,1,1,1,1,1,1,1,1,1,1,1,1,1,1,1,0,0,0,0,0,0,0,0,0,0,0,54.9374,12,TRUE,47.1160247949391,2.22747801686832,44.8885467780708,0,23.7437
"BASELINE","Mzimba",2,"month","incidence",2024-05-01,2024-07-01,1,1,1,1,1,1,1,1,1,1,1,1,1,1,1,1,1,1,1,1,1,1,1,0,0,0,0,0,0,0,0,0,0,0,59.5765,12,TRUE,48.5154051085943,3.1501296213431,45.3652754872512,0,19.1046
"BASELINE","Mzimba",3,"month","incidence",2024-05-01,2024-08-01,1,1,1,1,1,1,1,1,1,1,1,1,1,1,1,1,1,1,1,1,1,1,1,0,0,0,0,0,0,0,0,0,0,0,59.5689,12,TRUE,46.0218807597752,3.85810509795869,42.1637756618165,0,19.1122
"BASELINE","Neno",1,"month","incidence",2024-05-01,2024-06-01,0,0,1,1,1,1,1,1,1,1,1,1,1,1,1,1,1,1,1,1,1,1,1,0,0,0,0,0,0,0,0,0,1,1,59.8158,12,TRUE,37.6758682205261,6.6612836264756,31.0145845940505,0,112.5111
"BASELINE","Neno",2,"month","incidence",2024-05-01,2024-07-01,0,1,1,1,1,1,1,1,1,1,1,1,1,1,1,1,1,1,1,1,1,1,1,0,0,0,0,0,0,0,0,0,0,1,88.0092,12,TRUE,56.2219642790372,9.42047764737562,46.8014866316616,0,84.3177
"BASELINE","Neno",3,"month","incidence",2024-05-01,2024-08-01,0,0,1,1,1,1,1,1,1,1,1,1,1,1,1,1,1,1,1,1,1,1,1,0,0,0,0,0,0,0,0,0,1,1,90.9318,12,TRUE,54.7881749679951,11.5376816846824,43.2504932833127,0,81.3951
"BASELINE","Nkhatabay",1,"month","incidence",2024-05-01,2024-06-01,0,0,0,0,0,0,0,0,0,0,1,1,1,1,1,1,1,1,1,1,1,1,1,0,1,1,1,1,1,1,1,1,1,1,3.3417,12,TRUE,3.41000011876324,3.13489770404981,0.275102414713438,0,89.6604
"BASELINE","Nkhatabay",2,"month","incidence",2024-05-01,2024-07-01,0,0,0,0,0,0,0,0,0,0,0,0,0,0,0,1,1,1,1,1,1,1,1,0,0,0,1,1,1,1,1,1,1,1,10.7398,12,TRUE,6.31911186501701,4.43341484971951,0,1.8856970152975,103.7419
"BASELINE","Nkhatabay",3,"month","incidence",2024-05-01,2024-08-01,0,0,0,0,0,0,0,0,0,0,0,0,1,1,1,1,1,1,1,1,1,1,1,1,1,1,1,1,1,1,1,1,1,1,1.6995,12,TRUE,5.50369340429311,5.42980209994528,0,0.0738913043478261,94.7016
"BASELINE","Nkhotakota",1,"month","incidence",2024-05-01,2024-06-01,0,0,0,0,0,0,0,0,0,0,0,0,1,1,1,1,1,1,1,1,1,1,1,1,1,1,1,1,1,1,1,1,1,1,1.57850000000001,12,TRUE,3.03029721582244,2.96166678103983,0,0.0686304347826089,91.658
"BASELINE","Nkhotakota",2,"month","incidence",2024-05-01,2024-07-01,0,0,0,0,0,0,0,0,0,1,1,1,1,1,1,1,1,1,1,1,1,1,1,0,0,1,1,1,1,1,1,1,1,1,5.9909,12,TRUE,4.84293457817158,4.1884293289764,0.654505249195183,0,84.0886
"BASELINE","Nkhotakota",3,"month","incidence",2024-05-01,2024-08-01,0,0,0,0,0,0,0,0,0,0,0,1,1,1,1,1,1,1,1,1,1,1,1,1,1,1,1,1,1,1,1,1,1,1,0.39009999999999,12,TRUE,5.14671820941518,5.12975733984996,0.0169608695652169,0,89.6894
"BASELINE","Nsanje",1,"month","incidence",2024-05-01,2024-06-01,0,0,0,0,0,0,1,1,1,1,1,1,1,1,1,1,1,1,1,1,1,1,1,0,0,0,0,0,1,1,1,1,1,1,9.451,12,TRUE,4.99799099471505,2.40442635892354,2.59356463579152,0,42.682
"BASELINE","Nsanje",2,"month","incidence",2024-05-01,2024-07-01,0,0,0,0,0,0,0,1,1,1,1,1,1,1,1,1,1,1,1,1,1,1,1,0,0,0,0,1,1,1,1,1,1,1,9.2734,12,TRUE,5.24066306313715,3.40037236651702,1.84029069662013,0,42.8596
"BASELINE","Nsanje",3,"month","incidence",2024-05-01,2024-08-01,0,0,0,0,0,0,0,0,0,0,0,1,1,1,1,1,1,1,1,1,1,1,1,1,1,1,1,1,1,1,1,1,1,1,0.797800000000002,12,TRUE,4.19927557323515,4.16458861671341,0.0346869565217392,0,51.3352
"BASELINE","Ntcheu",1,"month","incidence",2024-05-01,2024-06-01,1,1,1,1,1,1,1,1,1,1,1,1,1,1,1,1,1,1,1,1,1,1,1,0,0,0,0,0,0,0,0,0,0,0,31.7207,12,TRUE,23.7401152210855,2.27281989301363,21.4672953280719,0,32.0172
"BASELINE","Ntcheu",2,"month","incidence",2024-05-01,2024-07-01,1,1,1,1,1,1,1,1,1,1,1,1,1,1,1,1,1,1,1,1,1,1,1,0,0,0,0,0,0,0,0,0,0,0,39.6516,12,TRUE,28.3653487699909,3.21425271753125,25.1510960524596,0,24.0863
"BASELINE","Ntcheu",3,"month","incidence",2024-05-01,2024-08-01,1,1,1,1,1,1,1,1,1,1,1,1,1,1,1,1,1,1,1,1,1,1,1,0,0,0,0,0,0,0,0,0,0,0,46.1169,12,TRUE,32.2941216888093,3.93663953115287,28.3574821576564,0,17.621
"BASELINE","Ntchisi",1,"month","incidence",2024-05-01,2024-06-01,0,0,0,0,0,1,1,1,1,1,1,1,1,1,1,1,1,1,1,1,1,1,1,0,0,0,0,0,0,1,1,1,1,1,17.7252,12,TRUE,9.48327483107223,3.69946163556002,5.78381319551221,0,77.629
"BASELINE","Ntchisi",2,"month","incidence",2024-05-01,2024-07-01,0,0,1,1,1,1,1,1,1,1,1,1,1,1,1,1,1,1,1,1,1,1,1,0,0,0,0,0,0,0,0,0,1,1,47.4397,12,TRUE,29.9708332824519,5.23182881848793,24.739004463964,0,47.9145
"BASELINE","Ntchisi",3,"month","incidence",2024-05-01,2024-08-01,0,0,1,1,1,1,1,1,1,1,1,1,1,1,1,1,1,1,1,1,1,1,1,0,0,0,0,0,0,0,0,0,1,1,53.4542,12,TRUE,32.8675262569825,6.40765551344181,26.4598707435407,0,41.9
"BASELINE","Phalombe",1,"month","incidence",2024-05-01,2024-06-01,1,1,1,1,1,1,1,1,1,1,1,1,1,1,1,1,1,1,1,1,1,1,1,0,0,0,0,0,0,0,0,0,0,0,18.2886,12,TRUE,13.5029110518295,1.36293383812117,12.1399772137084,0,17.8313
"BASELINE","Phalombe",2,"month","incidence",2024-05-01,2024-07-01,0,1,1,1,1,1,1,1,1,1,1,1,1,1,1,1,1,1,1,1,1,1,1,0,0,0,0,0,0,0,0,0,0,1,20.9238,12,TRUE,14.1663416031486,1.92747951848818,12.2388620846604,0,15.1961
"BASELINE","Phalombe",3,"month","incidence",2024-05-01,2024-08-01,0,0,1,1,1,1,1,1,1,1,1,1,1,1,1,1,1,1,1,1,1,1,1,0,0,0,0,0,0,0,0,0,1,1,21.0073,12,TRUE,13.1943540467588,2.36067065498072,10.8336833917781,0,15.1126
"BASELINE","Rumphi",1,"month","incidence",2024-05-01,2024-06-01,0,1,1,1,1,1,1,1,1,1,1,1,1,1,1,1,1,1,1,1,1,1,1,0,0,0,0,0,0,0,0,0,0,1,24.4804,12,TRUE,15.6037679329367,2.63395072944516,12.9698172034916,0,34.2726
"BASELINE","Rumphi",2,"month","incidence",2024-05-01,2024-07-01,0,1,1,1,1,1,1,1,1,1,1,1,1,1,1,1,1,1,1,1,1,1,1,0,0,0,0,0,0,0,0,0,0,1,39.1918,12,TRUE,26.2408433853735,3.72496884420385,22.5158745411696,0,19.5612
"BASELINE","Rumphi",3,"month","incidence",2024-05-01,2024-08-01,0,1,1,1,1,1,1,1,1,1,1,1,1,1,1,1,1,1,1,1,1,1,1,0,0,0,0,0,0,0,0,0,0,1,45.1982,12,TRUE,29.5802132675434,4.56213648803212,25.0180767795112,0,13.5548
"BASELINE","Salima",1,"month","incidence",2024-05-01,2024-06-01,0,0,0,1,1,1,1,1,1,1,1,1,1,1,1,1,1,1,1,1,1,1,1,0,0,0,0,0,0,0,0,1,1,1,30.9535,12,TRUE,18.4975025472917,4.01681160271768,14.480690944574,0,58.0151
"BASELINE","Salima",2,"month","incidence",2024-05-01,2024-07-01,0,0,0,1,1,1,1,1,1,1,1,1,1,1,1,1,1,1,1,1,1,1,1,0,0,0,0,0,0,0,0,1,1,1,34.7077,12,TRUE,19.4576054267776,5.68062944606095,13.7769759807166,0,54.2609
"BASELINE","Salima",3,"month","incidence",2024-05-01,2024-08-01,0,0,0,0,0,1,1,1,1,1,1,1,1,1,1,1,1,1,1,1,1,1,1,0,0,0,0,0,0,1,1,1,1,1,33.0478,12,TRUE,17.672458615706,6.95732178033919,10.7151368353668,0,55.9208
"BASELINE","Thyolo",1,"month","incidence",2024-05-01,2024-06-01,1,1,1,1,1,1,1,1,1,1,1,1,1,1,1,1,1,1,1,1,1,1,1,0,0,0,0,0,0,0,0,0,0,0,20.013,12,TRUE,15.0886127224658,1.40243424201871,13.6861784804471,0,20.5471
"BASELINE","Thyolo",2,"month","incidence",2024-05-01,2024-07-01,1,1,1,1,1,1,1,1,1,1,1,1,1,1,1,1,1,1,1,1,1,1,1,0,0,0,0,0,0,0,0,0,0,0,22.4368,12,TRUE,15.4726647257336,1.98334152539929,13.4893232003343,0,18.1233
"BASELINE","Thyolo",3,"month","incidence",2024-05-01,2024-08-01,0,0,1,1,1,1,1,1,1,1,1,1,1,1,1,1,1,1,1,1,1,1,1,0,0,0,0,0,0,0,0,0,1,1,19.208,12,TRUE,11.5874255264569,2.42908736145076,9.15833816500618,0,21.3521
"BASELINE","Zomba",1,"month","incidence",2024-05-01,2024-06-01,1,1,1,1,1,1,1,1,1,1,1,1,1,1,1,1,1,1,1,1,1,1,1,0,0,0,0,0,0,0,0,0,0,0,35.0219,12,TRUE,27.2100707671619,2.22475938456667,24.9853113825952,0,57.127
"BASELINE","Zomba",2,"month","incidence",2024-05-01,2024-07-01,1,1,1,1,1,1,1,1,1,1,1,1,1,1,1,1,1,1,1,1,1,1,1,0,0,0,0,0,0,0,0,0,0,0,51.8247,12,TRUE,40.7771051519777,3.146284894671,37.6308202573067,0,40.3242
"BASELINE","Zomba",3,"month","incidence",2024-05-01,2024-08-01,1,1,1,1,1,1,1,1,1,1,1,1,1,1,1,1,1,1,1,1,1,1,1,0,0,0,0,0,0,0,0,0,0,0,50.2576,12,TRUE,36.7271148686726,3.85339628868514,32.8737185799874,0,41.8913
"BASELINE","Balaka",1,"month","incidence",2024-06-01,2024-07-01,0,0,0,0,0,0,0,0,0,1,1,1,1,1,1,1,1,1,1,1,1,1,1,0,0,1,1,1,1,1,1,1,1,1,4.1776,12,TRUE,3.11956616002152,2.61649294989237,0.503073210129154,0,21.5713
"BASELINE","Balaka",2,"month","incidence",2024-06-01,2024-08-01,0,0,0,0,0,0,0,0,1,1,1,1,1,1,1,1,1,1,1,1,1,1,1,0,0,0,1,1,1,1,1,1,1,1,7.4305,12,TRUE,4.7666691492149,3.66055151691733,1.10611763229757,0,18.3184
"BASELINE","Balaka",3,"month","incidence",2024-06-01,2024-09-01,0,0,0,0,0,0,0,0,1,1,1,1,1,1,1,1,1,1,1,1,1,1,1,0,0,0,1,1,1,1,1,1,1,1,10.2432,12,TRUE,6.12961995235116,4.42711967974004,1.70250027261111,0,15.5057
"BASELINE","Blantyre",1,"month","incidence",2024-06-01,2024-07-01,0,0,0,0,0,0,0,0,0,1,1,1,1,1,1,1,1,1,1,1,1,1,1,0,0,1,1,1,1,1,1,1,1,1,2.075,12,TRUE,1.8602341615487,1.66699762913135,0.19323653241735,0,26.2211
"BASELINE","Blantyre",2,"month","incidence",2024-06-01,2024-08-01,0,0,0,0,0,0,0,0,0,1,1,1,1,1,1,1,1,1,1,1,1,1,1,0,0,1,1,1,1,1,1,1,1,1,2.9191,12,TRUE,2.62742204525101,2.35749065556135,0.269931389689658,0,25.377
"BASELINE","Blantyre",3,"month","incidence",2024-06-01,2024-09-01,0,0,0,0,0,0,0,0,0,1,1,1,1,1,1,1,1,1,1,1,1,1,1,0,0,1,1,1,1,1,1,1,1,1,3.6345,12,TRUE,3.22801570109117,2.88451704074098,0.343498660350189,0,24.6616
"BASELINE","Chikwawa",1,"month","incidence",2024-06-01,2024-07-01,0,0,0,0,0,0,0,0,0,0,0,1,1,1,1,1,1,1,1,1,1,1,1,1,1,1,1,1,1,1,1,1,1,1,0.241900000000001,12,TRUE,2.21316226564827,2.20264487434392,0.0105173913043479,0,29.2178
"BASELINE","Chikwawa",2,"month","incidence",2024-06-01,2024-08-01,0,0,0,0,0,0,0,0,0,0,0,0,0,0,0,0,0,1,1,1,1,1,1,0,0,0,0,0,1,1,1,1,1,1,9.9125,12,TRUE,5.35599954822678,3.11105283694656,0,2.24494671128022,39.3722
"BASELINE","Chikwawa",3,"month","incidence",2024-06-01,2024-09-01,0,0,0,0,0,0,0,0,0,0,0,1,1,1,1,1,1,1,1,1,1,1,1,1,1,1,1,1,1,1,1,1,1,1,0.805300000000003,12,TRUE,3.82725287639522,3.79223983291696,0.035013043478261,0,28.6544
"BASELINE","Chiradzulu",1,"month","incidence",2024-06-01,2024-07-01,0,0,0,0,1,1,1,1,1,1,1,1,1,1,1,1,1,1,1,1,1,1,1,0,0,0,0,0,0,0,1,1,1,1,13.2535,12,TRUE,7.35389881337053,2.27183131861333,5.0820674947572,0,13.1929
"BASELINE","Chiradzulu",2,"month","incidence",2024-06-01,2024-08-01,0,0,0,0,0,0,1,1,1,1,1,1,1,1,1,1,1,1,1,1,1,1,1,0,0,0,0,0,1,1,1,1,1,1,11.1132,12,TRUE,5.9393911425774,3.1985916788693,2.7407994637081,0,15.3332
"BASELINE","Chiradzulu",3,"month","incidence",2024-06-01,2024-09-01,0,0,0,0,0,0,1,1,1,1,1,1,1,1,1,1,1,1,1,1,1,1,1,0,0,0,0,0,1,1,1,1,1,1,14.4726,12,TRUE,7.65120812163555,3.88227941547838,3.76892870615718,0,11.9738
"BASELINE","Chitipa",1,"month","incidence",2024-06-01,2024-07-01,0,0,0,0,0,0,0,0,1,1,1,1,1,1,1,1,1,1,1,1,1,1,1,0,0,0,1,1,1,1,1,1,1,1,4.7663,12,TRUE,2.95360196415687,2.18437090982497,0.769231054331906,0,19.8899
"BASELINE","Chitipa",2,"month","incidence",2024-06-01,2024-08-01,0,0,0,0,0,0,1,1,1,1,1,1,1,1,1,1,1,1,1,1,1,1,1,0,0,0,0,0,1,1,1,1,1,1,11.4858,12,TRUE,6.09120403201679,3.07310328825854,3.01810074375824,0,13.1704
"BASELINE","Chitipa",3,"month","incidence",2024-06-01,2024-09-01,0,0,0,0,0,0,0,1,1,1,1,1,1,1,1,1,1,1,1,1,1,1,1,0,0,0,0,1,1,1,1,1,1,1,11.6968,12,TRUE,6.31421565248905,3.72711374205587,2.58710191043318,0,12.9594
"BASELINE","Dedza",1,"month","incidence",2024-06-01,2024-07-01,0,0,0,0,0,1,1,1,1,1,1,1,1,1,1,1,1,1,1,1,1,1,1,0,0,0,0,0,0,1,1,1,1,1,8.3012,12,TRUE,4.40661572395891,1.97211162900149,2.43450409495741,0,13.4953
"BASELINE","Dedza",2,"month","incidence",2024-06-01,2024-08-01,0,0,0,0,0,1,1,1,1,1,1,1,1,1,1,1,1,1,1,1,1,1,1,0,0,0,0,0,0,1,1,1,1,1,11.8694,12,TRUE,6.28930724189608,2.77307266844273,3.51623457345335,0,9.9271
"BASELINE","Dedza",3,"month","incidence",2024-06-01,2024-09-01,0,0,0,0,0,0,1,1,1,1,1,1,1,1,1,1,1,1,1,1,1,1,1,0,0,0,0,0,1,1,1,1,1,1,11.2258,12,TRUE,5.99356454328141,3.361515165501,2.63204937778041,0,10.5707
"BASELINE","Dowa",1,"month","incidence",2024-06-01,2024-07-01,0,0,0,0,0,0,1,1,1,1,1,1,1,1,1,1,1,1,1,1,1,1,1,0,0,0,0,0,1,1,1,1,1,1,10.4811,12,TRUE,5.59277651374937,2.94147461183478,2.6513019019146,0,16.1815
"BASELINE","Dowa",2,"month","incidence",2024-06-01,2024-08-01,0,0,0,0,0,0,0,1,1,1,1,1,1,1,1,1,1,1,1,1,1,1,1,0,0,0,0,1,1,1,1,1,1,1,10.4922,12,TRUE,6.01574571767036,4.10228705309136,1.91345866457901,0,16.1704
"BASELINE","Dowa",3,"month","incidence",2024-06-01,2024-09-01,0,0,0,0,0,0,0,0,0,0,1,1,1,1,1,1,1,1,1,1,1,1,1,0,1,1,1,1,1,1,1,1,1,1,5.0215,12,TRUE,5.33800403617988,4.94482162575063,0.393182410429251,0,21.6411
"BASELINE","Karonga",1,"month","incidence",2024-06-01,2024-07-01,0,0,0,0,0,0,0,0,0,0,0,0,0,0,0,0,0,0,0,0,1,1,1,0,0,0,0,0,0,0,0,1,1,1,12.5091,12,TRUE,7.18626731824076,1.8883036336162,0,5.29796368462456,46.7617
"BASELINE","Karonga",2,"month","incidence",2024-06-01,2024-08-01,0,0,0,0,0,0,0,0,0,0,0,0,0,0,0,0,0,0,0,1,1,1,1,0,0,0,0,0,0,0,1,1,1,1,13.0838,12,TRUE,7.0169261327779,2.67046460853843,0,4.34646152423947,47.3364
"BASELINE","Karonga",3,"month","incidence",2024-06-01,2024-09-01,0,0,0,0,0,0,0,0,0,0,0,0,0,0,0,0,0,0,1,1,1,1,1,0,0,0,0,0,0,1,1,1,1,1,13.5088,12,TRUE,7.16087629506358,3.26937059499116,0,3.89150570007242,47.7614
"BASELINE","Kasungu",1,"month","incidence",2024-06-01,2024-07-01,0,0,0,1,1,1,1,1,1,1,1,1,1,1,1,1,1,1,1,1,1,1,1,0,0,0,0,0,0,0,0,1,1,1,24.4798,12,TRUE,14.419194878073,3.36897499361868,11.0502198844543,0,37.1945
"BASELINE","Kasungu",2,"month","incidence",2024-06-01,2024-08-01,0,0,0,1,1,1,1,1,1,1,1,1,1,1,1,1,1,1,1,1,1,1,1,0,0,0,0,0,0,0,0,1,1,1,32.5256,12,TRUE,18.8440336598074,4.76445012727135,14.0795835325361,0,29.1487
"BASELINE","Kasungu",3,"month","incidence",2024-06-01,2024-09-01,0,0,0,0,1,1,1,1,1,1,1,1,1,1,1,1,1,1,1,1,1,1,1,0,0,0,0,0,0,0,1,1,1,1,31.2687,12,TRUE,17.0782742655308,5.83346475535783,11.244809510173,0,30.4056
"BASELINE","Likoma",1,"month","incidence",2024-06-01,2024-07-01,0,0,0,0,0,0,0,0,0,0,0,0,0,0,0,0,1,1,1,1,1,1,1,0,0,0,0,1,1,1,1,1,1,1,8.0972,12,TRUE,4.5046226880799,2.8186002112805,0,1.6860224767994,39.9338
"BASELINE","Likoma",2,"month","incidence",2024-06-01,2024-08-01,0,0,0,0,0,0,0,0,0,0,0,0,0,0,0,0,0,0,0,1,1,1,1,0,0,0,0,0,0,0,1,1,1,1,19.5068,12,TRUE,10.4383068238596,3.96544034624541,0,6.47286647761418,51.3434
"BASELINE","Likoma",3,"month","incidence",2024-06-01,2024-09-01,0,0,0,0,0,0,0,0,0,0,0,0,0,0,0,0,0,0,0,1,1,1,1,0,0,0,0,0,0,0,1,1,1,1,25.2116,12,TRUE,13.5984019873017,4.80943539428994,0,8.78896659301174,57.0482
"BASELINE","Lilongwe",1,"month","incidence",2024-06-01,2024-07-01,0,0,0,0,0,1,1,1,1,1,1,1,1,1,1,1,1,1,1,1,1,1,1,0,0,0,0,0,0,1,1,1,1,1,9.3463,12,TRUE,4.99658718808687,1.97720648387054,3.01938070421633,0,19.5718
"BASELINE","Lilongwe",2,"month","incidence",2024-06-01,2024-08-01,0,0,0,0,1,1,1,1,1,1,1,1,1,1,1,1,1,1,1,1,1,1,1,0,0,0,0,0,0,0,1,1,1,1,16.2389,12,TRUE,9.00182471559346,2.7947907750646,6.20703394052886,0,12.6792
"BASELINE","Lilongwe",3,"month","incidence",2024-06-01,2024-09-01,0,0,0,0,0,1,1,1,1,1,1,1,1,1,1,1,1,1,1,1,1,1,1,0,0,0,0,0,0,1,1,1,1,1,14.9794,12,TRUE,7.95808476041058,3.4116363218432,4.54644843856738,0,13.9387
"BASELINE","Machinga",1,"month","incidence",2024-06-01,2024-07-01,0,0,0,0,0,0,0,0,0,0,0,1,1,1,1,1,1,1,1,1,1,1,1,1,1,1,1,1,1,1,1,1,1,1,0.1648,12,TRUE,2.08949959677537,2.08233437938406,0.00716521739130433,0,32.8911
"BASELINE","Machinga",2,"month","incidence",2024-06-01,2024-08-01,0,0,0,0,0,0,0,0,0,0,1,1,1,1,1,1,1,1,1,1,1,1,1,0,1,1,1,1,1,1,1,1,1,1,2.8403,12,TRUE,3.16431363106092,2.9448655207207,0.219448110340215,0,30.2156
"BASELINE","Machinga",3,"month","incidence",2024-06-01,2024-09-01,0,0,0,0,0,0,0,0,0,1,1,1,1,1,1,1,1,1,1,1,1,1,1,0,0,1,1,1,1,1,1,1,1,1,5.7558,12,TRUE,4.29432325535413,3.60094646098814,0.693376794365989,0,27.3001
"BASELINE","Mangochi",1,"month","incidence",2024-06-01,2024-07-01,0,0,0,0,0,0,0,1,1,1,1,1,1,1,1,1,1,1,1,1,1,1,1,0,0,0,0,1,1,1,1,1,1,1,3.2479,12,TRUE,1.88593817852019,1.29737953766459,0.588558640855595,0,22.0102
"BASELINE","Mangochi",2,"month","incidence",2024-06-01,2024-08-01,0,0,0,0,0,0,0,0,0,0,0,1,1,1,1,1,1,1,1,1,1,1,1,1,1,1,1,1,1,1,1,1,1,1,0.695699999999999,12,TRUE,1.86501956379756,1.8347717377106,0.0302478260869565,0,24.5624
"BASELINE","Mangochi",3,"month","incidence",2024-06-01,2024-09-01,0,0,0,0,0,0,0,0,0,0,0,0,0,0,1,1,1,1,1,1,1,1,1,0,0,1,1,1,1,1,1,1,1,1,3.9132,12,TRUE,2.7502383179149,2.24712727593529,0,0.503111041979606,29.1713
"BASELINE","Mchinji",1,"month","incidence",2024-06-01,2024-07-01,0,0,0,0,0,0,1,1,1,1,1,1,1,1,1,1,1,1,1,1,1,1,1,0,0,0,0,0,1,1,1,1,1,1,11.7464,12,TRUE,6.32750452561311,3.57011527293621,2.7573892526769,0,36.1798
"BASELINE","Mchinji",2,"month","incidence",2024-06-01,2024-08-01,0,0,0,0,0,1,1,1,1,1,1,1,1,1,1,1,1,1,1,1,1,1,1,0,0,0,0,0,0,1,1,1,1,1,20.218,12,TRUE,10.6907222402681,5.04264504833532,5.64807719193277,0,27.7082
"BASELINE","Mchinji",3,"month","incidence",2024-06-01,2024-09-01,0,0,0,0,0,0,1,1,1,1,1,1,1,1,1,1,1,1,1,1,1,1,1,0,0,0,0,0,1,1,1,1,1,1,21.2242,12,TRUE,11.3433711880887,6.14711889169912,5.19625229638957,0,26.702
"BASELINE","Mulanje",1,"month","incidence",2024-06-01,2024-07-01,0,0,0,0,1,1,1,1,1,1,1,1,1,1,1,1,1,1,1,1,1,1,1,0,0,0,0,0,0,0,1,1,1,1,13.6486,12,TRUE,7.42914824468132,2.59317850094028,4.83596974374104,0,34.6835
"BASELINE","Mulanje",2,"month","incidence",2024-06-01,2024-08-01,0,0,0,0,0,0,1,1,1,1,1,1,1,1,1,1,1,1,1,1,1,1,1,0,0,0,0,0,1,1,1,1,1,1,13.394,12,TRUE,7.1348069694334,3.66730820568407,3.46749876374933,0,34.9381
"BASELINE","Mulanje",3,"month","incidence",2024-06-01,2024-09-01,0,0,0,0,0,0,0,0,0,1,1,1,1,1,1,1,1,1,1,1,1,1,1,0,0,1,1,1,1,1,1,1,1,1,6.2238,12,TRUE,5.14915568034765,4.49090144459494,0.658254235752708,0,42.1083
"BASELINE","Mwanza",1,"month","incidence",2024-06-01,2024-07-01,0,0,0,1,1,1,1,1,1,1,1,1,1,1,1,1,1,1,1,1,1,1,1,0,0,0,0,0,0,0,0,1,1,1,30.336,12,TRUE,17.4579727157167,4.55143353019501,12.9065391855217,0,56.5942
"BASELINE","Mwanza",2,"month","incidence",2024-06-01,2024-08-01,0,0,0,0,0,1,1,1,1,1,1,1,1,1,1,1,1,1,1,1,1,1,1,0,0,0,0,0,0,1,1,1,1,1,27.4815,12,TRUE,14.6016237785846,6.43669902664144,8.16492475194316,0,59.4487
"BASELINE","Mwanza",3,"month","incidence",2024-06-01,2024-09-01,0,0,0,0,0,1,1,1,1,1,1,1,1,1,1,1,1,1,1,1,1,1,1,0,0,0,0,0,0,1,1,1,1,1,35.1531,12,TRUE,18.7284186028578,7.88331412157033,10.8451044812874,0,51.7771
"BASELINE","Mzimba",1,"month","incidence",2024-06-01,2024-07-01,0,0,0,0,0,0,0,0,0,1,1,1,1,1,1,1,1,1,1,1,1,1,1,0,0,1,1,1,1,1,1,1,1,1,4.6391,12,TRUE,3.27456611696117,2.68200673525492,0.592559381706259,0,19.1046
"BASELINE","Mzimba",2,"month","incidence",2024-06-01,2024-08-01,0,0,0,0,0,0,0,0,0,1,1,1,1,1,1,1,1,1,1,1,1,1,1,0,0,1,1,1,1,1,1,1,1,1,4.6315,12,TRUE,4.1572079224655,3.73858895991141,0.418618962554097,0,19.1122
"BASELINE","Mzimba",3,"month","incidence",2024-06-01,2024-09-01,0,0,0,0,0,0,0,0,0,1,1,1,1,1,1,1,1,1,1,1,1,1,1,0,0,1,1,1,1,1,1,1,1,1,7.3826,12,TRUE,5.38672429142232,4.50224153176043,0.884482759661888,0,16.3611
"BASELINE","Neno",1,"month","incidence",2024-06-01,2024-07-01,0,0,0,0,0,1,1,1,1,1,1,1,1,1,1,1,1,1,1,1,1,1,1,0,0,0,0,0,0,1,1,1,1,1,28.1934,12,TRUE,14.9429465112212,6.85864117789757,8.08430533332362,0,84.3177
"BASELINE","Neno",2,"month","incidence",2024-06-01,2024-08-01,0,0,0,0,0,0,1,1,1,1,1,1,1,1,1,1,1,1,1,1,1,1,1,0,0,0,0,0,1,1,1,1,1,1,31.116,12,TRUE,16.8096308313254,9.69958337323332,7.11004745809205,0,81.3951
"BASELINE","Neno",3,"month","incidence",2024-06-01,2024-09-01,0,0,0,0,0,0,0,1,1,1,1,1,1,1,1,1,1,1,1,1,1,1,1,0,0,0,0,1,1,1,1,1,1,1,33.8206,12,TRUE,18.8506629347645,11.8645641720915,6.98609876267292,0,78.6905
"BASELINE","Nkhatabay",1,"month","incidence",2024-06-01,2024-07-01,0,0,0,0,0,0,0,0,0,0,0,0,0,0,0,0,0,0,1,1,1,1,1,0,0,0,0,0,0,1,1,1,1,1,14.0815,12,TRUE,7.50602027702123,3.13120052514951,0,4.37481975187172,103.7419
"BASELINE","Nkhatabay",2,"month","incidence",2024-06-01,2024-08-01,0,0,0,0,0,0,0,0,0,0,0,0,0,1,1,1,1,1,1,1,1,1,1,0,1,1,1,1,1,1,1,1,1,1,5.0412,12,TRUE,4.85863698777451,4.42818624917619,0,0.430450738598316,94.7016
"BASELINE","Nkhatabay",3,"month","incidence",2024-06-01,2024-09-01,0,0,0,0,0,0,0,0,0,0,0,0,0,0,0,1,1,1,1,1,1,1,1,0,0,0,1,1,1,1,1,1,1,1,12.8681,12,TRUE,7.64802826056764,5.4233983982453,0,2.22462986232234,102.5285
"BASELINE","Nkhotakota",1,"month","incidence",2024-06-01,2024-07-01,0,0,0,0,0,0,0,1,1,1,1,1,1,1,1,1,1,1,1,1,1,1,1,0,0,0,0,1,1,1,1,1,1,1,7.5694,12,TRUE,4.36603525714883,2.96192522525847,1.40411003189036,0,84.0886
"BASELINE","Nkhotakota",2,"month","incidence",2024-06-01,2024-08-01,0,0,0,0,0,0,0,0,0,0,0,1,1,1,1,1,1,1,1,1,1,1,1,1,1,1,1,1,1,1,1,1,1,1,1.9686,12,TRUE,4.27438612864335,4.18879482429552,0.0855913043478259,0,89.6894
"BASELINE","Nkhotakota",3,"month","incidence",2024-06-01,2024-09-01,0,0,0,0,0,1,1,1,1,1,1,1,1,1,1,1,1,1,1,1,1,1,1,0,0,0,0,0,0,1,1,1,1,1,23.4011,12,TRUE,12.4843619688196,5.13020497836757,7.35415699045204,0,68.2569
"BASELINE","Nsanje",1,"month","incidence",2024-06-01,2024-07-01,0,0,0,0,0,0,0,0,0,0,0,0,1,1,1,1,1,1,1,1,1,1,1,1,1,1,1,1,1,1,1,1,1,1,0.177599999999998,12,TRUE,2.42604273406524,2.41832099493481,0,0.0077217391304347,42.8596
"BASELINE","Nsanje",2,"month","incidence",2024-06-01,2024-08-01,0,0,0,0,0,0,0,0,0,0,0,0,0,0,0,0,1,1,1,1,1,1,1,0,0,0,0,1,1,1,1,1,1,1,8.6532,12,TRUE,5.00729115088178,3.4200223492084,0,1.58726880167338,51.3352
"BASELINE","Nsanje",3,"month","incidence",2024-06-01,2024-09-01,0,0,0,0,0,0,0,0,0,0,0,0,0,0,0,1,1,1,1,1,1,1,1,0,0,0,1,1,1,1,1,1,1,1,8.602,12,TRUE,5.49741314126614,4.18600166457982,0,1.31141147668633,51.284
"BASELINE","Ntcheu",1,"month","incidence",2024-06-01,2024-07-01,0,0,0,0,0,0,1,1,1,1,1,1,1,1,1,1,1,1,1,1,1,1,1,0,0,0,0,0,1,1,1,1,1,1,7.9309,12,TRUE,4.27534630866814,2.42635865344743,1.84898765522071,0,24.0863
"BASELINE","Ntcheu",2,"month","incidence",2024-06-01,2024-08-01,0,0,0,0,0,1,1,1,1,1,1,1,1,1,1,1,1,1,1,1,1,1,1,0,0,0,0,0,0,1,1,1,1,1,14.3962,12,TRUE,7.63571924496247,3.42665204263237,4.20906720233009,0,17.621
"BASELINE","Ntcheu",3,"month","incidence",2024-06-01,2024-09-01,0,0,0,0,0,1,1,1,1,1,1,1,1,1,1,1,1,1,1,1,1,1,1,0,0,0,0,0,0,1,1,1,1,1,17.1932,12,TRUE,9.08142857205072,4.17422716908303,4.90720140296768,0,14.824
"BASELINE","Ntchisi",1,"month","incidence",2024-06-01,2024-07-01,0,0,1,1,1,1,1,1,1,1,1,1,1,1,1,1,1,1,1,1,1,1,1,0,0,0,0,0,0,0,0,0,1,1,29.7145,12,TRUE,17.9721431030092,3.7313374189775,14.2408056840317,0,47.9145
"BASELINE","Ntchisi",2,"month","incidence",2024-06-01,2024-08-01,0,0,0,1,1,1,1,1,1,1,1,1,1,1,1,1,1,1,1,1,1,1,1,0,0,0,0,0,0,0,0,1,1,1,35.729,12,TRUE,20.6528218516288,5.2769079837082,15.3759138679206,0,41.9
"BASELINE","Ntchisi",3,"month","incidence",2024-06-01,2024-09-01,0,0,0,0,0,0,0,1,1,1,1,1,1,1,1,1,1,1,1,1,1,1,1,0,0,0,0,1,1,1,1,1,1,1,17.7199,12,TRUE,9.99758565918697,6.46286598985194,3.53471966933502,0,59.9091
"BASELINE","Phalombe",1,"month","incidence",2024-06-01,2024-07-01,0,0,0,0,0,0,0,0,1,1,1,1,1,1,1,1,1,1,1,1,1,1,1,0,0,0,1,1,1,1,1,1,1,1,2.6352,12,TRUE,1.79862330075287,1.4484184994365,0.350204801316367,0,15.1961
"BASELINE","Phalombe",2,"month","incidence",2024-06-01,2024-08-01,0,0,0,0,0,0,0,0,0,1,1,1,1,1,1,1,1,1,1,1,1,1,1,0,0,1,1,1,1,1,1,1,1,1,2.7187,12,TRUE,2.31641292152283,2.04223258617851,0.274180335344328,0,15.1126
"BASELINE","Phalombe",3,"month","incidence",2024-06-01,2024-09-01,0,0,0,0,0,0,0,0,0,1,1,1,1,1,1,1,1,1,1,1,1,1,1,0,0,1,1,1,1,1,1,1,1,1,3.3372,12,TRUE,2.81976831418635,2.48233993764833,0.337428376538019,0,14.4941
"BASELINE","Rumphi",1,"month","incidence",2024-06-01,2024-07-01,0,0,0,0,1,1,1,1,1,1,1,1,1,1,1,1,1,1,1,1,1,1,1,0,0,0,0,0,0,0,1,1,1,1,14.7114,12,TRUE,8.05066949878171,2.71932060764882,5.33134889113288,0,19.5612
"BASELINE","Rumphi",2,"month","incidence",2024-06-01,2024-08-01,0,0,0,0,1,1,1,1,1,1,1,1,1,1,1,1,1,1,1,1,1,1,1,0,0,0,0,0,0,0,1,1,1,1,20.7178,12,TRUE,11.3193486828317,3.83659238491986,7.48275629791187,0,13.5548
"BASELINE","Rumphi",3,"month","incidence",2024-06-01,2024-09-01,0,0,0,0,0,1,1,1,1,1,1,1,1,1,1,1,1,1,1,1,1,1,1,0,0,0,0,0,0,1,1,1,1,1,21.03,12,TRUE,11.1613037598542,4.66632625528163,6.49497750457252,0,13.2426
"BASELINE","Salima",1,"month","incidence",2024-06-01,2024-07-01,0,0,0,0,0,0,0,0,0,0,1,1,1,1,1,1,1,1,1,1,1,1,1,0,1,1,1,1,1,1,1,1,1,1,3.7542,12,TRUE,4.38579267447138,4.10672556747127,0.279067107000107,0,54.2609
"BASELINE","Salima",2,"month","incidence",2024-06-01,2024-08-01,0,0,0,0,0,0,0,0,0,0,0,1,1,1,1,1,1,1,1,1,1,1,1,1,1,1,1,1,1,1,1,1,1,1,2.0943,12,TRUE,5.89415110529727,5.80309458355814,0.0910565217391303,0,55.9208
"BASELINE","Salima",3,"month","incidence",2024-06-01,2024-09-01,0,0,0,0,0,0,0,0,0,0,0,1,1,1,1,1,1,1,1,1,1,1,1,1,1,1,1,1,1,1,1,1,1,1,2.00069999999999,12,TRUE,7.16683698384166,7.07985002731992,0.0869869565217389,0,56.0144
"BASELINE","Thyolo",1,"month","incidence",2024-06-01,2024-07-01,0,0,0,0,0,0,0,0,0,1,1,1,1,1,1,1,1,1,1,1,1,1,1,0,0,1,1,1,1,1,1,1,1,1,2.4238,12,TRUE,1.80175900252308,1.50812149621709,0.293637506305989,0,18.1233
"BASELINE","Thyolo",2,"month","incidence",2024-06-01,2024-08-01,0,0,0,0,0,0,0,0,0,0,0,0,1,1,1,1,1,1,1,1,1,1,1,1,1,1,1,1,1,1,1,1,1,1,0.805,12,TRUE,2.16542361961366,2.13042361961366,0,0.035,21.3521
"BASELINE","Thyolo",3,"month","incidence",2024-06-01,2024-09-01,0,0,0,0,0,0,0,0,0,0,0,0,0,1,1,1,1,1,1,1,1,1,1,0,1,1,1,1,1,1,1,1,1,1,2.9819,12,TRUE,2.85262275377478,2.59764159024339,0,0.254981163531384,23.529
"BASELINE","Zomba",1,"month","incidence",2024-06-01,2024-07-01,0,0,0,1,1,1,1,1,1,1,1,1,1,1,1,1,1,1,1,1,1,1,1,0,0,0,0,0,0,0,0,1,1,1,16.8028,12,TRUE,9.78896791846274,2.41172821712772,7.37723970133502,0,40.3242
"BASELINE","Zomba",2,"month","incidence",2024-06-01,2024-08-01,0,0,0,0,0,1,1,1,1,1,1,1,1,1,1,1,1,1,1,1,1,1,1,0,0,0,0,0,0,1,1,1,1,1,15.2357,12,TRUE,8.11795046592758,3.4106987534199,4.70725171250767,0,41.8913
"BASELINE","Zomba",3,"month","incidence",2024-06-01,2024-09-01,0,0,0,0,1,1,1,1,1,1,1,1,1,1,1,1,1,1,1,1,1,1,1,0,0,0,0,0,0,0,1,1,1,1,22.4579,12,TRUE,12.2750958286492,4.17723580611271,8.09786002253652,0,34.6691
"BASELINE","Balaka",1,"month","incidence",2024-07-01,2024-08-01,0,0,0,0,0,0,0,0,0,1,1,1,1,1,1,1,1,1,1,1,1,1,1,0,0,1,1,1,1,1,1,1,1,1,3.2529,12,TRUE,2.90886889954459,2.6067103836,0.302158515944586,0,18.3184
"BASELINE","Balaka",2,"month","incidence",2024-07-01,2024-09-01,0,0,0,0,0,0,0,0,0,1,1,1,1,1,1,1,1,1,1,1,1,1,1,0,0,1,1,1,1,1,1,1,1,1,6.0656,12,TRUE,4.36852963748876,3.62266846561067,0.745861171878092,0,15.5057
"BASELINE","Balaka",3,"month","incidence",2024-07-01,2024-10-01,0,0,0,0,0,0,0,0,1,1,1,1,1,1,1,1,1,1,1,1,1,1,1,0,0,0,1,1,1,1,1,1,1,1,9.1081,12,TRUE,5.7098932243592,4.35248426679186,1.35740895756734,0,12.4632
"BASELINE","Blantyre",1,"month","incidence",2024-07-01,2024-08-01,0,0,0,0,0,0,0,0,0,0,0,1,1,1,1,1,1,1,1,1,1,1,1,1,1,1,1,1,1,1,1,1,1,1,0.844100000000001,12,TRUE,1.70308673134803,1.66638673134803,0.0367,0,25.377
"BASELINE","Blantyre",2,"month","incidence",2024-07-01,2024-09-01,0,0,0,0,0,0,0,0,0,0,1,1,1,1,1,1,1,1,1,1,1,1,1,0,1,1,1,1,1,1,1,1,1,1,1.5595,12,TRUE,2.43918145882492,2.35662671563096,0.0825547431939684,0,24.6616
"BASELINE","Blantyre",3,"month","incidence",2024-07-01,2024-10-01,0,0,0,0,0,0,1,1,1,1,1,1,1,1,1,1,1,1,1,1,1,1,1,0,0,0,0,0,1,1,1,1,1,1,9.4529,12,TRUE,5.08936190645036,2.88094939258694,2.20841251386342,0,16.7682
"BASELINE","Chikwawa",1,"month","incidence",2024-07-01,2024-08-01,0,0,0,0,0,0,0,0,0,0,0,0,0,0,0,0,0,0,1,1,1,1,1,0,0,0,0,0,0,1,1,1,1,1,10.1544,12,TRUE,5.42132085912406,2.19847974731503,0,3.22284111180903,39.3722
"BASELINE","Chikwawa",2,"month","incidence",2024-07-01,2024-09-01,0,0,0,0,0,0,0,0,0,0,0,1,1,1,1,1,1,1,1,1,1,1,1,1,1,1,1,1,1,1,1,1,1,1,0.563400000000001,12,TRUE,3.12950368663182,3.1050080344579,0.0244956521739131,0,28.6544
"BASELINE","Chikwawa",3,"month","incidence",2024-07-01,2024-10-01,0,0,0,0,1,1,1,1,1,1,1,1,1,1,1,1,1,1,1,1,1,1,1,0,0,0,0,0,0,0,1,1,1,1,18.9152,12,TRUE,10.1501660234085,3.78372622284974,6.36643980055875,0,10.3026
"BASELINE","Chiradzulu",1,"month","incidence",2024-07-01,2024-08-01,0,0,0,0,0,0,0,0,0,0,0,0,0,1,1,1,1,1,1,1,1,1,1,0,1,1,1,1,1,1,1,1,1,1,2.1403,12,TRUE,2.40821088182558,2.24700084577487,0,0.16121003605071,15.3332
"BASELINE","Chiradzulu",2,"month","incidence",2024-07-01,2024-09-01,0,0,0,0,0,0,0,0,0,0,0,1,1,1,1,1,1,1,1,1,1,1,1,1,1,1,1,1,1,1,1,1,1,1,1.2191,12,TRUE,3.10852928319996,3.05552493537387,0.0530043478260869,0,11.9738
"BASELINE","Chiradzulu",3,"month","incidence",2024-07-01,2024-10-01,0,0,0,0,0,0,0,0,0,0,0,1,1,1,1,1,1,1,1,1,1,1,1,1,1,1,1,1,1,1,1,1,1,1,1.6911,12,TRUE,3.68515630859068,3.61163022163415,0.0735260869565218,0,11.5018
"BASELINE","Chitipa",1,"month","incidence",2024-07-01,2024-08-01,0,0,0,0,0,0,0,1,1,1,1,1,1,1,1,1,1,1,1,1,1,1,1,0,0,0,0,1,1,1,1,1,1,1,6.7195,12,TRUE,3.66137843250425,2.18135195727416,1.48002647523009,0,13.1704
"BASELINE","Chitipa",2,"month","incidence",2024-07-01,2024-09-01,0,0,0,0,0,0,0,0,1,1,1,1,1,1,1,1,1,1,1,1,1,1,1,0,0,0,1,1,1,1,1,1,1,1,6.9305,12,TRUE,4.18784099641229,3.04257214387808,1.14526885253421,0,12.9594
"BASELINE","Chitipa",3,"month","incidence",2024-07-01,2024-10-01,0,0,0,0,0,0,0,0,0,0,1,1,1,1,1,1,1,1,1,1,1,1,1,0,1,1,1,1,1,1,1,1,1,1,3.4844,12,TRUE,3.9287026297183,3.66832673295395,0.260375896764347,0,16.4055
"BASELINE","Dedza",1,"month","incidence",2024-07-01,2024-08-01,0,0,0,0,0,0,0,0,0,1,1,1,1,1,1,1,1,1,1,1,1,1,1,0,0,1,1,1,1,1,1,1,1,1,3.5682,12,TRUE,2.4281739657873,1.95950448866301,0.468669477124285,0,9.9271
"BASELINE","Dedza",2,"month","incidence",2024-07-01,2024-09-01,0,0,0,0,0,0,0,0,0,0,1,1,1,1,1,1,1,1,1,1,1,1,1,0,1,1,1,1,1,1,1,1,1,1,2.9246,12,TRUE,2.93580447580658,2.69829536789485,0.23750910791173,0,10.5707
"BASELINE","Dedza",3,"month","incidence",2024-07-01,2024-10-01,0,0,0,0,0,0,0,0,0,0,0,0,1,1,1,1,1,1,1,1,1,1,1,1,1,1,1,1,1,1,1,1,1,1,0.468399999999999,12,TRUE,3.23526196573839,3.21489674834708,0,0.0203652173913043,13.9637
"BASELINE","Dowa",1,"month","incidence",2024-07-01,2024-08-01,0,0,0,0,0,0,0,0,0,0,0,1,1,1,1,1,1,1,1,1,1,1,1,1,1,1,1,1,1,1,1,1,1,1,0.011099999999999,12,TRUE,2.87757054188324,2.87708793318759,0.00048260869565213,0,16.1704
"BASELINE","Dowa",2,"month","incidence",2024-07-01,2024-09-01,0,0,0,0,0,0,0,0,0,0,0,0,0,0,1,1,1,1,1,1,1,1,1,0,0,1,1,1,1,1,1,1,1,1,5.4596,12,TRUE,4.44048783658402,3.90068215926939,0,0.539805677314624,21.6411
"BASELINE","Dowa",3,"month","incidence",2024-07-01,2024-10-01,0,0,0,0,0,0,0,0,0,0,0,0,0,0,0,0,1,1,1,1,1,1,1,0,0,0,0,1,1,1,1,1,1,1,13.6602,12,TRUE,7.25797017399387,4.60734488458716,0,2.65062528940671,29.8417
"BASELINE","Karonga",1,"month","incidence",2024-07-01,2024-08-01,0,0,0,0,0,0,0,0,0,0,0,0,1,1,1,1,1,1,1,1,1,1,1,1,1,1,1,1,1,1,1,1,1,1,0.5747,12,TRUE,1.94467375334376,1.91968679682202,0,0.0249869565217391,47.3364
"BASELINE","Karonga",2,"month","incidence",2024-07-01,2024-09-01,0,0,0,0,0,0,0,0,0,0,0,0,1,1,1,1,1,1,1,1,1,1,1,1,1,1,1,1,1,1,1,1,1,1,0.999700000000004,12,TRUE,2.75831232096557,2.71484710357427,0,0.0434652173913045,47.7614
"BASELINE","Karonga",3,"month","incidence",2024-07-01,2024-10-01,0,0,0,0,0,0,1,1,1,1,1,1,1,1,1,1,1,1,1,1,1,1,1,0,0,0,0,0,1,1,1,1,1,1,11.6591,12,TRUE,6.23702780109721,3.32499506671489,2.91203273438231,0,35.1026
"BASELINE","Kasungu",1,"month","incidence",2024-07-01,2024-08-01,0,0,0,0,0,0,0,0,1,1,1,1,1,1,1,1,1,1,1,1,1,1,1,0,0,0,1,1,1,1,1,1,1,1,8.0458,12,TRUE,4.80713294384588,3.42769161810364,1.37944132574223,0,29.1487
"BASELINE","Kasungu",2,"month","incidence",2024-07-01,2024-09-01,0,0,0,0,0,0,0,0,0,1,1,1,1,1,1,1,1,1,1,1,1,1,1,0,0,1,1,1,1,1,1,1,1,1,6.7889,12,TRUE,5.54300424687358,4.81700782981424,0.725996417059336,0,30.4056
"BASELINE","Kasungu",3,"month","incidence",2024-07-01,2024-10-01,0,0,0,0,0,0,0,0,0,0,0,1,1,1,1,1,1,1,1,1,1,1,1,1,1,1,1,1,1,1,1,1,1,1,1.4555,12,TRUE,5.90110231196483,5.83781970326918,0.0632826086956522,0,35.739
"BASELINE","Likoma",1,"month","incidence",2024-07-01,2024-08-01,0,0,0,0,0,0,0,0,0,0,0,0,0,0,0,0,0,0,1,1,1,1,1,0,0,0,0,0,0,1,1,1,1,1,11.4096,12,TRUE,6.04080598081594,2.82028356618774,0,3.22052241462819,51.3434
"BASELINE","Likoma",2,"month","incidence",2024-07-01,2024-09-01,0,0,0,0,0,0,0,0,0,0,0,0,0,0,0,0,0,0,1,1,1,1,1,0,0,0,0,0,0,1,1,1,1,1,17.1144,12,TRUE,9.09307583952397,3.98534083223357,0,5.10773500729039,57.0482
"BASELINE","Likoma",3,"month","incidence",2024-07-01,2024-10-01,0,0,0,0,0,0,0,0,0,1,1,1,1,1,1,1,1,1,1,1,1,1,1,0,0,1,1,1,1,1,1,1,1,1,8.8333,12,TRUE,6.02704210456064,4.86234961851745,1.16469248604319,0,31.1005
"BASELINE","Lilongwe",1,"month","incidence",2024-07-01,2024-08-01,0,0,0,0,0,0,1,1,1,1,1,1,1,1,1,1,1,1,1,1,1,1,1,0,0,0,0,0,1,1,1,1,1,1,6.8926,12,TRUE,3.69067021280973,1.99082179810278,1.69984841470695,0,12.6792
"BASELINE","Lilongwe",2,"month","incidence",2024-07-01,2024-09-01,0,0,0,0,0,0,0,0,1,1,1,1,1,1,1,1,1,1,1,1,1,1,1,0,0,0,1,1,1,1,1,1,1,1,5.6331,12,TRUE,3.6204417594759,2.78509518921212,0.835346570263785,0,13.9387
"BASELINE","Lilongwe",3,"month","incidence",2024-07-01,2024-10-01,0,0,0,0,0,0,0,0,0,0,0,1,1,1,1,1,1,1,1,1,1,1,1,1,1,1,1,1,1,1,1,1,1,1,0.516999999999999,12,TRUE,3.39066615010981,3.36818788924025,0.0224782608695652,0,19.0548
"BASELINE","Machinga",1,"month","incidence",2024-07-01,2024-08-01,0,0,0,0,0,0,0,0,0,1,1,1,1,1,1,1,1,1,1,1,1,1,1,0,0,1,1,1,1,1,1,1,1,1,2.6755,12,TRUE,2.34185199538428,2.0823127334044,0.259539261979875,0,30.2156
"BASELINE","Machinga",2,"month","incidence",2024-07-01,2024-09-01,0,0,0,0,0,0,0,0,1,1,1,1,1,1,1,1,1,1,1,1,1,1,1,0,0,0,1,1,1,1,1,1,1,1,5.591,12,TRUE,3.72784619088249,2.9448349086827,0.783011282199793,0,27.3001
"BASELINE","Machinga",3,"month","incidence",2024-07-01,2024-10-01,0,0,0,0,0,0,0,1,1,1,1,1,1,1,1,1,1,1,1,1,1,1,1,0,0,0,0,1,1,1,1,1,1,1,9.7983,12,TRUE,5.53759153931452,3.60040850952909,1.93718302978543,0,23.0928
"BASELINE","Mangochi",1,"month","incidence",2024-07-01,2024-08-01,0,0,0,0,0,0,0,0,0,0,0,0,0,0,0,1,1,1,1,1,1,1,1,0,0,0,1,1,1,1,1,1,1,1,2.5522,12,TRUE,1.67145988563436,1.30031830183609,0,0.371141583798266,24.5624
"BASELINE","Mangochi",2,"month","incidence",2024-07-01,2024-09-01,0,0,0,0,0,0,0,0,0,0,0,0,0,0,0,0,0,1,1,1,1,1,1,0,0,0,0,0,1,1,1,1,1,1,7.1611,12,TRUE,3.79041264584941,1.83892777785855,0,1.95148486799086,29.1713
"BASELINE","Mangochi",3,"month","incidence",2024-07-01,2024-10-01,0,0,0,0,0,0,0,0,0,0,0,0,1,1,1,1,1,1,1,1,1,1,1,1,1,1,1,1,1,1,1,1,1,1,0.671899999999997,12,TRUE,2.27918669784592,2.24997365436766,0,0.0292130434782608,22.6821
"BASELINE","Mchinji",1,"month","incidence",2024-07-01,2024-08-01,0,0,0,0,0,0,0,0,1,1,1,1,1,1,1,1,1,1,1,1,1,1,1,0,0,0,1,1,1,1,1,1,1,1,8.4716,12,TRUE,5.04221650113817,3.58208367500976,1.46013282612841,0,27.7082
"BASELINE","Mchinji",2,"month","incidence",2024-07-01,2024-09-01,0,0,0,0,0,0,0,0,1,1,1,1,1,1,1,1,1,1,1,1,1,1,1,0,0,0,1,1,1,1,1,1,1,1,9.4778,12,TRUE,6.32042677792268,5.01722458038918,1.3032021975335,0,26.702
"BASELINE","Mchinji",3,"month","incidence",2024-07-01,2024-10-01,0,0,0,0,0,0,0,0,0,0,0,1,1,1,1,1,1,1,1,1,1,1,1,1,1,1,1,1,1,1,1,1,1,1,0.256300000000003,12,TRUE,6.08573580557244,6.07459232731157,0.0111434782608697,0,35.9235
"BASELINE","Mulanje",1,"month","incidence",2024-07-01,2024-08-01,0,0,0,0,0,0,0,0,0,0,0,0,1,1,1,1,1,1,1,1,1,1,1,1,1,1,1,1,1,1,1,1,1,1,0.254599999999996,12,TRUE,2.62966182640874,2.61859226119135,0,0.0110695652173911,34.9381
"BASELINE","Mulanje",2,"month","incidence",2024-07-01,2024-09-01,0,0,0,0,0,0,0,0,0,0,0,0,0,0,0,1,1,1,1,1,1,1,1,0,0,0,1,1,1,1,1,1,1,1,7.4248,12,TRUE,4.80279728696042,3.69824885077768,0,1.10454843618274,42.1083
"BASELINE","Mulanje",3,"month","incidence",2024-07-01,2024-10-01,0,0,0,0,0,0,0,0,0,0,0,0,0,0,0,1,1,1,1,1,1,1,1,0,0,0,1,1,1,1,1,1,1,1,10.2668,12,TRUE,6.21578359865403,4.50589791613813,0,1.7098856825159,44.9503
"BASELINE","Mwanza",1,"month","incidence",2024-07-01,2024-08-01,0,0,0,0,0,0,0,0,0,0,0,0,0,1,1,1,1,1,1,1,1,1,1,0,1,1,1,1,1,1,1,1,1,1,2.8545,12,TRUE,4.76350657954885,4.628553293341,0,0.134953286207852,59.4487
"BASELINE","Mwanza",2,"month","incidence",2024-07-01,2024-09-01,0,0,0,0,0,0,0,0,0,0,1,1,1,1,1,1,1,1,1,1,1,1,1,0,1,1,1,1,1,1,1,1,1,1,4.8171,12,TRUE,6.8175829995973,6.5249614424502,0.292621557147094,0,51.7771
"BASELINE","Mwanza",3,"month","incidence",2024-07-01,2024-10-01,0,0,0,0,0,0,0,0,0,0,0,1,1,1,1,1,1,1,1,1,1,1,1,1,1,1,1,1,1,1,1,1,1,1,2.9693,12,TRUE,8.0587804821994,7.9296804821994,0.1291,0,53.6249
"BASELINE","Mzimba",1,"month","incidence",2024-07-01,2024-08-01,0,0,0,0,0,0,0,0,0,0,0,0,1,1,1,1,1,1,1,1,1,1,1,1,1,1,1,1,1,1,1,1,1,1,0.00760000000000005,12,TRUE,2.65396776347653,2.65363732869392,0,0.000330434782608698,19.1122
"BASELINE","Mzimba",2,"month","incidence",2024-07-01,2024-09-01,0,0,0,0,0,0,0,0,0,0,1,1,1,1,1,1,1,1,1,1,1,1,1,0,1,1,1,1,1,1,1,1,1,1,2.7435,12,TRUE,3.82546944839459,3.66210432177005,0.163365126624542,0,16.3611
"BASELINE","Mzimba",3,"month","incidence",2024-07-01,2024-10-01,0,0,0,0,0,0,0,0,0,0,0,1,1,1,1,1,1,1,1,1,1,1,1,1,1,1,1,1,1,1,1,1,1,1,1.0187,12,TRUE,4.4148686170648,4.37057731271698,0.0442913043478262,0,18.0859
"BASELINE","Neno",1,"month","incidence",2024-07-01,2024-08-01,0,0,0,0,0,0,0,0,0,0,0,1,1,1,1,1,1,1,1,1,1,1,1,1,1,1,1,1,1,1,1,1,1,1,2.9226,12,TRUE,7.03010471241372,6.90303514719632,0.127069565217391,0,81.3951
"BASELINE","Neno",2,"month","incidence",2024-07-01,2024-09-01,0,0,0,0,0,0,0,0,0,0,0,1,1,1,1,1,1,1,1,1,1,1,1,1,1,1,1,1,1,1,1,1,1,1,5.6272,12,TRUE,9.97573869310076,9.73107782353554,0.244660869565217,0,78.6905
"BASELINE","Neno",3,"month","incidence",2024-07-01,2024-10-01,0,0,0,0,0,0,0,0,0,0,1,1,1,1,1,1,1,1,1,1,1,1,1,0,1,1,1,1,1,1,1,1,1,1,11.5364,12,TRUE,12.7172707742699,11.8257007122404,0.891570062029478,0,72.7813
"BASELINE","Nkhatabay",1,"month","incidence",2024-07-01,2024-08-01,0,0,0,0,0,0,0,1,1,1,1,1,1,1,1,1,1,1,1,1,1,1,1,0,0,0,0,1,1,1,1,1,1,1,9.0403,12,TRUE,5.03221547033628,3.15306738340088,1.8791480869354,0,94.7016
"BASELINE","Nkhatabay",2,"month","incidence",2024-07-01,2024-09-01,0,0,0,0,0,0,0,0,0,0,0,1,1,1,1,1,1,1,1,1,1,1,1,1,1,1,1,1,1,1,1,1,1,1,1.21340000000001,12,TRUE,4.51186717842091,4.45911065668178,0.0527565217391307,0,102.5285
"BASELINE","Nkhatabay",3,"month","incidence",2024-07-01,2024-10-01,0,0,0,0,0,0,0,0,0,0,0,0,0,1,1,1,1,1,1,1,1,1,1,0,1,1,1,1,1,1,1,1,1,1,4.5583,12,TRUE,5.77575541078099,5.46127290773858,0,0.314482503042404,108.3002
"BASELINE","Nkhotakota",1,"month","incidence",2024-07-01,2024-08-01,0,0,0,0,0,0,0,0,0,0,0,0,0,0,0,1,1,1,1,1,1,1,1,0,0,0,1,1,1,1,1,1,1,1,5.60080000000001,12,TRUE,3.74240381693203,2.96165747526364,0,0.780746341668383,89.6894
"BASELINE","Nkhotakota",2,"month","incidence",2024-07-01,2024-09-01,0,0,0,0,0,0,1,1,1,1,1,1,1,1,1,1,1,1,1,1,1,1,1,0,0,0,0,0,1,1,1,1,1,1,15.8317,12,TRUE,8.40424838815476,4.1884161686215,4.21583221953325,0,68.2569
"BASELINE","Nkhotakota",3,"month","incidence",2024-07-01,2024-10-01,0,0,0,0,0,0,0,0,0,1,1,1,1,1,1,1,1,1,1,1,1,1,1,0,0,1,1,1,1,1,1,1,1,1,6.2847,12,TRUE,5.7025143469385,5.1297412217728,0.572773125165703,0,77.8039
"BASELINE","Nsanje",1,"month","incidence",2024-07-01,2024-08-01,0,0,0,0,0,0,0,0,0,0,0,0,0,0,0,0,0,1,1,1,1,1,1,0,0,0,0,0,1,1,1,1,1,1,8.4756,12,TRUE,4.53420474726926,2.41805665078826,0,2.116148096481,51.3352
"BASELINE","Nsanje",2,"month","incidence",2024-07-01,2024-09-01,0,0,0,0,0,0,0,0,0,0,0,0,0,0,0,0,1,1,1,1,1,1,1,0,0,0,0,1,1,1,1,1,1,1,8.4244,12,TRUE,4.91758349825593,3.41964851013123,0,1.4979349881247,51.284
"BASELINE","Nsanje",3,"month","incidence",2024-07-01,2024-10-01,0,0,0,0,0,0,1,1,1,1,1,1,1,1,1,1,1,1,1,1,1,1,1,0,0,0,0,0,1,1,1,1,1,1,15.3885,12,TRUE,8.18974521391973,4.18570258886311,4.00404262505663,0,27.4711
"BASELINE","Ntcheu",1,"month","incidence",2024-07-01,2024-08-01,0,0,0,0,0,0,0,1,1,1,1,1,1,1,1,1,1,1,1,1,1,1,1,0,0,0,0,1,1,1,1,1,1,1,6.4653,12,TRUE,3.67909065606639,2.4265500001288,1.2525406559376,0,17.621
"BASELINE","Ntcheu",2,"month","incidence",2024-07-01,2024-09-01,0,0,0,0,0,0,0,1,1,1,1,1,1,1,1,1,1,1,1,1,1,1,1,0,0,0,0,1,1,1,1,1,1,1,9.2623,12,TRUE,5.2140219193849,3.39610256691238,1.81791935247252,0,14.824
"BASELINE","Ntcheu",3,"month","incidence",2024-07-01,2024-10-01,0,0,0,0,0,0,0,0,1,1,1,1,1,1,1,1,1,1,1,1,1,1,1,0,0,0,1,1,1,1,1,1,1,1,8.0777,12,TRUE,5.25503520904729,4.1087812900347,1.1462539190126,0,16.0086
"BASELINE","Ntchisi",1,"month","incidence",2024-07-01,2024-08-01,0,0,0,0,0,0,0,0,0,1,1,1,1,1,1,1,1,1,1,1,1,1,1,0,0,1,1,1,1,1,1,1,1,1,6.0145,12,TRUE,4.53769293119879,3.82126433543343,0.716428595765359,0,41.9
"BASELINE","Ntchisi",2,"month","incidence",2024-07-01,2024-09-01,0,0,0,0,0,0,0,0,0,0,0,0,0,0,0,1,1,1,1,1,1,1,1,0,0,0,1,1,1,1,1,1,1,1,11.9946,12,TRUE,7.35534276357635,5.39053584108677,0,1.96480692248958,59.9091
"BASELINE","Ntchisi",3,"month","incidence",2024-07-01,2024-10-01,0,0,0,0,0,0,0,0,0,0,0,0,0,0,0,0,0,0,0,1,1,1,1,0,0,0,0,0,0,0,1,1,1,1,32.5692,12,TRUE,17.4202845276471,6.55542988290328,0,10.8648546447438,80.4837
"BASELINE","Phalombe",1,"month","incidence",2024-07-01,2024-08-01,0,0,0,0,0,0,0,0,0,0,0,1,1,1,1,1,1,1,1,1,1,1,1,1,1,1,1,1,1,1,1,1,1,1,0.083499999999999,12,TRUE,1.45319985106235,1.44956941627974,0.00363043478260865,0,15.1126
"BASELINE","Phalombe",2,"month","incidence",2024-07-01,2024-09-01,0,0,0,0,0,0,0,0,0,0,0,1,1,1,1,1,1,1,1,1,1,1,1,1,1,1,1,1,1,1,1,1,1,1,0.702,12,TRUE,2.06431013909158,2.03378839996114,0.0305217391304348,0,14.4941
"BASELINE","Phalombe",3,"month","incidence",2024-07-01,2024-10-01,0,0,0,0,0,0,0,0,0,1,1,1,1,1,1,1,1,1,1,1,1,1,1,0,0,1,1,1,1,1,1,1,1,1,3.7965,12,TRUE,2.90244828892343,2.46562879313828,0.436819495785151,0,11.3996
"BASELINE","Rumphi",1,"month","incidence",2024-07-01,2024-08-01,0,0,0,0,0,0,0,0,1,1,1,1,1,1,1,1,1,1,1,1,1,1,1,0,0,0,1,1,1,1,1,1,1,1,6.0064,12,TRUE,3.6910131888905,2.72061107371437,0.970402115176137,0,13.5548
"BASELINE","Rumphi",2,"month","incidence",2024-07-01,2024-09-01,0,0,0,0,0,0,0,0,0,1,1,1,1,1,1,1,1,1,1,1,1,1,1,0,0,1,1,1,1,1,1,1,1,1,6.3186,12,TRUE,4.52655017558138,3.75437124152435,0.772178934057031,0,13.2426
"BASELINE","Rumphi",3,"month","incidence",2024-07-01,2024-10-01,0,0,0,0,0,0,0,0,0,0,1,1,1,1,1,1,1,1,1,1,1,1,1,0,1,1,1,1,1,1,1,1,1,1,4.5877,12,TRUE,4.83460047517298,4.48042602383394,0.354174451339039,0,14.9735
"BASELINE","Salima",1,"month","incidence",2024-07-01,2024-08-01,0,0,0,0,0,0,0,0,0,0,0,0,1,1,1,1,1,1,1,1,1,1,1,1,1,1,1,1,1,1,1,1,1,1,1.6599,12,TRUE,4.1799844371033,4.1078148718859,0,0.0721695652173913,55.9208
"BASELINE","Salima",2,"month","incidence",2024-07-01,2024-09-01,0,0,0,0,0,0,0,0,0,0,0,0,1,1,1,1,1,1,1,1,1,1,1,1,1,1,1,1,1,1,1,1,1,1,1.7535,12,TRUE,5.87759507542057,5.80135594498579,0,0.0762391304347827,56.0144
"BASELINE","Salima",3,"month","incidence",2024-07-01,2024-10-01,0,0,0,0,0,0,0,0,1,1,1,1,1,1,1,1,1,1,1,1,1,1,1,0,0,0,1,1,1,1,1,1,1,1,13.6182,12,TRUE,8.99263080150142,7.06736212588679,1.92526867561463,0,40.6427
"BASELINE","Thyolo",1,"month","incidence",2024-07-01,2024-08-01,0,0,0,0,0,0,0,0,0,0,0,0,0,0,0,1,1,1,1,1,1,1,1,0,0,0,1,1,1,1,1,1,1,1,3.2288,12,TRUE,2.02131707518032,1.50950707658653,0,0.511809998593794,21.3521
"BASELINE","Thyolo",2,"month","incidence",2024-07-01,2024-09-01,0,0,0,0,0,0,0,0,0,0,0,0,0,0,0,0,1,1,1,1,1,1,1,0,0,0,0,1,1,1,1,1,1,1,5.4057,12,TRUE,3.11945653351583,2.12696573447255,0,0.992490799043278,23.529
"BASELINE","Thyolo",3,"month","incidence",2024-07-01,2024-10-01,0,0,0,0,0,0,0,0,0,0,0,0,0,0,1,1,1,1,1,1,1,1,1,0,0,1,1,1,1,1,1,1,1,1,3.6508,12,TRUE,2.97287071983893,2.58363484321492,0,0.389235876624006,21.7741
"BASELINE","Zomba",1,"month","incidence",2024-07-01,2024-08-01,0,0,0,0,0,0,0,0,0,0,0,0,0,1,1,1,1,1,1,1,1,1,1,0,1,1,1,1,1,1,1,1,1,1,1.5671,12,TRUE,2.53097649607135,2.45233900021239,0,0.0786374958589534,41.8913
"BASELINE","Zomba",2,"month","incidence",2024-07-01,2024-09-01,0,0,0,0,0,0,0,0,0,1,1,1,1,1,1,1,1,1,1,1,1,1,1,0,0,1,1,1,1,1,1,1,1,1,5.6551,12,TRUE,4.16105172461501,3.46813107363684,0.69292065097817,0,34.6691
"BASELINE","Zomba",3,"month","incidence",2024-07-01,2024-10-01,0,0,0,0,0,0,0,0,0,0,1,1,1,1,1,1,1,1,1,1,1,1,1,0,1,1,1,1,1,1,1,1,1,1,4.52659999999999,12,TRUE,4.61490441939616,4.24231290995471,0.372591509441452,0,35.7976
"BASELINE","Balaka",1,"month","incidence",2024-08-01,2024-09-01,0,0,0,0,0,0,0,0,0,0,1,1,1,1,1,1,1,1,1,1,1,1,1,0,1,1,1,1,1,1,1,1,1,1,2.8127,12,TRUE,2.82207592008372,2.58953121042087,0.232544709662848,0,15.5057
"BASELINE","Balaka",2,"month","incidence",2024-08-01,2024-10-01,0,0,0,0,0,0,0,0,0,1,1,1,1,1,1,1,1,1,1,1,1,1,1,0,0,1,1,1,1,1,1,1,1,1,5.8552,12,TRUE,4.27151573657999,3.57161714246546,0.699898594114527,0,12.4632
"BASELINE","Balaka",3,"month","incidence",2024-08-01,2024-11-01,0,0,0,0,0,0,0,0,1,1,1,1,1,1,1,1,1,1,1,1,1,1,1,0,0,0,1,1,1,1,1,1,1,1,8.5424,12,TRUE,5.44386627122483,4.25917876845485,1.18468750276999,0,9.776
"BASELINE","Blantyre",1,"month","incidence",2024-08-01,2024-09-01,0,0,0,0,0,0,0,0,0,0,0,1,1,1,1,1,1,1,1,1,1,1,1,1,1,1,1,1,1,1,1,1,1,1,0.715399999999999,12,TRUE,1.69718816609383,1.66608381826775,0.0311043478260869,0,24.6616
"BASELINE","Blantyre",2,"month","incidence",2024-08-01,2024-10-01,0,0,0,0,0,0,1,1,1,1,1,1,1,1,1,1,1,1,1,1,1,1,1,0,0,0,0,0,1,1,1,1,1,1,8.6088,12,TRUE,4.58530973556818,2.35589505691217,2.22941467865601,0,16.7682
"BASELINE","Blantyre",3,"month","incidence",2024-08-01,2024-11-01,0,0,0,0,0,0,0,0,1,1,1,1,1,1,1,1,1,1,1,1,1,1,1,0,0,0,1,1,1,1,1,1,1,1,6.3674,12,TRUE,3.91561134762859,2.87787120479711,1.03774014283148,0,19.0096
"BASELINE","Chikwawa",1,"month","incidence",2024-08-01,2024-09-01,0,0,0,0,0,1,1,1,1,1,1,1,1,1,1,1,1,1,1,1,1,1,1,0,0,0,0,0,0,1,1,1,1,1,10.7178,12,TRUE,5.73754485035688,2.21381816397286,3.52372668638402,0,28.6544
"BASELINE","Chikwawa",2,"month","incidence",2024-08-01,2024-10-01,0,1,1,1,1,1,1,1,1,1,1,1,1,1,1,1,1,1,1,1,1,1,1,0,0,0,0,0,0,0,0,0,0,1,29.0696,12,TRUE,18.521002172403,3.13081167211832,15.3901905002847,0,10.3026
"BASELINE","Chikwawa",3,"month","incidence",2024-08-01,2024-11-01,0,0,0,1,1,1,1,1,1,1,1,1,1,1,1,1,1,1,1,1,1,1,1,0,0,0,0,0,0,0,0,1,1,1,23.3019,12,TRUE,13.0387120465488,3.83227721997223,9.20643482657654,0,16.0703
"BASELINE","Chiradzulu",1,"month","incidence",2024-08-01,2024-09-01,0,0,0,0,0,0,0,0,0,1,1,1,1,1,1,1,1,1,1,1,1,1,1,0,0,1,1,1,1,1,1,1,1,1,3.3594,12,TRUE,2.6435240221274,2.26911694126496,0.374407080862442,0,11.9738
"BASELINE","Chiradzulu",2,"month","incidence",2024-08-01,2024-10-01,0,0,0,0,0,0,0,0,0,0,1,1,1,1,1,1,1,1,1,1,1,1,1,0,1,1,1,1,1,1,1,1,1,1,3.8314,12,TRUE,3.45163372773483,3.11876135875715,0.332872368977674,0,11.5018
"BASELINE","Chiradzulu",3,"month","incidence",2024-08-01,2024-11-01,0,0,0,0,0,0,0,0,0,1,1,1,1,1,1,1,1,1,1,1,1,1,1,0,0,1,1,1,1,1,1,1,1,1,6.585,12,TRUE,4.52728750585761,3.71219791538311,0.815089590474497,0,8.7482
"BASELINE","Chitipa",1,"month","incidence",2024-08-01,2024-09-01,0,0,0,0,0,0,0,0,0,0,0,1,1,1,1,1,1,1,1,1,1,1,1,1,1,1,1,1,1,1,1,1,1,1,0.211,12,TRUE,2.16099635772325,2.15182244467977,0.00917391304347827,0,12.9594
"BASELINE","Chitipa",2,"month","incidence",2024-08-01,2024-10-01,0,0,0,0,0,0,0,0,0,0,0,0,0,1,1,1,1,1,1,1,1,1,1,0,1,1,1,1,1,1,1,1,1,1,3.2351,12,TRUE,3.19331908785702,2.93039598223952,0,0.262923105617495,16.4055
"BASELINE","Chitipa",3,"month","incidence",2024-08-01,2024-11-01,0,0,0,0,0,0,0,0,0,0,0,0,0,0,0,1,1,1,1,1,1,1,1,0,0,0,1,1,1,1,1,1,1,1,7.8823,12,TRUE,4.68504025924025,3.47088803825001,0,1.21415222099024,21.0527
"BASELINE","Dedza",1,"month","incidence",2024-08-01,2024-09-01,0,0,0,0,0,0,0,0,0,0,0,0,1,1,1,1,1,1,1,1,1,1,1,1,1,1,1,1,1,1,1,1,1,1,0.643600000000001,12,TRUE,1.94565372057432,1.91767111187867,0,0.0279826086956522,10.5707
"BASELINE","Dedza",2,"month","incidence",2024-08-01,2024-10-01,0,0,0,0,0,0,0,0,0,0,0,0,0,0,1,1,1,1,1,1,1,1,1,0,0,1,1,1,1,1,1,1,1,1,4.0366,12,TRUE,3.01942566080129,2.57660727737956,0,0.442818383421733,13.9637
"BASELINE","Dedza",3,"month","incidence",2024-08-01,2024-11-01,0,0,0,0,0,0,0,0,0,0,0,0,0,0,1,1,1,1,1,1,1,1,1,0,0,1,1,1,1,1,1,1,1,1,5.5253,12,TRUE,3.69958423280385,3.03083276437175,0,0.668751468432098,15.4524
"BASELINE","Dowa",1,"month","incidence",2024-08-01,2024-09-01,0,0,0,0,0,0,0,0,0,0,0,0,0,0,0,1,1,1,1,1,1,1,1,0,0,0,1,1,1,1,1,1,1,1,5.4707,12,TRUE,3.61919733632311,2.87690748250704,0,0.742289853816075,21.6411
"BASELINE","Dowa",2,"month","incidence",2024-08-01,2024-10-01,0,0,0,0,0,0,0,0,0,0,0,0,0,0,0,0,0,1,1,1,1,1,1,0,0,0,0,0,1,1,1,1,1,1,13.6713,12,TRUE,7.08689893087298,3.90016349981909,0,3.18673543105389,29.8417
"BASELINE","Dowa",3,"month","incidence",2024-08-01,2024-11-01,0,0,0,0,0,0,0,0,0,0,0,0,0,0,0,0,0,1,1,1,1,1,1,0,0,0,0,0,1,1,1,1,1,1,18.3001,12,TRUE,9.25381383801391,4.60658466507984,0,4.64722917293407,34.4705
"BASELINE","Karonga",1,"month","incidence",2024-08-01,2024-09-01,0,0,0,0,0,0,0,0,0,0,0,0,1,1,1,1,1,1,1,1,1,1,1,1,1,1,1,1,1,1,1,1,1,1,0.425000000000004,12,TRUE,1.93812283209126,1.91964457122169,0,0.0184782608695654,47.7614
"BASELINE","Karonga",2,"month","incidence",2024-08-01,2024-10-01,0,0,0,0,0,1,1,1,1,1,1,1,1,1,1,1,1,1,1,1,1,1,1,0,0,0,0,0,0,1,1,1,1,1,12.2338,12,TRUE,6.52192357652589,2.71478738755761,3.80713618896829,0,35.1026
"BASELINE","Karonga",3,"month","incidence",2024-08-01,2024-11-01,0,0,0,0,1,1,1,1,1,1,1,1,1,1,1,1,1,1,1,1,1,1,1,0,0,0,0,0,0,0,1,1,1,1,17.1094,12,TRUE,9.27079080107992,3.32492192982975,5.94586887125017,0,30.227
"BASELINE","Kasungu",1,"month","incidence",2024-08-01,2024-09-01,0,0,0,0,0,0,0,0,0,0,0,0,1,1,1,1,1,1,1,1,1,1,1,1,1,1,1,1,1,1,1,1,1,1,1.2569,12,TRUE,3.47720264058768,3.42255481450072,0,0.0546478260869564,30.4056
"BASELINE","Kasungu",2,"month","incidence",2024-08-01,2024-10-01,0,0,0,0,0,0,0,0,0,0,0,0,0,0,1,1,1,1,1,1,1,1,1,0,0,1,1,1,1,1,1,1,1,1,6.5903,12,TRUE,5.44776906810873,4.76653370675557,0,0.681235361353163,35.739
"BASELINE","Kasungu",3,"month","incidence",2024-08-01,2024-11-01,0,0,0,0,0,0,0,0,0,0,0,0,0,0,1,1,1,1,1,1,1,1,1,0,0,1,1,1,1,1,1,1,1,1,8.0591,12,TRUE,6.56405947287579,5.73240172435486,0,0.831657748520929,37.2078
"BASELINE","Likoma",1,"month","incidence",2024-08-01,2024-09-01,0,0,0,0,0,0,0,0,0,0,0,0,0,0,0,1,1,1,1,1,1,1,1,0,0,0,1,1,1,1,1,1,1,1,5.7048,12,TRUE,3.68519736675519,2.83251467794923,0,0.852682688805958,57.0482
"BASELINE","Likoma",2,"month","incidence",2024-08-01,2024-10-01,0,0,0,0,1,1,1,1,1,1,1,1,1,1,1,1,1,1,1,1,1,1,1,0,0,0,0,0,0,0,1,1,1,1,20.2429,12,TRUE,10.9278633886602,4.00578067317666,6.92208271548351,0,31.1005
"BASELINE","Likoma",3,"month","incidence",2024-08-01,2024-11-01,0,0,0,1,1,1,1,1,1,1,1,1,1,1,1,1,1,1,1,1,1,1,1,0,0,0,0,0,0,0,0,1,1,1,36.1305,12,TRUE,21.3521378673492,4.90412663404003,16.4480112333092,0,15.2129
"BASELINE","Lilongwe",1,"month","incidence",2024-08-01,2024-09-01,0,0,0,0,0,0,0,0,0,0,0,0,0,1,1,1,1,1,1,1,1,1,1,0,1,1,1,1,1,1,1,1,1,1,1.2595,12,TRUE,2.03097615429103,1.9693584982786,0,0.0616176560124278,13.9387
"BASELINE","Lilongwe",2,"month","incidence",2024-08-01,2024-10-01,0,0,0,0,0,0,0,0,0,0,0,0,0,0,0,1,1,1,1,1,1,1,1,0,0,0,1,1,1,1,1,1,1,1,6.3756,12,TRUE,3.75150080291285,2.69421280920507,0,1.05728799370778,19.0548
"BASELINE","Lilongwe",3,"month","incidence",2024-08-01,2024-11-01,0,0,0,0,0,0,0,0,0,0,0,0,0,0,0,1,1,1,1,1,1,1,1,0,0,0,1,1,1,1,1,1,1,1,8.2646,12,TRUE,4.63275528507763,3.1990291421701,0,1.43372614290753,20.9438
"BASELINE","Machinga",1,"month","incidence",2024-08-01,2024-09-01,0,0,0,0,0,0,0,0,0,1,1,1,1,1,1,1,1,1,1,1,1,1,1,0,0,1,1,1,1,1,1,1,1,1,2.9155,12,TRUE,2.39297124441657,2.08106508347833,0.311906160938239,0,27.3001
"BASELINE","Machinga",2,"month","incidence",2024-08-01,2024-10-01,0,0,0,0,0,0,0,0,1,1,1,1,1,1,1,1,1,1,1,1,1,1,1,0,0,0,1,1,1,1,1,1,1,1,7.1228,12,TRUE,4.19116445792274,2.941402783855,1.24976167406774,0,23.0928
"BASELINE","Machinga",3,"month","incidence",2024-08-01,2024-11-01,0,0,0,0,0,0,0,1,1,1,1,1,1,1,1,1,1,1,1,1,1,1,1,0,0,0,0,1,1,1,1,1,1,1,8.8969,12,TRUE,5.17576628964842,3.5901684213901,1.58559786825832,0,21.3187
"BASELINE","Mangochi",1,"month","incidence",2024-08-01,2024-09-01,0,0,0,0,0,0,0,0,0,0,0,0,0,0,0,0,0,1,1,1,1,1,1,0,0,0,0,0,1,1,1,1,1,1,4.6089,12,TRUE,2.4631054047338,1.30219962615907,0,1.16090577857472,29.1713
"BASELINE","Mangochi",2,"month","incidence",2024-08-01,2024-10-01,0,0,0,0,0,0,0,0,0,0,1,1,1,1,1,1,1,1,1,1,1,1,1,0,1,1,1,1,1,1,1,1,1,1,1.8803,12,TRUE,1.99240005083306,1.84158837223134,0.15081167860172,0,22.6821
"BASELINE","Mangochi",3,"month","incidence",2024-08-01,2024-11-01,0,0,0,0,0,0,0,0,0,1,1,1,1,1,1,1,1,1,1,1,1,1,1,0,0,1,1,1,1,1,1,1,1,1,3.6,12,TRUE,2.68915329264917,2.2554205706912,0.433732721957968,0,20.9624
"BASELINE","Mchinji",1,"month","incidence",2024-08-01,2024-09-01,0,0,0,0,0,0,0,0,0,0,0,1,1,1,1,1,1,1,1,1,1,1,1,1,1,1,1,1,1,1,1,1,1,1,1.0062,12,TRUE,3.61255495962642,3.56880713353946,0.0437478260869565,0,26.702
"BASELINE","Mchinji",2,"month","incidence",2024-08-01,2024-10-01,0,0,0,0,0,0,0,0,0,0,0,0,0,0,1,1,1,1,1,1,1,1,1,0,0,1,1,1,1,1,1,1,1,1,8.2153,12,TRUE,5.93813003455102,4.93759585185395,0,1.00053418269707,35.9235
"BASELINE","Mchinji",3,"month","incidence",2024-08-01,2024-11-01,0,0,0,0,0,0,0,0,0,0,0,0,0,1,1,1,1,1,1,1,1,1,1,0,1,1,1,1,1,1,1,1,1,1,6.369,12,TRUE,6.42577502607713,5.91396171191408,0,0.511813314163043,34.0772
"BASELINE","Mulanje",1,"month","incidence",2024-08-01,2024-09-01,0,0,0,0,0,0,0,0,0,0,0,0,0,0,0,0,1,1,1,1,1,1,1,0,0,0,0,1,1,1,1,1,1,1,7.1702,12,TRUE,4.04680857979639,2.61804059871318,0,1.42876798108321,42.1083
"BASELINE","Mulanje",2,"month","incidence",2024-08-01,2024-10-01,0,0,0,0,0,0,0,0,0,0,0,0,0,0,0,0,1,1,1,1,1,1,1,0,0,0,0,1,1,1,1,1,1,1,10.0122,12,TRUE,5.66819589500838,3.69769748060427,0,1.97049841440412,44.9503
"BASELINE","Mulanje",3,"month","incidence",2024-08-01,2024-11-01,0,0,0,0,0,0,0,0,0,0,0,0,0,0,0,0,1,1,1,1,1,1,1,0,0,0,0,1,1,1,1,1,1,1,11.9372,12,TRUE,6.79299381632356,4.50688448537606,0,2.28610933094749,46.8753
"BASELINE","Mwanza",1,"month","incidence",2024-08-01,2024-09-01,0,0,0,0,0,0,0,0,0,1,1,1,1,1,1,1,1,1,1,1,1,1,1,0,0,1,1,1,1,1,1,1,1,1,7.67160000000001,12,TRUE,5.58060695882222,4.62885734702315,0.951749611799068,0,51.7771
"BASELINE","Mwanza",2,"month","incidence",2024-08-01,2024-10-01,0,0,0,0,0,0,0,0,0,0,1,1,1,1,1,1,1,1,1,1,1,1,1,0,1,1,1,1,1,1,1,1,1,1,5.82380000000001,12,TRUE,6.9579745673671,6.53406636671847,0.423908200648631,0,53.6249
"BASELINE","Mwanza",3,"month","incidence",2024-08-01,2024-11-01,0,0,0,0,0,0,0,0,0,0,0,1,1,1,1,1,1,1,1,1,1,1,1,1,1,1,1,1,1,1,1,1,1,1,1.0959,12,TRUE,7.99892021532332,7.95127238923636,0.0476478260869565,0,58.3528
"BASELINE","Mzimba",1,"month","incidence",2024-08-01,2024-09-01,0,0,0,0,0,0,0,0,0,0,1,1,1,1,1,1,1,1,1,1,1,1,1,0,1,1,1,1,1,1,1,1,1,1,2.7511,12,TRUE,2.87489687937217,2.65357108385244,0.221325795519731,0,16.3611
"BASELINE","Mzimba",2,"month","incidence",2024-08-01,2024-10-01,0,0,0,0,0,0,0,0,0,0,0,1,1,1,1,1,1,1,1,1,1,1,1,1,1,1,1,1,1,1,1,1,1,1,1.0263,12,TRUE,3.7066848597856,3.66206312065517,0.0446217391304349,0,18.0859
"BASELINE","Mzimba",3,"month","incidence",2024-08-01,2024-11-01,0,0,0,0,0,0,0,0,0,0,0,0,0,0,1,1,1,1,1,1,1,1,1,0,0,1,1,1,1,1,1,1,1,1,6.3252,12,TRUE,5.0272790024134,4.37061286337893,0,0.656666139034463,25.4374
"BASELINE","Neno",1,"month","incidence",2024-08-01,2024-09-01,0,0,0,0,0,0,0,0,0,0,0,1,1,1,1,1,1,1,1,1,1,1,1,1,1,1,1,1,1,1,1,1,1,1,2.7046,12,TRUE,7.02080969877624,6.90321839442841,0.117591304347826,0,78.6905
"BASELINE","Neno",2,"month","incidence",2024-08-01,2024-10-01,0,0,0,0,0,0,0,0,0,0,1,1,1,1,1,1,1,1,1,1,1,1,1,0,1,1,1,1,1,1,1,1,1,1,8.6138,12,TRUE,10.345302754117,9.72243446193776,0.622868292179271,0,72.7813
"BASELINE","Neno",3,"month","incidence",2024-08-01,2024-11-01,0,0,0,0,0,0,0,0,0,0,1,1,1,1,1,1,1,1,1,1,1,1,1,0,1,1,1,1,1,1,1,1,1,1,7.255,12,TRUE,12.1375065724835,11.8043962660661,0.333110306417321,0,74.1401
"BASELINE","Nkhatabay",1,"month","incidence",2024-08-01,2024-09-01,0,0,0,0,0,0,0,0,0,0,0,0,0,0,0,0,1,1,1,1,1,1,1,0,0,0,0,1,1,1,1,1,1,1,7.82689999999999,12,TRUE,4.56169067853722,3.16210423112357,0,1.39958644741365,102.5285
"BASELINE","Nkhatabay",2,"month","incidence",2024-08-01,2024-10-01,0,0,0,0,0,0,0,0,0,0,0,0,0,0,0,0,1,1,1,1,1,1,1,0,0,0,0,1,1,1,1,1,1,1,13.5986,12,TRUE,7.44108425180602,4.47189068929231,0,2.96919356251371,108.3002
"BASELINE","Nkhatabay",3,"month","incidence",2024-08-01,2024-11-01,0,0,0,0,0,0,0,0,0,0,0,0,0,0,1,1,1,1,1,1,1,1,1,0,0,1,1,1,1,1,1,1,1,1,6.79770000000001,12,TRUE,6.10751779586274,5.47692518713455,0,0.630592608728193,101.4993
"BASELINE","Nkhotakota",1,"month","incidence",2024-08-01,2024-09-01,0,0,0,1,1,1,1,1,1,1,1,1,1,1,1,1,1,1,1,1,1,1,1,0,0,0,0,0,0,0,0,1,1,1,21.4325,12,TRUE,12.6141977929473,2.95882415468496,9.6553736382623,0,68.2569
"BASELINE","Nkhotakota",2,"month","incidence",2024-08-01,2024-10-01,0,0,0,0,0,0,0,1,1,1,1,1,1,1,1,1,1,1,1,1,1,1,1,0,0,0,0,1,1,1,1,1,1,1,11.8855,12,TRUE,6.63446063573076,4.18440924823257,2.45005138749819,0,77.8039
"BASELINE","Nkhotakota",3,"month","incidence",2024-08-01,2024-11-01,0,0,0,0,1,1,1,1,1,1,1,1,1,1,1,1,1,1,1,1,1,1,1,0,0,0,0,0,0,0,1,1,1,1,26.8136,12,TRUE,14.5778310998264,5.12483376657638,9.45299733325,0,62.8758
"BASELINE","Nsanje",1,"month","incidence",2024-08-01,2024-09-01,0,0,0,0,0,0,0,0,0,0,0,1,1,1,1,1,1,1,1,1,1,1,1,1,1,1,1,1,1,1,1,1,1,1,0.0512000000000015,12,TRUE,2.42913167106426,2.42690558410774,0.0022260869565218,0,51.284
"BASELINE","Nsanje",2,"month","incidence",2024-08-01,2024-10-01,0,0,0,1,1,1,1,1,1,1,1,1,1,1,1,1,1,1,1,1,1,1,1,0,0,0,0,0,0,0,0,1,1,1,23.8641,12,TRUE,13.8951927882678,3.43216279164416,10.4630299966237,0,27.4711
"BASELINE","Nsanje",3,"month","incidence",2024-08-01,2024-11-01,0,0,0,1,1,1,1,1,1,1,1,1,1,1,1,1,1,1,1,1,1,1,1,0,0,0,0,0,0,0,0,1,1,1,26.1885,12,TRUE,14.7718974326287,4.20352377684723,10.5683736557815,0,25.1467
"BASELINE","Ntcheu",1,"month","incidence",2024-08-01,2024-09-01,0,0,0,0,0,0,0,0,0,0,1,1,1,1,1,1,1,1,1,1,1,1,1,0,1,1,1,1,1,1,1,1,1,1,2.797,12,TRUE,2.65187276734691,2.4119372699156,0.239935497431316,0,14.824
"BASELINE","Ntcheu",2,"month","incidence",2024-08-01,2024-10-01,0,0,0,0,0,0,0,0,0,0,0,1,1,1,1,1,1,1,1,1,1,1,1,1,1,1,1,1,1,1,1,1,1,1,1.6124,12,TRUE,3.40024964552427,3.33014529769818,0.0701043478260868,0,16.0086
"BASELINE","Ntcheu",3,"month","incidence",2024-08-01,2024-11-01,0,0,0,0,0,0,0,0,0,0,0,1,1,1,1,1,1,1,1,1,1,1,1,1,1,1,1,1,1,1,1,1,1,1,2.0339,12,TRUE,4.06551822492518,3.97708779014257,0.0884304347826087,0,15.5871
"BASELINE","Ntchisi",1,"month","incidence",2024-08-01,2024-09-01,0,0,0,0,0,0,0,0,0,0,0,0,0,0,0,0,0,0,1,1,1,1,1,0,0,0,0,0,0,1,1,1,1,1,18.0091,12,TRUE,9.6257030854405,3.82411136344422,0,5.80159172199627,59.9091
"BASELINE","Ntchisi",2,"month","incidence",2024-08-01,2024-10-01,0,0,0,0,0,0,0,0,0,0,0,0,0,0,0,0,0,0,0,0,1,1,1,0,0,0,0,0,0,0,0,1,1,1,38.5837,12,TRUE,22.5877424053929,5.37613840476492,0,17.211604000628,80.4837
"BASELINE","Ntchisi",3,"month","incidence",2024-08-01,2024-11-01,0,0,0,0,0,0,0,0,0,0,0,0,0,0,0,0,0,0,0,0,1,1,1,0,0,0,0,0,0,0,0,1,1,1,40.4913,12,TRUE,22.596022874653,6.51559513790866,0,16.0804277367443,82.3913
"BASELINE","Phalombe",1,"month","incidence",2024-08-01,2024-09-01,0,0,0,0,0,0,0,0,0,0,0,1,1,1,1,1,1,1,1,1,1,1,1,1,1,1,1,1,1,1,1,1,1,1,0.618500000000001,12,TRUE,1.47634860790608,1.44945730355826,0.0268913043478261,0,14.4941
"BASELINE","Phalombe",2,"month","incidence",2024-08-01,2024-10-01,0,0,0,0,0,0,0,0,1,1,1,1,1,1,1,1,1,1,1,1,1,1,1,0,0,0,1,1,1,1,1,1,1,1,3.713,12,TRUE,2.52346795033517,2.03311837995168,0.490349570383488,0,11.3996
"BASELINE","Phalombe",3,"month","incidence",2024-08-01,2024-11-01,0,0,0,0,0,0,0,0,1,1,1,1,1,1,1,1,1,1,1,1,1,1,1,0,0,0,1,1,1,1,1,1,1,1,5.6342,12,TRUE,3.39624158504554,2.46494689623968,0.931294688805863,0,9.4784
"BASELINE","Rumphi",1,"month","incidence",2024-08-01,2024-09-01,0,0,0,0,0,0,0,0,0,0,0,1,1,1,1,1,1,1,1,1,1,1,1,1,1,1,1,1,1,1,1,1,1,1,0.312200000000001,12,TRUE,2.66828251086978,2.6547085978263,0.0135739130434783,0,13.2426
"BASELINE","Rumphi",2,"month","incidence",2024-08-01,2024-10-01,0,0,0,0,0,0,0,0,0,0,0,0,1,1,1,1,1,1,1,1,1,1,1,1,1,1,1,1,1,1,1,1,1,1,1.4187,12,TRUE,3.62348359905897,3.56180099036332,0,0.0616826086956521,14.9735
"BASELINE","Rumphi",3,"month","incidence",2024-08-01,2024-11-01,0,0,0,0,0,0,0,0,0,0,0,0,0,0,1,1,1,1,1,1,1,1,1,0,0,1,1,1,1,1,1,1,1,1,8.4159,12,TRUE,5.27853849212799,4.18693290656203,0,1.09160558556595,21.9707
"BASELINE","Salima",1,"month","incidence",2024-08-01,2024-09-01,0,0,0,0,0,0,0,0,0,0,0,0,1,1,1,1,1,1,1,1,1,1,1,1,1,1,1,1,1,1,1,1,1,1,0.0936000000000021,12,TRUE,4.11100079348964,4.10693122827225,0,0.0040695652173914,56.0144
"BASELINE","Salima",2,"month","incidence",2024-08-01,2024-10-01,0,0,0,0,0,0,0,1,1,1,1,1,1,1,1,1,1,1,1,1,1,1,1,0,0,0,0,1,1,1,1,1,1,1,15.2781,12,TRUE,8.72518107944849,5.80156154004383,2.92361953940466,0,40.6427
"BASELINE","Salima",3,"month","incidence",2024-08-01,2024-11-01,0,0,0,0,0,0,1,1,1,1,1,1,1,1,1,1,1,1,1,1,1,1,1,0,0,0,0,0,1,1,1,1,1,1,26.3994,12,TRUE,14.0001996908188,7.07382178042751,6.92637791039126,0,29.5214
"BASELINE","Thyolo",1,"month","incidence",2024-08-01,2024-09-01,0,0,0,0,0,0,0,0,0,0,0,0,0,0,1,1,1,1,1,1,1,1,1,0,0,1,1,1,1,1,1,1,1,1,2.1769,12,TRUE,1.75100528637652,1.51157604041687,0,0.239429245959648,23.529
"BASELINE","Thyolo",2,"month","incidence",2024-08-01,2024-10-01,0,0,0,0,0,0,0,0,0,0,0,0,1,1,1,1,1,1,1,1,1,1,1,1,1,1,1,1,1,1,1,1,1,1,0.422000000000001,12,TRUE,2.15431052536702,2.13596269928006,0,0.0183478260869565,21.7741
"BASELINE","Thyolo",3,"month","incidence",2024-08-01,2024-11-01,0,0,0,0,0,0,0,0,0,0,0,0,0,0,1,1,1,1,1,1,1,1,1,0,0,1,1,1,1,1,1,1,1,1,3.4808,12,TRUE,2.9576236282357,2.60589857528453,0,0.351725052951171,24.8329
"BASELINE","Zomba",1,"month","incidence",2024-08-01,2024-09-01,0,0,0,0,0,0,0,1,1,1,1,1,1,1,1,1,1,1,1,1,1,1,1,0,0,0,0,1,1,1,1,1,1,1,7.2222,12,TRUE,3.98873364956603,2.45260866299938,1.53612498656665,0,34.6691
"BASELINE","Zomba",2,"month","incidence",2024-08-01,2024-10-01,0,0,0,0,0,0,0,0,0,1,1,1,1,1,1,1,1,1,1,1,1,1,1,0,0,1,1,1,1,1,1,1,1,1,6.0937,12,TRUE,4.25672192276456,3.46851243440747,0.78820948835709,0,35.7976
"BASELINE","Zomba",3,"month","incidence",2024-08-01,2024-11-01,0,0,0,0,0,0,0,0,1,1,1,1,1,1,1,1,1,1,1,1,1,1,1,0,0,0,1,1,1,1,1,1,1,1,7.997,12,TRUE,5.35289408539567,4.24413824079958,1.10875584459609,0,33.8943
"BASELINE","Balaka",1,"month","incidence",2024-09-01,2024-10-01,0,0,0,0,0,0,0,0,0,0,1,1,1,1,1,1,1,1,1,1,1,1,1,0,1,1,1,1,1,1,1,1,1,1,3.0425,12,TRUE,2.83001002888566,2.567547565621,0.262462463264666,0,12.4632
"BASELINE","Balaka",2,"month","incidence",2024-09-01,2024-11-01,0,0,0,0,0,0,0,0,0,1,1,1,1,1,1,1,1,1,1,1,1,1,1,0,0,1,1,1,1,1,1,1,1,1,5.7297,12,TRUE,4.16723954511595,3.49486310351193,0.672376441604018,0,9.776
"BASELINE","Balaka",3,"month","incidence",2024-09-01,2024-12-01,0,0,0,0,0,0,0,0,0,0,0,1,1,1,1,1,1,1,1,1,1,1,1,1,1,1,1,1,1,1,1,1,1,1,1.0869,12,TRUE,4.18393533390388,4.13667881216475,0.0472565217391304,0,14.4188
"BASELINE","Blantyre",1,"month","incidence",2024-09-01,2024-10-01,0,0,0,0,0,1,1,1,1,1,1,1,1,1,1,1,1,1,1,1,1,1,1,0,0,0,0,0,0,1,1,1,1,1,7.8934,12,TRUE,4.22051705891885,1.66529321627616,2.55522384264269,0,16.7682
"BASELINE","Blantyre",2,"month","incidence",2024-09-01,2024-11-01,0,0,0,0,0,0,0,0,1,1,1,1,1,1,1,1,1,1,1,1,1,1,1,0,0,0,1,1,1,1,1,1,1,1,5.652,12,TRUE,3.33970719100139,2.35416550517869,0.985541685822695,0,19.0096
"BASELINE","Blantyre",3,"month","incidence",2024-09-01,2024-12-01,0,0,0,0,0,0,0,0,0,0,0,0,1,1,1,1,1,1,1,1,1,1,1,1,1,1,1,1,1,1,1,1,1,1,0.805700000000002,12,TRUE,2.9093953570301,2.87436492224749,0,0.0350304347826088,25.4673
"BASELINE","Chikwawa",1,"month","incidence",2024-09-01,2024-10-01,0,0,1,1,1,1,1,1,1,1,1,1,1,1,1,1,1,1,1,1,1,1,1,0,0,0,0,0,0,0,0,0,1,1,18.3518,12,TRUE,11.2369818105607,2.22656076140401,9.0104210491567,0,10.3026
"BASELINE","Chikwawa",2,"month","incidence",2024-09-01,2024-11-01,0,0,0,0,0,1,1,1,1,1,1,1,1,1,1,1,1,1,1,1,1,1,1,0,0,0,0,0,0,1,1,1,1,1,12.5841,12,TRUE,6.65145752924344,3.14317755712203,3.50827997212141,0,16.0703
"BASELINE","Chikwawa",3,"month","incidence",2024-09-01,2024-12-01,0,0,0,0,0,0,1,1,1,1,1,1,1,1,1,1,1,1,1,1,1,1,1,0,0,0,0,0,1,1,1,1,1,1,13.0694,12,TRUE,6.98579037919918,3.825132797746,3.16065758145318,0,15.585
"BASELINE","Chiradzulu",1,"month","incidence",2024-09-01,2024-10-01,0,0,0,0,0,0,0,0,0,0,0,1,1,1,1,1,1,1,1,1,1,1,1,1,1,1,1,1,1,1,1,1,1,1,0.472000000000001,12,TRUE,2.25025615151695,2.22973441238651,0.0205217391304348,0,11.5018
"BASELINE","Chiradzulu",2,"month","incidence",2024-09-01,2024-11-01,0,0,0,0,0,0,0,0,0,0,1,1,1,1,1,1,1,1,1,1,1,1,1,0,1,1,1,1,1,1,1,1,1,1,3.2256,12,TRUE,3.2613348831608,3.00761668304347,0.253718200117332,0,8.7482
"BASELINE","Chiradzulu",3,"month","incidence",2024-09-01,2024-12-01,0,0,0,0,0,0,0,0,0,0,0,0,0,0,1,1,1,1,1,1,1,1,1,0,0,1,1,1,1,1,1,1,1,1,5.8001,12,TRUE,4.18814666095813,3.54419275681245,0,0.643953904145677,17.7739
"BASELINE","Chitipa",1,"month","incidence",2024-09-01,2024-10-01,0,0,0,0,0,0,0,0,0,0,0,0,0,0,1,1,1,1,1,1,1,1,1,0,0,1,1,1,1,1,1,1,1,1,3.4461,12,TRUE,2.55838193039019,2.14843043670215,0,0.409951493688043,16.4055
"BASELINE","Chitipa",2,"month","incidence",2024-09-01,2024-11-01,0,0,0,0,0,0,0,0,0,0,0,0,0,0,0,0,1,1,1,1,1,1,1,0,0,0,0,1,1,1,1,1,1,1,8.0933,12,TRUE,4.46008106995761,2.92425253221619,0,1.53582853774142,21.0527
"BASELINE","Chitipa",3,"month","incidence",2024-09-01,2024-12-01,0,0,0,0,0,0,0,0,0,0,0,0,0,0,0,0,0,0,0,1,1,1,1,0,0,0,0,0,0,0,1,1,1,1,21.0066,12,TRUE,11.2065536659473,3.46107539865088,0,7.74547826729647,33.966
"BASELINE","Dedza",1,"month","incidence",2024-09-01,2024-10-01,0,0,0,0,0,0,0,0,0,0,0,0,0,0,1,1,1,1,1,1,1,1,1,0,0,1,1,1,1,1,1,1,1,1,3.393,12,TRUE,2.35552974256447,1.92472595644515,0,0.430803786119319,13.9637
"BASELINE","Dedza",2,"month","incidence",2024-09-01,2024-11-01,0,0,0,0,0,0,0,0,0,0,0,0,0,0,1,1,1,1,1,1,1,1,1,0,0,1,1,1,1,1,1,1,1,1,4.8817,12,TRUE,3.22993188997188,2.60258042360111,0,0.627351466370769,15.4524
"BASELINE","Dedza",3,"month","incidence",2024-09-01,2024-12-01,0,0,0,0,0,0,0,0,0,0,0,0,0,0,0,0,0,0,1,1,1,1,1,0,0,0,0,0,0,1,1,1,1,1,14.8141,12,TRUE,7.51091487167274,3.07034983776923,0,4.44056503390351,25.3848
"BASELINE","Dowa",1,"month","incidence",2024-09-01,2024-10-01,0,0,0,0,0,0,0,0,0,0,0,0,0,0,0,0,1,1,1,1,1,1,1,0,0,0,0,1,1,1,1,1,1,1,8.2006,12,TRUE,4.58523986875413,2.93289063873152,0,1.65234923002261,29.8417
"BASELINE","Dowa",2,"month","incidence",2024-09-01,2024-11-01,0,0,0,0,0,0,0,0,0,0,0,0,0,0,0,0,1,1,1,1,1,1,1,0,0,0,0,1,1,1,1,1,1,1,12.8294,12,TRUE,6.86961527818311,4.05075352888975,0,2.81886174929336,34.4705
"BASELINE","Dowa",3,"month","incidence",2024-09-01,2024-12-01,0,0,0,0,0,0,0,0,0,0,0,0,0,0,0,0,0,0,1,1,1,1,1,0,0,0,0,0,0,1,1,1,1,1,24.554,12,TRUE,12.8504330584003,4.83993274962886,0,8.01050030877141,46.1951
"BASELINE","Karonga",1,"month","incidence",2024-09-01,2024-10-01,0,0,0,1,1,1,1,1,1,1,1,1,1,1,1,1,1,1,1,1,1,1,1,0,0,0,0,0,0,0,0,1,1,1,12.6588,12,TRUE,7.26273470834523,1.91964145639887,5.34309325194636,0,35.1026
"BASELINE","Karonga",2,"month","incidence",2024-09-01,2024-11-01,0,0,0,1,1,1,1,1,1,1,1,1,1,1,1,1,1,1,1,1,1,1,1,0,0,0,0,0,0,0,0,1,1,1,17.5344,12,TRUE,9.99917127501332,2.71478298253292,7.2843882924804,0,30.227
"BASELINE","Karonga",3,"month","incidence",2024-09-01,2024-12-01,0,0,0,1,1,1,1,1,1,1,1,1,1,1,1,1,1,1,1,1,1,1,1,0,0,0,0,0,0,0,0,1,1,1,21.9005,12,TRUE,12.5608106920305,3.32491653479836,9.23589415723215,0,25.8609
"BASELINE","Kasungu",1,"month","incidence",2024-09-01,2024-10-01,0,0,0,0,0,0,0,0,0,0,0,0,0,0,1,1,1,1,1,1,1,1,1,0,0,1,1,1,1,1,1,1,1,1,5.3334,12,TRUE,4.05057729332253,3.42175220249854,0,0.628825090823991,35.739
"BASELINE","Kasungu",2,"month","incidence",2024-09-01,2024-11-01,0,0,0,0,0,0,0,0,0,0,0,0,0,0,1,1,1,1,1,1,1,1,1,0,0,1,1,1,1,1,1,1,1,1,6.8022,12,TRUE,5.49846797655621,4.77012426856997,0,0.728343707986245,37.2078
"BASELINE","Kasungu",3,"month","incidence",2024-09-01,2024-12-01,0,0,0,0,0,0,0,0,0,0,0,0,0,0,0,1,1,1,1,1,1,1,1,0,0,0,1,1,1,1,1,1,1,1,11.362,12,TRUE,7.34992311551147,5.74531477053753,0,1.60460834497394,41.7676
"BASELINE","Likoma",1,"month","incidence",2024-09-01,2024-10-01,0,0,1,1,1,1,1,1,1,1,1,1,1,1,1,1,1,1,1,1,1,1,1,0,0,0,0,0,0,0,0,0,1,1,25.9477,12,TRUE,16.4385907091535,2.83567813538591,13.6029125737676,0,31.1005
"BASELINE","Likoma",2,"month","incidence",2024-09-01,2024-11-01,0,1,1,1,1,1,1,1,1,1,1,1,1,1,1,1,1,1,1,1,1,1,1,0,0,0,0,0,0,0,0,0,0,1,41.8353,12,TRUE,27.9236023692759,4.0102544775876,23.9133478916883,0,15.2129
"BASELINE","Likoma",3,"month","incidence",2024-09-01,2024-12-01,0,1,1,1,1,1,1,1,1,1,1,1,1,1,1,1,1,1,1,1,1,1,1,0,0,0,0,0,0,0,0,0,0,1,47.4175,12,TRUE,30.7113995977357,4.91153860440057,25.7998609933351,0,9.6307
"BASELINE","Lilongwe",1,"month","incidence",2024-09-01,2024-10-01,0,0,0,0,0,0,0,0,0,0,0,0,0,0,0,0,1,1,1,1,1,1,1,0,0,0,0,1,1,1,1,1,1,1,5.1161,12,TRUE,2.92677222807519,1.97648019118555,0,0.950292036889634,19.0548
"BASELINE","Lilongwe",2,"month","incidence",2024-09-01,2024-11-01,0,0,0,0,0,0,0,0,0,0,0,0,0,0,0,0,1,1,1,1,1,1,1,0,0,0,0,1,1,1,1,1,1,1,7.0051,12,TRUE,3.97965197913248,2.72579792096161,0,1.25385405817087,20.9438
"BASELINE","Lilongwe",3,"month","incidence",2024-09-01,2024-12-01,0,0,0,0,0,0,0,0,0,0,0,0,0,0,0,0,0,0,0,1,1,1,1,0,0,0,0,0,0,0,1,1,1,1,17.9383,12,TRUE,9.51960224259013,3.25008242755299,0,6.26951981503714,31.877
"BASELINE","Machinga",1,"month","incidence",2024-09-01,2024-10-01,0,0,0,0,0,0,0,0,1,1,1,1,1,1,1,1,1,1,1,1,1,1,1,0,0,0,1,1,1,1,1,1,1,1,4.2073,12,TRUE,2.71223595817102,2.08084059942795,0.63139535874307,0,23.0928
"BASELINE","Machinga",2,"month","incidence",2024-09-01,2024-11-01,0,0,0,0,0,0,0,0,1,1,1,1,1,1,1,1,1,1,1,1,1,1,1,0,0,0,1,1,1,1,1,1,1,1,5.9814,12,TRUE,3.8410312070954,2.93855311218528,0.902478094910124,0,21.3187
"BASELINE","Machinga",3,"month","incidence",2024-09-01,2024-12-01,0,0,0,0,0,0,0,0,0,0,0,1,1,1,1,1,1,1,1,1,1,1,1,1,1,1,1,1,1,1,1,1,1,1,2.0428,12,TRUE,3.66746045334526,3.57864306204091,0.0888173913043478,0,25.2573
"BASELINE","Mangochi",1,"month","incidence",2024-09-01,2024-10-01,0,0,0,0,1,1,1,1,1,1,1,1,1,1,1,1,1,1,1,1,1,1,1,0,0,0,0,0,0,0,1,1,1,1,6.4892,12,TRUE,3.49221988032131,1.30330204573024,2.18891783459107,0,22.6821
"BASELINE","Mangochi",2,"month","incidence",2024-09-01,2024-11-01,0,0,0,0,0,1,1,1,1,1,1,1,1,1,1,1,1,1,1,1,1,1,1,0,0,0,0,0,0,1,1,1,1,1,8.2089,12,TRUE,4.37310743099042,1.84314742894031,2.52996000205011,0,20.9624
"BASELINE","Mangochi",3,"month","incidence",2024-09-01,2024-12-01,0,0,0,0,0,1,1,1,1,1,1,1,1,1,1,1,1,1,1,1,1,1,1,0,0,0,0,0,0,1,1,1,1,1,10.8798,12,TRUE,5.82280584284721,2.25738536081324,3.56542048203397,0,18.2915
"BASELINE","Mchinji",1,"month","incidence",2024-09-01,2024-10-01,0,0,0,0,0,0,0,0,0,0,0,0,0,0,0,0,1,1,1,1,1,1,1,0,0,0,0,1,1,1,1,1,1,1,9.2215,12,TRUE,5.27744075069545,3.55233406061597,0,1.72510669007947,35.9235
"BASELINE","Mchinji",2,"month","incidence",2024-09-01,2024-11-01,0,0,0,0,0,0,0,0,0,0,0,0,0,0,1,1,1,1,1,1,1,1,1,0,0,1,1,1,1,1,1,1,1,1,7.3752,12,TRUE,5.72935712606146,4.90934374109234,0,0.820013384969118,34.0772
"BASELINE","Mchinji",3,"month","incidence",2024-09-01,2024-12-01,0,0,0,0,0,0,0,0,0,0,0,0,0,0,0,0,0,0,1,1,1,1,1,0,0,0,0,0,0,1,1,1,1,1,28.7435,12,TRUE,15.0177555191351,5.87093344542376,0,9.14682207371131,55.4455
"BASELINE","Mulanje",1,"month","incidence",2024-09-01,2024-10-01,0,0,0,0,0,0,0,0,0,0,0,0,0,1,1,1,1,1,1,1,1,1,1,0,1,1,1,1,1,1,1,1,1,1,2.842,12,TRUE,2.85770767870135,2.62145173157448,0,0.236255947126869,44.9503
"BASELINE","Mulanje",2,"month","incidence",2024-09-01,2024-11-01,0,0,0,0,0,0,0,0,0,0,0,0,0,0,1,1,1,1,1,1,1,1,1,0,0,1,1,1,1,1,1,1,1,1,4.767,12,TRUE,4.17015463219269,3.70729259189907,0,0.46286204029362,46.8753
"BASELINE","Mulanje",3,"month","incidence",2024-09-01,2024-12-01,0,0,0,0,0,0,0,0,0,0,0,0,0,0,0,0,0,0,0,0,1,1,1,0,0,0,0,0,0,0,0,1,1,1,27.8445,12,TRUE,15.6218756613538,4.53399517891842,0,11.0878804824354,69.9528
"BASELINE","Mwanza",1,"month","incidence",2024-09-01,2024-10-01,0,0,0,0,0,0,0,0,0,0,0,0,1,1,1,1,1,1,1,1,1,1,1,1,1,1,1,1,1,1,1,1,1,1,1.8478,12,TRUE,4.71374082680855,4.63340169637376,0,0.0803391304347826,53.6249
"BASELINE","Mwanza",2,"month","incidence",2024-09-01,2024-11-01,0,0,0,0,0,0,0,0,0,0,0,0,0,1,1,1,1,1,1,1,1,1,1,0,1,1,1,1,1,1,1,1,1,1,6.5757,12,TRUE,7.0386076916125,6.51695516668156,0,0.52165252493094,58.3528
"BASELINE","Mwanza",3,"month","incidence",2024-09-01,2024-12-01,0,0,0,0,0,0,0,0,0,0,0,0,0,0,0,1,1,1,1,1,1,1,1,0,0,0,1,1,1,1,1,1,1,1,18.6247,12,TRUE,11.0669620784112,7.90194398527204,0,3.16501809313921,70.4018
"BASELINE","Mzimba",1,"month","incidence",2024-09-01,2024-10-01,0,0,0,0,0,0,0,0,0,0,0,0,0,1,1,1,1,1,1,1,1,1,1,0,1,1,1,1,1,1,1,1,1,1,1.7248,12,TRUE,2.72137636396323,2.6339550989207,0,0.0874212650425328,18.0859
"BASELINE","Mzimba",2,"month","incidence",2024-09-01,2024-11-01,0,0,0,0,0,0,0,0,0,0,0,0,0,0,0,1,1,1,1,1,1,1,1,0,0,0,1,1,1,1,1,1,1,1,9.0763,12,TRUE,5.17064515494804,3.59150489291046,0,1.57914026203758,25.4374
"BASELINE","Mzimba",3,"month","incidence",2024-09-01,2024-12-01,0,0,0,0,0,0,0,0,0,0,0,0,0,0,0,0,0,1,1,1,1,1,1,0,0,0,0,0,1,1,1,1,1,1,17.1674,12,TRUE,8.74528998109365,4.25696823843436,0,4.48832174265929,33.5285
"BASELINE","Neno",1,"month","incidence",2024-09-01,2024-10-01,0,0,0,0,0,0,0,0,0,0,1,1,1,1,1,1,1,1,1,1,1,1,1,0,1,1,1,1,1,1,1,1,1,1,5.9092,12,TRUE,7.32027822846343,6.90355818175019,0.41672004671324,0,72.7813
"BASELINE","Neno",2,"month","incidence",2024-09-01,2024-11-01,0,0,0,0,0,0,0,0,0,0,0,1,1,1,1,1,1,1,1,1,1,1,1,1,1,1,1,1,1,1,1,1,1,1,4.5504,12,TRUE,9.91251290910985,9.71466943084898,0.197843478260869,0,74.1401
"BASELINE","Neno",3,"month","incidence",2024-09-01,2024-12-01,0,0,0,0,0,0,0,0,0,0,0,0,0,0,0,0,0,0,0,1,1,1,1,0,0,0,0,0,0,0,1,1,1,1,62.0269,12,TRUE,33.491963350198,11.7849571628829,0,21.7070061873151,140.7174
"BASELINE","Nkhatabay",1,"month","incidence",2024-09-01,2024-10-01,0,0,0,0,0,0,0,0,0,0,0,0,0,0,0,1,1,1,1,1,1,1,1,0,0,0,1,1,1,1,1,1,1,1,5.77170000000001,12,TRUE,3.92637605177379,3.15344053828737,0,0.772935513486426,108.3002
"BASELINE","Nkhatabay",2,"month","incidence",2024-09-01,2024-11-01,0,0,0,0,0,0,0,0,0,0,0,1,1,1,1,1,1,1,1,1,1,1,1,1,1,1,1,1,1,1,1,1,1,1,1.02919999999999,12,TRUE,4.50438620347006,4.45963837738311,0.044747826086956,0,101.4993
"BASELINE","Nkhatabay",3,"month","incidence",2024-09-01,2024-12-01,0,0,0,0,0,0,1,1,1,1,1,1,1,1,1,1,1,1,1,1,1,1,1,0,0,0,0,0,1,1,1,1,1,1,20.9745,12,TRUE,11.1169930201719,5.46191923096107,5.65507378921082,0,81.554
"BASELINE","Nkhotakota",1,"month","incidence",2024-09-01,2024-10-01,0,0,0,0,0,0,0,0,0,0,0,0,0,0,0,0,0,1,1,1,1,1,1,0,0,0,0,0,1,1,1,1,1,1,9.547,12,TRUE,5.16445213527819,3.0108716529577,0,2.15358048232049,77.8039
"BASELINE","Nkhotakota",2,"month","incidence",2024-09-01,2024-11-01,0,0,0,0,0,0,0,0,0,1,1,1,1,1,1,1,1,1,1,1,1,1,1,0,0,1,1,1,1,1,1,1,1,1,5.3811,12,TRUE,4.76919199710607,4.25801552617747,0.511176470928597,0,62.8758
"BASELINE","Nkhotakota",3,"month","incidence",2024-09-01,2024-12-01,0,0,0,0,1,1,1,1,1,1,1,1,1,1,1,1,1,1,1,1,1,1,1,0,0,0,0,0,0,0,1,1,1,1,28.9884,12,TRUE,15.9450025990366,5.21498267799162,10.7300199210449,0,39.2685
"BASELINE","Nsanje",1,"month","incidence",2024-09-01,2024-10-01,0,1,1,1,1,1,1,1,1,1,1,1,1,1,1,1,1,1,1,1,1,1,1,0,0,0,0,0,0,0,0,0,0,1,23.8129,12,TRUE,15.5247710057341,2.42689311181679,13.0978778939173,0,27.4711
"BASELINE","Nsanje",2,"month","incidence",2024-09-01,2024-11-01,0,0,0,1,1,1,1,1,1,1,1,1,1,1,1,1,1,1,1,1,1,1,1,0,0,0,0,0,0,0,0,1,1,1,26.1373,12,TRUE,15.5754033310625,3.43214515316115,12.1432581779014,0,25.1467
"BASELINE","Nsanje",3,"month","incidence",2024-09-01,2024-12-01,0,0,1,1,1,1,1,1,1,1,1,1,1,1,1,1,1,1,1,1,1,1,1,0,0,0,0,0,0,0,0,0,1,1,34.6911,12,TRUE,21.2512929959324,4.20350217420562,17.0477908217267,0,16.5929
"BASELINE","Ntcheu",1,"month","incidence",2024-09-01,2024-10-01,0,0,0,0,0,0,0,0,0,0,0,0,1,1,1,1,1,1,1,1,1,1,1,1,1,1,1,1,1,1,1,1,1,1,1.1846,12,TRUE,2.44230623479759,2.3908018869715,0,0.051504347826087,16.0086
"BASELINE","Ntcheu",2,"month","incidence",2024-09-01,2024-11-01,0,0,0,0,0,0,0,0,0,0,0,0,1,1,1,1,1,1,1,1,1,1,1,1,1,1,1,1,1,1,1,1,1,1,0.7631,12,TRUE,3.29260014720251,3.25942188633295,0,0.0331782608695652,15.5871
"BASELINE","Ntcheu",3,"month","incidence",2024-09-01,2024-12-01,0,0,0,0,0,0,0,0,0,0,0,0,0,0,0,1,1,1,1,1,1,1,1,0,0,0,1,1,1,1,1,1,1,1,10.3218,12,TRUE,5.68896544186772,3.86301819498865,0,1.82594724687908,25.1458
"BASELINE","Ntchisi",1,"month","incidence",2024-09-01,2024-10-01,0,0,0,0,0,0,0,0,0,0,0,0,0,0,0,0,0,0,0,1,1,1,1,0,0,0,0,0,0,0,1,1,1,1,20.5746,12,TRUE,11.2327682362065,3.84974605074439,0,7.38302218546214,80.4837
"BASELINE","Ntchisi",2,"month","incidence",2024-09-01,2024-11-01,0,0,0,0,0,0,0,0,0,0,0,0,0,0,0,0,0,0,1,1,1,1,1,0,0,0,0,0,0,1,1,1,1,1,22.4822,12,TRUE,11.9195246596362,5.44436307665498,0,6.47516158298119,82.3913
"BASELINE","Ntchisi",3,"month","incidence",2024-09-01,2024-12-01,0,0,0,0,0,0,0,0,0,0,0,0,0,0,0,0,0,0,0,0,0,1,1,0,0,0,0,0,0,0,0,0,1,1,55.237,12,TRUE,33.867308739242,6.65363952601735,0,27.2136692132246,115.1461
"BASELINE","Phalombe",1,"month","incidence",2024-09-01,2024-10-01,0,0,0,0,0,0,0,0,1,1,1,1,1,1,1,1,1,1,1,1,1,1,1,0,0,0,1,1,1,1,1,1,1,1,3.0945,12,TRUE,1.93845155041831,1.44900651213392,0.489445038284387,0,11.3996
"BASELINE","Phalombe",2,"month","incidence",2024-09-01,2024-11-01,0,0,0,0,0,0,0,0,1,1,1,1,1,1,1,1,1,1,1,1,1,1,1,0,0,0,1,1,1,1,1,1,1,1,5.0157,12,TRUE,2.91544800860478,2.02866328792004,0.886784720684746,0,9.4784
"BASELINE","Phalombe",3,"month","incidence",2024-09-01,2024-12-01,0,0,0,0,0,0,0,0,0,0,0,0,0,1,1,1,1,1,1,1,1,1,1,0,1,1,1,1,1,1,1,1,1,1,2.5237,12,TRUE,2.65554600282955,2.45518248745684,0,0.200363515372717,17.0178
"BASELINE","Rumphi",1,"month","incidence",2024-09-01,2024-10-01,0,0,0,0,0,0,0,0,0,0,0,0,0,1,1,1,1,1,1,1,1,1,1,0,1,1,1,1,1,1,1,1,1,1,1.7309,12,TRUE,2.73176337051836,2.64722455353694,0,0.0845388169814164,14.9735
"BASELINE","Rumphi",2,"month","incidence",2024-09-01,2024-11-01,0,0,0,0,0,0,0,0,0,0,0,0,0,0,0,1,1,1,1,1,1,1,1,0,0,0,1,1,1,1,1,1,1,1,8.7281,12,TRUE,4.98824625976104,3.54671850205839,0,1.44152775770265,21.9707
"BASELINE","Rumphi",3,"month","incidence",2024-09-01,2024-12-01,0,0,0,0,0,0,0,0,0,0,0,0,0,0,0,0,0,0,0,1,1,1,1,0,0,0,0,0,0,0,1,1,1,1,27.7573,12,TRUE,14.7899665996657,4.16500050795836,0,10.6249660917074,40.9999
"BASELINE","Salima",1,"month","incidence",2024-09-01,2024-10-01,0,0,0,0,0,0,1,1,1,1,1,1,1,1,1,1,1,1,1,1,1,1,1,0,0,0,0,0,1,1,1,1,1,1,15.3717,12,TRUE,8.16791091411416,4.10622669829459,4.06168421581958,0,40.6427
"BASELINE","Salima",2,"month","incidence",2024-09-01,2024-11-01,0,0,0,0,0,1,1,1,1,1,1,1,1,1,1,1,1,1,1,1,1,1,1,0,0,0,0,0,0,1,1,1,1,1,26.493,12,TRUE,14.1275873380013,5.80065603510599,8.32693130289534,0,29.5214
"BASELINE","Salima",3,"month","incidence",2024-09-01,2024-12-01,0,0,0,0,1,1,1,1,1,1,1,1,1,1,1,1,1,1,1,1,1,1,1,0,0,0,0,0,0,0,1,1,1,1,35.8343,12,TRUE,19.2934280929564,7.07292235626114,12.2205057366952,0,20.1801
"BASELINE","Thyolo",1,"month","incidence",2024-09-01,2024-10-01,0,0,0,0,0,0,0,0,0,0,1,1,1,1,1,1,1,1,1,1,1,1,1,0,1,1,1,1,1,1,1,1,1,1,1.7549,12,TRUE,1.66253323793963,1.5111307440226,0.151402493917026,0,21.7741
"BASELINE","Thyolo",2,"month","incidence",2024-09-01,2024-11-01,0,0,0,0,0,0,0,0,0,0,0,0,0,1,1,1,1,1,1,1,1,1,1,0,1,1,1,1,1,1,1,1,1,1,1.3039,12,TRUE,2.19753748160656,2.13706159271571,0,0.060475888890844,24.8329
"BASELINE","Thyolo",3,"month","incidence",2024-09-01,2024-12-01,0,0,0,0,0,0,0,0,0,0,0,0,0,0,0,0,0,0,0,1,1,1,1,0,0,0,0,0,0,0,1,1,1,1,14.097,12,TRUE,7.70227839300398,2.61177539324651,0,5.09050299975747,37.626
"BASELINE","Zomba",1,"month","incidence",2024-09-01,2024-10-01,0,0,0,0,0,0,0,0,0,0,0,0,1,1,1,1,1,1,1,1,1,1,1,1,1,1,1,1,1,1,1,1,1,1,1.1285,12,TRUE,2.50979454058255,2.46072932319124,0,0.0490652173913045,35.7976
"BASELINE","Zomba",2,"month","incidence",2024-09-01,2024-11-01,0,0,0,0,0,0,0,0,0,0,0,1,1,1,1,1,1,1,1,1,1,1,1,1,1,1,1,1,1,1,1,1,1,1,0.774799999999999,12,TRUE,3.51079097716424,3.4771040206425,0.0336869565217391,0,33.8943
"BASELINE","Zomba",3,"month","incidence",2024-09-01,2024-12-01,0,0,0,0,0,0,0,0,0,0,0,0,0,0,0,0,0,1,1,1,1,1,1,0,0,0,0,0,1,1,1,1,1,1,13.7576,12,TRUE,7.40675441334522,4.24192673540515,0,3.16482767794007,48.4267
"BASELINE","Balaka",1,"month","incidence",2024-10-01,2024-11-01,0,0,0,0,0,0,0,0,0,0,1,1,1,1,1,1,1,1,1,1,1,1,1,0,1,1,1,1,1,1,1,1,1,1,2.6872,12,TRUE,2.72924137949794,2.51300343081409,0.216237948683843,0,9.776
"BASELINE","Balaka",2,"month","incidence",2024-10-01,2024-12-01,0,0,0,0,0,0,0,0,0,0,0,0,1,1,1,1,1,1,1,1,1,1,1,1,1,1,1,1,1,1,1,1,1,1,1.9556,12,TRUE,3.45096979402629,3.36594370706976,0,0.0850260869565217,14.4188
"BASELINE","Blantyre",1,"month","incidence",2024-10-01,2024-11-01,0,0,0,0,0,0,0,0,0,0,0,0,0,0,1,1,1,1,1,1,1,1,1,0,0,1,1,1,1,1,1,1,1,1,2.2414,12,TRUE,1.90530990231046,1.67777739076543,0,0.22753251154503,19.0096
"BASELINE","Blantyre",2,"month","incidence",2024-10-01,2024-12-01,0,0,0,0,0,0,0,0,0,0,0,0,0,0,0,0,0,1,1,1,1,1,1,0,0,0,0,0,1,1,1,1,1,1,8.6991,12,TRUE,4.60667181457075,2.34886234687332,0,2.25780946769743,25.4673
"BASELINE","Chikwawa",1,"month","incidence",2024-10-01,2024-11-01,0,0,0,0,0,0,0,0,0,0,0,0,0,0,0,0,1,1,1,1,1,1,1,0,0,0,0,1,1,1,1,1,1,1,5.7677,12,TRUE,3.21739972976137,2.13684431693411,0,1.08055541282726,16.0703
"BASELINE","Chikwawa",2,"month","incidence",2024-10-01,2024-12-01,0,0,0,0,0,0,0,0,0,0,0,0,0,0,1,1,1,1,1,1,1,1,1,0,0,1,1,1,1,1,1,1,1,1,5.2824,12,TRUE,3.51860458880654,2.85952422382727,0,0.659080364979266,15.585
"BASELINE","Chiradzulu",1,"month","incidence",2024-10-01,2024-11-01,0,0,0,0,0,0,0,0,0,1,1,1,1,1,1,1,1,1,1,1,1,1,1,0,0,1,1,1,1,1,1,1,1,1,2.7536,12,TRUE,2.46457650280533,2.22216004711653,0.242416455688801,0,8.7482
"BASELINE","Chiradzulu",2,"month","incidence",2024-10-01,2024-12-01,0,0,0,0,0,0,0,0,0,0,0,0,0,0,0,1,1,1,1,1,1,1,1,0,0,0,1,1,1,1,1,1,1,1,6.2721,12,TRUE,3.87872793438098,2.98568089140243,0,0.893047042978551,17.7739
"BASELINE","Chitipa",1,"month","incidence",2024-10-01,2024-11-01,0,0,0,0,0,0,0,0,0,0,0,0,0,0,0,1,1,1,1,1,1,1,1,0,0,0,1,1,1,1,1,1,1,1,4.6472,12,TRUE,2.90733569799113,2.17757731978878,0,0.729758378202349,21.0527
"BASELINE","Chitipa",2,"month","incidence",2024-10-01,2024-12-01,0,0,0,0,0,0,0,0,0,0,0,0,0,0,0,0,0,0,0,1,1,1,1,0,0,0,0,0,0,0,1,1,1,1,17.5605,12,TRUE,9.59638838418641,3.00965422626993,0,6.58673415791648,33.966
"BASELINE","Dedza",1,"month","incidence",2024-10-01,2024-11-01,0,0,0,0,0,0,0,0,0,0,0,0,0,1,1,1,1,1,1,1,1,1,1,0,1,1,1,1,1,1,1,1,1,1,1.4887,12,TRUE,2.05605600709523,1.96371407695267,0,0.0923419301425638,15.4524
"BASELINE","Dedza",2,"month","incidence",2024-10-01,2024-12-01,0,0,0,0,0,0,0,0,0,0,0,0,0,0,0,0,0,0,1,1,1,1,1,0,0,0,0,0,0,1,1,1,1,1,11.4211,12,TRUE,5.94973189253226,2.70890716205348,0,3.24082473047878,25.3848
"BASELINE","Dowa",1,"month","incidence",2024-10-01,2024-11-01,0,0,0,0,0,0,0,0,0,0,0,0,0,0,1,1,1,1,1,1,1,1,1,0,0,1,1,1,1,1,1,1,1,1,4.6288,12,TRUE,3.51313646787687,2.96600036469615,0,0.547136103180716,34.4705
"BASELINE","Dowa",2,"month","incidence",2024-10-01,2024-12-01,0,0,0,0,0,0,0,0,0,0,0,0,0,0,0,0,0,1,1,1,1,1,1,0,0,0,0,0,1,1,1,1,1,1,16.3534,12,TRUE,8.61148282535009,4.15359157063572,0,4.45789125471438,46.1951
"BASELINE","Karonga",1,"month","incidence",2024-10-01,2024-11-01,0,0,0,0,0,0,0,1,1,1,1,1,1,1,1,1,1,1,1,1,1,1,1,0,0,0,0,1,1,1,1,1,1,1,4.8756,12,TRUE,2.83275155896632,1.95108335046692,0.881668208499399,0,30.227
"BASELINE","Karonga",2,"month","incidence",2024-10-01,2024-12-01,0,0,0,0,0,0,1,1,1,1,1,1,1,1,1,1,1,1,1,1,1,1,1,0,0,0,0,0,1,1,1,1,1,1,9.2417,12,TRUE,4.96842190429039,2.75924853555066,2.20917336873973,0,25.8609
"BASELINE","Kasungu",1,"month","incidence",2024-10-01,2024-11-01,0,0,0,0,0,0,0,0,0,0,0,0,1,1,1,1,1,1,1,1,1,1,1,1,1,1,1,1,1,1,1,1,1,1,1.4688,12,TRUE,3.49563395286805,3.43177308330284,0,0.0638608695652175,37.2078
"BASELINE","Kasungu",2,"month","incidence",2024-10-01,2024-12-01,0,0,0,0,0,0,0,0,0,0,0,0,0,0,1,1,1,1,1,1,1,1,1,0,0,1,1,1,1,1,1,1,1,1,6.0286,12,TRUE,5.37293575186961,4.81340283654484,0,0.559532915324771,41.7676
"BASELINE","Likoma",1,"month","incidence",2024-10-01,2024-11-01,0,0,0,0,1,1,1,1,1,1,1,1,1,1,1,1,1,1,1,1,1,1,1,0,0,0,0,0,0,0,1,1,1,1,15.8876,12,TRUE,8.70551845276343,2.91526367020875,5.79025478255469,0,15.2129
"BASELINE","Likoma",2,"month","incidence",2024-10-01,2024-12-01,0,0,0,0,1,1,1,1,1,1,1,1,1,1,1,1,1,1,1,1,1,1,1,0,0,0,0,0,0,0,1,1,1,1,21.4698,12,TRUE,11.6309162006836,4.09355896209397,7.53735723858965,0,9.6307
"BASELINE","Lilongwe",1,"month","incidence",2024-10-01,2024-11-01,0,0,0,0,0,0,0,0,0,0,0,0,0,1,1,1,1,1,1,1,1,1,1,0,1,1,1,1,1,1,1,1,1,1,1.889,12,TRUE,2.14495012082038,2.00132137527749,0,0.143628745542888,20.9438
"BASELINE","Lilongwe",2,"month","incidence",2024-10-01,2024-12-01,0,0,0,0,0,0,0,0,0,0,0,0,0,0,0,0,0,0,1,1,1,1,1,0,0,0,0,0,0,1,1,1,1,1,12.8222,12,TRUE,6.79943435989172,2.79592098531296,0,4.00351337457876,31.877
"BASELINE","Machinga",1,"month","incidence",2024-10-01,2024-11-01,0,0,0,0,0,0,0,0,0,0,1,1,1,1,1,1,1,1,1,1,1,1,1,0,1,1,1,1,1,1,1,1,1,1,1.7741,12,TRUE,2.20476317662785,2.08003212835412,0.124731048273726,0,21.3187
"BASELINE","Machinga",2,"month","incidence",2024-10-01,2024-12-01,0,0,0,0,0,0,0,0,0,0,0,0,0,1,1,1,1,1,1,1,1,1,1,0,1,1,1,1,1,1,1,1,1,1,2.1645,12,TRUE,3.05660674686651,2.92513948688002,0,0.131467259986484,25.2573
"BASELINE","Mangochi",1,"month","incidence",2024-10-01,2024-11-01,0,0,0,0,0,0,0,0,0,1,1,1,1,1,1,1,1,1,1,1,1,1,1,0,0,1,1,1,1,1,1,1,1,1,1.7197,12,TRUE,1.47524699051388,1.30293683248785,0.172310158026033,0,20.9624
"BASELINE","Mangochi",2,"month","incidence",2024-10-01,2024-12-01,0,0,0,0,0,0,0,0,1,1,1,1,1,1,1,1,1,1,1,1,1,1,1,0,0,0,1,1,1,1,1,1,1,1,4.3906,12,TRUE,2.60411921217567,1.84263093941976,0.761488272755914,0,18.2915
"BASELINE","Mchinji",1,"month","incidence",2024-10-01,2024-11-01,0,0,0,0,0,0,0,0,0,0,0,1,1,1,1,1,1,1,1,1,1,1,1,1,1,1,1,1,1,1,1,1,1,1,1.8463,12,TRUE,3.66531940243848,3.58504548939501,0.0802739130434782,0,34.0772
"BASELINE","Mchinji",2,"month","incidence",2024-10-01,2024-12-01,0,0,0,0,0,0,0,0,0,0,0,0,0,0,0,0,0,1,1,1,1,1,1,0,0,0,0,0,1,1,1,1,1,1,19.522,12,TRUE,10.2907862680894,5.01959046665263,0,5.2711958014368,55.4455
"BASELINE","Mulanje",1,"month","incidence",2024-10-01,2024-11-01,0,0,0,0,0,0,0,0,0,0,0,0,0,1,1,1,1,1,1,1,1,1,1,0,1,1,1,1,1,1,1,1,1,1,1.925,12,TRUE,2.73921163875716,2.62262453379708,0,0.116587104960082,46.8753
"BASELINE","Mulanje",2,"month","incidence",2024-10-01,2024-12-01,0,0,0,0,0,0,0,0,0,0,0,0,0,0,0,0,0,0,0,0,1,1,1,0,0,0,0,0,0,0,0,1,1,1,25.0025,12,TRUE,14.4347233665467,3.70895118470824,0,10.7257721818384,69.9528
"BASELINE","Mwanza",1,"month","incidence",2024-10-01,2024-11-01,0,0,0,0,0,0,0,0,0,0,0,0,0,1,1,1,1,1,1,1,1,1,1,0,1,1,1,1,1,1,1,1,1,1,4.72790000000001,12,TRUE,5.01253929838455,4.63348227030018,0,0.379057028084362,58.3528
"BASELINE","Mwanza",2,"month","incidence",2024-10-01,2024-12-01,0,0,0,0,0,0,0,0,0,0,0,0,0,0,0,0,1,1,1,1,1,1,1,0,0,0,0,1,1,1,1,1,1,1,16.7769,12,TRUE,9.64114322606988,6.52268949402788,0,3.118453732042,70.4018
"BASELINE","Mzimba",1,"month","incidence",2024-10-01,2024-11-01,0,0,0,0,0,0,0,0,0,0,0,0,0,0,0,0,1,1,1,1,1,1,1,0,0,0,0,1,1,1,1,1,1,1,7.3515,12,TRUE,4.11275916022483,2.64684768069242,0,1.46591147953241,25.4374
"BASELINE","Mzimba",2,"month","incidence",2024-10-01,2024-12-01,0,0,0,0,0,0,0,0,0,0,0,0,0,0,0,0,0,0,1,1,1,1,1,0,0,0,0,0,0,1,1,1,1,1,15.4426,12,TRUE,8.02809901035579,3.64192762947264,0,4.38617138088315,33.5285
"BASELINE","Neno",1,"month","incidence",2024-10-01,2024-11-01,0,0,0,0,0,0,0,0,0,0,0,0,1,1,1,1,1,1,1,1,1,1,1,1,1,1,1,1,1,1,1,1,1,1,1.3588,12,TRUE,6.96117312334673,6.90209486247716,0,0.0590782608695653,74.1401
"BASELINE","Neno",2,"month","incidence",2024-10-01,2024-12-01,0,0,0,0,0,0,0,0,0,0,0,0,0,0,0,0,0,0,0,0,1,1,1,0,0,0,0,0,0,0,0,1,1,1,67.9361,12,TRUE,39.4859547540445,9.68649080780921,0,29.7994639462353,140.7174
"BASELINE","Nkhatabay",1,"month","incidence",2024-10-01,2024-11-01,0,0,0,0,0,0,0,0,1,1,1,1,1,1,1,1,1,1,1,1,1,1,1,0,0,0,1,1,1,1,1,1,1,1,6.8009,12,TRUE,4.24174106961512,3.15653651844347,1.08520455117166,0,101.4993
"BASELINE","Nkhatabay",2,"month","incidence",2024-10-01,2024-12-01,0,0,0,0,1,1,1,1,1,1,1,1,1,1,1,1,1,1,1,1,1,1,1,0,0,0,0,0,0,0,1,1,1,1,26.7462,12,TRUE,14.9090115252161,4.4640167545087,10.4449947707074,0,81.554
"BASELINE","Nkhotakota",1,"month","incidence",2024-10-01,2024-11-01,0,0,0,0,1,1,1,1,1,1,1,1,1,1,1,1,1,1,1,1,1,1,1,0,0,0,0,0,0,0,1,1,1,1,14.9281,12,TRUE,8.04705217924286,2.97464354912993,5.07240863011293,0,62.8758
"BASELINE","Nkhotakota",2,"month","incidence",2024-10-01,2024-12-01,0,0,1,1,1,1,1,1,1,1,1,1,1,1,1,1,1,1,1,1,1,1,1,0,0,0,0,0,0,0,0,0,1,1,38.5354,12,TRUE,24.4212413495405,4.20678125040519,20.2144600991353,0,39.2685
"BASELINE","Nsanje",1,"month","incidence",2024-10-01,2024-11-01,0,0,0,0,0,0,0,0,0,0,1,1,1,1,1,1,1,1,1,1,1,1,1,0,1,1,1,1,1,1,1,1,1,1,2.3244,12,TRUE,2.67981398373535,2.50510426445793,0.174709719277416,0,25.1467
"BASELINE","Nsanje",2,"month","incidence",2024-10-01,2024-12-01,0,0,0,0,0,0,0,1,1,1,1,1,1,1,1,1,1,1,1,1,1,1,1,0,0,0,0,1,1,1,1,1,1,1,10.8782,12,TRUE,5.91524980637541,3.52187890220609,2.39337090416932,0,16.5929
"BASELINE","Ntcheu",1,"month","incidence",2024-10-01,2024-11-01,0,0,0,0,0,0,0,0,0,0,0,1,1,1,1,1,1,1,1,1,1,1,1,1,1,1,1,1,1,1,1,1,1,1,0.421500000000002,12,TRUE,2.41778871115734,2.39946262420082,0.0183260869565218,0,15.5871
"BASELINE","Ntcheu",2,"month","incidence",2024-10-01,2024-12-01,0,0,0,0,0,0,0,0,0,0,0,0,0,0,0,0,1,1,1,1,1,1,1,0,0,0,0,1,1,1,1,1,1,1,9.1372,12,TRUE,5.05832033951871,3.29381204436256,0,1.76450829515615,25.1458
"BASELINE","Ntchisi",1,"month","incidence",2024-10-01,2024-11-01,0,0,0,0,0,0,0,0,0,0,0,0,1,1,1,1,1,1,1,1,1,1,1,1,1,1,1,1,1,1,1,1,1,1,1.9076,12,TRUE,3.96638477394761,3.88344564351282,0,0.0829391304347827,82.3913
"BASELINE","Ntchisi",2,"month","incidence",2024-10-01,2024-12-01,0,0,0,0,0,0,0,0,0,0,0,0,0,0,0,0,0,0,0,0,1,1,1,0,0,0,0,0,0,0,0,1,1,1,34.6624,12,TRUE,19.6298391483521,5.49202149779455,0,14.1378176505576,115.1461
"BASELINE","Phalombe",1,"month","incidence",2024-10-01,2024-11-01,0,0,0,0,0,0,0,0,0,1,1,1,1,1,1,1,1,1,1,1,1,1,1,0,0,1,1,1,1,1,1,1,1,1,1.9212,12,TRUE,1.63745955077381,1.44450242982988,0.192957120943927,0,9.4784
"BASELINE","Phalombe",2,"month","incidence",2024-10-01,2024-12-01,0,0,0,0,0,0,0,0,0,0,0,0,0,0,0,0,1,1,1,1,1,1,1,0,0,0,0,1,1,1,1,1,1,1,5.6182,12,TRUE,3.11868808787004,2.00075351913696,0,1.11793456873308,17.0178
"BASELINE","Rumphi",1,"month","incidence",2024-10-01,2024-11-01,0,0,0,0,0,0,0,0,0,0,0,0,0,0,0,0,1,1,1,1,1,1,1,0,0,0,0,1,1,1,1,1,1,1,6.9972,12,TRUE,3.96676896069123,2.67723913129218,0,1.28952982939906,21.9707
"BASELINE","Rumphi",2,"month","incidence",2024-10-01,2024-12-01,0,0,0,0,0,0,0,0,0,0,0,0,0,0,0,0,0,0,0,0,1,1,1,0,0,0,0,0,0,0,0,1,1,1,26.0264,12,TRUE,14.7213853057462,3.62745007772756,0,11.0939352280186,40.9999
"BASELINE","Salima",1,"month","incidence",2024-10-01,2024-11-01,0,0,0,0,0,0,0,1,1,1,1,1,1,1,1,1,1,1,1,1,1,1,1,0,0,0,0,1,1,1,1,1,1,1,11.1213,12,TRUE,6.3035831599347,4.1214812658397,2.182101894095,0,29.5214
"BASELINE","Salima",2,"month","incidence",2024-10-01,2024-12-01,0,0,0,0,0,0,1,1,1,1,1,1,1,1,1,1,1,1,1,1,1,1,1,0,0,0,0,0,1,1,1,1,1,1,20.4626,12,TRUE,10.8786746849433,5.76659322862024,5.11208145632304,0,20.1801
"BASELINE","Thyolo",1,"month","incidence",2024-10-01,2024-11-01,0,0,0,0,0,0,0,0,0,0,0,0,0,0,0,1,1,1,1,1,1,1,1,0,0,0,1,1,1,1,1,1,1,1,3.0588,12,TRUE,1.97077765572821,1.51125067810926,0,0.45952697761895,24.8329
"BASELINE","Thyolo",2,"month","incidence",2024-10-01,2024-12-01,0,0,0,0,0,0,0,0,0,0,0,0,0,0,0,0,0,0,0,0,1,1,1,0,0,0,0,0,0,0,0,1,1,1,15.8519,12,TRUE,9.38416775491341,2.1358738925995,0,7.24829386231391,37.626
"BASELINE","Zomba",1,"month","incidence",2024-10-01,2024-11-01,0,0,0,0,0,0,0,0,0,0,1,1,1,1,1,1,1,1,1,1,1,1,1,0,1,1,1,1,1,1,1,1,1,1,1.9033,12,TRUE,2.5826723158233,2.46060664779389,0.122065668029413,0,33.8943
"BASELINE","Zomba",2,"month","incidence",2024-10-01,2024-12-01,0,0,0,0,0,0,0,0,0,0,0,0,0,0,0,0,0,1,1,1,1,1,1,0,0,0,0,0,1,1,1,1,1,1,12.6291,12,TRUE,6.72980750889526,3.47791348292186,0,3.25189402597341,48.4267
"BASELINE","Balaka",1,"month","incidence",2024-11-01,2024-12-01,0,0,0,0,0,0,0,0,0,0,0,0,0,0,1,1,1,1,1,1,1,1,1,0,0,1,1,1,1,1,1,1,1,1,4.6428,12,TRUE,3.02190728972623,2.4156697592954,0,0.606237530430831,14.4188
"BASELINE","Blantyre",1,"month","incidence",2024-11-01,2024-12-01,0,0,0,0,0,0,0,0,0,0,0,0,0,0,0,0,0,1,1,1,1,1,1,0,0,0,0,0,1,1,1,1,1,1,6.4577,12,TRUE,3.42162759260925,1.67605096626208,0,1.74557662634717,25.4673
"BASELINE","Chikwawa",1,"month","incidence",2024-11-01,2024-12-01,0,0,0,0,0,0,0,0,0,0,0,1,1,1,1,1,1,1,1,1,1,1,1,1,1,1,1,1,1,1,1,1,1,1,0.485299999999999,12,TRUE,2.24041964796626,2.21931964796626,0.0210999999999999,0,15.585
"BASELINE","Chiradzulu",1,"month","incidence",2024-11-01,2024-12-01,0,0,0,0,0,0,0,0,0,0,0,0,0,0,0,0,0,1,1,1,1,1,1,0,0,0,0,0,1,1,1,1,1,1,9.0257,12,TRUE,4.61138172441897,2.14041539157241,0,2.47096633284656,17.7739
"BASELINE","Chitipa",1,"month","incidence",2024-11-01,2024-12-01,0,0,0,0,0,0,0,0,0,0,0,0,0,0,0,0,0,0,0,1,1,1,1,0,0,0,0,0,0,0,1,1,1,1,12.9133,12,TRUE,7.17238098900825,2.1937218741923,0,4.97865911481594,33.966
"BASELINE","Dedza",1,"month","incidence",2024-11-01,2024-12-01,0,0,0,0,0,0,0,0,0,0,0,0,0,0,0,0,0,0,0,1,1,1,1,0,0,0,0,0,0,0,1,1,1,1,9.9324,12,TRUE,5.35121246915273,1.95410052085922,0,3.39711194829352,25.3848
"BASELINE","Dowa",1,"month","incidence",2024-11-01,2024-12-01,0,0,0,0,0,0,0,0,0,0,0,0,0,0,0,0,0,0,1,1,1,1,1,0,0,0,0,0,0,1,1,1,1,1,11.7246,12,TRUE,6.20258344475183,2.932694633216,0,3.26988881153583,46.1951
"BASELINE","Karonga",1,"month","incidence",2024-11-01,2024-12-01,0,0,0,0,0,0,0,0,1,1,1,1,1,1,1,1,1,1,1,1,1,1,1,0,0,0,1,1,1,1,1,1,1,1,4.3661,12,TRUE,2.67359031041163,1.95443379632956,0.719156514082066,0,25.8609
"BASELINE","Kasungu",1,"month","incidence",2024-11-01,2024-12-01,0,0,0,0,0,0,0,0,0,0,0,0,0,0,1,1,1,1,1,1,1,1,1,0,0,1,1,1,1,1,1,1,1,1,4.5598,12,TRUE,3.89208172527692,3.43166447599471,0,0.460417249282207,41.7676
"BASELINE","Likoma",1,"month","incidence",2024-11-01,2024-12-01,0,0,0,0,0,0,0,0,1,1,1,1,1,1,1,1,1,1,1,1,1,1,1,0,0,0,1,1,1,1,1,1,1,1,5.5822,12,TRUE,3.63095866199555,2.85104651427823,0.779912147717325,0,9.6307
"BASELINE","Lilongwe",1,"month","incidence",2024-11-01,2024-12-01,0,0,0,0,0,0,0,0,0,0,0,0,0,0,0,0,0,0,0,1,1,1,1,0,0,0,0,0,0,0,1,1,1,1,10.9332,12,TRUE,5.99164631620234,2.00360300929482,0,3.98804330690751,31.877
"BASELINE","Machinga",1,"month","incidence",2024-11-01,2024-12-01,0,0,0,0,0,0,0,0,0,0,0,0,0,0,0,1,1,1,1,1,1,1,1,0,0,0,1,1,1,1,1,1,1,1,3.9386,12,TRUE,2.62879839148176,2.07897839495428,0,0.549819996527473,25.2573
"BASELINE","Mangochi",1,"month","incidence",2024-11-01,2024-12-01,0,0,0,0,0,0,0,0,1,1,1,1,1,1,1,1,1,1,1,1,1,1,1,0,0,0,1,1,1,1,1,1,1,1,2.6709,12,TRUE,1.7037402661116,1.29472913930436,0.409011126807238,0,18.2915
"BASELINE","Mchinji",1,"month","incidence",2024-11-01,2024-12-01,0,0,0,0,0,0,0,0,0,0,0,0,0,0,0,0,0,0,0,1,1,1,1,0,0,0,0,0,0,0,1,1,1,1,21.3683,12,TRUE,11.8987346706312,3.57639526973676,0,8.32233940089443,55.4455
"BASELINE","Mulanje",1,"month","incidence",2024-11-01,2024-12-01,0,0,0,0,0,0,0,0,0,0,0,0,0,0,0,0,0,0,0,0,0,1,1,0,0,0,0,0,0,0,0,0,1,1,23.0775,12,TRUE,14.4751425265123,2.60435774750439,0,11.8707847790079,69.9528
"BASELINE","Mwanza",1,"month","incidence",2024-11-01,2024-12-01,0,0,0,0,0,0,0,0,0,0,0,0,0,0,0,0,1,1,1,1,1,1,1,0,0,0,0,1,1,1,1,1,1,1,12.049,12,TRUE,6.90259145039562,4.61506679893915,0,2.28752465145648,70.4018
"BASELINE","Mzimba",1,"month","incidence",2024-11-01,2024-12-01,0,0,0,0,0,0,0,0,0,0,0,0,0,0,0,0,1,1,1,1,1,1,1,0,0,0,0,1,1,1,1,1,1,1,8.0911,12,TRUE,4.43774375370419,2.68634699968981,0,1.75139675401438,33.5285
"BASELINE","Neno",1,"month","incidence",2024-11-01,2024-12-01,0,0,0,0,0,0,0,0,0,0,0,0,0,0,0,0,0,0,0,0,0,0,1,0,0,0,0,0,0,0,0,0,0,1,66.5773,12,TRUE,43.1592586013054,6.8799323308098,0,36.2793262704956,140.7174
"BASELINE","Nkhatabay",1,"month","incidence",2024-11-01,2024-12-01,0,0,0,1,1,1,1,1,1,1,1,1,1,1,1,1,1,1,1,1,1,1,1,0,0,0,0,0,0,0,0,1,1,1,19.9453,12,TRUE,11.2986134209242,3.15718104795696,8.14143237296725,0,81.554
"BASELINE","Nkhotakota",1,"month","incidence",2024-11-01,2024-12-01,0,0,1,1,1,1,1,1,1,1,1,1,1,1,1,1,1,1,1,1,1,1,1,0,0,0,0,0,0,0,0,0,1,1,23.6073,12,TRUE,14.3879704101982,2.90221977210557,11.4857506380926,0,39.2685
"BASELINE","Nsanje",1,"month","incidence",2024-11-01,2024-12-01,0,0,0,0,0,0,1,1,1,1,1,1,1,1,1,1,1,1,1,1,1,1,1,0,0,0,0,0,1,1,1,1,1,1,8.5538,12,TRUE,4.58313912672121,2.48303239461102,2.10010673211019,0,16.5929
"BASELINE","Ntcheu",1,"month","incidence",2024-11-01,2024-12-01,0,0,0,0,0,0,0,0,0,0,0,0,0,0,0,0,0,0,1,1,1,1,1,0,0,0,0,0,0,1,1,1,1,1,9.5587,12,TRUE,5.02262333925524,2.34904434519491,0,2.67357899406033,25.1458
"BASELINE","Ntchisi",1,"month","incidence",2024-11-01,2024-12-01,0,0,0,0,0,0,0,0,0,0,0,0,0,0,0,0,0,0,0,0,0,1,1,0,0,0,0,0,0,0,0,0,1,1,32.7548,12,TRUE,20.2800124921494,3.84693489147093,0,16.4330776006785,115.1461
"BASELINE","Phalombe",1,"month","incidence",2024-11-01,2024-12-01,0,0,0,0,0,0,0,0,0,0,0,0,0,0,0,0,0,0,0,1,1,1,1,0,0,0,0,0,0,0,1,1,1,1,7.5394,12,TRUE,4.07705305311807,1.42183450404135,0,2.65521854907671,17.0178
"BASELINE","Rumphi",1,"month","incidence",2024-11-01,2024-12-01,0,0,0,0,0,0,0,0,0,0,0,0,0,0,0,0,0,0,0,0,1,1,1,0,0,0,0,0,0,0,0,1,1,1,19.0292,12,TRUE,11.0501046213782,2.73686845238273,0,8.31323616899545,40.9999
"BASELINE","Salima",1,"month","incidence",2024-11-01,2024-12-01,0,0,0,0,0,0,0,0,1,1,1,1,1,1,1,1,1,1,1,1,1,1,1,0,0,0,1,1,1,1,1,1,1,1,9.3413,12,TRUE,5.64033110421946,4.0845401968268,1.55579090739266,0,20.1801
"BASELINE","Thyolo",1,"month","incidence",2024-11-01,2024-12-01,0,0,0,0,0,0,0,0,0,0,0,0,0,0,0,0,0,0,0,0,0,1,1,0,0,0,0,0,0,0,0,0,1,1,12.7931,12,TRUE,8.00495806055997,1.45474148790762,0,6.55021657265235,37.626
"BASELINE","Zomba",1,"month","incidence",2024-11-01,2024-12-01,0,0,0,0,0,0,0,0,0,0,0,0,0,0,0,0,0,0,0,1,1,1,1,0,0,0,0,0,0,0,1,1,1,1,14.5324,12,TRUE,8.09132499726306,2.44206439710515,0,5.6492606001579,48.4267
