"model","location","horizon","temporal_resolution","target_variable","forecast_date","target_end_date","quantile_coverage_0.01","quantile_coverage_0.025","quantile_coverage_0.05","quantile_coverage_0.1","quantile_coverage_0.15","quantile_coverage_0.2","quantile_coverage_0.25","quantile_coverage_0.3","quantile_coverage_0.35","quantile_coverage_0.4","quantile_coverage_0.45","quantile_coverage_0.5","quantile_coverage_0.55","quantile_coverage_0.6","quantile_coverage_0.65","quantile_coverage_0.7","quantile_coverage_0.75","quantile_coverage_0.8","quantile_coverage_0.85","quantile_coverage_0.9","quantile_coverage_0.95","quantile_coverage_0.975","quantile_coverage_0.99","coverage_10","coverage_20","coverage_30","coverage_40","coverage_50","coverage_60","coverage_70","coverage_80","coverage_90","coverage_95","coverage_98","abs_error","n_interval_scores","exists_interval_score_0","wis","dispersion","overprediction","underprediction","true_value"
"T1_SARIMAX","Balaka",1,"month","incidence",2023-03-01,2023-04-01,0,0,0,0,0,0,0,1,1,1,1,1,1,1,1,1,1,1,1,1,1,1,1,0,0,0,0,1,1,1,1,1,1,1,6.97419185079828,12,TRUE,4.05330706475358,2.80714565741731,1.24616140733626,0,16.3181
"T1_SARIMAX","Balaka",2,"month","incidence",2023-03-01,2023-05-01,0,0,0,1,1,1,1,1,1,1,1,1,1,1,1,1,1,1,1,1,1,1,1,0,0,0,0,0,0,0,0,1,1,1,23.5189394952722,12,TRUE,13.7593403977134,3.32281531577378,10.4365250819396,0,15.7609
"T1_SARIMAX","Balaka",3,"month","incidence",2023-03-01,2023-06-01,0,0,0,0,0,0,0,0,0,0,0,1,1,1,1,1,1,1,1,1,1,1,1,1,1,1,1,1,1,1,1,1,1,1,1.6134807799681,12,TRUE,3.56558186035628,3.4954305220968,0.0701513382594826,0,28.4069
"T1_SARIMAX","Blantyre",1,"month","incidence",2023-03-01,2023-04-01,0,0,0,0,0,0,0,0,0,0,0,0,1,1,1,1,1,1,1,1,1,1,1,1,1,1,1,1,1,1,1,1,1,1,0.207932826021068,12,TRUE,1.08466003404105,1.07561947638796,0,0.00904055765308991,26.9227
"T1_SARIMAX","Blantyre",2,"month","incidence",2023-03-01,2023-05-01,0,0,0,0,0,0,0,0,0,0,0,0,0,0,0,0,0,0,1,1,1,1,1,0,0,0,0,0,0,1,1,1,1,1,4.88378420096449,12,TRUE,2.58676284363995,1.19996892301599,0,1.38679392062396,25.9314
"T1_SARIMAX","Blantyre",3,"month","incidence",2023-03-01,2023-06-01,0,0,0,0,0,0,0,0,0,0,0,0,0,0,0,0,0,0,0,0,0,0,0,0,0,0,0,0,0,0,0,0,0,0,22.0436382503368,12,TRUE,17.0361212465982,1.4220470244953,0,15.6140742221029,34.8152
"T1_SARIMAX","Chikwawa",1,"month","incidence",2023-03-01,2023-04-01,0,0,0,0,0,0,0,0,0,0,0,0,0,0,0,0,0,0,0,0,1,1,1,0,0,0,0,0,0,0,0,1,1,1,12.3440545011904,12,TRUE,7.20614010758365,1.75823871298773,0,5.44790139459592,40.0569
"T1_SARIMAX","Chikwawa",2,"month","incidence",2023-03-01,2023-05-01,0,0,0,0,0,0,0,0,0,0,0,0,0,1,1,1,1,1,1,1,1,1,1,0,1,1,1,1,1,1,1,1,1,1,1.37953897150055,12,TRUE,2.07615953236885,1.99872307621593,0,0.0774364561529202,32.5809
"T1_SARIMAX","Chikwawa",3,"month","incidence",2023-03-01,2023-06-01,0,0,0,0,0,0,0,0,0,0,0,0,0,0,0,0,0,0,0,0,0,0,0,0,0,0,0,0,0,0,0,0,0,0,26.1313296555538,12,TRUE,18.5503755971858,2.14305881129384,0,16.4073167858919,42.9393
"T1_SARIMAX","Chiradzulu",1,"month","incidence",2023-03-01,2023-04-01,0,0,0,0,0,0,0,0,0,0,0,0,1,1,1,1,1,1,1,1,1,1,1,1,1,1,1,1,1,1,1,1,1,1,0.0556339147731713,12,TRUE,1.3114314163633,1.3090125505036,0,0.0024188658597031,14.0975
"T1_SARIMAX","Chiradzulu",2,"month","incidence",2023-03-01,2023-05-01,0,0,0,0,0,0,0,0,0,0,0,1,1,1,1,1,1,1,1,1,1,1,1,1,1,1,1,1,1,1,1,1,1,1,0.228606131230054,12,TRUE,1.52918020347173,1.51924080646173,0.00993939701000233,0,12.133
"T1_SARIMAX","Chiradzulu",3,"month","incidence",2023-03-01,2023-06-01,0,0,0,0,0,0,0,0,0,0,0,0,0,0,0,0,0,0,0,0,0,0,0,0,0,0,0,0,0,0,0,0,0,0,20.2496058068732,12,TRUE,14.3425181131226,1.30265228727774,0,13.0398658258449,23.5633
"T1_SARIMAX","Chitipa",1,"month","incidence",2023-03-01,2023-04-01,0,0,0,0,1,1,1,1,1,1,1,1,1,1,1,1,1,1,1,1,1,1,1,0,0,0,0,0,0,0,1,1,1,1,9.54849917890244,12,TRUE,5.20811661615381,1.79529603063791,3.4128205855159,0,16.1438
"T1_SARIMAX","Chitipa",2,"month","incidence",2023-03-01,2023-05-01,0,0,0,0,0,0,0,0,0,1,1,1,1,1,1,1,1,1,1,1,1,1,1,0,0,1,1,1,1,1,1,1,1,1,3.14197792200093,12,TRUE,2.47353588411847,2.11834436520197,0.355191518916505,0,18.6419
"T1_SARIMAX","Chitipa",3,"month","incidence",2023-03-01,2023-06-01,0,0,0,0,0,0,0,0,0,0,0,0,0,0,0,0,0,1,1,1,1,1,1,0,0,0,0,0,1,1,1,1,1,1,7.85370012454376,12,TRUE,4.1593578568313,2.19343867116097,0,1.96591918567033,21.382
"T1_SARIMAX","Dedza",1,"month","incidence",2023-03-01,2023-04-01,0,0,0,0,0,0,0,0,0,0,0,0,0,0,0,0,0,0,1,1,1,1,1,0,0,0,0,0,0,1,1,1,1,1,5.32576724405879,12,TRUE,2.85048780872146,1.1038504102106,0,1.74663739851087,33.7046
"T1_SARIMAX","Dedza",2,"month","incidence",2023-03-01,2023-05-01,0,0,0,0,0,0,0,0,0,1,1,1,1,1,1,1,1,1,1,1,1,1,1,0,0,1,1,1,1,1,1,1,1,1,2.25039897860868,12,TRUE,1.56486148743171,1.27246927913535,0.29239220829636,0,23.6722
"T1_SARIMAX","Dedza",3,"month","incidence",2023-03-01,2023-06-01,0,0,0,0,0,0,0,0,0,0,0,0,0,0,0,0,0,1,1,1,1,1,1,0,0,0,0,0,1,1,1,1,1,1,4.23777680855692,12,TRUE,2.28979349418496,1.32323709377162,0,0.966556400413338,23.8144
"T1_SARIMAX","Dowa",1,"month","incidence",2023-03-01,2023-04-01,0,0,0,0,0,0,0,0,0,0,0,0,0,0,0,0,0,1,1,1,1,1,1,0,0,0,0,0,1,1,1,1,1,1,9.70128478213495,12,TRUE,4.62083957853548,1.9846214538399,0,2.63621812469558,14.3179
"T1_SARIMAX","Dowa",2,"month","incidence",2023-03-01,2023-05-01,0,0,0,0,0,0,0,0,0,0,0,0,0,0,0,0,1,1,1,1,1,1,1,0,0,0,0,1,1,1,1,1,1,1,9.10129388597662,12,TRUE,3.69039766605066,1.98567477099575,0,1.70472289505491,10.2117
"T1_SARIMAX","Dowa",3,"month","incidence",2023-03-01,2023-06-01,0,0,0,0,0,0,0,0,0,0,0,0,0,0,0,0,0,0,0,0,1,1,1,0,0,0,0,0,0,0,0,1,1,1,13.2888,12,TRUE,8.7733629927608,0.319884410290502,0,8.4534785824703,13.2888
"T1_SARIMAX","Karonga",1,"month","incidence",2023-03-01,2023-04-01,0,0,0,0,0,0,0,0,0,0,0,1,1,1,1,1,1,1,1,1,1,1,1,1,1,1,1,1,1,1,1,1,1,1,0.0771266600016425,12,TRUE,1.47767744267081,1.47432410962726,0.00335333304354967,0,30.2329
"T1_SARIMAX","Karonga",2,"month","incidence",2023-03-01,2023-05-01,0,0,0,0,0,0,0,0,0,0,0,0,0,0,0,0,1,1,1,1,1,1,1,0,0,0,0,1,1,1,1,1,1,1,5.94911477901235,12,TRUE,3.242403973192,1.92910545817006,0,1.31329851502194,35.1965
"T1_SARIMAX","Karonga",3,"month","incidence",2023-03-01,2023-06-01,0,0,0,0,0,0,0,0,0,0,0,0,0,0,0,0,0,0,0,0,1,1,1,0,0,0,0,0,0,0,0,1,1,1,14.4601278214017,12,TRUE,8.29242309024214,2.19627611936457,0,6.09614697087757,42.8108
"T1_SARIMAX","Kasungu",1,"month","incidence",2023-03-01,2023-04-01,0,0,0,0,0,0,0,0,0,0,0,0,0,0,0,0,0,0,0,0,1,1,1,0,0,0,0,0,0,0,0,1,1,1,12.8528763140574,12,TRUE,7.19602237554,2.08859681142692,0,5.10742556411308,29.1444
"T1_SARIMAX","Kasungu",2,"month","incidence",2023-03-01,2023-05-01,0,0,0,0,0,0,0,0,0,0,0,0,0,0,0,0,0,0,0,1,1,1,1,0,0,0,0,0,0,0,1,1,1,1,17.5377139172322,12,TRUE,9.3280668238896,2.54825288535507,0,6.77981393853453,25.1107
"T1_SARIMAX","Kasungu",3,"month","incidence",2023-03-01,2023-06-01,0,0,0,0,0,0,0,0,0,0,0,0,0,0,0,0,0,0,0,0,0,0,1,0,0,0,0,0,0,0,0,0,0,1,33.2602,12,TRUE,20.8385610391131,1.34880435512704,0,19.4897566839861,33.2602
"T1_SARIMAX","Likoma",1,"month","incidence",2023-03-01,2023-04-01,0,0,0,0,0,0,0,0,1,1,1,1,1,1,1,1,1,1,1,1,1,1,1,0,0,0,1,1,1,1,1,1,1,1,5.86641361978001,12,TRUE,3.8076351339938,2.94444348575441,0.863191648239393,0,18.8184
"T1_SARIMAX","Likoma",2,"month","incidence",2023-03-01,2023-05-01,0,0,0,0,0,0,0,0,0,0,0,0,0,0,0,1,1,1,1,1,1,1,1,0,0,0,1,1,1,1,1,1,1,1,11.2761742419149,12,TRUE,6.75803206360583,4.89970888254176,0,1.85832318106407,38.4495
"T1_SARIMAX","Likoma",3,"month","incidence",2023-03-01,2023-06-01,0,0,0,0,0,0,0,0,0,0,0,0,1,1,1,1,1,1,1,1,1,1,1,1,1,1,1,1,1,1,1,1,1,1,0.0441669758818826,12,TRUE,6.04598169298333,6.04406138968412,0,0.00192030329921229,24.9453
"T1_SARIMAX","Lilongwe",1,"month","incidence",2023-03-01,2023-04-01,0,0,0,0,0,0,0,0,0,0,0,0,0,0,0,0,0,0,1,1,1,1,1,0,0,0,0,0,0,1,1,1,1,1,7.77566343157594,12,TRUE,3.80761500266,1.61343709855786,0,2.19417790410215,12.2533
"T1_SARIMAX","Lilongwe",2,"month","incidence",2023-03-01,2023-05-01,0,0,0,0,0,0,0,0,0,0,0,0,0,0,0,0,0,0,0,1,1,1,1,0,0,0,0,0,0,0,1,1,1,1,11.3921340674663,12,TRUE,5.35415792763674,1.36253163865229,0,3.99162628898445,12.742
"T1_SARIMAX","Lilongwe",3,"month","incidence",2023-03-01,2023-06-01,0,0,0,0,0,0,0,0,0,0,0,0,0,0,0,0,0,0,0,1,1,1,1,0,0,0,0,0,0,0,1,1,1,1,12.8032,12,TRUE,6.53363492083915,0.849997912523272,0,5.68363700831588,12.8032
"T1_SARIMAX","Machinga",1,"month","incidence",2023-03-01,2023-04-01,0,0,0,0,0,0,0,0,0,0,1,1,1,1,1,1,1,1,1,1,1,1,1,0,1,1,1,1,1,1,1,1,1,1,1.90420670280189,12,TRUE,1.77781269150348,1.61211429598529,0.165698395518193,0,35.2793
"T1_SARIMAX","Machinga",2,"month","incidence",2023-03-01,2023-05-01,0,0,0,0,0,0,0,0,0,0,0,0,1,1,1,1,1,1,1,1,1,1,1,1,1,1,1,1,1,1,1,1,1,1,0.506065373747681,12,TRUE,2.03141366202933,2.00941081969247,0,0.0220028423368557,41.9506
"T1_SARIMAX","Machinga",3,"month","incidence",2023-03-01,2023-06-01,0,0,0,0,0,0,0,0,0,0,0,0,0,0,0,1,1,1,1,1,1,1,1,0,0,0,1,1,1,1,1,1,1,1,4.16654336554982,12,TRUE,2.78290860880171,2.20158043870057,0,0.581328170101139,38.3651
"T1_SARIMAX","Mangochi",1,"month","incidence",2023-03-01,2023-04-01,0,0,0,0,0,0,1,1,1,1,1,1,1,1,1,1,1,1,1,1,1,1,1,0,0,0,0,0,1,1,1,1,1,1,5.32848300472223,12,TRUE,2.82378199675338,1.38534858010663,1.43843341664675,0,13.1859
"T1_SARIMAX","Mangochi",2,"month","incidence",2023-03-01,2023-05-01,0,0,0,0,0,0,0,0,0,1,1,1,1,1,1,1,1,1,1,1,1,1,1,0,0,1,1,1,1,1,1,1,1,1,3.42722958980177,12,TRUE,2.40118379626959,1.95917875060111,0.44200504566848,0,22.7535
"T1_SARIMAX","Mangochi",3,"month","incidence",2023-03-01,2023-06-01,0,0,0,0,0,0,0,0,0,0,0,0,1,1,1,1,1,1,1,1,1,1,1,1,1,1,1,1,1,1,1,1,1,1,0.576878670880202,12,TRUE,2.4245758082807,2.39949412693809,0,0.0250816813426175,26.8686
"T1_SARIMAX","Mchinji",1,"month","incidence",2023-03-01,2023-04-01,0,0,0,0,0,0,0,0,0,0,0,0,0,0,0,0,1,1,1,1,1,1,1,0,0,0,0,1,1,1,1,1,1,1,9.97050881860919,12,TRUE,5.36014544675542,3.11802943814071,0,2.24211600861471,31.8818
"T1_SARIMAX","Mchinji",2,"month","incidence",2023-03-01,2023-05-01,0,0,0,0,0,0,0,0,0,0,0,0,0,0,0,0,0,0,0,1,1,1,1,0,0,0,0,0,0,0,1,1,1,1,23.562289093233,12,TRUE,12.2794314862258,3.90753753788832,0,8.37189394833749,36.1177
"T1_SARIMAX","Mchinji",3,"month","incidence",2023-03-01,2023-06-01,0,0,0,0,0,0,0,0,0,0,0,0,0,0,0,0,0,0,0,1,1,1,1,0,0,0,0,0,0,0,1,1,1,1,27.5590877213893,12,TRUE,13.5763111347616,4.16985848191435,0,9.40645265284724,36.2575
"T1_SARIMAX","Mulanje",1,"month","incidence",2023-03-01,2023-04-01,0,0,0,0,0,0,0,0,0,0,0,0,1,1,1,1,1,1,1,1,1,1,1,1,1,1,1,1,1,1,1,1,1,1,0.174316166293693,12,TRUE,2.26465821699664,2.25707925324474,0,0.00757896375189968,33.7203
"T1_SARIMAX","Mulanje",2,"month","incidence",2023-03-01,2023-05-01,0,0,0,0,0,0,0,0,0,0,0,0,0,0,0,0,0,0,0,1,1,1,1,0,0,0,0,0,0,0,1,1,1,1,15.3496511397361,12,TRUE,8.50379675672944,2.65436132169356,0,5.84943543503589,48.0053
"T1_SARIMAX","Mulanje",3,"month","incidence",2023-03-01,2023-06-01,0,0,0,0,0,0,0,0,0,0,0,0,0,0,0,0,0,0,0,0,1,1,1,0,0,0,0,0,0,0,0,1,1,1,19.5498582053656,12,TRUE,10.9404811525681,3.10867862680194,0,7.8318025257662,38.8703
"T1_SARIMAX","Mwanza",1,"month","incidence",2023-03-01,2023-04-01,0,0,0,0,0,0,0,0,0,0,0,0,1,1,1,1,1,1,1,1,1,1,1,1,1,1,1,1,1,1,1,1,1,1,2.2806409532694,12,TRUE,4.08517667426773,3.98601837195167,0,0.0991583023160608,52.8429
"T1_SARIMAX","Mwanza",2,"month","incidence",2023-03-01,2023-05-01,0,0,0,0,0,0,0,0,0,0,0,0,0,1,1,1,1,1,1,1,1,1,1,0,1,1,1,1,1,1,1,1,1,1,4.12561319682305,12,TRUE,4.93079767514053,4.63018129626202,0,0.300616378878513,53.5514
"T1_SARIMAX","Mwanza",3,"month","incidence",2023-03-01,2023-06-01,0,0,0,0,0,0,0,0,0,0,0,0,0,1,1,1,1,1,1,1,1,1,1,0,1,1,1,1,1,1,1,1,1,1,3.61449938022409,12,TRUE,5.69930881979594,5.51229451715989,0,0.187014302636052,46.322
"T1_SARIMAX","Mzimba",1,"month","incidence",2023-03-01,2023-04-01,0,0,0,0,0,0,0,0,0,1,1,1,1,1,1,1,1,1,1,1,1,1,1,0,0,1,1,1,1,1,1,1,1,1,2.94166718179912,12,TRUE,2.11376935508874,1.74404448582831,0.369724869260432,0,26.9819
"T1_SARIMAX","Mzimba",2,"month","incidence",2023-03-01,2023-05-01,0,0,0,0,0,0,0,0,0,0,0,0,0,0,0,0,0,1,1,1,1,1,1,0,0,0,0,0,1,1,1,1,1,1,7.76487888425569,12,TRUE,4.12907283865584,2.08994313787954,0,2.0391297007763,31.6932
"T1_SARIMAX","Mzimba",3,"month","incidence",2023-03-01,2023-06-01,0,0,0,0,0,0,0,0,0,0,0,0,0,0,0,0,0,0,0,1,1,1,1,0,0,0,0,0,0,0,1,1,1,1,12.8501767675767,12,TRUE,6.94777136633597,2.4694321073122,0,4.47833925902377,31.4174
"T1_SARIMAX","Neno",1,"month","incidence",2023-03-01,2023-04-01,0,0,0,0,0,0,0,0,0,0,0,0,0,0,0,0,0,0,0,0,0,0,1,0,0,0,0,0,0,0,0,0,0,1,41.7817146472149,12,TRUE,27.0201164263265,4.34382031006156,0,22.6762961162649,97.4519
"T1_SARIMAX","Neno",2,"month","incidence",2023-03-01,2023-05-01,0,0,0,0,0,0,0,0,0,0,0,0,0,0,0,0,0,0,0,0,0,0,0,0,0,0,0,0,0,0,0,0,0,0,90.3222204076975,12,TRUE,70.1850489167117,5.6312970416203,0,64.5537518750914,128.1378
"T1_SARIMAX","Neno",3,"month","incidence",2023-03-01,2023-06-01,0,0,0,0,0,0,0,0,0,0,0,0,0,0,0,0,0,0,0,0,0,0,0,0,0,0,0,0,0,0,0,0,0,0,85.8299821955239,12,TRUE,58.3445735209442,5.44387751980258,0,52.9006960011416,96.4397
"T1_SARIMAX","Nkhatabay",1,"month","incidence",2023-03-01,2023-04-01,0,0,0,0,0,0,1,1,1,1,1,1,1,1,1,1,1,1,1,1,1,1,1,0,0,0,0,0,1,1,1,1,1,1,9.8943,12,TRUE,5.27202346229041,2.7164295243979,2.55559393789251,0,56.0882
"T1_SARIMAX","Nkhatabay",2,"month","incidence",2023-03-01,2023-05-01,0,0,0,0,0,0,0,0,0,0,1,1,1,1,1,1,1,1,1,1,1,1,1,0,1,1,1,1,1,1,1,1,1,1,3.5392,12,TRUE,4.10623133328511,3.8416114746342,0.264619858650908,0,62.4433
"T1_SARIMAX","Nkhatabay",3,"month","incidence",2023-03-01,2023-06-01,0,0,0,0,0,0,0,0,0,0,0,0,0,0,0,0,0,1,1,1,1,1,1,0,0,0,0,0,1,1,1,1,1,1,14.9093,12,TRUE,8.06578495805103,4.70499395143732,0,3.36079100661372,80.8918
"T1_SARIMAX","Nkhotakota",1,"month","incidence",2023-03-01,2023-04-01,0,0,0,0,0,1,1,1,1,1,1,1,1,1,1,1,1,1,1,1,1,1,1,0,0,0,0,0,0,1,1,1,1,1,11.8986957465263,12,TRUE,6.33438373915142,2.70188552624137,3.63249821291005,0,26.3334
"T1_SARIMAX","Nkhotakota",2,"month","incidence",2023-03-01,2023-05-01,0,0,0,0,0,0,0,0,1,1,1,1,1,1,1,1,1,1,1,1,1,1,1,0,0,0,1,1,1,1,1,1,1,1,7.54097902542203,12,TRUE,4.67625302289183,3.46068008842755,1.21557293446428,0,32.4913
"T1_SARIMAX","Nkhotakota",3,"month","incidence",2023-03-01,2023-06-01,0,0,0,0,0,0,0,0,0,0,0,0,0,1,1,1,1,1,1,1,1,1,1,0,1,1,1,1,1,1,1,1,1,1,2.60883633116782,12,TRUE,4.01114894927132,3.86930156457305,0,0.141847384698268,44.8414
"T1_SARIMAX","Nsanje",1,"month","incidence",2023-03-01,2023-04-01,0,0,0,0,0,0,0,0,0,0,0,0,0,0,0,1,1,1,1,1,1,1,1,0,0,0,1,1,1,1,1,1,1,1,4.49973725786657,12,TRUE,2.75160300689454,2.00967332872052,0,0.741929678174027,24.0031
"T1_SARIMAX","Nsanje",2,"month","incidence",2023-03-01,2023-05-01,0,0,0,0,0,0,0,0,0,0,0,0,0,0,0,0,0,0,0,0,0,0,0,0,0,0,0,0,0,0,0,0,0,0,33.5489301857577,12,TRUE,25.1448713579166,2.38626606096506,0,22.7586052969515,54.8958
"T1_SARIMAX","Nsanje",3,"month","incidence",2023-03-01,2023-06-01,0,0,0,0,0,0,0,0,0,0,0,0,0,0,0,0,0,0,0,0,1,1,1,0,0,0,0,0,0,0,0,1,1,1,18.924022968925,12,TRUE,11.2191539456628,2.52624775465202,0,8.69290619101078,41.4563
"T1_SARIMAX","Ntcheu",1,"month","incidence",2023-03-01,2023-04-01,0,0,0,0,0,0,0,1,1,1,1,1,1,1,1,1,1,1,1,1,1,1,1,0,0,0,0,1,1,1,1,1,1,1,6.33607944130211,12,TRUE,3.44038065790825,2.02731425468259,1.41306640322566,0,32.6537
"T1_SARIMAX","Ntcheu",2,"month","incidence",2023-03-01,2023-05-01,0,0,0,0,0,0,0,0,0,0,0,0,0,0,1,1,1,1,1,1,1,1,1,0,0,1,1,1,1,1,1,1,1,1,2.88828450385344,12,TRUE,2.59408599920952,2.32597949931224,0,0.268106499897276,46.9125
"T1_SARIMAX","Ntcheu",3,"month","incidence",2023-03-01,2023-06-01,0,0,0,0,0,0,0,0,0,0,0,0,0,0,0,0,0,0,0,0,1,1,1,0,0,0,0,0,0,0,0,1,1,1,16.3947955189217,12,TRUE,9.48538563561147,2.4135744968508,0,7.07181113876067,44.7279
"T1_SARIMAX","Ntchisi",1,"month","incidence",2023-03-01,2023-04-01,0,0,0,0,1,1,1,1,1,1,1,1,1,1,1,1,1,1,1,1,1,1,1,0,0,0,0,0,0,0,1,1,1,1,17.5295622330662,12,TRUE,9.71677061336791,3.02200660327278,6.69476401009513,0,25.7251
"T1_SARIMAX","Ntchisi",2,"month","incidence",2023-03-01,2023-05-01,0,0,0,0,0,0,0,1,1,1,1,1,1,1,1,1,1,1,1,1,1,1,1,0,0,0,0,1,1,1,1,1,1,1,11.9952451617358,12,TRUE,6.53833540890061,3.89173980435322,2.64659560454739,0,29.7825
"T1_SARIMAX","Ntchisi",3,"month","incidence",2023-03-01,2023-06-01,0,0,0,0,0,0,0,1,1,1,1,1,1,1,1,1,1,1,1,1,1,1,1,0,0,0,0,1,1,1,1,1,1,1,13.7228839462943,12,TRUE,7.43711412140848,4.3668560203939,3.07025810101458,0,27.867
"T1_SARIMAX","Phalombe",1,"month","incidence",2023-03-01,2023-04-01,0,0,0,0,0,0,0,0,0,1,1,1,1,1,1,1,1,1,1,1,1,1,1,0,0,1,1,1,1,1,1,1,1,1,1.76516297044913,12,TRUE,1.34201825639291,1.13363773812109,0.208380518271824,0,20.6263
"T1_SARIMAX","Phalombe",2,"month","incidence",2023-03-01,2023-05-01,0,0,0,0,0,0,0,0,0,0,0,0,0,0,0,0,0,0,0,0,0,0,1,0,0,0,0,0,0,0,0,0,0,1,13.9123084142645,12,TRUE,8.97458948469557,1.45515524787119,0,7.51943423682439,36.0705
"T1_SARIMAX","Phalombe",3,"month","incidence",2023-03-01,2023-06-01,0,0,0,0,0,0,0,0,0,0,0,0,0,0,0,0,0,0,0,0,0,0,0,0,0,0,0,0,0,0,0,0,0,0,26.9192674989759,12,TRUE,21.1753957945021,1.6214795766685,0,19.5539162178336,39.3376
"T1_SARIMAX","Rumphi",1,"month","incidence",2023-03-01,2023-04-01,0,0,0,1,1,1,1,1,1,1,1,1,1,1,1,1,1,1,1,1,1,1,1,0,0,0,0,0,0,0,0,1,1,1,13.7464022723503,12,TRUE,7.69872062210227,2.2569396060384,5.44178101606386,0,12.517
"T1_SARIMAX","Rumphi",2,"month","incidence",2023-03-01,2023-05-01,0,0,0,0,1,1,1,1,1,1,1,1,1,1,1,1,1,1,1,1,1,1,1,0,0,0,0,0,0,0,1,1,1,1,14.8150572814122,12,TRUE,7.93516428333207,3.03316947316002,4.90199481017204,0,14.7127
"T1_SARIMAX","Rumphi",3,"month","incidence",2023-03-01,2023-06-01,0,0,0,0,0,0,0,0,0,0,0,0,0,0,1,1,1,1,1,1,1,1,1,0,0,1,1,1,1,1,1,1,1,1,6.0561191395852,12,TRUE,3.61665778593382,2.84960920440084,0,0.767048581532974,12.9341
"T1_SARIMAX","Salima",1,"month","incidence",2023-03-01,2023-04-01,0,0,0,0,0,0,0,0,0,0,0,1,1,1,1,1,1,1,1,1,1,1,1,1,1,1,1,1,1,1,1,1,1,1,0.660079228386138,12,TRUE,2.39572153860826,2.3670224417219,0.0286990968863538,0,83.0112
"T1_SARIMAX","Salima",2,"month","incidence",2023-03-01,2023-05-01,0,0,0,0,0,0,0,0,0,0,0,0,0,0,0,0,0,0,0,0,0,0,1,0,0,0,0,0,0,0,0,0,0,1,29.1894169197518,12,TRUE,18.9868480908219,2.99167714477603,0,15.9951709460459,94.3029
"T1_SARIMAX","Salima",3,"month","incidence",2023-03-01,2023-06-01,0,0,0,0,0,0,0,0,0,0,0,0,0,0,0,0,0,0,0,0,0,0,0,0,0,0,0,0,0,0,0,0,0,0,60.7695467510628,12,TRUE,47.6741112735234,3.71089199388228,0,43.9632192796411,92.1107
"T1_SARIMAX","Thyolo",1,"month","incidence",2023-03-01,2023-04-01,0,0,0,0,0,0,0,0,0,0,0,1,1,1,1,1,1,1,1,1,1,1,1,1,1,1,1,1,1,1,1,1,1,1,0.0554647184978903,12,TRUE,1.07717663275292,1.07476512325301,0.00241150949990827,0,7.5405
"T1_SARIMAX","Thyolo",2,"month","incidence",2023-03-01,2023-05-01,0,0,0,0,0,0,0,0,0,0,0,0,0,0,0,0,0,0,1,1,1,1,1,0,0,0,0,0,0,1,1,1,1,1,6.79787509491857,12,TRUE,3.54216961822802,1.45986614445726,0,2.08230347377075,13.5703
"T1_SARIMAX","Thyolo",3,"month","incidence",2023-03-01,2023-06-01,0,0,0,0,0,0,0,0,0,0,0,0,0,0,0,0,0,0,0,1,1,1,1,0,0,0,0,0,0,0,1,1,1,1,11.0301352742807,12,TRUE,5.3007894516867,1.0592404769593,0,4.2415489747274,11.6226
"T1_SARIMAX","Zomba",1,"month","incidence",2023-03-01,2023-04-01,0,0,0,0,0,0,0,0,0,0,1,1,1,1,1,1,1,1,1,1,1,1,1,0,1,1,1,1,1,1,1,1,1,1,1.41063692130203,12,TRUE,1.5949518364074,1.48722734994989,0.107724486457517,0,23.0257
"T1_SARIMAX","Zomba",2,"month","incidence",2023-03-01,2023-05-01,0,0,0,0,0,0,0,0,0,0,0,0,0,0,1,1,1,1,1,1,1,1,1,0,0,1,1,1,1,1,1,1,1,1,2.95806370722248,12,TRUE,2.20455443200809,1.84722501777154,0,0.357329414236557,29.3012
"T1_SARIMAX","Zomba",3,"month","incidence",2023-03-01,2023-06-01,0,0,0,0,0,0,0,0,0,0,0,0,0,0,0,0,0,0,0,0,0,0,1,0,0,0,0,0,0,0,0,0,0,1,19.7901801300597,12,TRUE,12.811942493023,1.93197402916233,0,10.8799684638607,29.2125
"T1_SARIMAX","Balaka",1,"month","incidence",2023-04-01,2023-05-01,0,0,0,1,1,1,1,1,1,1,1,1,1,1,1,1,1,1,1,1,1,1,1,0,0,0,0,0,0,0,0,1,1,1,19.3892687990543,12,TRUE,11.3161697460792,2.76428429373498,8.5518854523442,0,15.7609
"T1_SARIMAX","Balaka",2,"month","incidence",2023-04-01,2023-06-01,0,0,0,0,0,0,0,0,0,0,0,0,1,1,1,1,1,1,1,1,1,1,1,1,1,1,1,1,1,1,1,1,1,1,1.03925087184209,12,TRUE,3.27621708592571,3.23103226541083,0,0.0451848205148733,28.4069
"T1_SARIMAX","Balaka",3,"month","incidence",2023-04-01,2023-07-01,0,0,0,0,0,0,0,0,0,0,0,0,0,1,1,1,1,1,1,1,1,1,1,0,1,1,1,1,1,1,1,1,1,1,3.37696103945365,12,TRUE,3.59661445013098,3.33121331474596,0,0.265401135385026,22.7263
"T1_SARIMAX","Blantyre",1,"month","incidence",2023-04-01,2023-05-01,0,0,0,0,0,0,0,0,0,0,0,0,0,0,0,0,0,1,1,1,1,1,1,0,0,0,0,0,1,1,1,1,1,1,3.92251448268752,12,TRUE,2.08883176530954,1.07077431052632,0,1.01805745478322,25.9314
"T1_SARIMAX","Blantyre",2,"month","incidence",2023-04-01,2023-06-01,0,0,0,0,0,0,0,0,0,0,0,0,0,0,0,0,0,0,0,0,0,0,0,0,0,0,0,0,0,0,0,0,0,0,21.3995524594522,12,TRUE,17.1943299123802,1.19762069125403,0,15.9967092211261,34.8152
"T1_SARIMAX","Blantyre",3,"month","incidence",2023-04-01,2023-07-01,0,0,0,0,0,0,0,0,0,0,0,0,0,0,0,0,0,0,0,0,0,0,0,0,0,0,0,0,0,0,0,0,0,0,24.001545622113,12,TRUE,18.9691703700897,1.35399820004248,0,17.6151721700473,30.575
"T1_SARIMAX","Chikwawa",1,"month","incidence",2023-04-01,2023-05-01,0,0,0,0,0,0,1,1,1,1,1,1,1,1,1,1,1,1,1,1,1,1,1,0,0,0,0,0,1,1,1,1,1,1,6.27121615087862,12,TRUE,3.35823918642162,1.80584147206987,1.55239771435175,0,32.5809
"T1_SARIMAX","Chikwawa",2,"month","incidence",2023-04-01,2023-06-01,0,0,0,0,0,0,0,0,0,0,0,0,0,0,0,0,0,0,0,0,0,1,1,0,0,0,0,0,0,0,0,0,1,1,17.5462662445951,12,TRUE,10.8124230975927,2.08985124370436,0,8.72257185388831,42.9393
"T1_SARIMAX","Chikwawa",3,"month","incidence",2023-04-01,2023-07-01,0,0,0,0,0,0,0,0,0,0,0,0,0,0,0,0,0,0,0,0,1,1,1,0,0,0,0,0,0,0,0,1,1,1,15.6219823998054,12,TRUE,8.96006604891726,2.30487911846341,0,6.65518693045385,30.8794
"T1_SARIMAX","Chiradzulu",1,"month","incidence",2023-04-01,2023-05-01,0,0,0,0,0,0,0,0,0,0,1,1,1,1,1,1,1,1,1,1,1,1,1,0,1,1,1,1,1,1,1,1,1,1,1.27653476328475,12,TRUE,1.43540369913548,1.33754836339759,0.0978553357378937,0,12.133
"T1_SARIMAX","Chiradzulu",2,"month","incidence",2023-04-01,2023-06-01,0,0,0,0,0,0,0,0,0,0,0,0,0,0,0,0,0,0,0,0,0,0,1,0,0,0,0,0,0,0,0,0,0,1,16.6147109408155,12,TRUE,10.9775261316973,1.51923891924336,0,9.45828721245395,23.5633
"T1_SARIMAX","Chiradzulu",3,"month","incidence",2023-04-01,2023-07-01,0,0,0,0,0,0,0,0,0,0,0,0,0,0,0,0,0,0,0,0,0,0,1,0,0,0,0,0,0,0,0,0,0,1,17.4604474546577,12,TRUE,11.1194958397119,1.2544443435704,0,9.86505149614146,19.796
"T1_SARIMAX","Chitipa",1,"month","incidence",2023-04-01,2023-05-01,0,0,0,0,0,0,0,0,0,0,0,0,0,0,0,1,1,1,1,1,1,1,1,0,0,0,1,1,1,1,1,1,1,1,4.26004590487011,12,TRUE,2.52242726019456,1.78580633214699,0,0.736620928047574,18.6419
"T1_SARIMAX","Chitipa",2,"month","incidence",2023-04-01,2023-06-01,0,0,0,0,0,0,0,0,0,0,0,0,0,0,0,0,0,0,0,1,1,1,1,0,0,0,0,0,0,0,1,1,1,1,12.9070174943645,12,TRUE,7.04925004550198,2.02135918564449,0,5.02789085985748,21.382
"T1_SARIMAX","Chitipa",3,"month","incidence",2023-04-01,2023-07-01,0,0,0,0,0,0,0,0,0,0,0,0,0,0,0,0,0,0,0,0,0,0,1,0,0,0,0,0,0,0,0,0,0,1,16.6044,12,TRUE,11.2833003642195,0.374524868830651,0,10.9087754953888,16.6044
"T1_SARIMAX","Dedza",1,"month","incidence",2023-04-01,2023-05-01,0,0,0,0,0,1,1,1,1,1,1,1,1,1,1,1,1,1,1,1,1,1,1,0,0,0,0,0,0,1,1,1,1,1,5.38827206086898,12,TRUE,2.883639294675,1.11889744376118,1.76474185091382,0,23.6722
"T1_SARIMAX","Dedza",2,"month","incidence",2023-04-01,2023-06-01,0,0,0,0,0,0,0,0,0,0,0,0,0,0,0,1,1,1,1,1,1,1,1,0,0,0,1,1,1,1,1,1,1,1,2.58101795912718,12,TRUE,1.66419059995955,1.27700659211545,0,0.387184007844097,23.8144
"T1_SARIMAX","Dedza",3,"month","incidence",2023-04-01,2023-07-01,0,0,0,0,0,0,0,0,0,0,0,0,0,0,0,0,0,0,0,0,1,1,1,0,0,0,0,0,0,0,0,1,1,1,8.97700129235042,12,TRUE,5.19421152519617,1.32112574293529,0,3.87308578226088,23.4082
"T1_SARIMAX","Dowa",1,"month","incidence",2023-04-01,2023-05-01,0,0,0,0,0,0,0,0,0,0,0,0,1,1,1,1,1,1,1,1,1,1,1,1,1,1,1,1,1,1,1,1,1,1,0.378103227646706,12,TRUE,2.33020591889058,2.31376664812334,0,0.0164392707672481,10.2117
"T1_SARIMAX","Dowa",2,"month","incidence",2023-04-01,2023-06-01,0,0,0,0,0,0,0,0,0,0,0,0,0,0,0,0,0,0,0,0,1,1,1,0,0,0,0,0,0,0,0,1,1,1,13.2888,12,TRUE,7.63872435079136,0.580787293574438,0,7.05793705721693,13.2888
"T1_SARIMAX","Dowa",3,"month","incidence",2023-04-01,2023-07-01,0,0,0,0,0,0,0,0,0,0,0,0,0,0,0,0,0,0,0,0,1,1,1,0,0,0,0,0,0,0,0,1,1,1,11.8799,12,TRUE,8.52517838004382,0.155286257859123,0,8.3698921221847,11.8799
"T1_SARIMAX","Karonga",1,"month","incidence",2023-04-01,2023-05-01,0,0,0,0,0,0,0,0,0,0,0,0,0,0,0,0,0,0,1,1,1,1,1,0,0,0,0,0,0,1,1,1,1,1,6.33901763059987,12,TRUE,3.37543272209582,1.43392253553557,0,1.94151018656024,35.1965
"T1_SARIMAX","Karonga",2,"month","incidence",2023-04-01,2023-06-01,0,0,0,0,0,0,0,0,0,0,0,0,0,0,0,0,0,0,0,0,0,1,1,0,0,0,0,0,0,0,0,0,1,1,15.0748609038577,12,TRUE,9.19307493093029,1.8502102276282,0,7.34286470330209,42.8108
"T1_SARIMAX","Karonga",3,"month","incidence",2023-04-01,2023-07-01,0,0,0,0,0,0,0,0,0,0,0,0,0,0,0,0,0,0,0,0,1,1,1,0,0,0,0,0,0,0,0,1,1,1,14.8550899063988,12,TRUE,8.70962707766204,2.08141915555073,0,6.6282079221113,41.6765
"T1_SARIMAX","Kasungu",1,"month","incidence",2023-04-01,2023-05-01,0,0,0,0,0,0,0,0,0,0,0,0,0,0,1,1,1,1,1,1,1,1,1,0,0,1,1,1,1,1,1,1,1,1,3.57131393878295,12,TRUE,2.58000034167796,2.13394421247013,0,0.446056129207836,25.1107
"T1_SARIMAX","Kasungu",2,"month","incidence",2023-04-01,2023-06-01,0,0,0,0,0,0,0,0,0,0,0,0,0,0,0,0,0,0,0,0,1,1,1,0,0,0,0,0,0,0,0,1,1,1,17.8345592941488,12,TRUE,10.1833722095289,2.62968950785383,0,7.55368270167511,33.2602
"T1_SARIMAX","Kasungu",3,"month","incidence",2023-04-01,2023-07-01,0,0,0,0,0,0,0,0,0,0,0,0,0,0,0,0,0,0,0,0,0,1,1,0,0,0,0,0,0,0,0,0,1,1,25.4149332361033,12,TRUE,14.8307288890597,2.71114156080028,0,12.1195873282594,33.0519
"T1_SARIMAX","Likoma",1,"month","incidence",2023-04-01,2023-05-01,0,0,0,0,0,0,0,0,0,0,0,0,0,0,0,0,0,0,0,0,1,1,1,0,0,0,0,0,0,0,0,1,1,1,19.5429136241738,12,TRUE,11.1991696207051,2.88889276215705,0,8.31027685854804,38.4495
"T1_SARIMAX","Likoma",2,"month","incidence",2023-04-01,2023-06-01,0,0,0,0,0,0,0,0,0,0,0,0,0,0,1,1,1,1,1,1,1,1,1,0,0,1,1,1,1,1,1,1,1,1,8.33689940042186,12,TRUE,5.5427939318214,4.49571860566869,0,1.04707532615271,24.9453
"T1_SARIMAX","Likoma",3,"month","incidence",2023-04-01,2023-07-01,0,0,0,0,0,0,0,0,0,0,0,0,0,0,1,1,1,1,1,1,1,1,1,0,0,1,1,1,1,1,1,1,1,1,7.80010706871018,12,TRUE,5.71236220487147,4.99921688179654,0,0.713145323074933,19.131
"T1_SARIMAX","Lilongwe",1,"month","incidence",2023-04-01,2023-05-01,0,0,0,0,0,0,0,0,0,0,0,0,0,0,0,0,0,1,1,1,1,1,1,0,0,0,0,0,1,1,1,1,1,1,6.96323394007681,12,TRUE,3.50216270524013,1.68888783127863,0,1.8132748739615,12.742
"T1_SARIMAX","Lilongwe",2,"month","incidence",2023-04-01,2023-06-01,0,0,0,0,0,0,0,0,0,0,0,0,0,0,0,0,0,0,1,1,1,1,1,0,0,0,0,0,0,1,1,1,1,1,9.07039197734344,12,TRUE,4.36014360416315,1.66456027319814,0,2.69558333096501,12.8032
"T1_SARIMAX","Lilongwe",3,"month","incidence",2023-04-01,2023-07-01,0,0,0,0,0,0,0,0,0,0,0,0,0,0,0,0,0,0,1,1,1,1,1,0,0,0,0,0,0,1,1,1,1,1,8.4005,12,TRUE,4.14654404822291,0.656854161757699,0,3.48968988646521,8.4005
"T1_SARIMAX","Machinga",1,"month","incidence",2023-04-01,2023-05-01,0,0,0,0,0,0,0,0,0,1,1,1,1,1,1,1,1,1,1,1,1,1,1,0,0,1,1,1,1,1,1,1,1,1,2.43532523218908,12,TRUE,1.85974179585517,1.57375022591925,0.285991569935916,0,41.9506
"T1_SARIMAX","Machinga",2,"month","incidence",2023-04-01,2023-06-01,0,0,0,0,0,0,0,0,0,0,0,1,1,1,1,1,1,1,1,1,1,1,1,1,1,1,1,1,1,1,1,1,1,1,0.631841225691979,12,TRUE,1.87020219114161,1.84273083350282,0.0274713576387817,0,38.3651
"T1_SARIMAX","Machinga",3,"month","incidence",2023-04-01,2023-07-01,0,0,0,0,0,0,0,0,0,0,0,0,0,0,0,0,0,0,0,0,1,1,1,0,0,0,0,0,0,0,0,1,1,1,15.0075747312109,12,TRUE,8.82697076638927,2.07716732015098,0,6.74980344623829,45.0867
"T1_SARIMAX","Mangochi",1,"month","incidence",2023-04-01,2023-05-01,0,0,0,0,0,0,0,0,0,0,0,0,0,0,0,1,1,1,1,1,1,1,1,0,0,0,1,1,1,1,1,1,1,1,3.14428070185291,12,TRUE,1.8902654576916,1.35642797750093,0,0.533837480190671,22.7535
"T1_SARIMAX","Mangochi",2,"month","incidence",2023-04-01,2023-06-01,0,0,0,0,0,0,0,0,0,0,0,0,0,0,0,0,0,1,1,1,1,1,1,0,0,0,0,0,1,1,1,1,1,1,6.18117189164634,12,TRUE,3.28927895578873,1.67556769764645,0,1.61371125814229,26.8686
"T1_SARIMAX","Mangochi",3,"month","incidence",2023-04-01,2023-07-01,0,0,0,0,0,0,0,0,0,0,0,0,0,0,0,0,0,0,0,0,1,1,1,0,0,0,0,0,0,0,0,1,1,1,11.7100342864859,12,TRUE,6.48811659474494,1.89507156425505,0,4.59304503048989,22.6651
"T1_SARIMAX","Mchinji",1,"month","incidence",2023-04-01,2023-05-01,0,0,0,0,0,0,0,0,0,0,0,0,0,0,0,0,0,0,1,1,1,1,1,0,0,0,0,0,0,1,1,1,1,1,13.177900225253,12,TRUE,6.96286483775372,3.12378337133176,0,3.83908146642196,36.1177
"T1_SARIMAX","Mchinji",2,"month","incidence",2023-04-01,2023-06-01,0,0,0,0,0,0,0,0,0,0,0,0,0,0,0,0,0,1,1,1,1,1,1,0,0,0,0,0,1,1,1,1,1,1,17.1748082847038,12,TRUE,8.85898285133436,4.21765801669454,0,4.64132483463982,36.2575
"T1_SARIMAX","Mchinji",3,"month","incidence",2023-04-01,2023-07-01,0,0,0,0,0,0,0,0,0,0,0,0,0,0,0,1,1,1,1,1,1,1,1,0,0,0,1,1,1,1,1,1,1,1,11.1063612723115,12,TRUE,6.27147975983464,4.59483476396921,0,1.67664499586543,23.9496
"T1_SARIMAX","Mulanje",1,"month","incidence",2023-04-01,2023-05-01,0,0,0,0,0,0,0,0,0,0,0,0,0,0,0,0,0,0,1,1,1,1,1,0,0,0,0,0,0,1,1,1,1,1,10.226823645774,12,TRUE,5.45057731102162,2.27918850196275,0,3.17138880905887,48.0053
"T1_SARIMAX","Mulanje",2,"month","incidence",2023-04-01,2023-06-01,0,0,0,0,0,0,0,0,0,0,0,0,0,0,0,0,0,0,0,1,1,1,1,0,0,0,0,0,0,0,1,1,1,1,14.5039878262921,12,TRUE,7.95475890063798,2.63920283092841,0,5.31555606970957,38.8703
"T1_SARIMAX","Mulanje",3,"month","incidence",2023-04-01,2023-07-01,0,0,0,0,0,0,0,0,0,0,0,0,0,0,0,0,0,0,1,1,1,1,1,0,0,0,0,0,0,1,1,1,1,1,15.0764552145912,12,TRUE,7.92819346253779,3.02071869199572,0,4.90747477054208,29.7718
"T1_SARIMAX","Mwanza",1,"month","incidence",2023-04-01,2023-05-01,0,0,0,0,0,0,0,0,0,0,0,0,0,0,1,1,1,1,1,1,1,1,1,0,0,1,1,1,1,1,1,1,1,1,6.71185137069898,12,TRUE,4.9204961507183,4.09477610524061,0,0.825720045477689,53.5514
"T1_SARIMAX","Mwanza",2,"month","incidence",2023-04-01,2023-06-01,0,0,0,0,0,0,0,0,0,0,0,0,1,1,1,1,1,1,1,1,1,1,1,1,1,1,1,1,1,1,1,1,1,1,2.04279695141948,12,TRUE,5.17252108137248,5.08370382261511,0,0.0888172587573685,46.322
"T1_SARIMAX","Mwanza",3,"month","incidence",2023-04-01,2023-07-01,0,0,0,0,0,0,0,0,0,0,0,1,1,1,1,1,1,1,1,1,1,1,1,1,1,1,1,1,1,1,1,1,1,1,1.36062521011598,12,TRUE,5.59293630853332,5.53377869070219,0.0591576178311297,0,40.5096
"T1_SARIMAX","Mzimba",1,"month","incidence",2023-04-01,2023-05-01,0,0,0,0,0,0,0,0,0,0,0,0,0,0,0,0,0,0,0,1,1,1,1,0,0,0,0,0,0,0,1,1,1,1,9.34523035229555,12,TRUE,5.10268558391055,1.74749572156157,0,3.35518986234898,31.6932
"T1_SARIMAX","Mzimba",2,"month","incidence",2023-04-01,2023-06-01,0,0,0,0,0,0,0,0,0,0,0,0,0,0,0,0,0,0,0,0,1,1,1,0,0,0,0,0,0,0,0,1,1,1,14.3824133044927,12,TRUE,8.36357257670318,2.06074435846737,0,6.30282821823581,31.4174
"T1_SARIMAX","Mzimba",3,"month","incidence",2023-04-01,2023-07-01,0,0,0,0,0,0,0,0,0,0,0,0,0,0,0,0,0,0,0,1,1,1,1,0,0,0,0,0,0,0,1,1,1,1,12.8344379493233,12,TRUE,6.56354834461282,2.0604426427333,0,4.50310570187952,18.4765
"T1_SARIMAX","Neno",1,"month","incidence",2023-04-01,2023-05-01,0,0,0,0,0,0,0,0,0,0,0,0,0,0,0,0,0,0,0,0,0,0,0,0,0,0,0,0,0,0,0,0,0,0,49.9426713258817,12,TRUE,35.0063847774506,4.25375960978685,0,30.7526251676637,128.1378
"T1_SARIMAX","Neno",2,"month","incidence",2023-04-01,2023-06-01,0,0,0,0,0,0,0,0,0,0,0,0,0,0,0,0,0,0,0,0,0,0,1,0,0,0,0,0,0,0,0,0,0,1,57.3935782978089,12,TRUE,38.5480070882776,5.33692596569109,0,33.2110811225865,96.4397
"T1_SARIMAX","Neno",3,"month","incidence",2023-04-01,2023-07-01,0,0,0,0,0,0,0,0,0,0,0,0,0,0,0,0,0,0,0,0,0,0,1,0,0,0,0,0,0,0,0,0,0,1,58.66856145855,12,TRUE,37.4943090449823,5.25983349434026,0,32.2344755506421,75.7386
"T1_SARIMAX","Nkhatabay",1,"month","incidence",2023-04-01,2023-05-01,0,0,0,0,0,0,0,0,0,0,0,0,0,0,0,1,1,1,1,1,1,1,1,0,0,0,1,1,1,1,1,1,1,1,6.3551,12,TRUE,3.80775402835093,2.72298906305358,0,1.08476496529734,62.4433
"T1_SARIMAX","Nkhatabay",2,"month","incidence",2023-04-01,2023-06-01,0,0,0,0,0,0,0,0,0,0,0,0,0,0,0,0,0,0,0,0,1,1,1,0,0,0,0,0,0,0,0,1,1,1,24.8036,12,TRUE,14.1328985347302,3.85088806316399,0,10.2820104715662,80.8918
"T1_SARIMAX","Nkhatabay",3,"month","incidence",2023-04-01,2023-07-01,0,0,0,0,0,0,0,0,0,0,0,0,0,0,0,0,1,1,1,1,1,1,1,0,0,0,0,1,1,1,1,1,1,1,14.2957,12,TRUE,7.82975063788801,4.71635540566318,0,3.11339523222482,70.3839
"T1_SARIMAX","Nkhotakota",1,"month","incidence",2023-04-01,2023-05-01,0,0,0,0,0,0,0,0,0,0,0,0,0,0,0,0,1,1,1,1,1,1,1,0,0,0,0,1,1,1,1,1,1,1,6.53715047032739,12,TRUE,3.73257582732117,2.47880362553456,0,1.25377220178662,32.4913
"T1_SARIMAX","Nkhotakota",2,"month","incidence",2023-04-01,2023-06-01,0,0,0,0,0,0,0,0,0,0,0,0,0,0,0,0,0,0,0,0,0,1,1,0,0,0,0,0,0,0,0,0,1,1,22.9154802737212,12,TRUE,14.0233752567012,2.7610541766063,0,11.2623210800949,44.8414
"T1_SARIMAX","Nkhotakota",3,"month","incidence",2023-04-01,2023-07-01,0,0,0,0,0,0,0,0,0,0,0,0,0,0,0,0,0,0,0,0,0,0,1,0,0,0,0,0,0,0,0,0,0,1,33.3141340238785,12,TRUE,21.7610178734781,3.03261816975129,0,18.7283997037268,45.4201
"T1_SARIMAX","Nsanje",1,"month","incidence",2023-04-01,2023-05-01,0,0,0,0,0,0,0,0,0,0,0,0,0,0,0,0,0,0,0,0,0,0,0,0,0,0,0,0,0,0,0,0,0,0,30.3125392772532,12,TRUE,23.2625949650494,2.00777939478197,0,21.2548155702675,54.8958
"T1_SARIMAX","Nsanje",2,"month","incidence",2023-04-01,2023-06-01,0,0,0,0,0,0,0,0,0,0,0,0,0,0,0,0,0,0,0,0,1,1,1,0,0,0,0,0,0,0,0,1,1,1,16.5024286815031,12,TRUE,9.59793800885614,2.38155644992817,0,7.21638155892796,41.4563
"T1_SARIMAX","Nsanje",3,"month","incidence",2023-04-01,2023-07-01,0,0,0,0,0,0,0,0,0,0,0,0,0,0,1,1,1,1,1,1,1,1,1,0,0,1,1,1,1,1,1,1,1,1,3.72268012494463,12,TRUE,2.93698222444188,2.5174069675063,0,0.419575256935581,28.9133
"T1_SARIMAX","Ntcheu",1,"month","incidence",2023-04-01,2023-05-01,0,0,0,0,0,0,0,0,0,0,0,0,0,0,0,0,1,1,1,1,1,1,1,0,0,0,0,1,1,1,1,1,1,1,6.02214678702059,12,TRUE,3.29043442498917,1.97014073344034,0,1.32029369154883,46.9125
"T1_SARIMAX","Ntcheu",2,"month","incidence",2023-04-01,2023-06-01,0,0,0,0,0,0,0,0,0,0,0,0,0,0,0,0,0,0,0,0,0,1,1,0,0,0,0,0,0,0,0,0,1,1,19.1039686778789,12,TRUE,11.7511366222163,2.28740179552338,0,9.46373482669291,44.7279
"T1_SARIMAX","Ntcheu",3,"month","incidence",2023-04-01,2023-07-01,0,0,0,0,0,0,0,0,0,0,0,0,0,0,0,0,0,0,0,0,1,1,1,0,0,0,0,0,0,0,0,1,1,1,15.3573107110556,12,TRUE,8.68078641491189,2.3247664607352,0,6.35601995417669,28.487
"T1_SARIMAX","Ntchisi",1,"month","incidence",2023-04-01,2023-05-01,0,0,0,0,0,0,0,0,0,0,0,1,1,1,1,1,1,1,1,1,1,1,1,1,1,1,1,1,1,1,1,1,1,1,1.38088289554983,12,TRUE,2.93249754334009,2.87245915657706,0.0600383867630363,0,29.7825
"T1_SARIMAX","Ntchisi",2,"month","incidence",2023-04-01,2023-06-01,0,0,0,0,0,0,0,0,0,0,0,0,1,1,1,1,1,1,1,1,1,1,1,1,1,1,1,1,1,1,1,1,1,1,1.88640312048847,12,TRUE,3.54852100038335,3.4665034734056,0,0.0820175269777594,27.867
"T1_SARIMAX","Ntchisi",3,"month","incidence",2023-04-01,2023-07-01,0,0,0,0,0,0,0,1,1,1,1,1,1,1,1,1,1,1,1,1,1,1,1,0,0,0,0,1,1,1,1,1,1,1,10.7944592781716,12,TRUE,6.19140575153691,4.19840853155356,1.99299721998335,0,19.5366
"T1_SARIMAX","Phalombe",1,"month","incidence",2023-04-01,2023-05-01,0,0,0,0,0,0,0,0,0,0,0,0,0,0,0,0,0,0,0,0,0,0,0,0,0,0,0,0,0,0,0,0,0,0,14.4373752536264,12,TRUE,10.5204357510274,1.11551950989346,0,9.40491624113399,36.0705
"T1_SARIMAX","Phalombe",2,"month","incidence",2023-04-01,2023-06-01,0,0,0,0,0,0,0,0,0,0,0,0,0,0,0,0,0,0,0,0,0,0,0,0,0,0,0,0,0,0,0,0,0,0,20.3153040826961,12,TRUE,15.3831529360949,1.40464534265243,0,13.9785075934425,39.3376
"T1_SARIMAX","Phalombe",3,"month","incidence",2023-04-01,2023-07-01,0,0,0,0,0,0,0,0,0,0,0,0,0,0,0,0,0,0,0,0,0,1,1,0,0,0,0,0,0,0,0,0,1,1,12.9311084417322,12,TRUE,7.95053721491173,1.54690804834438,0,6.40362916656735,27.3338
"T1_SARIMAX","Rumphi",1,"month","incidence",2023-04-01,2023-05-01,0,0,0,0,0,0,0,0,0,0,0,1,1,1,1,1,1,1,1,1,1,1,1,1,1,1,1,1,1,1,1,1,1,1,0.770788239976758,12,TRUE,2.32769592378258,2.29418339160967,0.0335125321729025,0,14.7127
"T1_SARIMAX","Rumphi",2,"month","incidence",2023-04-01,2023-06-01,0,0,0,0,0,0,0,0,0,0,0,0,0,0,0,0,0,0,0,1,1,1,1,0,0,0,0,0,0,0,1,1,1,1,12.9341,12,TRUE,7.18334950355164,0.645597196870556,0,6.53775230668108,12.9341
"T1_SARIMAX","Rumphi",3,"month","incidence",2023-04-01,2023-07-01,0,0,0,0,0,0,0,0,0,0,0,0,0,0,0,0,0,0,0,0,1,1,1,0,0,0,0,0,0,0,0,1,1,1,7.1655,12,TRUE,5.23944355138804,0.104487343487679,0,5.13495620790036,7.1655
"T1_SARIMAX","Salima",1,"month","incidence",2023-04-01,2023-05-01,0,0,0,0,0,0,0,0,0,0,0,0,0,0,0,0,0,0,0,0,0,0,0,0,0,0,0,0,0,0,0,0,0,0,29.2961525778889,12,TRUE,20.9983297085664,2.36316728768151,0,18.6351624208849,94.3029
"T1_SARIMAX","Salima",2,"month","incidence",2023-04-01,2023-06-01,0,0,0,0,0,0,0,0,0,0,0,0,0,0,0,0,0,0,0,0,0,0,0,0,0,0,0,0,0,0,0,0,0,0,61.4618394592038,12,TRUE,50.9615978659238,2.98817225197939,0,47.9734256139445,92.1107
"T1_SARIMAX","Salima",3,"month","incidence",2023-04-01,2023-07-01,0,0,0,0,0,0,0,0,0,0,0,0,0,0,0,0,0,0,0,0,0,0,0,0,0,0,0,0,0,0,0,0,0,0,56.7890785589922,12,TRUE,43.3293822380008,3.27447722267097,0,40.0549050153298,67.6071
"T1_SARIMAX","Thyolo",1,"month","incidence",2023-04-01,2023-05-01,0,0,0,0,0,0,0,0,0,0,0,0,0,0,0,0,0,0,0,0,1,1,1,0,0,0,0,0,0,0,0,1,1,1,6.87973011120884,12,TRUE,3.88747315838387,1.0621072934067,0,2.82536586497716,13.5703
"T1_SARIMAX","Thyolo",2,"month","incidence",2023-04-01,2023-06-01,0,0,0,0,0,0,0,0,0,0,0,0,0,0,0,0,0,0,0,0,1,1,1,0,0,0,0,0,0,0,0,1,1,1,11.2083610467767,12,TRUE,5.93536345765629,0.846553249841479,0,5.08881020781481,11.6226
"T1_SARIMAX","Thyolo",3,"month","incidence",2023-04-01,2023-07-01,0,0,0,0,0,0,0,0,0,0,0,0,0,0,0,0,0,0,0,0,1,1,1,0,0,0,0,0,0,0,0,1,1,1,8.954,12,TRUE,5.13695385752012,0.398030522656048,0,4.73892333486407,8.954
"T1_SARIMAX","Zomba",1,"month","incidence",2023-04-01,2023-05-01,0,0,0,0,0,0,0,0,0,0,0,0,0,0,1,1,1,1,1,1,1,1,1,0,0,1,1,1,1,1,1,1,1,1,1.95305319947731,12,TRUE,1.66400159825928,1.46621887478815,0,0.197782723471128,29.3012
"T1_SARIMAX","Zomba",2,"month","incidence",2023-04-01,2023-06-01,0,0,0,0,0,0,0,0,0,0,0,0,0,0,0,0,0,0,0,0,0,1,1,0,0,0,0,0,0,0,0,0,1,1,15.6648819218766,12,TRUE,9.58736637666576,1.8729946262083,0,7.71437175045746,29.2125
"T1_SARIMAX","Zomba",3,"month","incidence",2023-04-01,2023-07-01,0,0,0,0,0,0,0,0,0,0,0,0,0,0,0,0,0,0,0,0,0,0,1,0,0,0,0,0,0,0,0,0,0,1,22.8932726057113,12,TRUE,14.5593781546351,1.24177952746348,0,13.3175986271716,23.7843
"T1_SARIMAX","Balaka",1,"month","incidence",2023-05-01,2023-06-01,0,0,0,0,0,0,0,0,0,0,0,0,0,0,0,0,0,0,1,1,1,1,1,0,0,0,0,0,0,1,1,1,1,1,12.28956560541,12,TRUE,6.46724520443672,2.77077962062015,0,3.69646558381657,28.4069
"T1_SARIMAX","Balaka",2,"month","incidence",2023-05-01,2023-07-01,0,0,0,0,0,0,0,0,0,0,0,0,0,0,0,0,1,1,1,1,1,1,1,0,0,0,0,1,1,1,1,1,1,1,8.84018981618969,12,TRUE,4.85975234766052,3.17491496412411,0,1.68483738353641,22.7263
"T1_SARIMAX","Balaka",3,"month","incidence",2023-05-01,2023-08-01,0,0,0,0,0,0,0,1,1,1,1,1,1,1,1,1,1,1,1,1,1,1,1,0,0,0,0,1,1,1,1,1,1,1,9.90088288781691,12,TRUE,5.51827067146333,3.52674964944347,1.99152102201987,0,13.4768
"T1_SARIMAX","Blantyre",1,"month","incidence",2023-05-01,2023-06-01,0,0,0,0,0,0,0,0,0,0,0,0,0,0,0,0,0,0,0,0,0,0,0,0,0,0,0,0,0,0,0,0,0,0,18.9690032059618,12,TRUE,15.147758912474,1.08826612170708,0,14.0594927907669,34.8152
"T1_SARIMAX","Blantyre",2,"month","incidence",2023-05-01,2023-07-01,0,0,0,0,0,0,0,0,0,0,0,0,0,0,0,0,0,0,0,0,0,0,0,0,0,0,0,0,0,0,0,0,0,0,21.2329798096329,12,TRUE,16.9076472841273,1.22094198371128,0,15.6867053004161,30.575
"T1_SARIMAX","Blantyre",3,"month","incidence",2023-05-01,2023-08-01,0,0,0,0,0,0,0,0,0,0,0,0,0,0,0,0,0,0,0,0,0,0,0,0,0,0,0,0,0,0,0,0,0,0,17.1998301165297,12,TRUE,12.0562398472327,1.40356534692069,0,10.652674500312,24.6411
"T1_SARIMAX","Chikwawa",1,"month","incidence",2023-05-01,2023-06-01,0,0,0,0,0,0,0,0,0,0,0,0,0,0,0,0,0,0,0,0,0,0,0,0,0,0,0,0,0,0,0,0,0,0,21.1934941119135,12,TRUE,14.7258471797112,1.84194479674426,0,12.8839023829669,42.9393
"T1_SARIMAX","Chikwawa",2,"month","incidence",2023-05-01,2023-07-01,0,0,0,0,0,0,0,0,0,0,0,0,0,0,0,0,0,0,0,0,0,1,1,0,0,0,0,0,0,0,0,0,1,1,19.3260301684953,12,TRUE,12.1701557586619,2.0616211473028,0,10.1085346113591,30.8794
"T1_SARIMAX","Chikwawa",3,"month","incidence",2023-05-01,2023-08-01,0,0,0,0,0,0,0,0,0,0,0,0,0,0,0,0,0,0,0,0,0,0,1,0,0,0,0,0,0,0,0,0,0,1,23.9489467488001,12,TRUE,15.6566321700199,2.21852554130924,0,13.4381066287107,33.4022
"T1_SARIMAX","Chiradzulu",1,"month","incidence",2023-05-01,2023-06-01,0,0,0,0,0,0,0,0,0,0,0,0,0,0,0,0,0,0,0,0,0,0,0,0,0,0,0,0,0,0,0,0,0,0,17.3341083267864,12,TRUE,12.5601505573773,1.28423010568393,0,11.2759204516934,23.5633
"T1_SARIMAX","Chiradzulu",2,"month","incidence",2023-05-01,2023-07-01,0,0,0,0,0,0,0,0,0,0,0,0,0,0,0,0,0,0,0,0,0,0,0,0,0,0,0,0,0,0,0,0,0,0,17.9591590425349,12,TRUE,11.8356474503124,1.13466750513811,0,10.7009799451743,19.796
"T1_SARIMAX","Chiradzulu",3,"month","incidence",2023-05-01,2023-08-01,0,0,0,0,0,0,0,0,0,0,0,0,0,0,0,0,0,0,0,0,1,1,1,0,0,0,0,0,0,0,0,1,1,1,11.0736101528855,12,TRUE,5.60491447088267,0.999197506937942,0,4.60571696394473,11.7945
"T1_SARIMAX","Chitipa",1,"month","incidence",2023-05-01,2023-06-01,0,0,0,0,0,0,0,0,0,0,0,0,0,0,0,0,0,0,0,1,1,1,1,0,0,0,0,0,0,0,1,1,1,1,9.91226388539799,12,TRUE,5.41739694010836,1.76616893561569,0,3.65122800449267,21.382
"T1_SARIMAX","Chitipa",2,"month","incidence",2023-05-01,2023-07-01,0,0,0,0,0,0,0,0,0,0,0,0,0,0,0,0,0,0,0,0,0,1,1,0,0,0,0,0,0,0,0,0,1,1,16.6044,12,TRUE,10.5532675801427,0.548407265984193,0,10.0048603141585,16.6044
"T1_SARIMAX","Chitipa",3,"month","incidence",2023-05-01,2023-08-01,0,0,0,0,0,0,0,0,0,0,0,0,0,0,0,0,0,0,0,0,0,1,1,0,0,0,0,0,0,0,0,0,1,1,12.9588,12,TRUE,8.90829464131522,0.240510372417568,0,8.66778426889765,12.9588
"T1_SARIMAX","Dedza",1,"month","incidence",2023-05-01,2023-06-01,0,0,0,0,0,0,0,0,0,0,0,0,0,0,0,0,0,1,1,1,1,1,1,0,0,0,0,0,1,1,1,1,1,1,4.17630122553474,12,TRUE,2.21326473807895,1.08615177458004,0,1.12711296349891,23.8144
"T1_SARIMAX","Dedza",2,"month","incidence",2023-05-01,2023-07-01,0,0,0,0,0,0,0,0,0,0,0,0,0,0,0,0,0,0,0,0,0,1,1,0,0,0,0,0,0,0,0,0,1,1,9.27069685779852,12,TRUE,5.60605982080965,1.16477953801274,0,4.44128028279691,23.4082
"T1_SARIMAX","Dedza",3,"month","incidence",2023-05-01,2023-08-01,0,0,0,0,0,0,0,0,0,0,0,0,0,0,0,1,1,1,1,1,1,1,1,0,0,0,1,1,1,1,1,1,1,1,2.39157326228249,12,TRUE,1.57958598564495,1.23827477389504,0,0.341311211749912,14.825
"T1_SARIMAX","Dowa",1,"month","incidence",2023-05-01,2023-06-01,0,0,0,0,0,0,0,0,0,0,0,0,0,0,0,1,1,1,1,1,1,1,1,0,0,0,1,1,1,1,1,1,1,1,4.31853159441503,12,TRUE,2.73014497303874,2.12297344993871,0,0.607171523100034,13.2888
"T1_SARIMAX","Dowa",2,"month","incidence",2023-05-01,2023-07-01,0,0,0,0,0,0,0,0,0,0,0,0,0,0,1,1,1,1,1,1,1,1,1,0,0,1,1,1,1,1,1,1,1,1,4.32832806309297,12,TRUE,3.1435767219999,2.69854696718296,0,0.445029754816942,11.8799
"T1_SARIMAX","Dowa",3,"month","incidence",2023-05-01,2023-08-01,0,0,0,0,0,0,0,0,0,0,0,0,1,1,1,1,1,1,1,1,1,1,1,1,1,1,1,1,1,1,1,1,1,1,1.0104951127612,12,TRUE,3.17806974898893,3.13413517886887,0,0.0439345701200521,8.4479
"T1_SARIMAX","Karonga",1,"month","incidence",2023-05-01,2023-06-01,0,0,0,0,0,0,0,0,0,0,0,0,0,0,0,0,0,0,0,0,1,1,1,0,0,0,0,0,0,0,0,1,1,1,9.80086593806089,12,TRUE,5.68636373907558,1.42820403046442,0,4.25815970861116,42.8108
"T1_SARIMAX","Karonga",2,"month","incidence",2023-05-01,2023-07-01,0,0,0,0,0,0,0,0,0,0,0,0,0,0,0,0,0,0,0,1,1,1,1,0,0,0,0,0,0,0,1,1,1,1,10.4368297761241,12,TRUE,5.76344837303531,1.83759804338258,0,3.92585032965273,41.6765
"T1_SARIMAX","Karonga",3,"month","incidence",2023-05-01,2023-08-01,0,0,0,0,0,0,0,0,0,0,0,0,0,0,0,0,0,1,1,1,1,1,1,0,0,0,0,0,1,1,1,1,1,1,7.35035161581563,12,TRUE,3.92532796103673,2.06231080159157,0,1.86301715944516,37.1568
"T1_SARIMAX","Kasungu",1,"month","incidence",2023-05-01,2023-06-01,0,0,0,0,0,0,0,0,0,0,0,0,0,0,0,0,0,0,0,0,1,1,1,0,0,0,0,0,0,0,0,1,1,1,14.7470570593795,12,TRUE,8.56658392156812,2.12676119645347,0,6.43982272511466,33.2602
"T1_SARIMAX","Kasungu",2,"month","incidence",2023-05-01,2023-07-01,0,0,0,0,0,0,0,0,0,0,0,0,0,0,0,0,0,0,0,0,0,1,1,0,0,0,0,0,0,0,0,0,1,1,21.9841149300959,12,TRUE,13.2653242853382,2.53019648417214,0,10.735127801166,33.0519
"T1_SARIMAX","Kasungu",3,"month","incidence",2023-05-01,2023-08-01,0,0,0,0,0,0,0,0,0,0,0,0,0,0,0,0,0,1,1,1,1,1,1,0,0,0,0,0,1,1,1,1,1,1,10.922480944798,12,TRUE,5.53608933370776,2.88341094554071,0,2.65267838816705,21.0232
"T1_SARIMAX","Likoma",1,"month","incidence",2023-05-01,2023-06-01,0,0,0,1,1,1,1,1,1,1,1,1,1,1,1,1,1,1,1,1,1,1,1,0,0,0,0,0,0,0,0,1,1,1,18.9954522593894,12,TRUE,11.0338043348166,2.75629281176024,8.27751152305638,0,24.9453
"T1_SARIMAX","Likoma",2,"month","incidence",2023-05-01,2023-07-01,0,0,0,0,1,1,1,1,1,1,1,1,1,1,1,1,1,1,1,1,1,1,1,0,0,0,0,0,0,0,1,1,1,1,20.4017279018751,12,TRUE,11.1468808329056,3.79775463938169,7.34912619352395,0,19.131
"T1_SARIMAX","Likoma",3,"month","incidence",2023-05-01,2023-08-01,0,0,0,0,0,0,1,1,1,1,1,1,1,1,1,1,1,1,1,1,1,1,1,0,0,0,0,0,1,1,1,1,1,1,14.7834886541973,12,TRUE,7.86035184520723,3.99621458039089,3.86413726481635,0,22.6321
"T1_SARIMAX","Lilongwe",1,"month","incidence",2023-05-01,2023-06-01,0,0,0,0,0,0,0,0,0,0,0,0,0,0,0,1,1,1,1,1,1,1,1,0,0,0,1,1,1,1,1,1,1,1,4.34462638405076,12,TRUE,2.50866205280466,1.76214984461313,0,0.746512208191533,12.8032
"T1_SARIMAX","Lilongwe",2,"month","incidence",2023-05-01,2023-07-01,0,0,0,0,0,0,0,0,0,0,0,0,0,0,0,1,1,1,1,1,1,1,1,0,0,0,1,1,1,1,1,1,1,1,4.7573609812154,12,TRUE,2.42987631387333,1.63350390123488,0,0.796372412638449,8.4005
"T1_SARIMAX","Lilongwe",3,"month","incidence",2023-05-01,2023-08-01,0,0,0,0,0,0,0,0,0,0,0,0,0,0,0,1,1,1,1,1,1,1,1,0,0,0,1,1,1,1,1,1,1,1,5.82450419480375,12,TRUE,2.44053725844786,1.44977366675206,0,0.990763591695791,6.8132
"T1_SARIMAX","Machinga",1,"month","incidence",2023-05-01,2023-06-01,0,0,0,0,0,0,0,0,0,1,1,1,1,1,1,1,1,1,1,1,1,1,1,0,0,1,1,1,1,1,1,1,1,1,1.94610107395645,12,TRUE,1.68517006054154,1.4930486925349,0.192121368006641,0,38.3651
"T1_SARIMAX","Machinga",2,"month","incidence",2023-05-01,2023-07-01,0,0,0,0,0,0,0,0,0,0,0,0,0,0,0,0,0,0,0,0,0,1,1,0,0,0,0,0,0,0,0,0,1,1,15.3652941011565,12,TRUE,9.59385440596363,1.7589183043565,0,7.83493610160714,45.0867
"T1_SARIMAX","Machinga",3,"month","incidence",2023-05-01,2023-08-01,0,0,0,0,0,0,0,0,0,0,0,0,0,0,0,0,0,0,0,1,1,1,1,0,0,0,0,0,0,0,1,1,1,1,10.8603589003738,12,TRUE,6.0241167106972,1.86498341629331,0,4.15913329440389,41.8094
"T1_SARIMAX","Mangochi",1,"month","incidence",2023-05-01,2023-06-01,0,0,0,0,0,0,0,0,0,0,0,0,0,0,0,0,1,1,1,1,1,1,1,0,0,0,0,1,1,1,1,1,1,1,3.91185510020591,12,TRUE,2.14375807335643,1.29318456024393,0,0.850573513112502,26.8686
"T1_SARIMAX","Mangochi",2,"month","incidence",2023-05-01,2023-07-01,0,0,0,0,0,0,0,0,0,0,0,0,0,0,0,0,0,0,1,1,1,1,1,0,0,0,0,0,0,1,1,1,1,1,7.83406301710752,12,TRUE,4.15451613385286,1.82004180245897,0,2.33447433139388,22.6651
"T1_SARIMAX","Mangochi",3,"month","incidence",2023-05-01,2023-08-01,0,0,0,0,0,0,0,0,0,0,0,0,0,0,0,1,1,1,1,1,1,1,1,0,0,0,1,1,1,1,1,1,1,1,4.61116280084183,12,TRUE,2.92017015643119,2.21546419191357,0,0.704705964517613,20.4189
"T1_SARIMAX","Mchinji",1,"month","incidence",2023-05-01,2023-06-01,0,0,0,0,0,0,0,0,0,0,0,0,0,0,1,1,1,1,1,1,1,1,1,0,0,1,1,1,1,1,1,1,1,1,3.89648511703738,12,TRUE,3.54159360789775,3.18797894413147,0,0.353614663766278,36.2575
"T1_SARIMAX","Mchinji",2,"month","incidence",2023-05-01,2023-07-01,0,0,0,0,0,0,0,0,0,0,0,1,1,1,1,1,1,1,1,1,1,1,1,1,1,1,1,1,1,1,1,1,1,1,2.44994995349187,12,TRUE,4.52228688203078,4.41576731883548,0.106519563195299,0,23.9496
"T1_SARIMAX","Mchinji",3,"month","incidence",2023-05-01,2023-08-01,0,0,0,0,0,0,0,0,0,0,1,1,1,1,1,1,1,1,1,1,1,1,1,0,1,1,1,1,1,1,1,1,1,1,5.5100134532124,12,TRUE,5.68692060204116,5.25159343505014,0.435327166991012,0,19.0045
"T1_SARIMAX","Mulanje",1,"month","incidence",2023-05-01,2023-06-01,0,0,0,0,0,0,0,0,0,0,0,0,0,0,0,0,0,0,0,1,1,1,1,0,0,0,0,0,0,0,1,1,1,1,11.441235608257,12,TRUE,6.18338425441902,2.25175509811227,0,3.93162915630675,38.8703
"T1_SARIMAX","Mulanje",2,"month","incidence",2023-05-01,2023-07-01,0,0,0,0,0,0,0,0,0,0,0,0,0,0,0,0,0,0,0,1,1,1,1,0,0,0,0,0,0,0,1,1,1,1,12.7893154838723,12,TRUE,6.88125033406498,2.48017246709843,0,4.40107786696656,29.7718
"T1_SARIMAX","Mulanje",3,"month","incidence",2023-05-01,2023-08-01,0,0,0,0,0,0,0,0,0,0,0,0,0,0,0,0,0,0,0,1,1,1,1,0,0,0,0,0,0,0,1,1,1,1,15.6381758737093,12,TRUE,8.4888898626694,2.74473004103524,0,5.74415982163416,29.9965
"T1_SARIMAX","Mwanza",1,"month","incidence",2023-05-01,2023-06-01,0,0,0,0,0,0,0,0,0,0,0,0,0,0,0,1,1,1,1,1,1,1,1,0,0,0,1,1,1,1,1,1,1,1,7.82302453277229,12,TRUE,5.03016251649548,3.85169425555968,0,1.1784682609358,46.322
"T1_SARIMAX","Mwanza",2,"month","incidence",2023-05-01,2023-07-01,0,0,0,0,0,0,0,0,0,0,0,0,0,0,0,0,0,1,1,1,1,1,1,0,0,0,0,0,1,1,1,1,1,1,17.7197811628675,12,TRUE,9.24743353460677,5.14064198681131,0,4.10679154779546,40.5096
"T1_SARIMAX","Mwanza",3,"month","incidence",2023-05-01,2023-08-01,0,0,0,0,0,0,0,0,0,0,0,0,0,0,0,0,0,1,1,1,1,1,1,0,0,0,0,0,1,1,1,1,1,1,21.5111528951021,12,TRUE,10.583455193103,5.6450589709493,0,4.93839622215366,37.505
"T1_SARIMAX","Mzimba",1,"month","incidence",2023-05-01,2023-06-01,0,0,0,0,0,0,0,0,0,0,0,0,0,0,0,0,0,0,0,1,1,1,1,0,0,0,0,0,0,0,1,1,1,1,8.77548940417603,12,TRUE,4.74163611870273,1.7289631037616,0,3.01267301494113,31.4174
"T1_SARIMAX","Mzimba",2,"month","incidence",2023-05-01,2023-07-01,0,0,0,0,0,0,0,0,0,0,0,0,0,0,0,0,0,1,1,1,1,1,1,0,0,0,0,0,1,1,1,1,1,1,6.77922869387951,12,TRUE,3.60180330240485,2.00571118753937,0,1.59609211486548,18.4765
"T1_SARIMAX","Mzimba",3,"month","incidence",2023-05-01,2023-08-01,0,0,0,0,0,0,0,0,0,0,0,0,0,0,0,0,1,1,1,1,1,1,1,0,0,0,0,1,1,1,1,1,1,1,6.46407999840269,12,TRUE,3.24305433516864,2.00073396272081,0,1.24232037244783,11.6021
"T1_SARIMAX","Neno",1,"month","incidence",2023-05-01,2023-06-01,0,0,0,0,0,0,0,0,0,0,0,0,0,0,0,1,1,1,1,1,1,1,1,0,0,0,1,1,1,1,1,1,1,1,8.86646348180169,12,TRUE,5.78433930561141,4.4848247358594,0,1.29951456975201,96.4397
"T1_SARIMAX","Neno",2,"month","incidence",2023-05-01,2023-07-01,0,0,0,0,0,0,0,0,0,0,0,0,0,0,0,0,0,1,1,1,1,1,1,0,0,0,0,0,1,1,1,1,1,1,19.2027201489006,12,TRUE,10.3163768481873,5.71800077174081,0,4.59837607644645,75.7386
"T1_SARIMAX","Neno",3,"month","incidence",2023-05-01,2023-08-01,0,0,0,0,0,0,0,0,0,0,0,0,0,0,0,1,1,1,1,1,1,1,1,0,0,0,1,1,1,1,1,1,1,1,12.6974363369524,12,TRUE,8.15403792066638,6.28516961721831,0,1.86886830344807,52.0923
"T1_SARIMAX","Nkhatabay",1,"month","incidence",2023-05-01,2023-06-01,0,0,0,0,0,0,0,0,0,0,0,0,0,0,0,0,0,0,0,0,1,1,1,0,0,0,0,0,0,0,0,1,1,1,18.4485,12,TRUE,10.6990703347047,2.69254062833494,0,8.00652970636977,80.8918
"T1_SARIMAX","Nkhatabay",2,"month","incidence",2023-05-01,2023-07-01,0,0,0,0,0,0,0,0,0,0,0,0,0,0,0,1,1,1,1,1,1,1,1,0,0,0,1,1,1,1,1,1,1,1,7.9406,12,TRUE,5.03673672386771,3.80782747383185,0,1.22890925003585,70.3839
"T1_SARIMAX","Nkhatabay",3,"month","incidence",2023-05-01,2023-08-01,0,0,0,0,0,0,0,0,0,0,0,0,0,0,0,0,0,0,0,1,1,1,1,0,0,0,0,0,0,0,1,1,1,1,27.1221,12,TRUE,15.0408532227938,4.66361716971955,0,10.3772360530743,89.5654
"T1_SARIMAX","Nkhotakota",1,"month","incidence",2023-05-01,2023-06-01,0,0,0,0,0,0,0,0,0,0,0,0,0,0,0,0,0,1,1,1,1,1,1,0,0,0,0,0,1,1,1,1,1,1,8.81754448608795,12,TRUE,4.67847408843554,2.32111781549342,0,2.35735627294212,44.8414
"T1_SARIMAX","Nkhotakota",2,"month","incidence",2023-05-01,2023-07-01,0,0,0,0,0,0,0,0,0,0,0,0,0,0,0,0,0,0,1,1,1,1,1,0,0,0,0,0,0,1,1,1,1,1,13.3663940735413,12,TRUE,7.12286470384984,2.98230509822153,0,4.1405596056283,45.4201
"T1_SARIMAX","Nkhotakota",3,"month","incidence",2023-05-01,2023-08-01,0,0,0,0,0,0,0,0,0,0,0,0,0,0,0,0,0,0,0,1,1,1,1,0,0,0,0,0,0,0,1,1,1,1,17.1385745932262,12,TRUE,9.27897002763627,3.34403050579875,0,5.93493952183753,57.9395
"T1_SARIMAX","Nsanje",1,"month","incidence",2023-05-01,2023-06-01,0,0,0,0,0,0,0,0,0,0,0,0,1,1,1,1,1,1,1,1,1,1,1,1,1,1,1,1,1,1,1,1,1,1,1.05862351754761,12,TRUE,2.10534667590986,2.05931956645126,0,0.0460271094585917,41.4563
"T1_SARIMAX","Nsanje",2,"month","incidence",2023-05-01,2023-07-01,0,0,0,0,0,0,0,0,0,0,1,1,1,1,1,1,1,1,1,1,1,1,1,0,1,1,1,1,1,1,1,1,1,1,1.93422277950278,12,TRUE,2.55561614559729,2.42783647112396,0.127779674473326,0,28.9133
"T1_SARIMAX","Nsanje",3,"month","incidence",2023-05-01,2023-08-01,0,0,0,0,0,0,0,0,0,0,0,1,1,1,1,1,1,1,1,1,1,1,1,1,1,1,1,1,1,1,1,1,1,1,0.440233452920182,12,TRUE,2.57632011417908,2.5571795292695,0.0191405849095731,0,27.5794
"T1_SARIMAX","Ntcheu",1,"month","incidence",2023-05-01,2023-06-01,0,0,0,0,0,0,0,0,0,0,0,0,0,0,0,0,0,0,0,0,0,1,1,0,0,0,0,0,0,0,0,0,1,1,16.1998269290713,12,TRUE,9.89342162931989,1.98016086246477,0,7.91326076685511,44.7279
"T1_SARIMAX","Ntcheu",2,"month","incidence",2023-05-01,2023-07-01,0,0,0,0,0,0,0,0,0,0,0,0,0,0,0,0,0,0,0,0,1,1,1,0,0,0,0,0,0,0,0,1,1,1,15.0427837166735,12,TRUE,8.55317141097146,2.25662240810577,0,6.29654900286568,28.487
"T1_SARIMAX","Ntcheu",3,"month","incidence",2023-05-01,2023-08-01,0,0,0,0,0,0,0,0,0,0,0,0,0,0,0,0,0,0,1,1,1,1,1,0,0,0,0,0,0,1,1,1,1,1,9.98055568838304,12,TRUE,5.14997499603486,2.2705140375624,0,2.87946095847246,19.9114
"T1_SARIMAX","Ntchisi",1,"month","incidence",2023-05-01,2023-06-01,0,0,0,0,0,0,0,0,0,0,0,1,1,1,1,1,1,1,1,1,1,1,1,1,1,1,1,1,1,1,1,1,1,1,0.865234117305757,12,TRUE,2.80739202087592,2.76977314621045,0.0376188746654677,0,27.867
"T1_SARIMAX","Ntchisi",2,"month","incidence",2023-05-01,2023-07-01,0,0,0,0,0,0,1,1,1,1,1,1,1,1,1,1,1,1,1,1,1,1,1,0,0,0,0,0,1,1,1,1,1,1,12.0367555139081,12,TRUE,6.37792055837851,3.13452761745426,3.24339294092424,0,19.5366
"T1_SARIMAX","Ntchisi",3,"month","incidence",2023-05-01,2023-08-01,0,0,0,0,0,1,1,1,1,1,1,1,1,1,1,1,1,1,1,1,1,1,1,0,0,0,0,0,0,1,1,1,1,1,15.2628310677709,12,TRUE,8.11629247668043,3.4729140902455,4.64337838643493,0,16.1641
"T1_SARIMAX","Phalombe",1,"month","incidence",2023-05-01,2023-06-01,0,0,0,0,0,0,0,0,0,0,0,0,0,0,0,0,0,0,0,0,1,1,1,0,0,0,0,0,0,0,0,1,1,1,8.82634213349814,12,TRUE,5.24613273817091,1.17142676061585,0,4.07470597755506,39.3376
"T1_SARIMAX","Phalombe",2,"month","incidence",2023-05-01,2023-07-01,0,0,0,0,0,0,0,0,0,0,0,0,0,0,0,1,1,1,1,1,1,1,1,0,0,0,1,1,1,1,1,1,1,1,3.47612256454602,12,TRUE,2.07762759906663,1.4819492671909,0,0.595678331875733,27.3338
"T1_SARIMAX","Phalombe",3,"month","incidence",2023-05-01,2023-08-01,0,0,0,0,0,0,0,0,0,0,0,1,1,1,1,1,1,1,1,1,1,1,1,1,1,1,1,1,1,1,1,1,1,1,0.835179768352379,12,TRUE,1.6767044391999,1.64039227535849,0.0363121638414078,0,21.4176
"T1_SARIMAX","Rumphi",1,"month","incidence",2023-05-01,2023-06-01,0,0,0,0,0,0,0,0,0,0,0,0,0,0,0,0,0,0,1,1,1,1,1,0,0,0,0,0,0,1,1,1,1,1,9.71197102810548,12,TRUE,4.5491430848792,1.70774650301963,0,2.84139658185956,12.9341
"T1_SARIMAX","Rumphi",2,"month","incidence",2023-05-01,2023-07-01,0,0,0,0,0,0,0,0,0,0,0,0,0,0,0,0,0,0,0,0,1,1,1,0,0,0,0,0,0,0,0,1,1,1,7.1655,12,TRUE,5.20753113349733,0.0947939163952573,0,5.11273721710207,7.1655
"T1_SARIMAX","Rumphi",3,"month","incidence",2023-05-01,2023-08-01,0,0,0,0,0,0,0,0,0,0,0,0,0,0,0,0,0,0,0,0,1,1,1,0,0,0,0,0,0,0,0,1,1,1,6.4494,12,TRUE,4.84060837610716,0.0736605500202055,0,4.76694782608696,6.4494
"T1_SARIMAX","Salima",1,"month","incidence",2023-05-01,2023-06-01,0,0,0,0,0,0,0,0,0,0,0,0,0,0,0,0,0,0,0,0,0,0,1,0,0,0,0,0,0,0,0,0,0,1,26.4642459316394,12,TRUE,17.7135645974151,2.51745132853373,0,15.1961132688814,92.1107
"T1_SARIMAX","Salima",2,"month","incidence",2023-05-01,2023-07-01,0,0,0,0,0,0,0,0,0,0,0,0,0,0,0,0,0,0,0,0,1,1,1,0,0,0,0,0,0,0,0,1,1,1,23.9070232537737,12,TRUE,14.0591971820877,3.31088521270599,0,10.7483119693817,67.6071
"T1_SARIMAX","Salima",3,"month","incidence",2023-05-01,2023-08-01,0,0,0,0,0,0,0,0,0,0,0,0,0,0,0,0,0,0,0,0,1,1,1,0,0,0,0,0,0,0,0,1,1,1,28.6118950110347,12,TRUE,17.0006836852871,3.78107612413135,0,13.2196075611557,61.7144
"T1_SARIMAX","Thyolo",1,"month","incidence",2023-05-01,2023-06-01,0,0,0,0,0,0,0,0,0,0,0,0,0,0,0,0,0,0,1,1,1,1,1,0,0,0,0,0,0,1,1,1,1,1,4.68340286997035,12,TRUE,2.47471016066808,1.06022356857917,0,1.4144865920889,11.6226
"T1_SARIMAX","Thyolo",2,"month","incidence",2023-05-01,2023-07-01,0,0,0,0,0,0,0,0,0,0,0,0,0,0,0,0,0,0,1,1,1,1,1,0,0,0,0,0,0,1,1,1,1,1,6.03639436695464,12,TRUE,2.88729201523324,1.21865316975789,0,1.66863884547535,8.954
"T1_SARIMAX","Thyolo",3,"month","incidence",2023-05-01,2023-08-01,0,0,0,0,0,0,0,0,0,0,0,0,0,0,0,0,0,1,1,1,1,1,1,0,0,0,0,0,1,1,1,1,1,1,6.61217406715614,12,TRUE,3.01532219959074,1.34736309961185,0,1.66795909997889,8.9732
"T1_SARIMAX","Zomba",1,"month","incidence",2023-05-01,2023-06-01,0,0,0,0,0,0,0,0,0,0,0,0,0,0,0,0,0,0,0,0,0,0,1,0,0,0,0,0,0,0,0,0,0,1,13.8255902308058,12,TRUE,8.89076305245114,1.4563426161621,0,7.43442043628904,29.2125
"T1_SARIMAX","Zomba",2,"month","incidence",2023-05-01,2023-07-01,0,0,0,0,0,0,0,0,0,0,0,0,0,0,0,0,0,0,0,0,0,0,0,0,0,0,0,0,0,0,0,0,0,0,20.9181546614777,12,TRUE,13.8489530795418,1.41974524617792,0,12.4292078333638,23.7843
"T1_SARIMAX","Zomba",3,"month","incidence",2023-05-01,2023-08-01,0,0,0,0,0,0,0,0,0,0,0,0,0,0,0,0,0,0,0,0,0,0,1,0,0,0,0,0,0,0,0,0,0,1,20.7592703828443,12,TRUE,12.8147748612454,1.41042308380846,0,11.404351777437,22.6501
"T1_SARIMAX","Balaka",1,"month","incidence",2023-06-01,2023-07-01,0,0,0,0,0,0,0,0,0,0,0,0,0,0,0,0,1,1,1,1,1,1,1,0,0,0,0,1,1,1,1,1,1,1,8.81404876381961,12,TRUE,4.72696256797956,2.83266531645645,0,1.89429725152311,22.7263
"T1_SARIMAX","Balaka",2,"month","incidence",2023-06-01,2023-08-01,0,0,0,0,0,1,1,1,1,1,1,1,1,1,1,1,1,1,1,1,1,1,1,0,0,0,0,0,0,1,1,1,1,1,14.3041260399809,12,TRUE,7.54450500075854,3.56664010096036,3.97786489979817,0,13.4768
"T1_SARIMAX","Balaka",3,"month","incidence",2023-06-01,2023-09-01,0,0,0,0,0,0,0,0,0,1,1,1,1,1,1,1,1,1,1,1,1,1,1,0,0,1,1,1,1,1,1,1,1,1,5.58755778123297,12,TRUE,4.54667816190199,3.96991183723779,0.576766324664201,0,14.4325
"T1_SARIMAX","Blantyre",1,"month","incidence",2023-06-01,2023-07-01,0,0,0,0,0,0,0,0,0,0,0,0,0,0,0,0,0,0,0,0,0,1,1,0,0,0,0,0,0,0,0,0,1,1,10.3652097931574,12,TRUE,6.26910615892373,1.3016220330542,0,4.96748412586953,30.575
"T1_SARIMAX","Blantyre",2,"month","incidence",2023-06-01,2023-08-01,0,0,0,0,0,0,0,0,0,0,0,0,0,0,0,0,0,1,1,1,1,1,1,0,0,0,0,0,1,1,1,1,1,1,4.80904644814493,12,TRUE,2.58918258542673,1.4549073581467,0,1.13427522728003,24.6411
"T1_SARIMAX","Blantyre",3,"month","incidence",2023-06-01,2023-09-01,0,0,0,0,0,0,0,0,0,0,0,0,0,1,1,1,1,1,1,1,1,1,1,0,1,1,1,1,1,1,1,1,1,1,1.64104662332532,12,TRUE,1.76055911760849,1.63010878740801,0,0.130450330200487,19.4806
"T1_SARIMAX","Chikwawa",1,"month","incidence",2023-06-01,2023-07-01,0,0,0,0,0,0,0,0,0,0,0,0,0,0,0,0,1,1,1,1,1,1,1,0,0,0,0,1,1,1,1,1,1,1,5.55553432100104,12,TRUE,3.0923115310395,1.93736896394948,0,1.15494256709002,30.8794
"T1_SARIMAX","Chikwawa",2,"month","incidence",2023-06-01,2023-08-01,0,0,0,0,0,0,0,0,0,0,0,0,0,0,0,0,0,0,1,1,1,1,1,0,0,0,0,0,0,1,1,1,1,1,9.91961856975547,12,TRUE,5.284223999151,2.22334322182026,0,3.06088077733075,33.4022
"T1_SARIMAX","Chikwawa",3,"month","incidence",2023-06-01,2023-09-01,0,0,0,0,0,0,0,0,0,0,0,0,0,0,1,1,1,1,1,1,1,1,1,0,0,1,1,1,1,1,1,1,1,1,3.25899506548506,12,TRUE,2.80254835723145,2.4773301432008,0,0.32521821403065,29.8162
"T1_SARIMAX","Chiradzulu",1,"month","incidence",2023-06-01,2023-07-01,0,0,0,0,0,0,0,0,0,0,0,0,0,0,0,0,0,1,1,1,1,1,1,0,0,0,0,0,1,1,1,1,1,1,5.61604529627287,12,TRUE,2.97424021362862,1.45648294568559,0,1.51775726794303,19.796
"T1_SARIMAX","Chiradzulu",2,"month","incidence",2023-06-01,2023-08-01,0,0,0,0,0,0,0,0,0,0,0,0,0,0,1,1,1,1,1,1,1,1,1,0,0,1,1,1,1,1,1,1,1,1,2.45529326755291,12,TRUE,1.95507260367762,1.69065471387712,0,0.264417889800502,11.7945
"T1_SARIMAX","Chiradzulu",3,"month","incidence",2023-06-01,2023-09-01,0,0,0,0,0,0,0,0,0,0,0,1,1,1,1,1,1,1,1,1,1,1,1,1,1,1,1,1,1,1,1,1,1,1,0.361681502920093,12,TRUE,1.71557757651026,1.6998522937746,0.0157252827356562,0,6.2704
"T1_SARIMAX","Chitipa",1,"month","incidence",2023-06-01,2023-07-01,0,0,0,0,0,0,0,0,0,0,0,0,0,0,0,0,0,0,0,0,1,1,1,0,0,0,0,0,0,0,0,1,1,1,12.1636675024694,12,TRUE,6.79700950382296,1.5162627475607,0,5.28074675626226,16.6044
"T1_SARIMAX","Chitipa",2,"month","incidence",2023-06-01,2023-08-01,0,0,0,0,0,0,0,0,0,0,0,0,0,0,0,0,0,0,0,0,1,1,1,0,0,0,0,0,0,0,0,1,1,1,12.9588,12,TRUE,6.74859227075017,0.84150378834532,0,5.90708848240485,12.9588
"T1_SARIMAX","Chitipa",3,"month","incidence",2023-06-01,2023-09-01,0,0,0,0,0,0,0,0,0,0,0,0,0,0,0,1,1,1,1,1,1,1,1,0,0,0,1,1,1,1,1,1,1,1,4.44353453334017,12,TRUE,2.44812124262091,1.80426335321815,0,0.643857889402754,8.6535
"T1_SARIMAX","Dedza",1,"month","incidence",2023-06-01,2023-07-01,0,0,0,0,0,0,0,0,0,0,0,0,0,0,0,0,0,0,0,0,1,1,1,0,0,0,0,0,0,0,0,1,1,1,7.97867695663686,12,TRUE,4.69776222871852,1.09976269376413,0,3.59799953495439,23.4082
"T1_SARIMAX","Dedza",2,"month","incidence",2023-06-01,2023-08-01,0,0,0,0,0,0,0,0,0,0,0,0,0,1,1,1,1,1,1,1,1,1,1,0,1,1,1,1,1,1,1,1,1,1,0.992356918918434,12,TRUE,1.24131998889517,1.17198682742926,0,0.0693331614659106,14.825
"T1_SARIMAX","Dedza",3,"month","incidence",2023-06-01,2023-09-01,0,0,0,0,0,0,0,0,0,0,0,0,1,1,1,1,1,1,1,1,1,1,1,1,1,1,1,1,1,1,1,1,1,1,0.275114170644271,12,TRUE,1.25510029071019,1.24313880503,0,0.0119614856801857,10.8911
"T1_SARIMAX","Dowa",1,"month","incidence",2023-06-01,2023-07-01,0,0,0,0,0,0,0,0,0,0,0,1,1,1,1,1,1,1,1,1,1,1,1,1,1,1,1,1,1,1,1,1,1,1,0.0270659977313006,12,TRUE,2.20092837224078,2.19975158973072,0.00117678251005655,0,11.8799
"T1_SARIMAX","Dowa",2,"month","incidence",2023-06-01,2023-08-01,0,0,0,0,0,0,0,0,0,0,1,1,1,1,1,1,1,1,1,1,1,1,1,0,1,1,1,1,1,1,1,1,1,1,3.34017989421064,12,TRUE,3.23523514542152,2.96420175268694,0.271033392734578,0,8.4479
"T1_SARIMAX","Dowa",3,"month","incidence",2023-06-01,2023-09-01,0,0,0,0,0,0,0,0,0,0,1,1,1,1,1,1,1,1,1,1,1,1,1,0,1,1,1,1,1,1,1,1,1,1,3.60048383181353,12,TRUE,3.7188028697364,3.45081928981055,0.267983579925851,0,7.5723
"T1_SARIMAX","Karonga",1,"month","incidence",2023-06-01,2023-07-01,0,0,0,0,0,0,0,0,0,0,0,0,0,0,1,1,1,1,1,1,1,1,1,0,0,1,1,1,1,1,1,1,1,1,2.02541526983918,12,TRUE,1.66197936907299,1.4452172371158,0,0.216762131957192,41.6765
"T1_SARIMAX","Karonga",2,"month","incidence",2023-06-01,2023-08-01,0,0,0,0,0,0,0,0,0,0,0,0,1,1,1,1,1,1,1,1,1,1,1,1,1,1,1,1,1,1,1,1,1,1,0.0946908867569718,12,TRUE,1.8725135195515,1.86839652447511,0,0.00411699507639008,37.1568
"T1_SARIMAX","Karonga",3,"month","incidence",2023-06-01,2023-09-01,0,0,0,0,0,0,0,0,0,0,0,0,0,0,0,0,0,0,0,1,1,1,1,0,0,0,0,0,0,0,1,1,1,1,11.4897196055108,12,TRUE,6.29813894766013,2.1053103898778,0,4.19282855778233,46.4305
"T1_SARIMAX","Kasungu",1,"month","incidence",2023-06-01,2023-07-01,0,0,0,0,0,0,0,0,0,0,0,0,0,0,0,0,0,0,1,1,1,1,1,0,0,0,0,0,0,1,1,1,1,1,9.96846643950048,12,TRUE,5.31955350175695,2.1711766025451,0,3.14837689921185,33.0519
"T1_SARIMAX","Kasungu",2,"month","incidence",2023-06-01,2023-08-01,0,0,0,0,0,0,0,0,0,0,1,1,1,1,1,1,1,1,1,1,1,1,1,0,1,1,1,1,1,1,1,1,1,1,1.77690082163954,12,TRUE,2.81626472026949,2.72481524137918,0.0914494788903022,0,21.0232
"T1_SARIMAX","Kasungu",3,"month","incidence",2023-06-01,2023-09-01,0,0,0,0,0,0,1,1,1,1,1,1,1,1,1,1,1,1,1,1,1,1,1,0,0,0,0,0,1,1,1,1,1,1,12.3002201307195,12,TRUE,6.51104011906225,3.24489494970599,3.26614516935626,0,12.7421
"T1_SARIMAX","Likoma",1,"month","incidence",2023-06-01,2023-07-01,0,0,0,0,0,0,0,0,0,0,0,1,1,1,1,1,1,1,1,1,1,1,1,1,1,1,1,1,1,1,1,1,1,1,1.25318436507747,12,TRUE,2.47902842703964,2.42454215029714,0.0544862767424988,0,19.131
"T1_SARIMAX","Likoma",2,"month","incidence",2023-06-01,2023-08-01,0,0,0,0,0,0,0,0,0,0,0,0,1,1,1,1,1,1,1,1,1,1,1,1,1,1,1,1,1,1,1,1,1,1,0.111855334377118,12,TRUE,3.2040497579211,3.1991864825134,0,0.00486327540770079,22.6321
"T1_SARIMAX","Likoma",3,"month","incidence",2023-06-01,2023-09-01,0,0,0,0,0,0,0,0,0,0,0,0,0,0,0,0,0,0,0,1,1,1,1,0,0,0,0,0,0,0,1,1,1,1,18.1861233408617,12,TRUE,9.86726626985432,3.44685292428755,0,6.42041334556677,44.6389
"T1_SARIMAX","Lilongwe",1,"month","incidence",2023-06-01,2023-07-01,0,0,0,0,0,0,0,0,0,0,0,0,0,1,1,1,1,1,1,1,1,1,1,0,1,1,1,1,1,1,1,1,1,1,2.14974811844357,12,TRUE,1.86350183829355,1.67761477157506,0,0.18588706671849,8.4005
"T1_SARIMAX","Lilongwe",2,"month","incidence",2023-06-01,2023-08-01,0,0,0,0,0,0,0,0,0,0,0,0,0,1,1,1,1,1,1,1,1,1,1,0,1,1,1,1,1,1,1,1,1,1,2.28086259232676,12,TRUE,1.91332605650706,1.72306872486381,0,0.190257331643252,6.8132
"T1_SARIMAX","Lilongwe",3,"month","incidence",2023-06-01,2023-09-01,0,0,0,0,0,0,0,0,0,0,0,0,0,0,0,1,1,1,1,1,1,1,1,0,0,0,1,1,1,1,1,1,1,1,5.19867865125935,12,TRUE,2.78173622537202,1.98188200989821,0,0.79985421547381,9.7372
"T1_SARIMAX","Machinga",1,"month","incidence",2023-06-01,2023-07-01,0,0,0,0,0,0,0,0,0,0,0,0,0,0,0,0,0,0,0,0,0,0,1,0,0,0,0,0,0,0,0,0,0,1,15.9211658640985,12,TRUE,10.7361496036866,1.48349915453832,0,9.25265044914829,45.0867
"T1_SARIMAX","Machinga",2,"month","incidence",2023-06-01,2023-08-01,0,0,0,0,0,0,0,0,0,0,0,0,0,0,0,0,0,0,0,0,1,1,1,0,0,0,0,0,0,0,0,1,1,1,10.8804681589596,12,TRUE,6.11878425213654,1.76334974397759,0,4.35543450815895,41.8094
"T1_SARIMAX","Machinga",3,"month","incidence",2023-06-01,2023-09-01,0,0,0,0,0,0,0,0,0,0,0,0,0,0,0,0,0,0,0,0,0,0,0,0,0,0,0,0,0,0,0,0,0,0,27.2007596274445,12,TRUE,20.6067060896244,1.87794459573335,0,18.7287614938911,58.9075
"T1_SARIMAX","Mangochi",1,"month","incidence",2023-06-01,2023-07-01,0,0,0,0,0,0,0,0,0,0,0,0,0,0,0,0,0,1,1,1,1,1,1,0,0,0,0,0,1,1,1,1,1,1,4.12160532429379,12,TRUE,2.22384342919614,1.27096883448638,0,0.952874594709757,22.6651
"T1_SARIMAX","Mangochi",2,"month","incidence",2023-06-01,2023-08-01,0,0,0,0,0,0,0,0,0,0,0,0,1,1,1,1,1,1,1,1,1,1,1,1,1,1,1,1,1,1,1,1,1,1,0.887344237130336,12,TRUE,1.83592042082552,1.79734023660246,0,0.0385801842230581,20.4189
"T1_SARIMAX","Mangochi",3,"month","incidence",2023-06-01,2023-09-01,0,0,0,0,0,0,0,0,0,0,0,0,0,0,0,0,0,0,0,0,0,1,1,0,0,0,0,0,0,0,0,0,1,1,17.9158239534999,12,TRUE,10.9093452143669,2.18953618986636,0,8.71980902450053,35.355
"T1_SARIMAX","Mchinji",1,"month","incidence",2023-06-01,2023-07-01,0,0,0,0,0,0,0,0,1,1,1,1,1,1,1,1,1,1,1,1,1,1,1,0,0,0,1,1,1,1,1,1,1,1,6.63874128234496,12,TRUE,4.18164514436608,3.14240390934555,1.03924123502053,0,23.9496
"T1_SARIMAX","Mchinji",2,"month","incidence",2023-06-01,2023-08-01,0,0,0,0,0,0,0,0,1,1,1,1,1,1,1,1,1,1,1,1,1,1,1,0,0,0,1,1,1,1,1,1,1,1,9.72851456776232,12,TRUE,5.95367233011017,4.38051039991079,1.57316193019937,0,19.0045
"T1_SARIMAX","Mchinji",3,"month","incidence",2023-06-01,2023-09-01,0,0,0,0,0,0,0,0,0,0,0,1,1,1,1,1,1,1,1,1,1,1,1,1,1,1,1,1,1,1,1,1,1,1,0.514062532602992,12,TRUE,5.33337296816077,5.31102242326499,0.0223505448957823,0,30.0129
"T1_SARIMAX","Mulanje",1,"month","incidence",2023-06-01,2023-07-01,0,0,0,0,0,0,0,0,0,0,0,0,0,0,0,1,1,1,1,1,1,1,1,0,0,0,1,1,1,1,1,1,1,1,5.13674448010066,12,TRUE,3.12343228815515,2.2673856006852,0,0.856046687469951,29.7718
"T1_SARIMAX","Mulanje",2,"month","incidence",2023-06-01,2023-08-01,0,0,0,0,0,0,0,0,0,0,0,0,0,0,0,0,1,1,1,1,1,1,1,0,0,0,0,1,1,1,1,1,1,1,7.09190290470231,12,TRUE,3.98049127445327,2.54902305849204,0,1.43146821596123,29.9965
"T1_SARIMAX","Mulanje",3,"month","incidence",2023-06-01,2023-09-01,0,0,0,0,0,0,0,0,0,0,0,0,0,0,0,0,0,0,1,1,1,1,1,0,0,0,0,0,0,1,1,1,1,1,11.8719952701373,12,TRUE,6.27933593166781,2.88793856830191,0,3.39139736336589,36.2254
"T1_SARIMAX","Mwanza",1,"month","incidence",2023-06-01,2023-07-01,0,0,0,0,0,0,0,0,0,0,0,0,0,0,0,0,1,1,1,1,1,1,1,0,0,0,0,1,1,1,1,1,1,1,9.73498705389784,12,TRUE,5.62235616769375,3.84716359852469,0,1.77519256916907,40.5096
"T1_SARIMAX","Mwanza",2,"month","incidence",2023-06-01,2023-08-01,0,0,0,0,0,0,0,0,0,0,0,0,0,0,0,1,1,1,1,1,1,1,1,0,0,0,1,1,1,1,1,1,1,1,13.2177480990169,12,TRUE,7.51571173334208,5.19906626982072,0,2.31664546352136,37.505
"T1_SARIMAX","Mwanza",3,"month","incidence",2023-06-01,2023-09-01,0,0,0,0,0,0,0,0,0,0,0,0,0,0,0,0,1,1,1,1,1,1,1,0,0,0,0,1,1,1,1,1,1,1,18.6238782936805,12,TRUE,10.0410871713989,6.27673410282552,0,3.76435306857337,45.2527
"T1_SARIMAX","Mzimba",1,"month","incidence",2023-06-01,2023-07-01,0,0,0,0,0,0,0,0,0,0,0,0,1,1,1,1,1,1,1,1,1,1,1,1,1,1,1,1,1,1,1,1,1,1,0.128426256436128,12,TRUE,1.76697452454619,1.76139077426636,0,0.00558375027983167,18.4765
"T1_SARIMAX","Mzimba",2,"month","incidence",2023-06-01,2023-08-01,0,0,0,0,0,0,0,0,0,0,1,1,1,1,1,1,1,1,1,1,1,1,1,0,1,1,1,1,1,1,1,1,1,1,1.56732633079579,12,TRUE,2.16802643270125,2.07165867576827,0.0963677569329875,0,11.6021
"T1_SARIMAX","Mzimba",3,"month","incidence",2023-06-01,2023-09-01,0,0,0,0,0,0,0,0,0,0,0,0,0,1,1,1,1,1,1,1,1,1,1,0,1,1,1,1,1,1,1,1,1,1,2.08778190684206,12,TRUE,2.55145240078596,2.40784449833825,0,0.143607902447708,13.9945
"T1_SARIMAX","Neno",1,"month","incidence",2023-06-01,2023-07-01,0,0,0,0,0,0,0,0,0,0,0,0,0,0,0,0,1,1,1,1,1,1,1,0,0,0,0,1,1,1,1,1,1,1,12.2198787311437,12,TRUE,6.86818286708601,4.40143005127534,0,2.46675281581067,75.7386
"T1_SARIMAX","Neno",2,"month","incidence",2023-06-01,2023-08-01,0,0,0,0,0,0,0,0,0,0,0,0,0,0,1,1,1,1,1,1,1,1,1,0,0,1,1,1,1,1,1,1,1,1,7.11839142646071,12,TRUE,6.28458108579828,5.60929867303604,0,0.675282412762246,52.0923
"T1_SARIMAX","Neno",3,"month","incidence",2023-06-01,2023-09-01,0,0,0,0,0,0,0,0,0,0,0,0,0,0,0,0,1,1,1,1,1,1,1,0,0,0,0,1,1,1,1,1,1,1,15.8545414776788,12,TRUE,9.18828429585968,6.30484580794032,0,2.88343848791936,75.0137
"T1_SARIMAX","Nkhatabay",1,"month","incidence",2023-06-01,2023-07-01,0,0,0,0,0,0,1,1,1,1,1,1,1,1,1,1,1,1,1,1,1,1,1,0,0,0,0,0,1,1,1,1,1,1,10.5079,12,TRUE,5.57198016372908,2.74910832037852,2.82287184335056,0,70.3839
"T1_SARIMAX","Nkhatabay",2,"month","incidence",2023-06-01,2023-08-01,0,0,0,0,0,0,0,0,0,0,0,0,0,0,0,1,1,1,1,1,1,1,1,0,0,0,1,1,1,1,1,1,1,1,8.67359999999999,12,TRUE,5.31486804370654,3.88782627111202,0,1.42704177259452,89.5654
"T1_SARIMAX","Nkhatabay",3,"month","incidence",2023-06-01,2023-09-01,0,0,0,0,0,0,0,0,0,0,0,0,0,0,0,0,0,0,0,0,0,1,1,0,0,0,0,0,0,0,0,0,1,1,41.7343,12,TRUE,26.0862283997934,4.76159528640593,0,21.3246331133875,122.6261
"T1_SARIMAX","Nkhotakota",1,"month","incidence",2023-06-01,2023-07-01,0,0,0,0,0,0,0,0,0,0,0,0,0,0,0,0,1,1,1,1,1,1,1,0,0,0,0,1,1,1,1,1,1,1,5.83556703207137,12,TRUE,3.32931271041783,2.20616671264928,0,1.12314599776855,45.4201
"T1_SARIMAX","Nkhotakota",2,"month","incidence",2023-06-01,2023-08-01,0,0,0,0,0,0,0,0,0,0,0,0,0,0,0,0,0,1,1,1,1,1,1,0,0,0,0,0,1,1,1,1,1,1,10.292038894178,12,TRUE,5.49540076478639,2.88322022374855,0,2.61218054103784,57.9395
"T1_SARIMAX","Nkhotakota",3,"month","incidence",2023-06-01,2023-09-01,0,0,0,0,0,0,0,0,0,0,0,0,0,0,0,0,0,0,0,0,0,1,1,0,0,0,0,0,0,0,0,0,1,1,29.6375184418509,12,TRUE,18.7054031455024,3.27909374475968,0,15.4263094007427,75.6514
"T1_SARIMAX","Nsanje",1,"month","incidence",2023-06-01,2023-07-01,0,0,0,0,0,0,0,0,0,1,1,1,1,1,1,1,1,1,1,1,1,1,1,0,0,1,1,1,1,1,1,1,1,1,2.83544136296242,12,TRUE,2.35502492512287,2.05676392350224,0.298261001620629,0,28.9133
"T1_SARIMAX","Nsanje",2,"month","incidence",2023-06-01,2023-08-01,0,0,0,0,0,0,0,0,0,0,0,1,1,1,1,1,1,1,1,1,1,1,1,1,1,1,1,1,1,1,1,1,1,1,1.20041554049899,12,TRUE,2.47710550986131,2.42491352983961,0.0521919800216953,0,27.5794
"T1_SARIMAX","Nsanje",3,"month","incidence",2023-06-01,2023-09-01,0,0,0,0,0,0,0,0,0,0,0,0,0,0,0,0,0,0,0,1,1,1,1,0,0,0,0,0,0,0,1,1,1,1,13.012481661687,12,TRUE,7.03553790584425,2.55325632672265,0,4.4822815791216,39.8625
"T1_SARIMAX","Ntcheu",1,"month","incidence",2023-06-01,2023-07-01,0,0,0,0,0,0,0,0,0,0,0,0,0,0,0,1,1,1,1,1,1,1,1,0,0,0,1,1,1,1,1,1,1,1,4.51250939610231,12,TRUE,2.78380089413146,2.04984805688758,0,0.733952837243875,28.487
"T1_SARIMAX","Ntcheu",2,"month","incidence",2023-06-01,2023-08-01,0,0,0,0,0,0,0,0,0,0,0,0,0,1,1,1,1,1,1,1,1,1,1,0,1,1,1,1,1,1,1,1,1,1,2.56843465371558,12,TRUE,2.56872317251833,2.35563106077574,0,0.213092111742595,19.9114
"T1_SARIMAX","Ntcheu",3,"month","incidence",2023-06-01,2023-09-01,0,0,0,0,0,0,0,0,0,0,0,0,0,0,0,1,1,1,1,1,1,1,1,0,0,0,1,1,1,1,1,1,1,1,5.28254142534277,12,TRUE,3.28388867352517,2.44993123561519,0,0.833957437909979,22.3011
"T1_SARIMAX","Ntchisi",1,"month","incidence",2023-06-01,2023-07-01,0,0,0,0,0,0,1,1,1,1,1,1,1,1,1,1,1,1,1,1,1,1,1,0,0,0,0,0,1,1,1,1,1,1,10.1607877153038,12,TRUE,5.39100417132973,2.67381953048275,2.71718464084697,0,19.5366
"T1_SARIMAX","Ntchisi",2,"month","incidence",2023-06-01,2023-08-01,0,0,0,0,0,1,1,1,1,1,1,1,1,1,1,1,1,1,1,1,1,1,1,0,0,0,0,0,0,1,1,1,1,1,12.7152337476744,12,TRUE,6.72622336679021,3.144072840813,3.58215052597721,0,16.1641
"T1_SARIMAX","Ntchisi",3,"month","incidence",2023-06-01,2023-09-01,0,0,0,0,0,0,0,0,0,0,0,0,0,0,1,1,1,1,1,1,1,1,1,0,0,1,1,1,1,1,1,1,1,1,5.88795900278687,12,TRUE,4.42642277225617,3.72653307003768,0,0.699889702218485,34.6612
"T1_SARIMAX","Phalombe",1,"month","incidence",2023-06-01,2023-07-01,0,0,0,0,0,0,1,1,1,1,1,1,1,1,1,1,1,1,1,1,1,1,1,0,0,0,0,0,1,1,1,1,1,1,4.64722012292914,12,TRUE,2.46026841158672,1.19572914968988,1.26453926189684,0,27.3338
"T1_SARIMAX","Phalombe",2,"month","incidence",2023-06-01,2023-08-01,0,0,0,0,1,1,1,1,1,1,1,1,1,1,1,1,1,1,1,1,1,1,1,0,0,0,0,0,0,0,1,1,1,1,8.02092637905742,12,TRUE,4.35594824808329,1.54150323672144,2.81444501136185,0,21.4176
"T1_SARIMAX","Phalombe",3,"month","incidence",2023-06-01,2023-09-01,0,0,0,0,0,0,0,0,0,0,0,0,0,0,1,1,1,1,1,1,1,1,1,0,0,1,1,1,1,1,1,1,1,1,2.45635364143001,12,TRUE,1.99880205617481,1.73284831137437,0,0.265953744800436,29.4242
"T1_SARIMAX","Rumphi",1,"month","incidence",2023-06-01,2023-07-01,0,0,0,0,0,0,0,0,0,0,0,0,0,0,0,0,0,0,0,0,1,1,1,0,0,0,0,0,0,0,0,1,1,1,7.1655,12,TRUE,4.3368694889585,0.261037973457009,0,4.07583151550149,7.1655
"T1_SARIMAX","Rumphi",2,"month","incidence",2023-06-01,2023-08-01,0,0,0,0,0,0,0,0,0,0,0,0,0,0,0,0,0,0,0,0,1,1,1,0,0,0,0,0,0,0,0,1,1,1,6.4494,12,TRUE,4.17603379162264,0.199488570203597,0,3.97654522141905,6.4494
"T1_SARIMAX","Rumphi",3,"month","incidence",2023-06-01,2023-09-01,0,0,0,0,0,0,0,0,0,0,0,0,0,0,0,0,0,1,1,1,1,1,1,0,0,0,0,0,1,1,1,1,1,1,6.4533,12,TRUE,3.31874722759056,0.740252581204007,0,2.57849464638655,6.4533
"T1_SARIMAX","Salima",1,"month","incidence",2023-06-01,2023-07-01,0,0,0,0,0,0,0,0,0,0,0,0,0,1,1,1,1,1,1,1,1,1,1,0,1,1,1,1,1,1,1,1,1,1,3.01670234443831,12,TRUE,3.10984583002955,2.86320057666282,0,0.246645253366728,67.6071
"T1_SARIMAX","Salima",2,"month","incidence",2023-06-01,2023-08-01,0,0,0,0,0,0,0,0,0,0,0,0,0,0,0,1,1,1,1,1,1,1,1,0,0,0,1,1,1,1,1,1,1,1,7.64961313175052,12,TRUE,4.92602575192497,3.77563610405364,0,1.15038964787134,61.7144
"T1_SARIMAX","Salima",3,"month","incidence",2023-06-01,2023-09-01,0,0,0,0,0,0,0,0,0,0,0,0,0,0,0,0,0,0,0,0,0,1,1,0,0,0,0,0,0,0,0,0,1,1,34.9969184973011,12,TRUE,21.284603291233,4.32797569021429,0,16.9566276010187,93.274
"T1_SARIMAX","Thyolo",1,"month","incidence",2023-06-01,2023-07-01,0,0,0,0,0,0,0,0,0,1,1,1,1,1,1,1,1,1,1,1,1,1,1,0,0,1,1,1,1,1,1,1,1,1,1.59296370600097,12,TRUE,1.18877933622606,0.99669705122019,0.192082285005871,0,8.954
"T1_SARIMAX","Thyolo",2,"month","incidence",2023-06-01,2023-08-01,0,0,0,0,0,0,0,0,0,0,1,1,1,1,1,1,1,1,1,1,1,1,1,0,1,1,1,1,1,1,1,1,1,1,0.818358549448755,12,TRUE,1.30498335002316,1.26343477884686,0.0415485711762913,0,8.9732
"T1_SARIMAX","Thyolo",3,"month","incidence",2023-06-01,2023-09-01,0,0,0,0,0,0,0,0,0,0,0,0,0,0,0,0,0,1,1,1,1,1,1,0,0,0,0,0,1,1,1,1,1,1,4.54341752736296,12,TRUE,2.43365458894596,1.39529703355073,0,1.03835755539523,13.8144
"T1_SARIMAX","Zomba",1,"month","incidence",2023-06-01,2023-07-01,0,0,0,0,0,0,0,0,0,0,0,0,0,0,0,0,0,0,0,0,1,1,1,0,0,0,0,0,0,0,0,1,1,1,9.53841433846473,12,TRUE,5.38715014626951,1.52071278278333,0,3.86643736348618,23.7843
"T1_SARIMAX","Zomba",2,"month","incidence",2023-06-01,2023-08-01,0,0,0,0,0,0,0,0,0,0,0,0,0,0,0,0,0,0,1,1,1,1,1,0,0,0,0,0,0,1,1,1,1,1,8.96309912084044,12,TRUE,4.7585254885568,1.94449504087179,0,2.81403044768501,22.6501
"T1_SARIMAX","Zomba",3,"month","incidence",2023-06-01,2023-09-01,0,0,0,0,0,0,0,0,0,0,0,0,0,0,0,0,0,0,0,0,1,1,1,0,0,0,0,0,0,0,0,1,1,1,15.2854964042461,12,TRUE,8.86317791385696,2.19743250219718,0,6.66574541165978,31.7257
"T1_SARIMAX","Balaka",1,"month","incidence",2023-07-01,2023-08-01,0,0,0,0,1,1,1,1,1,1,1,1,1,1,1,1,1,1,1,1,1,1,1,0,0,0,0,0,0,0,1,1,1,1,16.3453058305897,12,TRUE,9.03715903477374,2.85537795089891,6.18178108387482,0,13.4768
"T1_SARIMAX","Balaka",2,"month","incidence",2023-07-01,2023-09-01,0,0,0,0,0,0,0,1,1,1,1,1,1,1,1,1,1,1,1,1,1,1,1,0,0,0,0,1,1,1,1,1,1,1,8.93023916532233,12,TRUE,5.04910695053208,3.3232065231228,1.72590042740927,0,14.4325
"T1_SARIMAX","Balaka",3,"month","incidence",2023-07-01,2023-10-01,0,0,0,0,0,0,0,0,0,0,0,0,1,1,1,1,1,1,1,1,1,1,1,1,1,1,1,1,1,1,1,1,1,1,1.40317391602994,12,TRUE,3.56479587271002,3.5037883111435,0,0.0610075615665189,25.871
"T1_SARIMAX","Blantyre",1,"month","incidence",2023-07-01,2023-08-01,0,0,0,0,0,0,0,0,0,0,1,1,1,1,1,1,1,1,1,1,1,1,1,0,1,1,1,1,1,1,1,1,1,1,1.56600209736399,12,TRUE,1.45759149501429,1.32108127589468,0.136510219119602,0,24.6411
"T1_SARIMAX","Blantyre",2,"month","incidence",2023-07-01,2023-09-01,0,0,0,0,0,0,0,1,1,1,1,1,1,1,1,1,1,1,1,1,1,1,1,0,0,0,0,1,1,1,1,1,1,1,4.70759906869034,12,TRUE,2.56536599999981,1.52571321199357,1.03965278800625,0,19.4806
"T1_SARIMAX","Blantyre",3,"month","incidence",2023-07-01,2023-10-01,0,0,0,0,0,0,0,0,0,1,1,1,1,1,1,1,1,1,1,1,1,1,1,0,0,1,1,1,1,1,1,1,1,1,2.79613096783062,12,TRUE,2.05865570026161,1.71627354153635,0.34238215872526,0,22.9584
"T1_SARIMAX","Chikwawa",1,"month","incidence",2023-07-01,2023-08-01,0,0,0,0,0,0,0,0,0,0,0,0,0,0,0,0,1,1,1,1,1,1,1,0,0,0,0,1,1,1,1,1,1,1,6.15466588470018,12,TRUE,3.33140647637339,1.94718264296124,0,1.38422383341215,33.4022
"T1_SARIMAX","Chikwawa",2,"month","incidence",2023-07-01,2023-09-01,0,0,0,0,0,0,0,0,0,0,0,1,1,1,1,1,1,1,1,1,1,1,1,1,1,1,1,1,1,1,1,1,1,1,0.0300554647657911,12,TRUE,2.24965615140327,2.24834939206563,0.00130675933764309,0,29.8162
"T1_SARIMAX","Chikwawa",3,"month","incidence",2023-07-01,2023-10-01,0,0,0,0,0,0,0,0,0,0,0,0,0,0,0,1,1,1,1,1,1,1,1,0,0,0,1,1,1,1,1,1,1,1,5.83792035980661,12,TRUE,3.50137657990586,2.50872590849225,0,0.992650671413613,28.5652
"T1_SARIMAX","Chiradzulu",1,"month","incidence",2023-07-01,2023-08-01,0,0,0,0,0,0,0,0,0,0,1,1,1,1,1,1,1,1,1,1,1,1,1,0,1,1,1,1,1,1,1,1,1,1,1.66301355385462,12,TRUE,1.60739241330716,1.46576870051534,0.141623712791821,0,11.7945
"T1_SARIMAX","Chiradzulu",2,"month","incidence",2023-07-01,2023-09-01,0,0,0,0,0,0,0,0,0,1,1,1,1,1,1,1,1,1,1,1,1,1,1,0,0,1,1,1,1,1,1,1,1,1,3.02088679574351,12,TRUE,2.09950267964833,1.71684358719262,0.382659092455706,0,6.2704
"T1_SARIMAX","Chiradzulu",3,"month","incidence",2023-07-01,2023-10-01,0,0,0,0,0,0,0,0,0,0,0,0,0,1,1,1,1,1,1,1,1,1,1,0,1,1,1,1,1,1,1,1,1,1,1.43139672418212,12,TRUE,1.84760449088589,1.75804688188269,0,0.0895576090032055,8.5811
"T1_SARIMAX","Chitipa",1,"month","incidence",2023-07-01,2023-08-01,0,0,0,0,0,0,0,0,0,0,0,0,0,0,0,0,1,1,1,1,1,1,1,0,0,0,0,1,1,1,1,1,1,1,4.8663103685623,12,TRUE,2.67263241379156,1.71736366777796,0,0.955268746013603,12.9588
"T1_SARIMAX","Chitipa",2,"month","incidence",2023-07-01,2023-09-01,0,0,0,0,0,0,0,0,0,0,1,1,1,1,1,1,1,1,1,1,1,1,1,0,1,1,1,1,1,1,1,1,1,1,1.895518372042,12,TRUE,2.21682114248154,2.080343341457,0.136477801024537,0,8.6535
"T1_SARIMAX","Chitipa",3,"month","incidence",2023-07-01,2023-10-01,0,0,0,0,0,0,0,0,0,1,1,1,1,1,1,1,1,1,1,1,1,1,1,0,0,1,1,1,1,1,1,1,1,1,2.90696722437165,12,TRUE,2.5249619551545,2.24826904847621,0.276692906678287,0,10.5505
"T1_SARIMAX","Dedza",1,"month","incidence",2023-07-01,2023-08-01,0,0,0,0,0,0,0,0,0,1,1,1,1,1,1,1,1,1,1,1,1,1,1,0,0,1,1,1,1,1,1,1,1,1,1.61708999854347,12,TRUE,1.33103503640003,1.15872474059701,0.172310295803015,0,14.825
"T1_SARIMAX","Dedza",2,"month","incidence",2023-07-01,2023-09-01,0,0,0,0,0,0,0,0,0,0,0,1,1,1,1,1,1,1,1,1,1,1,1,1,1,1,1,1,1,1,1,1,1,1,0.162614262542865,12,TRUE,1.30384959530628,1.29677940997833,0.00707018532795066,0,10.8911
"T1_SARIMAX","Dedza",3,"month","incidence",2023-07-01,2023-10-01,0,0,0,0,0,0,0,0,0,0,0,0,0,0,0,0,0,0,0,1,1,1,1,0,0,0,0,0,0,0,1,1,1,1,6.84198269570941,12,TRUE,3.6897286755593,1.32257931836699,0,2.36714935719231,16.3766
"T1_SARIMAX","Dowa",1,"month","incidence",2023-07-01,2023-08-01,0,0,0,0,0,0,0,0,0,1,1,1,1,1,1,1,1,1,1,1,1,1,1,0,0,1,1,1,1,1,1,1,1,1,3.33041076723121,12,TRUE,2.56047309662914,2.18546996741622,0.375003129212921,0,8.4479
"T1_SARIMAX","Dowa",2,"month","incidence",2023-07-01,2023-09-01,0,0,0,0,0,0,0,0,0,0,1,1,1,1,1,1,1,1,1,1,1,1,1,0,1,1,1,1,1,1,1,1,1,1,3.69086342407651,12,TRUE,3.24286709418489,2.92509117720398,0.317775916980917,0,7.5723
"T1_SARIMAX","Dowa",3,"month","incidence",2023-07-01,2023-10-01,0,0,0,0,0,0,0,0,0,0,0,0,1,1,1,1,1,1,1,1,1,1,1,1,1,1,1,1,1,1,1,1,1,1,1.08625032995467,12,TRUE,3.55195256953738,3.50472429432196,0,0.0472282752154203,13.2882
"T1_SARIMAX","Karonga",1,"month","incidence",2023-07-01,2023-08-01,0,0,0,0,0,0,0,0,0,1,1,1,1,1,1,1,1,1,1,1,1,1,1,0,0,1,1,1,1,1,1,1,1,1,2.13162900509068,12,TRUE,1.6786769048848,1.43765512673755,0.241021778147244,0,37.1568
"T1_SARIMAX","Karonga",2,"month","incidence",2023-07-01,2023-09-01,0,0,0,0,0,0,0,0,0,0,0,0,0,0,0,0,0,0,0,1,1,1,1,0,0,0,0,0,0,0,1,1,1,1,9.1328823363032,12,TRUE,4.89369006277958,1.87169750395379,0,3.02199255882578,46.4305
"T1_SARIMAX","Karonga",3,"month","incidence",2023-07-01,2023-10-01,0,0,0,0,0,0,0,0,0,0,0,0,0,0,0,0,0,0,0,1,1,1,1,0,0,0,0,0,0,0,1,1,1,1,10.730918840189,12,TRUE,5.79397885613345,2.1216751016299,0,3.67230375450355,46.3689
"T1_SARIMAX","Kasungu",1,"month","incidence",2023-07-01,2023-08-01,0,0,0,0,1,1,1,1,1,1,1,1,1,1,1,1,1,1,1,1,1,1,1,0,0,0,0,0,0,0,1,1,1,1,11.0898526735089,12,TRUE,5.9741299937675,2.21668553030557,3.75744446346194,0,21.0232
"T1_SARIMAX","Kasungu",2,"month","incidence",2023-07-01,2023-09-01,0,0,0,1,1,1,1,1,1,1,1,1,1,1,1,1,1,1,1,1,1,1,1,0,0,0,0,0,0,0,0,1,1,1,22.2490899713866,12,TRUE,13.0257531134533,3.13486674047433,9.89088637297893,0,12.7421
"T1_SARIMAX","Kasungu",3,"month","incidence",2023-07-01,2023-10-01,0,0,0,0,1,1,1,1,1,1,1,1,1,1,1,1,1,1,1,1,1,1,1,0,0,0,0,0,0,0,1,1,1,1,19.0243560058774,12,TRUE,10.2248385580837,3.83664445363632,6.38819410444736,0,19.713
"T1_SARIMAX","Likoma",1,"month","incidence",2023-07-01,2023-08-01,0,0,0,0,0,0,0,0,0,0,0,0,0,1,1,1,1,1,1,1,1,1,1,0,1,1,1,1,1,1,1,1,1,1,1.47915510353486,12,TRUE,2.46486565194067,2.3950940650012,0,0.0697715869394634,22.6321
"T1_SARIMAX","Likoma",2,"month","incidence",2023-07-01,2023-09-01,0,0,0,0,0,0,0,0,0,0,0,0,0,0,0,0,0,0,0,1,1,1,1,0,0,0,0,0,0,0,1,1,1,1,18.7081762388537,12,TRUE,10.346618480037,3.22081311659395,0,7.12580536344301,44.6389
"T1_SARIMAX","Likoma",3,"month","incidence",2023-07-01,2023-10-01,0,0,0,0,0,0,0,0,0,0,0,0,1,1,1,1,1,1,1,1,1,1,1,1,1,1,1,1,1,1,1,1,1,1,0.0089476721504802,12,TRUE,3.4589247997873,3.45853577056337,0,0.000389029223933922,27.2585
"T1_SARIMAX","Lilongwe",1,"month","incidence",2023-07-01,2023-08-01,0,0,0,0,0,0,0,0,0,0,0,0,0,1,1,1,1,1,1,1,1,1,1,0,1,1,1,1,1,1,1,1,1,1,1.11270681353914,12,TRUE,1.69998600626404,1.64938573384643,0,0.0506002724176047,6.8132
"T1_SARIMAX","Lilongwe",2,"month","incidence",2023-07-01,2023-09-01,0,0,0,0,0,0,0,0,0,0,0,0,0,0,1,1,1,1,1,1,1,1,1,0,0,1,1,1,1,1,1,1,1,1,3.7028691800654,12,TRUE,2.32276739245717,1.84115657472877,0,0.481610817728397,9.7372
"T1_SARIMAX","Lilongwe",3,"month","incidence",2023-07-01,2023-10-01,0,0,0,0,0,0,0,0,0,0,0,0,0,0,0,1,1,1,1,1,1,1,1,0,0,0,1,1,1,1,1,1,1,1,5.95995120383225,12,TRUE,3.24279523842358,2.21109253780079,0,1.03170270062278,13.2368
"T1_SARIMAX","Machinga",1,"month","incidence",2023-07-01,2023-08-01,0,0,0,0,0,0,0,0,0,0,0,0,1,1,1,1,1,1,1,1,1,1,1,1,1,1,1,1,1,1,1,1,1,1,0.141015579479266,12,TRUE,1.54795577965837,1.5418246675071,0,0.00613111215127243,41.8094
"T1_SARIMAX","Machinga",2,"month","incidence",2023-07-01,2023-09-01,0,0,0,0,0,0,0,0,0,0,0,0,0,0,0,0,0,0,0,0,0,0,1,0,0,0,0,0,0,0,0,0,0,1,19.3328920236729,12,TRUE,13.0128359760133,1.81074456898396,0,11.2020914070293,58.9075
"T1_SARIMAX","Machinga",3,"month","incidence",2023-07-01,2023-10-01,0,0,0,0,0,0,0,0,0,0,0,0,0,0,0,0,0,0,0,0,1,1,1,0,0,0,0,0,0,0,0,1,1,1,13.1814305631085,12,TRUE,7.64810079303615,1.92049051045811,0,5.72761028257803,51.5774
"T1_SARIMAX","Mangochi",1,"month","incidence",2023-07-01,2023-08-01,0,0,0,0,0,0,0,0,1,1,1,1,1,1,1,1,1,1,1,1,1,1,1,0,0,0,1,1,1,1,1,1,1,1,2.45448533327996,12,TRUE,1.57202945355058,1.19903252613969,0.372996927410886,0,20.4189
"T1_SARIMAX","Mangochi",2,"month","incidence",2023-07-01,2023-09-01,0,0,0,0,0,0,0,0,0,0,0,0,0,0,0,0,0,0,0,0,0,0,1,0,0,0,0,0,0,0,0,0,0,1,14.6226441901826,12,TRUE,9.56748172676248,1.47688729972338,0,8.0905944270391,35.355
"T1_SARIMAX","Mangochi",3,"month","incidence",2023-07-01,2023-10-01,0,0,0,0,0,0,0,0,0,0,0,0,0,0,0,0,0,0,0,0,0,1,1,0,0,0,0,0,0,0,0,0,1,1,13.3654197734586,12,TRUE,8.21865222826638,1.60178557613997,0,6.61686665212641,34.5768
"T1_SARIMAX","Mchinji",1,"month","incidence",2023-07-01,2023-08-01,0,0,0,0,0,0,0,0,0,0,1,1,1,1,1,1,1,1,1,1,1,1,1,0,1,1,1,1,1,1,1,1,1,1,3.09911241971833,12,TRUE,3.3467107790624,3.10340381537826,0.243306963684137,0,19.0045
"T1_SARIMAX","Mchinji",2,"month","incidence",2023-07-01,2023-09-01,0,0,0,0,0,0,0,0,0,0,0,0,0,0,1,1,1,1,1,1,1,1,1,0,0,1,1,1,1,1,1,1,1,1,5.49698627357166,12,TRUE,4.82870011767163,4.32011680309153,0,0.508583314580097,30.0129
"T1_SARIMAX","Mchinji",3,"month","incidence",2023-07-01,2023-10-01,0,0,0,0,0,0,0,0,0,0,0,0,0,0,0,1,1,1,1,1,1,1,1,0,0,0,1,1,1,1,1,1,1,1,13.2363262580741,12,TRUE,7.56662168872442,5.23353862148861,0,2.3330830672358,39.6876
"T1_SARIMAX","Mulanje",1,"month","incidence",2023-07-01,2023-08-01,0,0,0,0,0,0,0,0,0,0,0,0,0,0,1,1,1,1,1,1,1,1,1,0,0,1,1,1,1,1,1,1,1,1,3.41719225805091,12,TRUE,2.66014585423589,2.26810784735118,0,0.392038006884712,29.9965
"T1_SARIMAX","Mulanje",2,"month","incidence",2023-07-01,2023-09-01,0,0,0,0,0,0,0,0,0,0,0,0,0,0,0,0,1,1,1,1,1,1,1,0,0,0,0,1,1,1,1,1,1,1,8.03603813062735,12,TRUE,4.35755446133792,2.55884761497013,0,1.79870684636779,36.2254
"T1_SARIMAX","Mulanje",3,"month","incidence",2023-07-01,2023-10-01,0,0,0,0,0,0,0,0,0,0,0,0,0,0,0,0,0,0,1,1,1,1,1,0,0,0,0,0,0,1,1,1,1,1,12.0658604322847,12,TRUE,6.39879867780644,2.90844192341789,0,3.49035675438855,43.6416
"T1_SARIMAX","Mwanza",1,"month","incidence",2023-07-01,2023-08-01,0,0,0,0,0,0,0,0,0,0,1,1,1,1,1,1,1,1,1,1,1,1,1,0,1,1,1,1,1,1,1,1,1,1,2.92007370513085,12,TRUE,3.84314982692299,3.64942963224561,0.193720194677381,0,37.505
"T1_SARIMAX","Mwanza",2,"month","incidence",2023-07-01,2023-09-01,0,0,0,0,0,0,0,0,0,0,0,0,0,0,1,1,1,1,1,1,1,1,1,0,0,1,1,1,1,1,1,1,1,1,6.86637784185614,12,TRUE,5.40830707730059,4.63585893724418,0,0.772448140056404,45.2527
"T1_SARIMAX","Mwanza",3,"month","incidence",2023-07-01,2023-10-01,0,0,0,0,0,0,0,0,0,0,0,1,1,1,1,1,1,1,1,1,1,1,1,1,1,1,1,1,1,1,1,1,1,1,2.33825129691768,12,TRUE,5.24391072606332,5.14224762619733,0.101663099865986,0,35.5107
"T1_SARIMAX","Mzimba",1,"month","incidence",2023-07-01,2023-08-01,0,0,0,0,0,0,0,0,0,0,0,0,1,1,1,1,1,1,1,1,1,1,1,1,1,1,1,1,1,1,1,1,1,1,0.809302664285539,12,TRUE,1.65726685066633,1.62207977830609,0,0.0351870723602408,11.6021
"T1_SARIMAX","Mzimba",2,"month","incidence",2023-07-01,2023-09-01,0,0,0,0,0,0,0,0,0,0,0,0,0,0,1,1,1,1,1,1,1,1,1,0,0,1,1,1,1,1,1,1,1,1,2.80612252254507,12,TRUE,2.26674431676333,1.96963806499265,0,0.29710625177068,13.9945
"T1_SARIMAX","Mzimba",3,"month","incidence",2023-07-01,2023-10-01,0,0,0,0,0,0,0,0,0,0,0,0,1,1,1,1,1,1,1,1,1,1,1,1,1,1,1,1,1,1,1,1,1,1,1.24779189273609,12,TRUE,2.20777513828532,2.15352331686201,0,0.0542518214233081,14.6422
"T1_SARIMAX","Neno",1,"month","incidence",2023-07-01,2023-08-01,0,0,0,0,0,0,0,0,0,1,1,1,1,1,1,1,1,1,1,1,1,1,1,0,0,1,1,1,1,1,1,1,1,1,6.3607650505129,12,TRUE,5.12521292051293,4.42724159697817,0.697971323534751,0,52.0923
"T1_SARIMAX","Neno",2,"month","incidence",2023-07-01,2023-09-01,0,0,0,0,0,0,0,0,0,0,0,0,0,1,1,1,1,1,1,1,1,1,1,0,1,1,1,1,1,1,1,1,1,1,3.37072226557802,12,TRUE,5.82671207352899,5.67825902748454,0,0.148453046044449,75.0137
"T1_SARIMAX","Neno",3,"month","incidence",2023-07-01,2023-10-01,0,0,0,0,0,0,0,0,1,1,1,1,1,1,1,1,1,1,1,1,1,1,1,0,0,0,1,1,1,1,1,1,1,1,12.5258625453463,12,TRUE,8.20043946966369,6.37762589618487,1.82281357347882,0,63.7293
"T1_SARIMAX","Nkhatabay",1,"month","incidence",2023-07-01,2023-08-01,0,0,0,0,0,0,0,0,0,0,0,0,0,0,0,0,0,0,0,0,1,1,1,0,0,0,0,0,0,0,0,1,1,1,19.1815,12,TRUE,11.1664090042426,2.76079344330091,0,8.4056155609417,89.5654
"T1_SARIMAX","Nkhatabay",2,"month","incidence",2023-07-01,2023-09-01,0,0,0,0,0,0,0,0,0,0,0,0,0,0,0,0,0,0,0,0,0,0,0,0,0,0,0,0,0,0,0,0,0,0,52.2422,12,TRUE,38.5327950044546,3.90435153042687,0,34.6284434740277,122.6261
"T1_SARIMAX","Nkhatabay",3,"month","incidence",2023-07-01,2023-10-01,0,0,0,0,0,0,0,0,0,0,0,0,0,0,0,0,0,0,0,0,0,0,1,0,0,0,0,0,0,0,0,0,0,1,44.6633,12,TRUE,28.5289833372644,4.78183451300021,0,23.7471488242642,115.0472
"T1_SARIMAX","Nkhotakota",1,"month","incidence",2023-07-01,2023-08-01,0,0,0,0,0,0,0,0,0,0,0,0,0,0,0,1,1,1,1,1,1,1,1,0,0,0,1,1,1,1,1,1,1,1,5.20821563069482,12,TRUE,3.08884510059361,2.1854566721365,0,0.903388428457113,57.9395
"T1_SARIMAX","Nkhotakota",2,"month","incidence",2023-07-01,2023-09-01,0,0,0,0,0,0,0,0,0,0,0,0,0,0,0,0,0,0,0,0,0,1,1,0,0,0,0,0,0,0,0,0,1,1,25.0684923082059,12,TRUE,15.7172134474134,2.83288316171962,0,12.8843302856938,75.6514
"T1_SARIMAX","Nkhotakota",3,"month","incidence",2023-07-01,2023-10-01,0,0,0,0,0,0,0,0,0,0,0,0,0,0,0,0,0,0,0,0,0,0,0,0,0,0,0,0,0,0,0,0,0,0,35.6761404325264,12,TRUE,24.4424858349938,3.19927353042781,0,21.2432123045659,83.47
"T1_SARIMAX","Nsanje",1,"month","incidence",2023-07-01,2023-08-01,0,0,0,0,0,0,0,0,0,0,0,0,1,1,1,1,1,1,1,1,1,1,1,1,1,1,1,1,1,1,1,1,1,1,0.525586861335267,12,TRUE,2.08041280776522,2.05756120509847,0,0.0228516026667507,27.5794
"T1_SARIMAX","Nsanje",2,"month","incidence",2023-07-01,2023-09-01,0,0,0,0,0,0,0,0,0,0,0,0,0,0,0,0,0,0,0,1,1,1,1,0,0,0,0,0,0,0,1,1,1,1,14.0418880869991,12,TRUE,7.78138047090939,2.42299105273061,0,5.35838941817879,39.8625
"T1_SARIMAX","Nsanje",3,"month","incidence",2023-07-01,2023-10-01,0,0,0,0,0,0,0,0,0,0,0,0,0,0,1,1,1,1,1,1,1,1,1,0,0,1,1,1,1,1,1,1,1,1,4.20342866424827,12,TRUE,3.06871777846717,2.54955614316215,0,0.519161635305026,30.1033
"T1_SARIMAX","Ntcheu",1,"month","incidence",2023-07-01,2023-08-01,0,0,0,0,0,0,0,0,0,0,0,1,1,1,1,1,1,1,1,1,1,1,1,1,1,1,1,1,1,1,1,1,1,1,0.617538725861714,12,TRUE,2.07303243693125,2.04618292711117,0.0268495098200745,0,19.9114
"T1_SARIMAX","Ntcheu",2,"month","incidence",2023-07-01,2023-09-01,0,0,0,0,0,0,0,0,0,0,0,0,0,0,1,1,1,1,1,1,1,1,1,0,0,1,1,1,1,1,1,1,1,1,3.17881517660573,12,TRUE,2.69183611749428,2.36910073927128,0,0.322735378222992,22.3011
"T1_SARIMAX","Ntcheu",3,"month","incidence",2023-07-01,2023-10-01,0,0,0,0,0,0,0,0,0,0,0,0,0,0,0,1,1,1,1,1,1,1,1,0,0,0,1,1,1,1,1,1,1,1,4.78849075481853,12,TRUE,3.16639852948689,2.48516711707523,0,0.681231412411662,28.5466
"T1_SARIMAX","Ntchisi",1,"month","incidence",2023-07-01,2023-08-01,0,0,0,0,0,0,0,0,1,1,1,1,1,1,1,1,1,1,1,1,1,1,1,0,0,0,1,1,1,1,1,1,1,1,5.51975553893585,12,TRUE,3.50336316843013,2.65585548593583,0.8475076824943,0,16.1641
"T1_SARIMAX","Ntchisi",2,"month","incidence",2023-07-01,2023-09-01,0,0,0,0,0,0,0,0,0,0,0,0,0,0,0,0,0,0,1,1,1,1,1,0,0,0,0,0,0,1,1,1,1,1,14.3604267741221,12,TRUE,7.61259489849072,3.10043815863662,0,4.5121567398541,34.6612
"T1_SARIMAX","Ntchisi",3,"month","incidence",2023-07-01,2023-10-01,0,0,0,0,0,0,0,0,0,0,0,0,0,0,0,0,0,0,0,0,1,1,1,0,0,0,0,0,0,0,0,1,1,1,24.2391111339278,12,TRUE,13.7736176152872,3.71321247762593,0,10.0604051376612,50.3259
"T1_SARIMAX","Phalombe",1,"month","incidence",2023-07-01,2023-08-01,0,0,0,0,0,0,1,1,1,1,1,1,1,1,1,1,1,1,1,1,1,1,1,0,0,0,0,0,1,1,1,1,1,1,3.81827832577676,12,TRUE,2.06243450033188,1.18876919830415,0.873665302027723,0,21.4176
"T1_SARIMAX","Phalombe",2,"month","incidence",2023-07-01,2023-09-01,0,0,0,0,0,0,0,0,0,0,0,0,0,0,0,0,0,0,1,1,1,1,1,0,0,0,0,0,0,1,1,1,1,1,6.18451328017276,12,TRUE,3.27611356547412,1.51678717092438,0,1.75932639454974,29.4242
"T1_SARIMAX","Phalombe",3,"month","incidence",2023-07-01,2023-10-01,0,0,0,0,0,0,0,0,0,0,0,0,0,0,0,0,0,0,0,1,1,1,1,0,0,0,0,0,0,0,1,1,1,1,9.58643236527106,12,TRUE,5.29231600876205,1.6905545051124,0,3.60176150364965,31.6084
"T1_SARIMAX","Rumphi",1,"month","incidence",2023-07-01,2023-08-01,0,0,0,0,0,0,0,0,0,0,0,0,1,1,1,1,1,1,1,1,1,1,1,1,1,1,1,1,1,1,1,1,1,1,0.920225095238047,12,TRUE,1.83895877069272,1.79894898394324,0,0.0400097867494803,6.4494
"T1_SARIMAX","Rumphi",2,"month","incidence",2023-07-01,2023-09-01,0,0,0,0,0,0,0,0,0,0,0,0,1,1,1,1,1,1,1,1,1,1,1,1,1,1,1,1,1,1,1,1,1,1,0.670830232837923,12,TRUE,2.27188548426287,2.24271895240035,0,0.0291665318625184,6.4533
"T1_SARIMAX","Rumphi",3,"month","incidence",2023-07-01,2023-10-01,0,0,0,0,0,0,0,0,0,0,0,1,1,1,1,1,1,1,1,1,1,1,1,1,1,1,1,1,1,1,1,1,1,1,0.320334479115535,12,TRUE,2.5848293269085,2.57090174086,0.0139275860485015,0,6.3234
"T1_SARIMAX","Salima",1,"month","incidence",2023-07-01,2023-08-01,0,0,0,0,0,0,0,0,0,0,0,0,0,0,1,1,1,1,1,1,1,1,1,0,0,1,1,1,1,1,1,1,1,1,4.7602508063011,12,TRUE,3.45376296755903,2.86154889912305,0,0.59221406843598,61.7144
"T1_SARIMAX","Salima",2,"month","incidence",2023-07-01,2023-09-01,0,0,0,0,0,0,0,0,0,0,0,0,0,0,0,0,0,0,0,0,0,1,1,0,0,0,0,0,0,0,0,0,1,1,32.2117871645628,12,TRUE,19.9751547495016,3.7653695958131,0,16.2097851536885,93.274
"T1_SARIMAX","Salima",3,"month","incidence",2023-07-01,2023-10-01,0,0,0,0,0,0,0,0,0,1,1,1,1,1,1,1,1,1,1,1,1,1,1,0,0,1,1,1,1,1,1,1,1,1,5.30683321836632,12,TRUE,4.79532619007996,4.30803104979608,0.487295140283881,0,66.3458
"T1_SARIMAX","Thyolo",1,"month","incidence",2023-07-01,2023-08-01,0,0,0,0,0,0,0,0,0,0,0,0,1,1,1,1,1,1,1,1,1,1,1,1,1,1,1,1,1,1,1,1,1,1,0.481423878182126,12,TRUE,1.01412195650285,0.993190483538408,0,0.0209314729644402,8.9732
"T1_SARIMAX","Thyolo",2,"month","incidence",2023-07-01,2023-09-01,0,0,0,0,0,0,0,0,0,0,0,0,0,0,0,0,0,0,1,1,1,1,1,0,0,0,0,0,0,1,1,1,1,1,5.57491209146752,12,TRUE,2.94779343804601,1.25213894702888,0,1.69565449101713,13.8144
"T1_SARIMAX","Thyolo",3,"month","incidence",2023-07-01,2023-10-01,0,0,0,0,0,0,0,0,0,0,0,0,0,0,1,1,1,1,1,1,1,1,1,0,0,1,1,1,1,1,1,1,1,1,2.17848142051598,12,TRUE,1.64601719530151,1.39157391861554,0,0.254443276685971,10.8609
"T1_SARIMAX","Zomba",1,"month","incidence",2023-07-01,2023-08-01,0,0,0,0,0,0,0,0,0,0,0,0,1,1,1,1,1,1,1,1,1,1,1,1,1,1,1,1,1,1,1,1,1,1,0.707736092311531,12,TRUE,1.57350355786749,1.54273242341917,0,0.0307711344483275,22.6501
"T1_SARIMAX","Zomba",2,"month","incidence",2023-07-01,2023-09-01,0,0,0,0,0,0,0,0,0,0,0,0,0,0,0,0,0,0,1,1,1,1,1,0,0,0,0,0,0,1,1,1,1,1,8.46152317388458,12,TRUE,4.49295344251329,2.00168794261814,0,2.49126549989515,31.7257
"T1_SARIMAX","Zomba",3,"month","incidence",2023-07-01,2023-10-01,0,0,0,0,0,0,0,0,0,0,0,0,0,0,0,0,0,0,0,1,1,1,1,0,0,0,0,0,0,0,1,1,1,1,13.1618711187816,12,TRUE,7.29947459618483,2.2624357312432,0,5.03703886494163,37.9738
"T1_SARIMAX","Balaka",1,"month","incidence",2023-08-01,2023-09-01,0,0,0,0,0,0,0,0,0,0,0,0,1,1,1,1,1,1,1,1,1,1,1,1,1,1,1,1,1,1,1,1,1,1,1.44731706544696,12,TRUE,2.82255865181377,2.75963182288129,0,0.0629268289324764,14.4325
"T1_SARIMAX","Balaka",2,"month","incidence",2023-08-01,2023-10-01,0,0,0,0,0,0,0,0,0,0,0,0,0,0,0,0,1,1,1,1,1,1,1,0,0,0,0,1,1,1,1,1,1,1,8.53731607635222,12,TRUE,4.8415287555492,3.29266335469807,0,1.54886540085112,25.871
"T1_SARIMAX","Balaka",3,"month","incidence",2023-08-01,2023-11-01,0,0,0,0,0,0,0,0,0,0,0,0,0,0,0,0,0,1,1,1,1,1,1,0,0,0,0,0,1,1,1,1,1,1,11.6490372095054,12,TRUE,6.04894986445969,3.35706621532068,0,2.69188364913901,25.6806
"T1_SARIMAX","Blantyre",1,"month","incidence",2023-08-01,2023-09-01,0,0,0,0,0,0,0,1,1,1,1,1,1,1,1,1,1,1,1,1,1,1,1,0,0,0,0,1,1,1,1,1,1,1,4.04028094136583,12,TRUE,2.20926916227445,1.32537008515441,0.883899077120042,0,19.4806
"T1_SARIMAX","Blantyre",2,"month","incidence",2023-08-01,2023-10-01,0,0,0,0,0,0,0,0,0,1,1,1,1,1,1,1,1,1,1,1,1,1,1,0,0,1,1,1,1,1,1,1,1,1,1.89377405619023,12,TRUE,1.70170079009619,1.52606122384513,0.175639566251061,0,22.9584
"T1_SARIMAX","Blantyre",3,"month","incidence",2023-08-01,2023-11-01,0,0,0,0,0,0,0,0,0,0,1,1,1,1,1,1,1,1,1,1,1,1,1,0,1,1,1,1,1,1,1,1,1,1,1.61159927874573,12,TRUE,1.8301541886755,1.70751452709664,0.12263966157886,0,22.2625
"T1_SARIMAX","Chikwawa",1,"month","incidence",2023-08-01,2023-09-01,0,0,0,0,0,0,0,0,0,1,1,1,1,1,1,1,1,1,1,1,1,1,1,0,0,1,1,1,1,1,1,1,1,1,3.12588209504344,12,TRUE,2.29262687110422,1.90825534086122,0.384371530243005,0,29.8162
"T1_SARIMAX","Chikwawa",2,"month","incidence",2023-08-01,2023-10-01,0,0,0,0,0,0,0,0,0,0,0,0,0,0,1,1,1,1,1,1,1,1,1,0,0,1,1,1,1,1,1,1,1,1,3.62216100490948,12,TRUE,2.6090832288834,2.15498974250476,0,0.454093486378637,28.5652
"T1_SARIMAX","Chikwawa",3,"month","incidence",2023-08-01,2023-11-01,0,0,0,0,0,0,0,0,0,0,0,1,1,1,1,1,1,1,1,1,1,1,1,1,1,1,1,1,1,1,1,1,1,1,0.880802685168131,12,TRUE,2.36729609340379,2.32900032448344,0.0382957689203535,0,18.4424
"T1_SARIMAX","Chiradzulu",1,"month","incidence",2023-08-01,2023-09-01,0,0,0,0,0,0,0,0,0,0,1,1,1,1,1,1,1,1,1,1,1,1,1,0,1,1,1,1,1,1,1,1,1,1,1.61304322905813,12,TRUE,1.56075823981726,1.42565746923963,0.135100770577621,0,6.2704
"T1_SARIMAX","Chiradzulu",2,"month","incidence",2023-08-01,2023-10-01,0,0,0,0,0,0,0,0,0,0,0,0,0,0,1,1,1,1,1,1,1,1,1,0,0,1,1,1,1,1,1,1,1,1,2.66742798136127,12,TRUE,1.91214187545542,1.60579370451927,0,0.306348170936152,8.5811
"T1_SARIMAX","Chiradzulu",3,"month","incidence",2023-08-01,2023-11-01,0,0,0,0,0,0,0,0,0,0,0,0,0,0,0,0,0,0,0,0,1,1,1,0,0,0,0,0,0,0,0,1,1,1,11.7937238238223,12,TRUE,6.22715389648597,1.45749388470053,0,4.76966001178544,14.9335
"T1_SARIMAX","Chitipa",1,"month","incidence",2023-08-01,2023-09-01,0,0,0,0,0,0,1,1,1,1,1,1,1,1,1,1,1,1,1,1,1,1,1,0,0,0,0,0,1,1,1,1,1,1,6.09667038603986,12,TRUE,3.26477826439796,1.78820442786688,1.47657383653107,0,8.6535
"T1_SARIMAX","Chitipa",2,"month","incidence",2023-08-01,2023-10-01,0,0,0,0,0,0,0,1,1,1,1,1,1,1,1,1,1,1,1,1,1,1,1,0,0,0,0,1,1,1,1,1,1,1,6.66813950980576,12,TRUE,3.61503373181557,2.13367054111948,1.48136319069608,0,10.5505
"T1_SARIMAX","Chitipa",3,"month","incidence",2023-08-01,2023-11-01,0,0,0,0,0,0,1,1,1,1,1,1,1,1,1,1,1,1,1,1,1,1,1,0,0,0,0,0,1,1,1,1,1,1,8.71436997790619,12,TRUE,4.61572681357055,2.27198312039214,2.3437436931784,0,11.8542
"T1_SARIMAX","Dedza",1,"month","incidence",2023-08-01,2023-09-01,0,0,0,0,0,0,0,0,0,0,0,0,0,0,1,1,1,1,1,1,1,1,1,0,0,1,1,1,1,1,1,1,1,1,1.96241331718201,12,TRUE,1.39845664854206,1.15096165198366,0,0.247494996558403,10.8911
"T1_SARIMAX","Dedza",2,"month","incidence",2023-08-01,2023-10-01,0,0,0,0,0,0,0,0,0,0,0,0,0,0,0,0,0,0,0,0,1,1,1,0,0,0,0,0,0,0,0,1,1,1,9.23795664446407,12,TRUE,5.37308379352143,1.266283734252,0,4.10680005926942,16.3766
"T1_SARIMAX","Dedza",3,"month","incidence",2023-08-01,2023-11-01,0,0,0,0,0,0,0,0,0,0,0,0,0,0,0,0,0,0,0,0,0,0,0,0,0,0,0,0,0,0,0,0,0,0,17.9604137063514,12,TRUE,13.0377380128522,1.10832700024324,0,11.929411012609,20.93
"T1_SARIMAX","Dowa",1,"month","incidence",2023-08-01,2023-09-01,0,0,0,0,0,0,0,0,0,0,0,1,1,1,1,1,1,1,1,1,1,1,1,1,1,1,1,1,1,1,1,1,1,1,0.322497432895179,12,TRUE,2.0804259456932,2.06640431817602,0.0140216275171817,0,7.5723
"T1_SARIMAX","Dowa",2,"month","incidence",2023-08-01,2023-10-01,0,0,0,0,0,0,0,0,0,0,0,0,0,0,1,1,1,1,1,1,1,1,1,0,0,1,1,1,1,1,1,1,1,1,4.48958498780671,12,TRUE,3.26583754155763,2.78377347841951,0,0.48206406313812,13.2882
"T1_SARIMAX","Dowa",3,"month","incidence",2023-08-01,2023-11-01,0,0,0,0,0,0,0,0,0,0,0,0,0,0,0,0,1,1,1,1,1,1,1,0,0,0,0,1,1,1,1,1,1,1,11.961348599264,12,TRUE,5.85903910527078,3.23547324889385,0,2.62356585637694,20.5757
"T1_SARIMAX","Karonga",1,"month","incidence",2023-08-01,2023-09-01,0,0,0,0,0,0,0,0,0,0,0,0,0,0,0,0,0,0,0,0,1,1,1,0,0,0,0,0,0,0,0,1,1,1,9.2737,12,TRUE,5.2415900748605,1.47874848395426,0,3.76284159090624,46.4305
"T1_SARIMAX","Karonga",2,"month","incidence",2023-08-01,2023-10-01,0,0,0,0,0,0,0,0,0,0,0,0,0,0,0,0,0,0,1,1,1,1,1,0,0,0,0,0,0,1,1,1,1,1,9.21209999999999,12,TRUE,4.90423044396754,2.09126616134676,0,2.81296428262078,46.3689
"T1_SARIMAX","Karonga",3,"month","incidence",2023-08-01,2023-11-01,0,0,0,0,0,0,0,0,0,0,1,1,1,1,1,1,1,1,1,1,1,1,1,0,1,1,1,1,1,1,1,1,1,1,2.68280000000001,12,TRUE,2.7798447503565,2.56126750582423,0.218577244532271,0,34.474
"T1_SARIMAX","Kasungu",1,"month","incidence",2023-08-01,2023-09-01,0,0,0,0,1,1,1,1,1,1,1,1,1,1,1,1,1,1,1,1,1,1,1,0,0,0,0,0,0,0,1,1,1,1,12.2634067769492,12,TRUE,6.74049092354953,2.21492477355198,4.52556614999755,0,12.7421
"T1_SARIMAX","Kasungu",2,"month","incidence",2023-08-01,2023-10-01,0,0,0,0,0,0,0,1,1,1,1,1,1,1,1,1,1,1,1,1,1,1,1,0,0,0,0,1,1,1,1,1,1,1,7.08217940659825,12,TRUE,4.09073180209109,2.78689159717259,1.3038402049185,0,19.713
"T1_SARIMAX","Kasungu",3,"month","incidence",2023-08-01,2023-11-01,0,0,0,0,0,0,0,0,1,1,1,1,1,1,1,1,1,1,1,1,1,1,1,0,0,0,1,1,1,1,1,1,1,1,6.50030292295036,12,TRUE,4.26615144617576,3.32656646371845,0.939584982457313,0,25.821
"T1_SARIMAX","Likoma",1,"month","incidence",2023-08-01,2023-09-01,0,0,0,0,0,0,0,0,0,0,0,0,0,0,0,0,0,0,0,0,1,1,1,0,0,0,0,0,0,0,0,1,1,1,16.7569661234853,12,TRUE,9.791858816796,2.37801792273623,0,7.41384089405977,44.6389
"T1_SARIMAX","Likoma",2,"month","incidence",2023-08-01,2023-10-01,0,0,0,0,0,0,0,0,0,0,1,1,1,1,1,1,1,1,1,1,1,1,1,0,1,1,1,1,1,1,1,1,1,1,3.50927740497804,12,TRUE,3.52751119572795,3.23593811114679,0.291573084581163,0,27.2585
"T1_SARIMAX","Likoma",3,"month","incidence",2023-08-01,2023-11-01,0,0,0,1,1,1,1,1,1,1,1,1,1,1,1,1,1,1,1,1,1,1,1,0,0,0,0,0,0,0,0,1,1,1,22.6161600972503,12,TRUE,12.8946083676778,3.49836151022146,9.39624685745638,0,12.3163
"T1_SARIMAX","Lilongwe",1,"month","incidence",2023-08-01,2023-09-01,0,0,0,0,0,0,0,0,0,0,0,0,0,0,1,1,1,1,1,1,1,1,1,0,0,1,1,1,1,1,1,1,1,1,3.27856965005532,12,TRUE,2.11495346212683,1.68728880349198,0,0.427664658634846,9.7372
"T1_SARIMAX","Lilongwe",2,"month","incidence",2023-08-01,2023-10-01,0,0,0,0,0,0,0,0,0,0,0,0,0,0,0,0,1,1,1,1,1,1,1,0,0,0,0,1,1,1,1,1,1,1,5.26198497422484,12,TRUE,2.90336843470257,1.94321311378362,0,0.960155320918956,13.2368
"T1_SARIMAX","Lilongwe",3,"month","incidence",2023-08-01,2023-11-01,0,0,0,0,0,0,0,0,0,0,0,0,0,0,0,0,1,1,1,1,1,1,1,0,0,0,0,1,1,1,1,1,1,1,7.3928523187382,12,TRUE,3.8088942581346,2.23424949663339,0,1.5746447615012,15.0212
"T1_SARIMAX","Machinga",1,"month","incidence",2023-08-01,2023-09-01,0,0,0,0,0,0,0,0,0,0,0,0,0,0,0,0,0,0,0,0,0,0,0,0,0,0,0,0,0,0,0,0,0,0,18.6560004832209,12,TRUE,13.245403896452,1.54090356736396,0,11.7045003290881,58.9075
"T1_SARIMAX","Machinga",2,"month","incidence",2023-08-01,2023-10-01,0,0,0,0,0,0,0,0,0,0,0,0,0,0,0,0,0,0,0,0,1,1,1,0,0,0,0,0,0,0,0,1,1,1,12.2225640163634,12,TRUE,7.07176510094969,1.79910910461199,0,5.2726559963377,51.5774
"T1_SARIMAX","Machinga",3,"month","incidence",2023-08-01,2023-11-01,0,0,0,0,0,0,0,0,1,1,1,1,1,1,1,1,1,1,1,1,1,1,1,0,0,0,1,1,1,1,1,1,1,1,4.38909152059011,12,TRUE,2.64464925004363,1.90220255997648,0.742446690067149,0,34.2442
"T1_SARIMAX","Mangochi",1,"month","incidence",2023-08-01,2023-09-01,0,0,0,0,0,0,0,0,0,0,0,0,0,0,0,0,0,0,0,0,0,0,0,0,0,0,0,0,0,0,0,0,0,0,16.2211091811152,12,TRUE,12.0379076271636,1.19134925217849,0,10.8465583749851,35.355
"T1_SARIMAX","Mangochi",2,"month","incidence",2023-08-01,2023-10-01,0,0,0,0,0,0,0,0,0,0,0,0,0,0,0,0,0,0,0,0,0,0,1,0,0,0,0,0,0,0,0,0,0,1,14.3262654311259,12,TRUE,9.31595779563801,1.46943860567934,0,7.84651918995867,34.5768
"T1_SARIMAX","Mangochi",3,"month","incidence",2023-08-01,2023-11-01,0,0,0,0,0,0,0,0,0,0,0,0,0,0,0,0,1,1,1,1,1,1,1,0,0,0,0,1,1,1,1,1,1,1,4.59101538636549,12,TRUE,2.55273711504636,1.5953069746279,0,0.95743014041846,22.945
"T1_SARIMAX","Mchinji",1,"month","incidence",2023-08-01,2023-09-01,0,0,0,0,0,0,0,0,0,0,0,0,0,0,0,0,1,1,1,1,1,1,1,0,0,0,0,1,1,1,1,1,1,1,8.75023960362722,12,TRUE,4.8711824909226,3.09802479728801,0,1.77315769363459,30.0129
"T1_SARIMAX","Mchinji",2,"month","incidence",2023-08-01,2023-10-01,0,0,0,0,0,0,0,0,0,0,0,0,0,0,0,0,0,1,1,1,1,1,1,0,0,0,0,0,1,1,1,1,1,1,16.6369222921344,12,TRUE,8.69789767617727,4.29766285368785,0,4.40023482248942,39.6876
"T1_SARIMAX","Mchinji",3,"month","incidence",2023-08-01,2023-11-01,0,0,0,0,0,0,0,0,0,0,0,0,0,0,0,0,0,1,1,1,1,1,1,0,0,0,0,0,1,1,1,1,1,1,17.735237348636,12,TRUE,9.18621797028084,5.06001932757722,0,4.12619864270362,38.565
"T1_SARIMAX","Mulanje",1,"month","incidence",2023-08-01,2023-09-01,0,0,0,0,0,0,0,0,0,0,0,0,0,0,1,1,1,1,1,1,1,1,1,0,0,1,1,1,1,1,1,1,1,1,3.92460579251991,12,TRUE,2.77083191730045,2.26855592944536,0,0.502275987855091,36.2254
"T1_SARIMAX","Mulanje",2,"month","incidence",2023-08-01,2023-10-01,0,0,0,0,0,0,0,0,0,0,0,0,0,0,0,0,0,1,1,1,1,1,1,0,0,0,0,0,1,1,1,1,1,1,8.12154361031609,12,TRUE,4.39268438835102,2.55796615530202,0,1.83471823304901,43.6416
"T1_SARIMAX","Mulanje",3,"month","incidence",2023-08-01,2023-11-01,0,0,0,0,0,0,0,0,0,0,1,1,1,1,1,1,1,1,1,1,1,1,1,0,1,1,1,1,1,1,1,1,1,1,2.63138643786007,12,TRUE,3.09971682974569,2.90549944711172,0.194217382633968,0,44.3208
"T1_SARIMAX","Mwanza",1,"month","incidence",2023-08-01,2023-09-01,0,0,0,0,0,0,0,0,0,0,0,0,0,0,0,1,1,1,1,1,1,1,1,0,0,0,1,1,1,1,1,1,1,1,8.70162750786319,12,TRUE,5.14865352625515,3.63510996422518,0,1.51354356202997,45.2527
"T1_SARIMAX","Mwanza",2,"month","incidence",2023-08-01,2023-10-01,0,0,0,0,0,0,0,0,0,0,0,1,1,1,1,1,1,1,1,1,1,1,1,1,1,1,1,1,1,1,1,1,1,1,1.400325839107,12,TRUE,4.68287974343386,4.62199601129878,0.0608837321350869,0,35.5107
"T1_SARIMAX","Mwanza",3,"month","incidence",2023-08-01,2023-11-01,0,0,0,0,0,0,0,0,0,0,0,1,1,1,1,1,1,1,1,1,1,1,1,1,1,1,1,1,1,1,1,1,1,1,1.24531621875825,12,TRUE,5.19363847540685,5.13949429198258,0.0541441834242716,0,37.0064
"T1_SARIMAX","Mzimba",1,"month","incidence",2023-08-01,2023-09-01,0,0,0,0,0,0,0,0,0,0,0,0,0,1,1,1,1,1,1,1,1,1,1,0,1,1,1,1,1,1,1,1,1,1,1.8589304290005,12,TRUE,1.78955742398538,1.63147899454206,0,0.158078429443319,13.9945
"T1_SARIMAX","Mzimba",2,"month","incidence",2023-08-01,2023-10-01,0,0,0,0,0,0,0,0,0,0,0,0,1,1,1,1,1,1,1,1,1,1,1,1,1,1,1,1,1,1,1,1,1,1,0.269222339363665,12,TRUE,2.01237722346548,2.00067190436271,0,0.0117053191027681,14.6422
"T1_SARIMAX","Mzimba",3,"month","incidence",2023-08-01,2023-11-01,0,0,0,0,0,0,0,0,0,0,0,1,1,1,1,1,1,1,1,1,1,1,1,1,1,1,1,1,1,1,1,1,1,1,1.10040396794902,12,TRUE,2.2254318065155,2.17758815573511,0.0478436507803923,0,15.737
"T1_SARIMAX","Neno",1,"month","incidence",2023-08-01,2023-09-01,0,0,0,0,0,0,0,0,0,0,0,0,0,0,0,1,1,1,1,1,1,1,1,0,0,0,1,1,1,1,1,1,1,1,9.3646326602278,12,TRUE,5.88350119566608,4.40858945993832,0,1.47491173572776,75.0137
"T1_SARIMAX","Neno",2,"month","incidence",2023-08-01,2023-10-01,0,0,0,0,0,0,0,0,0,1,1,1,1,1,1,1,1,1,1,1,1,1,1,0,0,1,1,1,1,1,1,1,1,1,7.28840675035283,12,TRUE,6.36135117852108,5.65101064805119,0.710340530469891,0,63.7293
"T1_SARIMAX","Neno",3,"month","incidence",2023-08-01,2023-11-01,0,0,0,0,0,0,1,1,1,1,1,1,1,1,1,1,1,1,1,1,1,1,1,0,0,0,0,0,1,1,1,1,1,1,23.0110413702301,12,TRUE,12.2635416215375,6.32997500647146,5.93356661506606,0,50.5316
"T1_SARIMAX","Nkhatabay",1,"month","incidence",2023-08-01,2023-09-01,0,0,0,0,0,0,0,0,0,0,0,0,0,0,0,0,0,0,0,0,0,0,0,0,0,0,0,0,0,0,0,0,0,0,33.0607,12,TRUE,23.1001340677674,2.83670595872443,0,20.263428109043,122.6261
"T1_SARIMAX","Nkhatabay",2,"month","incidence",2023-08-01,2023-10-01,0,0,0,0,0,0,0,0,0,0,0,0,0,0,0,0,0,0,0,0,1,1,1,0,0,0,0,0,0,0,0,1,1,1,25.4818,12,TRUE,14.458769048326,4.01170803929266,0,10.4470610090333,115.0472
"T1_SARIMAX","Nkhatabay",3,"month","incidence",2023-08-01,2023-11-01,0,0,0,0,0,0,0,0,0,0,0,0,1,1,1,1,1,1,1,1,1,1,1,1,1,1,1,1,1,1,1,1,1,1,2.4898,12,TRUE,5.02157102055713,4.91331884664409,0,0.108252173913044,92.0552
"T1_SARIMAX","Nkhotakota",1,"month","incidence",2023-08-01,2023-09-01,0,0,0,0,0,0,0,0,0,0,0,0,0,0,0,0,0,0,0,0,0,0,1,0,0,0,0,0,0,0,0,0,0,1,20.2586527152931,12,TRUE,12.8954292322872,2.18650821862186,0,10.7089210136654,75.6514
"T1_SARIMAX","Nkhotakota",2,"month","incidence",2023-08-01,2023-10-01,0,0,0,0,0,0,0,0,0,0,0,0,0,0,0,0,0,0,0,0,0,0,0,0,0,0,0,0,0,0,0,0,0,0,31.194981589616,12,TRUE,21.2546554278761,2.83094180054801,0,18.4237136273281,83.47
"T1_SARIMAX","Nkhotakota",3,"month","incidence",2023-08-01,2023-11-01,0,0,0,0,0,0,0,0,0,0,0,0,0,1,1,1,1,1,1,1,1,1,1,0,1,1,1,1,1,1,1,1,1,1,1.97341242243157,12,TRUE,3.28751764538107,3.19391414920757,0,0.0936034961735029,50.0248
"T1_SARIMAX","Nsanje",1,"month","incidence",2023-08-01,2023-09-01,0,0,0,0,0,0,0,0,0,0,0,0,0,0,0,0,0,0,0,0,1,1,1,0,0,0,0,0,0,0,0,1,1,1,13.2219329918396,12,TRUE,7.53103012161573,2.05527191362322,0,5.47575820799251,39.8625
"T1_SARIMAX","Nsanje",2,"month","incidence",2023-08-01,2023-10-01,0,0,0,0,0,0,0,0,0,0,0,0,0,0,1,1,1,1,1,1,1,1,1,0,0,1,1,1,1,1,1,1,1,1,3.17951508069253,12,TRUE,2.73382874648468,2.41639698687978,0,0.317431759604897,30.1033
"T1_SARIMAX","Nsanje",3,"month","incidence",2023-08-01,2023-11-01,0,0,0,0,0,0,0,1,1,1,1,1,1,1,1,1,1,1,1,1,1,1,1,0,0,0,0,1,1,1,1,1,1,1,7.42042247162648,12,TRUE,4.10518642197671,2.5379464980322,1.56723992394451,0,16.8964
"T1_SARIMAX","Ntcheu",1,"month","incidence",2023-08-01,2023-09-01,0,0,0,0,0,0,0,0,0,0,0,0,0,0,1,1,1,1,1,1,1,1,1,0,0,1,1,1,1,1,1,1,1,1,3.03221094828763,12,TRUE,2.38708685674424,2.04458004518636,0,0.342506811557885,22.3011
"T1_SARIMAX","Ntcheu",2,"month","incidence",2023-08-01,2023-10-01,0,0,0,0,0,0,0,0,0,0,0,0,0,0,0,1,1,1,1,1,1,1,1,0,0,0,1,1,1,1,1,1,1,1,4.29940488746972,12,TRUE,2.94148824612212,2.37395008735764,0,0.567538158764488,28.5466
"T1_SARIMAX","Ntcheu",3,"month","incidence",2023-08-01,2023-11-01,0,0,0,0,0,0,0,0,0,0,0,0,1,1,1,1,1,1,1,1,1,1,1,1,1,1,1,1,1,1,1,1,1,1,0.309982631461221,12,TRUE,2.48736747547272,2.47388996975701,0,0.0134775057157053,22.5895
"T1_SARIMAX","Ntchisi",1,"month","incidence",2023-08-01,2023-09-01,0,0,0,0,0,0,0,0,0,0,0,0,0,0,0,0,0,0,0,0,1,1,1,0,0,0,0,0,0,0,0,1,1,1,18.5557218361298,12,TRUE,10.7550216644114,2.61951573071102,0,8.13550593370035,34.6612
"T1_SARIMAX","Ntchisi",2,"month","incidence",2023-08-01,2023-10-01,0,0,0,0,0,0,0,0,0,0,0,0,0,0,0,0,0,0,0,0,0,1,1,0,0,0,0,0,0,0,0,0,1,1,28.8999677668964,12,TRUE,18.2751636784251,3.11392823168712,0,15.1612354467379,50.3259
"T1_SARIMAX","Ntchisi",3,"month","incidence",2023-08-01,2023-11-01,0,0,0,0,0,0,0,0,0,0,0,0,0,0,0,0,0,0,0,0,0,0,1,0,0,0,0,0,0,0,0,0,0,1,35.7399532403864,12,TRUE,22.900661819707,3.70345226823323,0,19.1972095514737,58.6645
"T1_SARIMAX","Phalombe",1,"month","incidence",2023-08-01,2023-09-01,0,0,0,0,0,0,0,0,0,0,0,0,0,0,0,0,0,0,0,0,0,0,1,0,0,0,0,0,0,0,0,0,0,1,11.29263693043,12,TRUE,7.28030195395211,1.18286196418975,0,6.09743998976236,29.4242
"T1_SARIMAX","Phalombe",2,"month","incidence",2023-08-01,2023-10-01,0,0,0,0,0,0,0,0,0,0,0,0,0,0,0,0,0,0,0,0,0,1,1,0,0,0,0,0,0,0,0,0,1,1,14.7560205712027,12,TRUE,9.31205653288316,1.63187245799361,0,7.68018407488954,31.6084
"T1_SARIMAX","Phalombe",3,"month","incidence",2023-08-01,2023-11-01,0,0,0,0,0,0,0,0,0,0,0,0,0,0,0,0,1,1,1,1,1,1,1,0,0,0,0,1,1,1,1,1,1,1,5.55748704383076,12,TRUE,3.03287214978596,1.81620825932347,0,1.21666389046249,21.4788
"T1_SARIMAX","Rumphi",1,"month","incidence",2023-08-01,2023-09-01,0,0,0,0,0,0,0,0,0,0,0,1,1,1,1,1,1,1,1,1,1,1,1,1,1,1,1,1,1,1,1,1,1,1,0.255931201308163,12,TRUE,1.88685643336946,1.87572898983433,0.0111274435351375,0,6.4533
"T1_SARIMAX","Rumphi",2,"month","incidence",2023-08-01,2023-10-01,0,0,0,0,0,0,0,0,0,0,0,1,1,1,1,1,1,1,1,1,1,1,1,1,1,1,1,1,1,1,1,1,1,1,1.23961998812451,12,TRUE,2.44145070651424,2.38755418529144,0.0538965212228048,0,6.3234
"T1_SARIMAX","Rumphi",3,"month","incidence",2023-08-01,2023-11-01,0,0,0,0,0,0,0,0,0,0,1,1,1,1,1,1,1,1,1,1,1,1,1,0,1,1,1,1,1,1,1,1,1,1,2.67316398595683,12,TRUE,2.94718013683009,2.75925750718391,0.187922629646178,0,6.3549
"T1_SARIMAX","Salima",1,"month","incidence",2023-08-01,2023-09-01,0,0,0,0,0,0,0,0,0,0,0,0,0,0,0,0,0,0,0,0,0,0,1,0,0,0,0,0,0,0,0,0,0,1,24.8089379744158,12,TRUE,16.1377344197971,2.54261320163238,0,13.5951212181647,93.274
"T1_SARIMAX","Salima",2,"month","incidence",2023-08-01,2023-10-01,0,0,0,0,0,0,0,1,1,1,1,1,1,1,1,1,1,1,1,1,1,1,1,0,0,0,0,1,1,1,1,1,1,1,9.06041676932192,12,TRUE,5.16957655635841,3.42622364149801,1.74335291486041,0,66.3458
"T1_SARIMAX","Salima",3,"month","incidence",2023-08-01,2023-11-01,0,0,1,1,1,1,1,1,1,1,1,1,1,1,1,1,1,1,1,1,1,1,1,0,0,0,0,0,0,0,0,0,1,1,37.0669270836601,12,TRUE,23.2343208485643,4.19193118439769,19.0423896641666,0,32.8825
"T1_SARIMAX","Thyolo",1,"month","incidence",2023-08-01,2023-09-01,0,0,0,0,0,0,0,0,0,0,0,0,0,0,0,0,0,0,0,1,1,1,1,0,0,0,0,0,0,0,1,1,1,1,5.17836299070087,12,TRUE,2.80823951687151,0.993637969777135,0,1.81460154709437,13.8144
"T1_SARIMAX","Thyolo",2,"month","incidence",2023-08-01,2023-10-01,0,0,0,0,0,0,0,0,0,0,0,0,0,0,1,1,1,1,1,1,1,1,1,0,0,1,1,1,1,1,1,1,1,1,1.84835897081101,12,TRUE,1.46318977249762,1.25806920322539,0,0.205120569272228,10.8609
"T1_SARIMAX","Thyolo",3,"month","incidence",2023-08-01,2023-11-01,0,0,0,0,0,0,0,0,0,0,0,0,0,0,1,1,1,1,1,1,1,1,1,0,0,1,1,1,1,1,1,1,1,1,1.96721297784646,12,TRUE,1.60630651531152,1.39786188008114,0,0.20844463523038,11.4424
"T1_SARIMAX","Zomba",1,"month","incidence",2023-08-01,2023-09-01,0,0,0,0,0,0,0,0,0,0,0,0,0,0,0,0,0,1,1,1,1,1,1,0,0,0,0,0,1,1,1,1,1,1,5.86826149508261,12,TRUE,3.1116282901103,1.53471790166515,0,1.57691038844515,31.7257
"T1_SARIMAX","Zomba",2,"month","incidence",2023-08-01,2023-10-01,0,0,0,0,0,0,0,0,0,0,0,0,0,0,0,0,0,0,0,1,1,1,1,0,0,0,0,0,0,0,1,1,1,1,10.3729977687072,12,TRUE,5.6406555007362,1.98057007343537,0,3.66008542730083,37.9738
"T1_SARIMAX","Zomba",3,"month","incidence",2023-08-01,2023-11-01,0,0,0,0,0,0,0,0,0,0,0,0,0,0,1,1,1,1,1,1,1,1,1,0,0,1,1,1,1,1,1,1,1,1,2.8414216069542,12,TRUE,2.50163918598565,2.22866820649886,0,0.272970979486786,32.5181
"T1_SARIMAX","Balaka",1,"month","incidence",2023-09-01,2023-10-01,0,0,0,0,0,0,0,0,0,0,0,0,0,0,0,0,1,1,1,1,1,1,1,0,0,0,0,1,1,1,1,1,1,1,7.76359833978297,12,TRUE,4.37421639461346,2.8750744730798,0,1.49914192153366,25.871
"T1_SARIMAX","Balaka",2,"month","incidence",2023-09-01,2023-11-01,0,0,0,0,0,0,0,0,0,0,0,0,0,0,0,0,0,1,1,1,1,1,1,0,0,0,0,0,1,1,1,1,1,1,11.3157821906789,12,TRUE,5.89908341113383,3.24460817112763,0,2.6544752400062,25.6806
"T1_SARIMAX","Balaka",3,"month","incidence",2023-09-01,2023-12-01,0,0,0,0,0,0,0,0,0,0,0,0,1,1,1,1,1,1,1,1,1,1,1,1,1,1,1,1,1,1,1,1,1,1,1.48695742234334,12,TRUE,3.31891107815685,3.25426075544627,0,0.0646503227105802,12.9097
"T1_SARIMAX","Blantyre",1,"month","incidence",2023-09-01,2023-10-01,0,0,0,0,0,0,0,0,0,0,0,0,0,1,1,1,1,1,1,1,1,1,1,0,1,1,1,1,1,1,1,1,1,1,1.27200628538121,12,TRUE,1.42627505226205,1.32849217693545,0,0.0977828753266044,22.9584
"T1_SARIMAX","Blantyre",2,"month","incidence",2023-09-01,2023-11-01,0,0,0,0,0,0,0,0,0,0,0,0,0,1,1,1,1,1,1,1,1,1,1,0,1,1,1,1,1,1,1,1,1,1,1.79348252470882,12,TRUE,1.68792009964098,1.53258539229504,0,0.155334707345946,22.2625
"T1_SARIMAX","Blantyre",3,"month","incidence",2023-09-01,2023-12-01,0,0,0,0,0,0,0,0,0,0,1,1,1,1,1,1,1,1,1,1,1,1,1,0,1,1,1,1,1,1,1,1,1,1,2.02062035985418,12,TRUE,1.88349452905718,1.70750373838863,0.175990790668549,0,18.8145
"T1_SARIMAX","Chikwawa",1,"month","incidence",2023-09-01,2023-10-01,0,0,0,0,0,0,0,0,0,0,0,0,0,0,0,0,1,1,1,1,1,1,1,0,0,0,0,1,1,1,1,1,1,1,4.87858044703659,12,TRUE,2.81735392145421,1.91614198817967,0,0.901211933274536,28.5652
"T1_SARIMAX","Chikwawa",2,"month","incidence",2023-09-01,2023-11-01,0,0,0,0,0,0,0,0,0,0,0,0,1,1,1,1,1,1,1,1,1,1,1,1,1,1,1,1,1,1,1,1,1,1,0.331245359101516,12,TRUE,2.15620691830322,2.14180494616837,0,0.0144019721348485,18.4424
"T1_SARIMAX","Chikwawa",3,"month","incidence",2023-09-01,2023-12-01,0,0,0,0,0,0,0,0,1,1,1,1,1,1,1,1,1,1,1,1,1,1,1,0,0,0,1,1,1,1,1,1,1,1,5.59994539278054,12,TRUE,3.29186863694352,2.31289021790018,0.97897841904334,0,12.8446
"T1_SARIMAX","Chiradzulu",1,"month","incidence",2023-09-01,2023-10-01,0,0,0,0,0,0,0,0,0,0,0,0,0,0,0,0,1,1,1,1,1,1,1,0,0,0,0,1,1,1,1,1,1,1,3.69377756117618,12,TRUE,2.00529725694377,1.3319311436514,0,0.673366113292371,8.5811
"T1_SARIMAX","Chiradzulu",2,"month","incidence",2023-09-01,2023-11-01,0,0,0,0,0,0,0,0,0,0,0,0,0,0,0,0,0,0,0,0,1,1,1,0,0,0,0,0,0,0,0,1,1,1,12.515710522608,12,TRUE,6.86234672805223,1.2965307741173,0,5.56581595393492,14.9335
"T1_SARIMAX","Chiradzulu",3,"month","incidence",2023-09-01,2023-12-01,0,0,0,0,0,0,0,0,0,0,0,0,0,0,0,0,0,0,0,1,1,1,1,0,0,0,0,0,0,0,1,1,1,1,9.54759029988478,12,TRUE,4.73747690273128,1.45497497036996,0,3.28250193236132,12.7126
"T1_SARIMAX","Chitipa",1,"month","incidence",2023-09-01,2023-10-01,0,0,0,0,0,0,0,0,0,0,1,1,1,1,1,1,1,1,1,1,1,1,1,0,1,1,1,1,1,1,1,1,1,1,1.17851893734641,12,TRUE,1.82249748981112,1.76038885823406,0.0621086315770536,0,10.5505
"T1_SARIMAX","Chitipa",2,"month","incidence",2023-09-01,2023-11-01,0,0,0,0,0,0,0,0,0,1,1,1,1,1,1,1,1,1,1,1,1,1,1,0,0,1,1,1,1,1,1,1,1,1,3.48766447847581,12,TRUE,2.53136261175538,2.10136775752371,0.429994854231675,0,11.8542
"T1_SARIMAX","Chitipa",3,"month","incidence",2023-09-01,2023-12-01,0,0,0,0,0,0,0,1,1,1,1,1,1,1,1,1,1,1,1,1,1,1,1,0,0,0,0,1,1,1,1,1,1,1,5.83480792894975,12,TRUE,3.3413008857519,2.23891869963781,1.10238218611409,0,13.8956
"T1_SARIMAX","Dedza",1,"month","incidence",2023-09-01,2023-10-01,0,0,0,0,0,0,0,0,0,0,0,0,0,0,0,0,0,0,0,0,1,1,1,0,0,0,0,0,0,0,0,1,1,1,7.05774343160426,12,TRUE,3.95078034878655,1.14959624755169,0,2.80118410123486,16.3766
"T1_SARIMAX","Dedza",2,"month","incidence",2023-09-01,2023-11-01,0,0,0,0,0,0,0,0,0,0,0,0,0,0,0,0,0,0,0,0,0,0,0,0,0,0,0,0,0,0,0,0,0,0,15.752372808634,12,TRUE,11.1257204637299,1.21399952895961,0,9.91172093477026,20.93
"T1_SARIMAX","Dedza",3,"month","incidence",2023-09-01,2023-12-01,0,0,0,0,0,0,0,0,0,0,0,0,0,0,0,0,0,0,0,0,0,0,1,0,0,0,0,0,0,0,0,0,0,1,14.1553577767818,12,TRUE,9.48006560539261,1.28570473387148,0,8.19436087152114,21.0507
"T1_SARIMAX","Dowa",1,"month","incidence",2023-09-01,2023-10-01,0,0,0,0,0,0,0,0,0,0,0,0,0,0,0,1,1,1,1,1,1,1,1,0,0,0,1,1,1,1,1,1,1,1,4.72507586916555,12,TRUE,2.83004636974266,2.09549197265195,0,0.734554397090714,13.2882
"T1_SARIMAX","Dowa",2,"month","incidence",2023-09-01,2023-11-01,0,0,0,0,0,0,0,0,0,0,0,0,0,0,0,0,0,1,1,1,1,1,1,0,0,0,0,0,1,1,1,1,1,1,12.0459648985717,12,TRUE,5.96846271704107,2.76284451647218,0,3.2056182005689,20.5757
"T1_SARIMAX","Dowa",3,"month","incidence",2023-09-01,2023-12-01,0,0,0,0,0,0,0,0,0,0,0,0,0,0,0,0,1,1,1,1,1,1,1,0,0,0,0,1,1,1,1,1,1,1,9.94406855783396,12,TRUE,5.16898587405491,3.3323643447021,0,1.83662152935281,19.6376
"T1_SARIMAX","Karonga",1,"month","incidence",2023-09-01,2023-10-01,0,0,0,0,0,0,0,0,0,0,0,1,1,1,1,1,1,1,1,1,1,1,1,1,1,1,1,1,1,1,1,1,1,1,0.0616000000000057,12,TRUE,1.511366086738,1.50868782586843,0.00267826086956546,0,46.3689
"T1_SARIMAX","Karonga",2,"month","incidence",2023-09-01,2023-11-01,0,0,0,0,1,1,1,1,1,1,1,1,1,1,1,1,1,1,1,1,1,1,1,0,0,0,0,0,0,0,1,1,1,1,11.9565,12,TRUE,6.58649746055121,2.13360678473031,4.45289067582089,0,34.474
"T1_SARIMAX","Karonga",3,"month","incidence",2023-09-01,2023-12-01,0,1,1,1,1,1,1,1,1,1,1,1,1,1,1,1,1,1,1,1,1,1,1,0,0,0,0,0,0,0,0,0,0,1,25.2026,12,TRUE,16.3165238828473,2.61312396716475,13.7033999156825,0,21.2279
"T1_SARIMAX","Kasungu",1,"month","incidence",2023-09-01,2023-10-01,0,0,0,0,0,0,0,0,0,0,0,0,0,0,1,1,1,1,1,1,1,1,1,0,0,1,1,1,1,1,1,1,1,1,3.90509361808873,12,TRUE,2.73851680113057,2.24011321474355,0,0.49840358638702,19.713
"T1_SARIMAX","Kasungu",2,"month","incidence",2023-09-01,2023-11-01,0,0,0,0,0,0,0,0,0,0,0,0,0,1,1,1,1,1,1,1,1,1,1,0,1,1,1,1,1,1,1,1,1,1,3.54308267766955,12,TRUE,3.46520565402346,3.16742316315597,0,0.297782490867498,25.821
"T1_SARIMAX","Kasungu",3,"month","incidence",2023-09-01,2023-12-01,0,0,0,0,0,0,0,0,0,0,0,0,1,1,1,1,1,1,1,1,1,1,1,1,1,1,1,1,1,1,1,1,1,1,1.89238583706799,12,TRUE,3.92831526896894,3.84603762387903,0,0.0822776450899128,25.1233
"T1_SARIMAX","Likoma",1,"month","incidence",2023-09-01,2023-10-01,0,0,0,1,1,1,1,1,1,1,1,1,1,1,1,1,1,1,1,1,1,1,1,0,0,0,0,0,0,0,0,1,1,1,18.499637517098,12,TRUE,11.0264917667363,2.42700305951023,8.5994887072261,0,27.2585
"T1_SARIMAX","Likoma",2,"month","incidence",2023-09-01,2023-11-01,0,0,1,1,1,1,1,1,1,1,1,1,1,1,1,1,1,1,1,1,1,1,1,0,0,0,0,0,0,0,0,0,1,1,30.0085024280456,12,TRUE,19.0170309890536,3.27616365934083,15.7408673297128,0,12.3163
"T1_SARIMAX","Likoma",3,"month","incidence",2023-09-01,2023-12-01,0,0,0,1,1,1,1,1,1,1,1,1,1,1,1,1,1,1,1,1,1,1,1,0,0,0,0,0,0,0,0,1,1,1,27.0357656320393,12,TRUE,16.1493858605029,3.51068493057541,12.6387009299275,0,8.8778
"T1_SARIMAX","Lilongwe",1,"month","incidence",2023-09-01,2023-10-01,0,0,0,0,0,0,0,0,0,0,0,0,0,0,1,1,1,1,1,1,1,1,1,0,0,1,1,1,1,1,1,1,1,1,3.12698727705671,12,TRUE,2.18676461461599,1.79185328927406,0,0.394911325341933,13.2368
"T1_SARIMAX","Lilongwe",2,"month","incidence",2023-09-01,2023-11-01,0,0,0,0,0,0,0,0,0,0,0,0,0,0,0,1,1,1,1,1,1,1,1,0,0,0,1,1,1,1,1,1,1,1,4.44489939010629,12,TRUE,2.71871897788308,2.01722863724676,0,0.701490340636319,15.0212
"T1_SARIMAX","Lilongwe",3,"month","incidence",2023-09-01,2023-12-01,0,0,0,0,0,0,0,0,0,0,0,0,0,0,0,1,1,1,1,1,1,1,1,0,0,0,1,1,1,1,1,1,1,1,5.51906011079858,12,TRUE,3.3120294108704,2.41360796611381,0,0.898421444756596,17.8196
"T1_SARIMAX","Machinga",1,"month","incidence",2023-09-01,2023-10-01,0,0,0,0,0,0,0,0,0,0,0,0,0,1,1,1,1,1,1,1,1,1,1,0,1,1,1,1,1,1,1,1,1,1,1.32345993228655,12,TRUE,1.73403652845178,1.64581608957791,0,0.0882204388738692,51.5774
"T1_SARIMAX","Machinga",2,"month","incidence",2023-09-01,2023-11-01,0,0,0,0,1,1,1,1,1,1,1,1,1,1,1,1,1,1,1,1,1,1,1,0,0,0,0,0,0,0,1,1,1,1,11.5080670063774,12,TRUE,6.41271420204368,1.92456002083007,4.48815418121362,0,34.2442
"T1_SARIMAX","Machinga",3,"month","incidence",2023-09-01,2023-12-01,0,0,0,0,1,1,1,1,1,1,1,1,1,1,1,1,1,1,1,1,1,1,1,0,0,0,0,0,0,0,1,1,1,1,11.0442618287191,12,TRUE,6.04236371855939,2.04411339537992,3.99825032317947,0,30.0548
"T1_SARIMAX","Mangochi",1,"month","incidence",2023-09-01,2023-10-01,0,0,0,0,0,0,0,0,0,0,0,0,0,0,0,1,1,1,1,1,1,1,1,0,0,0,1,1,1,1,1,1,1,1,2.81766563281544,12,TRUE,1.73452842087812,1.27455713690898,0,0.459971283969138,34.5768
"T1_SARIMAX","Mangochi",2,"month","incidence",2023-09-01,2023-11-01,0,0,0,0,0,0,0,0,1,1,1,1,1,1,1,1,1,1,1,1,1,1,1,0,0,0,1,1,1,1,1,1,1,1,3.75213432622881,12,TRUE,2.22116589578576,1.56847412596893,0.652691769816834,0,22.945
"T1_SARIMAX","Mangochi",3,"month","incidence",2023-09-01,2023-12-01,0,0,0,0,0,0,0,0,1,1,1,1,1,1,1,1,1,1,1,1,1,1,1,0,0,0,1,1,1,1,1,1,1,1,3.94929200958512,12,TRUE,2.37165628149138,1.69998188816299,0.671674393328394,0,18.7193
"T1_SARIMAX","Mchinji",1,"month","incidence",2023-09-01,2023-10-01,0,0,0,0,0,0,0,0,0,0,0,0,0,0,0,1,1,1,1,1,1,1,1,0,0,0,1,1,1,1,1,1,1,1,7.62417184403009,12,TRUE,4.48268499722606,3.14345817975405,0,1.33922681747201,39.6876
"T1_SARIMAX","Mchinji",2,"month","incidence",2023-09-01,2023-11-01,0,0,0,0,0,0,0,0,0,0,0,0,0,0,0,1,1,1,1,1,1,1,1,0,0,0,1,1,1,1,1,1,1,1,8.48567319003739,12,TRUE,5.58516343292002,4.39015584523437,0,1.19500758768565,38.565
"T1_SARIMAX","Mchinji",3,"month","incidence",2023-09-01,2023-12-01,0,0,0,0,0,0,0,0,0,0,0,0,0,0,0,0,0,1,1,1,1,1,1,0,0,0,0,0,1,1,1,1,1,1,18.3455299115417,12,TRUE,9.74210103018268,5.33325850868481,0,4.40884252149787,50.2767
"T1_SARIMAX","Mulanje",1,"month","incidence",2023-09-01,2023-10-01,0,0,0,0,0,0,0,0,0,0,0,0,0,0,0,0,0,1,1,1,1,1,1,0,0,0,0,0,1,1,1,1,1,1,6.77722341733263,12,TRUE,3.63305785803229,1.97092596432271,0,1.66213189370958,43.6416
"T1_SARIMAX","Mulanje",2,"month","incidence",2023-09-01,2023-11-01,0,0,0,0,0,0,0,0,0,0,0,0,0,0,0,0,1,1,1,1,1,1,1,0,0,0,0,1,1,1,1,1,1,1,6.16090114731118,12,TRUE,3.57378501413336,2.45333057222942,0,1.12045444190394,44.3208
"T1_SARIMAX","Mulanje",3,"month","incidence",2023-09-01,2023-12-01,0,0,0,0,0,0,0,0,0,0,0,0,0,0,0,0,1,1,1,1,1,1,1,0,0,0,0,1,1,1,1,1,1,1,7.96585593988053,12,TRUE,4.38971735099869,2.68462691726289,0,1.7050904337358,46.8129
"T1_SARIMAX","Mwanza",1,"month","incidence",2023-09-01,2023-10-01,0,0,0,0,0,0,0,0,1,1,1,1,1,1,1,1,1,1,1,1,1,1,1,0,0,0,1,1,1,1,1,1,1,1,8.1472066098131,12,TRUE,4.99075275226101,3.64960948247596,1.34114326978505,0,35.5107
"T1_SARIMAX","Mwanza",2,"month","incidence",2023-09-01,2023-11-01,0,0,0,0,0,0,0,0,0,1,1,1,1,1,1,1,1,1,1,1,1,1,1,0,0,1,1,1,1,1,1,1,1,1,6.36859664711107,12,TRUE,5.31584983559037,4.65193921754106,0.663910618049312,0,37.0064
"T1_SARIMAX","Mwanza",3,"month","incidence",2023-09-01,2023-12-01,0,0,0,0,0,0,0,0,0,0,1,1,1,1,1,1,1,1,1,1,1,1,1,0,1,1,1,1,1,1,1,1,1,1,5.02805604438498,12,TRUE,5.57032590383432,5.18085237764947,0.389473526184857,0,41.0541
"T1_SARIMAX","Mzimba",1,"month","incidence",2023-09-01,2023-10-01,0,0,0,0,0,0,0,0,0,0,0,1,1,1,1,1,1,1,1,1,1,1,1,1,1,1,1,1,1,1,1,1,1,1,0.796171072943435,12,TRUE,1.6802915882963,1.64567545469006,0.0346161336062363,0,14.6422
"T1_SARIMAX","Mzimba",2,"month","incidence",2023-09-01,2023-11-01,0,0,0,0,0,0,0,0,0,0,1,1,1,1,1,1,1,1,1,1,1,1,1,0,1,1,1,1,1,1,1,1,1,1,1.65713607851149,12,TRUE,2.13176505108378,2.0195375886387,0.112227462445079,0,15.737
"T1_SARIMAX","Mzimba",3,"month","incidence",2023-09-01,2023-12-01,0,0,0,0,0,0,0,0,0,0,0,0,0,0,1,1,1,1,1,1,1,1,1,0,0,1,1,1,1,1,1,1,1,1,3.09667624309367,12,TRUE,2.52469117782097,2.19138900145731,0,0.333302176363661,22.4239
"T1_SARIMAX","Neno",1,"month","incidence",2023-09-01,2023-10-01,0,0,0,0,0,0,1,1,1,1,1,1,1,1,1,1,1,1,1,1,1,1,1,0,0,0,0,0,1,1,1,1,1,1,14.7426187313521,12,TRUE,7.93058419516276,4.42587059906438,3.50471359609838,0,63.7293
"T1_SARIMAX","Neno",2,"month","incidence",2023-09-01,2023-11-01,0,0,0,0,1,1,1,1,1,1,1,1,1,1,1,1,1,1,1,1,1,1,1,0,0,0,0,0,0,0,1,1,1,1,28.6045143264059,12,TRUE,15.4265193144933,5.68729094427239,9.73922837022089,0,50.5316
"T1_SARIMAX","Neno",3,"month","incidence",2023-09-01,2023-12-01,0,0,0,0,0,0,0,0,0,0,0,0,1,1,1,1,1,1,1,1,1,1,1,1,1,1,1,1,1,1,1,1,1,1,3.19684610493395,12,TRUE,6.52336697765094,6.38437366874077,0,0.138993308910172,95.336
"T1_SARIMAX","Nkhatabay",1,"month","incidence",2023-09-01,2023-10-01,0,0,0,0,0,0,0,0,0,0,0,0,1,1,1,1,1,1,1,1,1,1,1,1,1,1,1,1,1,1,1,1,1,1,1.00104494058377,12,TRUE,2.92868105933295,2.88515736626409,0,0.0435236930688595,115.0472
"T1_SARIMAX","Nkhatabay",2,"month","incidence",2023-09-01,2023-11-01,0,0,0,0,0,1,1,1,1,1,1,1,1,1,1,1,1,1,1,1,1,1,1,0,0,0,0,0,0,1,1,1,1,1,14.9397110575624,12,TRUE,7.90380219304406,3.73447064093923,4.16933155210484,0,92.0552
"T1_SARIMAX","Nkhatabay",3,"month","incidence",2023-09-01,2023-12-01,0,0,0,1,1,1,1,1,1,1,1,1,1,1,1,1,1,1,1,1,1,1,1,0,0,0,0,0,0,0,0,1,1,1,31.96889718364,12,TRUE,19.0347920781837,4.21230049055219,14.8224915876315,0,69.2311
"T1_SARIMAX","Nkhotakota",1,"month","incidence",2023-09-01,2023-10-01,0,0,0,0,0,0,0,0,0,0,0,0,0,0,0,0,0,0,0,1,1,1,1,0,0,0,0,0,0,0,1,1,1,1,11.8295702219695,12,TRUE,6.39043312101486,2.33316064816435,0,4.05727247285051,83.47
"T1_SARIMAX","Nkhotakota",2,"month","incidence",2023-09-01,2023-11-01,0,0,0,0,1,1,1,1,1,1,1,1,1,1,1,1,1,1,1,1,1,1,1,0,0,0,0,0,0,0,1,1,1,1,16.4665869836864,12,TRUE,8.86594697530711,3.29958743182922,5.56635954347789,0,50.0248
"T1_SARIMAX","Nkhotakota",3,"month","incidence",2023-09-01,2023-12-01,0,0,0,0,0,0,0,1,1,1,1,1,1,1,1,1,1,1,1,1,1,1,1,0,0,0,0,1,1,1,1,1,1,1,12.6398842629032,12,TRUE,6.86174397018554,4.04115278484098,2.82059118534456,0,43.9058
"T1_SARIMAX","Nsanje",1,"month","incidence",2023-09-01,2023-10-01,0,0,0,0,0,0,0,0,1,1,1,1,1,1,1,1,1,1,1,1,1,1,1,0,0,0,1,1,1,1,1,1,1,1,4.96864382916356,12,TRUE,2.95312681775678,2.09417876049984,0.85894805725694,0,30.1033
"T1_SARIMAX","Nsanje",2,"month","incidence",2023-09-01,2023-11-01,0,0,0,0,1,1,1,1,1,1,1,1,1,1,1,1,1,1,1,1,1,1,1,0,0,0,0,0,0,0,1,1,1,1,12.5653167540851,12,TRUE,6.79831524944459,2.45990764102017,4.33840760842442,0,16.8964
"T1_SARIMAX","Nsanje",3,"month","incidence",2023-09-01,2023-12-01,0,0,0,0,1,1,1,1,1,1,1,1,1,1,1,1,1,1,1,1,1,1,1,0,0,0,0,0,0,0,1,1,1,1,12.668698881447,12,TRUE,6.79456386435524,2.58528406280566,4.20927980154958,0,16.1469
"T1_SARIMAX","Ntcheu",1,"month","incidence",2023-09-01,2023-10-01,0,0,0,0,0,0,0,0,0,0,0,0,0,0,1,1,1,1,1,1,1,1,1,0,0,1,1,1,1,1,1,1,1,1,3.04560049693713,12,TRUE,2.39602870561431,2.05122402712245,0,0.344804678491862,28.5466
"T1_SARIMAX","Ntcheu",2,"month","incidence",2023-09-01,2023-11-01,0,0,0,0,0,0,0,0,0,0,0,1,1,1,1,1,1,1,1,1,1,1,1,1,1,1,1,1,1,1,1,1,1,1,0.0363250653601881,12,TRUE,2.38340958955119,2.38183023888335,0.00157935066783426,0,22.5895
"T1_SARIMAX","Ntcheu",3,"month","incidence",2023-09-01,2023-12-01,0,0,0,0,0,0,0,0,0,0,0,0,0,1,1,1,1,1,1,1,1,1,1,0,1,1,1,1,1,1,1,1,1,1,1.66755621550366,12,TRUE,2.58023214572442,2.49051451663437,0,0.0897176290900489,27.4152
"T1_SARIMAX","Ntchisi",1,"month","incidence",2023-09-01,2023-10-01,0,0,0,0,0,0,0,0,0,0,0,0,0,0,0,0,0,0,0,0,1,1,1,0,0,0,0,0,0,0,0,1,1,1,18.9906046488871,12,TRUE,11.0358408005933,2.75114067331187,0,8.28470012728141,50.3259
"T1_SARIMAX","Ntchisi",2,"month","incidence",2023-09-01,2023-11-01,0,0,0,0,0,0,0,0,0,0,0,0,0,0,0,0,0,0,0,0,0,1,1,0,0,0,0,0,0,0,0,0,1,1,28.3089424487119,12,TRUE,17.922742568205,3.09566053942661,0,14.8270820287784,58.6645
"T1_SARIMAX","Ntchisi",3,"month","incidence",2023-09-01,2023-12-01,0,0,0,0,0,0,0,0,0,0,0,0,0,0,0,0,0,0,0,0,0,0,0,0,0,0,0,0,0,0,0,0,0,0,55.426057534441,12,TRUE,43.4074947774161,3.413926436207,0,39.9935683412091,86.3023
"T1_SARIMAX","Phalombe",1,"month","incidence",2023-09-01,2023-10-01,0,0,0,0,0,0,0,0,0,0,0,0,0,0,0,0,0,1,1,1,1,1,1,0,0,0,0,0,1,1,1,1,1,1,4.83899230681368,12,TRUE,2.55802666804958,1.22612043698241,0,1.33190623106718,31.6084
"T1_SARIMAX","Phalombe",2,"month","incidence",2023-09-01,2023-11-01,0,0,0,0,0,0,0,0,0,1,1,1,1,1,1,1,1,1,1,1,1,1,1,0,0,1,1,1,1,1,1,1,1,1,2.48592332856887,12,TRUE,1.8623433789703,1.56381552844325,0.298527850527055,0,21.4788
"T1_SARIMAX","Phalombe",3,"month","incidence",2023-09-01,2023-12-01,0,0,0,0,0,0,0,0,0,0,0,1,1,1,1,1,1,1,1,1,1,1,1,1,1,1,1,1,1,1,1,1,1,1,0.978556575720361,12,TRUE,1.78494470916932,1.74239877109452,0.0425459380747983,0,22.266
"T1_SARIMAX","Rumphi",1,"month","incidence",2023-09-01,2023-10-01,0,0,0,0,0,0,0,0,0,0,0,1,1,1,1,1,1,1,1,1,1,1,1,1,1,1,1,1,1,1,1,1,1,1,0.787079350415671,12,TRUE,1.9286438652015,1.89442302387908,0.0342208413224205,0,6.3234
"T1_SARIMAX","Rumphi",2,"month","incidence",2023-09-01,2023-11-01,0,0,0,0,0,0,0,0,0,0,1,1,1,1,1,1,1,1,1,1,1,1,1,0,1,1,1,1,1,1,1,1,1,1,2.06537480580461,12,TRUE,2.57564407947227,2.44666190814224,0.128982171330032,0,6.3549
"T1_SARIMAX","Rumphi",3,"month","incidence",2023-09-01,2023-12-01,0,0,0,0,0,0,0,0,0,0,0,0,0,0,1,1,1,1,1,1,1,1,1,0,0,1,1,1,1,1,1,1,1,1,5.09941679616529,12,TRUE,3.42389217727327,2.800446731902,0,0.623445445371264,14.7127
"T1_SARIMAX","Salima",1,"month","incidence",2023-09-01,2023-10-01,1,1,1,1,1,1,1,1,1,1,1,1,1,1,1,1,1,1,1,1,1,1,1,0,0,0,0,0,0,0,0,0,0,0,35.7857608083502,12,TRUE,25.1618869903126,3.02561183464888,22.1362751556638,0,66.3458
"T1_SARIMAX","Salima",2,"month","incidence",2023-09-01,2023-11-01,1,1,1,1,1,1,1,1,1,1,1,1,1,1,1,1,1,1,1,1,1,1,1,0,0,0,0,0,0,0,0,0,0,0,61.6000610671992,12,TRUE,47.3826631810798,4.04902468147921,43.3336384996006,0,32.8825
"T1_SARIMAX","Salima",3,"month","incidence",2023-09-01,2023-12-01,1,1,1,1,1,1,1,1,1,1,1,1,1,1,1,1,1,1,1,1,1,1,1,0,0,0,0,0,0,0,0,0,0,0,64.9640781729463,12,TRUE,48.4493159693814,4.70329945793238,43.746016511449,0,24.7649
"T1_SARIMAX","Thyolo",1,"month","incidence",2023-09-01,2023-10-01,0,0,0,0,0,0,0,0,1,1,1,1,1,1,1,1,1,1,1,1,1,1,1,0,0,0,1,1,1,1,1,1,1,1,2.28118585785861,12,TRUE,1.38844083158766,1.0088683337051,0.379572497882559,0,10.8609
"T1_SARIMAX","Thyolo",2,"month","incidence",2023-09-01,2023-11-01,0,0,0,0,0,0,0,0,0,0,1,1,1,1,1,1,1,1,1,1,1,1,1,0,1,1,1,1,1,1,1,1,1,1,1.31068670016551,12,TRUE,1.39080367189399,1.285846367105,0.104957304788983,0,11.4424
"T1_SARIMAX","Thyolo",3,"month","incidence",2023-09-01,2023-12-01,0,0,0,0,0,0,0,0,0,0,0,0,1,1,1,1,1,1,1,1,1,1,1,1,1,1,1,1,1,1,1,1,1,1,0.319305384869722,12,TRUE,1.44641164907955,1.43252880625913,0,0.0138828428204227,14.0918
"T1_SARIMAX","Zomba",1,"month","incidence",2023-09-01,2023-10-01,0,0,0,0,0,0,0,0,0,0,0,0,0,0,0,0,0,1,1,1,1,1,1,0,0,0,0,0,1,1,1,1,1,1,5.60529253919768,12,TRUE,2.9895208085127,1.55313179273031,0,1.43638901578239,37.9738
"T1_SARIMAX","Zomba",2,"month","incidence",2023-09-01,2023-11-01,0,0,0,0,0,0,0,0,0,0,0,1,1,1,1,1,1,1,1,1,1,1,1,1,1,1,1,1,1,1,1,1,1,1,1.11612938449363,12,TRUE,2.06599102334117,2.01746365879797,0.0485273645432014,0,32.5181
"T1_SARIMAX","Zomba",3,"month","incidence",2023-09-01,2023-12-01,0,0,0,0,0,0,0,0,0,0,1,1,1,1,1,1,1,1,1,1,1,1,1,0,1,1,1,1,1,1,1,1,1,1,1.58642331379238,12,TRUE,2.37270750831684,2.28285783206713,0.0898496762497039,0,34.4193
"T1_SARIMAX","Balaka",1,"month","incidence",2023-10-01,2023-11-01,0,0,0,0,0,0,0,0,0,0,0,0,0,0,0,0,1,1,1,1,1,1,1,0,0,0,0,1,1,1,1,1,1,1,7.95852457299636,12,TRUE,4.44293586106659,2.86149363710004,0,1.58144222396656,25.6806
"T1_SARIMAX","Balaka",2,"month","incidence",2023-10-01,2023-12-01,0,0,0,0,0,0,0,0,0,0,0,0,1,1,1,1,1,1,1,1,1,1,1,1,1,1,1,1,1,1,1,1,1,1,0.100274596974524,12,TRUE,3.16420886086357,3.15984909577773,0,0.00435976508584886,12.9097
"T1_SARIMAX","Balaka",3,"month","incidence",2023-10-01,2024-01-01,0,0,0,0,0,0,0,0,0,0,0,0,0,0,1,1,1,1,1,1,1,1,1,0,0,1,1,1,1,1,1,1,1,1,4.80623581498473,12,TRUE,3.88702972324771,3.39647879763958,0,0.490550925608132,20.3841
"T1_SARIMAX","Blantyre",1,"month","incidence",2023-10-01,2023-11-01,0,0,0,0,0,0,0,0,0,0,0,1,1,1,1,1,1,1,1,1,1,1,1,1,1,1,1,1,1,1,1,1,1,1,0.28231376304927,12,TRUE,1.37553304179696,1.36325853036003,0.0122745114369248,0,22.2625
"T1_SARIMAX","Blantyre",2,"month","incidence",2023-10-01,2023-12-01,0,0,0,0,0,0,1,1,1,1,1,1,1,1,1,1,1,1,1,1,1,1,1,0,0,0,0,0,1,1,1,1,1,1,5.48915013953006,12,TRUE,2.95145329588082,1.6410632330062,1.31039006287461,0,18.8145
"T1_SARIMAX","Blantyre",3,"month","incidence",2023-10-01,2024-01-01,0,0,0,0,0,0,0,0,0,0,0,0,0,0,0,0,0,0,1,1,1,1,1,0,0,0,0,0,0,1,1,1,1,1,8.35249881419861,12,TRUE,4.43813456577448,1.95466975441802,0,2.48346481135646,40.8281
"T1_SARIMAX","Chikwawa",1,"month","incidence",2023-10-01,2023-11-01,0,0,0,0,0,0,0,0,0,0,0,0,0,1,1,1,1,1,1,1,1,1,1,0,1,1,1,1,1,1,1,1,1,1,1.65218527280403,12,TRUE,2.0242201862172,1.90677701557527,0,0.117443170641925,18.4424
"T1_SARIMAX","Chikwawa",2,"month","incidence",2023-10-01,2023-12-01,0,0,0,0,0,0,0,0,0,0,1,1,1,1,1,1,1,1,1,1,1,1,1,0,1,1,1,1,1,1,1,1,1,1,2.42488526849363,12,TRUE,2.31839818686657,2.11150639649168,0.206891790374887,0,12.8446
"T1_SARIMAX","Chikwawa",3,"month","incidence",2023-10-01,2024-01-01,0,0,0,0,0,0,0,0,0,0,1,1,1,1,1,1,1,1,1,1,1,1,1,0,1,1,1,1,1,1,1,1,1,1,1.67695726646835,12,TRUE,2.39973001128177,2.29892143238872,0.100808578893052,0,22.8446
"T1_SARIMAX","Chiradzulu",1,"month","incidence",2023-10-01,2023-11-01,0,0,0,0,0,0,0,0,0,0,0,0,0,0,0,0,0,0,0,0,1,1,1,0,0,0,0,0,0,0,0,1,1,1,9.49374533372685,12,TRUE,5.30446561303828,1.35842217420412,0,3.94604343883416,14.9335
"T1_SARIMAX","Chiradzulu",2,"month","incidence",2023-10-01,2023-12-01,0,0,0,0,0,0,0,0,0,0,0,0,0,0,0,0,0,1,1,1,1,1,1,0,0,0,0,0,1,1,1,1,1,1,6.96704981835494,12,TRUE,3.51335012903538,1.59564663924226,0,1.91770348979312,12.7126
"T1_SARIMAX","Chiradzulu",3,"month","incidence",2023-10-01,2024-01-01,0,0,0,0,0,0,0,0,0,0,0,0,0,0,0,0,0,0,0,0,0,0,0,0,0,0,0,0,0,0,0,0,0,0,31.8022786125523,12,TRUE,25.173890515851,1.86188054121695,0,23.312009974634,45.1365
"T1_SARIMAX","Chitipa",1,"month","incidence",2023-10-01,2023-11-01,0,0,0,0,0,0,0,0,0,0,0,1,1,1,1,1,1,1,1,1,1,1,1,1,1,1,1,1,1,1,1,1,1,1,0.62669928521999,12,TRUE,1.79333661676061,1.76608882175105,0.0272477950095648,0,11.8542
"T1_SARIMAX","Chitipa",2,"month","incidence",2023-10-01,2023-12-01,0,0,0,0,0,0,0,0,0,0,1,1,1,1,1,1,1,1,1,1,1,1,1,0,1,1,1,1,1,1,1,1,1,1,1.9208913996762,12,TRUE,2.24663493690998,2.10489848539588,0.141736451514096,0,13.8956
"T1_SARIMAX","Chitipa",3,"month","incidence",2023-10-01,2024-01-01,0,0,0,0,0,0,0,0,0,0,0,0,0,0,0,0,0,0,0,1,1,1,1,0,0,0,0,0,0,0,1,1,1,1,13.4211246859561,12,TRUE,7.47844980918899,2.24500216835301,0,5.23344764083599,45.4402
"T1_SARIMAX","Dedza",1,"month","incidence",2023-10-01,2023-11-01,0,0,0,0,0,0,0,0,0,0,0,0,0,0,0,0,0,0,0,0,0,1,1,0,0,0,0,0,0,0,0,0,1,1,9.3071256335488,12,TRUE,5.65176160556504,1.15456829812049,0,4.49719330744455,20.93
"T1_SARIMAX","Dedza",2,"month","incidence",2023-10-01,2023-12-01,0,0,0,0,0,0,0,0,0,0,0,0,0,0,0,0,0,0,0,0,1,1,1,0,0,0,0,0,0,0,0,1,1,1,8.00752059444703,12,TRUE,4.50578671308362,1.29350185773457,0,3.21228485534905,21.0507
"T1_SARIMAX","Dedza",3,"month","incidence",2023-10-01,2024-01-01,0,0,0,0,0,0,0,0,0,0,0,0,0,0,0,0,0,0,0,0,0,0,1,0,0,0,0,0,0,0,0,0,0,1,13.541225333849,12,TRUE,8.96258559312309,1.32758902525932,0,7.63499656786378,43.6542
"T1_SARIMAX","Dowa",1,"month","incidence",2023-10-01,2023-11-01,0,0,0,0,0,0,0,0,0,0,0,0,0,0,0,0,0,1,1,1,1,1,1,0,0,0,0,0,1,1,1,1,1,1,7.3913226396601,12,TRUE,3.93485946109091,2.20347226381521,0,1.73138719727569,20.5757
"T1_SARIMAX","Dowa",2,"month","incidence",2023-10-01,2023-12-01,0,0,0,0,0,0,0,0,0,0,0,0,0,0,1,1,1,1,1,1,1,1,1,0,0,1,1,1,1,1,1,1,1,1,5.28950701153623,12,TRUE,3.6896876559733,3.03221256731527,0,0.657475088658026,19.6376
"T1_SARIMAX","Dowa",3,"month","incidence",2023-10-01,2024-01-01,0,0,0,0,0,0,0,0,0,0,0,0,0,0,0,0,0,0,0,0,1,1,1,0,0,0,0,0,0,0,0,1,1,1,28.881710966133,12,TRUE,17.0277748556888,3.83196918144401,0,13.1958056742448,53.0834
"T1_SARIMAX","Karonga",1,"month","incidence",2023-10-01,2023-11-01,0,0,1,1,1,1,1,1,1,1,1,1,1,1,1,1,1,1,1,1,1,1,1,0,0,0,0,0,0,0,0,0,1,1,11.8949,12,TRUE,7.20964419028638,1.48500400545302,5.72464018483337,0,34.474
"T1_SARIMAX","Karonga",2,"month","incidence",2023-10-01,2023-12-01,1,1,1,1,1,1,1,1,1,1,1,1,1,1,1,1,1,1,1,1,1,1,1,0,0,0,0,0,0,0,0,0,0,0,25.141,12,TRUE,17.7668440738612,2.10011280469003,15.6667312691712,0,21.2279
"T1_SARIMAX","Karonga",3,"month","incidence",2023-10-01,2024-01-01,0,0,0,0,0,0,0,0,0,0,0,0,0,0,0,0,1,1,1,1,1,1,1,0,0,0,0,1,1,1,1,1,1,1,6.413,12,TRUE,3.72873598850802,2.57210238688791,0,1.15663360162011,52.7819
"T1_SARIMAX","Kasungu",1,"month","incidence",2023-10-01,2023-11-01,0,0,0,0,0,0,0,0,0,0,0,0,0,1,1,1,1,1,1,1,1,1,1,0,1,1,1,1,1,1,1,1,1,1,2.1671109208326,12,TRUE,2.39593849505565,2.22754005170331,0,0.168398443352339,25.821
"T1_SARIMAX","Kasungu",2,"month","incidence",2023-10-01,2023-12-01,0,0,0,0,0,0,0,0,0,0,0,0,1,1,1,1,1,1,1,1,1,1,1,1,1,1,1,1,1,1,1,1,1,1,0.2619549849456,12,TRUE,2.81870603863361,2.80731669146206,0,0.0113893471715478,25.1233
"T1_SARIMAX","Kasungu",3,"month","incidence",2023-10-01,2024-01-01,0,0,0,0,0,0,0,0,0,0,0,0,0,0,0,0,0,0,0,0,1,1,1,0,0,0,0,0,0,0,0,1,1,1,23.1602233676006,12,TRUE,13.4531908733124,3.36041611326474,0,10.0927747600477,71.8524
"T1_SARIMAX","Likoma",1,"month","incidence",2023-10-01,2023-11-01,0,0,0,0,1,1,1,1,1,1,1,1,1,1,1,1,1,1,1,1,1,1,1,0,0,0,0,0,0,0,1,1,1,1,13.1307193153805,12,TRUE,7.17264790097259,2.44697867136689,4.7256692296057,0,12.3163
"T1_SARIMAX","Likoma",2,"month","incidence",2023-10-01,2023-12-01,0,0,0,0,0,1,1,1,1,1,1,1,1,1,1,1,1,1,1,1,1,1,1,0,0,0,0,0,0,1,1,1,1,1,14.5950263051729,12,TRUE,7.74510417944818,3.23002670815117,4.51507747129701,0,8.8778
"T1_SARIMAX","Likoma",3,"month","incidence",2023-10-01,2024-01-01,0,0,0,0,0,0,0,0,1,1,1,1,1,1,1,1,1,1,1,1,1,1,1,0,0,0,1,1,1,1,1,1,1,1,6.73975923804041,12,TRUE,4.41874946603841,3.45456253879328,0.964186927245123,0,18.8934
"T1_SARIMAX","Lilongwe",1,"month","incidence",2023-10-01,2023-11-01,0,0,0,0,0,0,0,0,0,0,0,0,0,0,1,1,1,1,1,1,1,1,1,0,0,1,1,1,1,1,1,1,1,1,2.3107822598341,12,TRUE,2.03596400254548,1.81829110365951,0,0.217672898885972,15.0212
"T1_SARIMAX","Lilongwe",2,"month","incidence",2023-10-01,2023-12-01,0,0,0,0,0,0,0,0,0,0,0,0,0,0,1,1,1,1,1,1,1,1,1,0,0,1,1,1,1,1,1,1,1,1,2.80315887182137,12,TRUE,2.35426416524659,2.06795604734809,0,0.286308117898504,17.8196
"T1_SARIMAX","Lilongwe",3,"month","incidence",2023-10-01,2024-01-01,0,0,0,0,0,0,0,0,0,0,0,0,0,0,0,0,0,0,0,0,1,1,1,0,0,0,0,0,0,0,0,1,1,1,16.7339532184435,12,TRUE,9.63353019205908,2.50199685684957,0,7.13153333520951,40.7313
"T1_SARIMAX","Machinga",1,"month","incidence",2023-10-01,2023-11-01,0,0,0,1,1,1,1,1,1,1,1,1,1,1,1,1,1,1,1,1,1,1,1,0,0,0,0,0,0,0,0,1,1,1,11.1060787837662,12,TRUE,6.41048422439516,1.64879643297154,4.76168779142362,0,34.2442
"T1_SARIMAX","Machinga",2,"month","incidence",2023-10-01,2023-12-01,0,0,0,0,1,1,1,1,1,1,1,1,1,1,1,1,1,1,1,1,1,1,1,0,0,0,0,0,0,0,1,1,1,1,9.82703051369865,12,TRUE,5.30236217689237,1.94926357793018,3.35309859896219,0,30.0548
"T1_SARIMAX","Machinga",3,"month","incidence",2023-10-01,2024-01-01,0,0,1,1,1,1,1,1,1,1,1,1,1,1,1,1,1,1,1,1,1,1,1,0,0,0,0,0,0,0,0,0,1,1,16.6190131087407,12,TRUE,10.0531928021872,2.08601388601524,7.96717891617193,0,33.464
"T1_SARIMAX","Mangochi",1,"month","incidence",2023-10-01,2023-11-01,0,0,0,0,0,1,1,1,1,1,1,1,1,1,1,1,1,1,1,1,1,1,1,0,0,0,0,0,0,1,1,1,1,1,5.9065292024672,12,TRUE,3.15389863599712,1.27555551583336,1.87834312016377,0,22.945
"T1_SARIMAX","Mangochi",2,"month","incidence",2023-10-01,2023-12-01,0,0,0,0,0,0,1,1,1,1,1,1,1,1,1,1,1,1,1,1,1,1,1,0,0,0,0,0,1,1,1,1,1,1,5.62599157385398,12,TRUE,3.00481531860611,1.58027245547206,1.42454286313406,0,18.7193
"T1_SARIMAX","Mangochi",3,"month","incidence",2023-10-01,2024-01-01,0,0,0,0,0,0,1,1,1,1,1,1,1,1,1,1,1,1,1,1,1,1,1,0,0,0,0,0,1,1,1,1,1,1,5.92474700039221,12,TRUE,3.17572126025067,1.72124824233472,1.45447301791595,0,19.0843
"T1_SARIMAX","Mchinji",1,"month","incidence",2023-10-01,2023-11-01,0,0,0,0,0,0,0,0,0,0,0,1,1,1,1,1,1,1,1,1,1,1,1,1,1,1,1,1,1,1,1,1,1,1,1.47485623831858,12,TRUE,3.13454859417611,3.07042440990139,0.0641241842747209,0,38.565
"T1_SARIMAX","Mchinji",2,"month","incidence",2023-10-01,2023-12-01,0,0,0,0,0,0,0,0,0,0,0,0,0,0,0,1,1,1,1,1,1,1,1,0,0,0,1,1,1,1,1,1,1,1,8.35769093153768,12,TRUE,5.52661030776343,4.33746107499737,0,1.18914923276605,50.2767
"T1_SARIMAX","Mchinji",3,"month","incidence",2023-10-01,2024-01-01,0,0,0,0,0,0,0,0,0,0,0,0,0,0,0,0,0,0,0,0,1,1,1,0,0,0,0,0,0,0,0,1,1,1,35.8437952298181,12,TRUE,20.6927081113082,5.3181310787489,0,15.3745770325593,95.2758
"T1_SARIMAX","Mulanje",1,"month","incidence",2023-10-01,2023-11-01,0,0,0,0,0,0,0,0,0,0,0,0,0,1,1,1,1,1,1,1,1,1,1,0,1,1,1,1,1,1,1,1,1,1,1.6850376871013,12,TRUE,2.09666940583969,1.97833995395627,0,0.118329451883412,44.3208
"T1_SARIMAX","Mulanje",2,"month","incidence",2023-10-01,2023-12-01,0,0,0,0,0,0,0,0,0,0,0,0,0,0,0,1,1,1,1,1,1,1,1,0,0,0,1,1,1,1,1,1,1,1,4.69526960939314,12,TRUE,3.12781323070397,2.46897955000901,0,0.658833680694963,46.8129
"T1_SARIMAX","Mulanje",3,"month","incidence",2023-10-01,2024-01-01,0,0,0,0,0,0,0,0,0,0,0,0,0,0,0,0,0,0,0,1,1,1,1,0,0,0,0,0,0,0,1,1,1,1,13.3117187892176,12,TRUE,7.14456813360156,2.70745806350809,0,4.43711007009347,75.5844
"T1_SARIMAX","Mwanza",1,"month","incidence",2023-10-01,2023-11-01,0,0,0,0,0,0,0,0,0,0,0,0,1,1,1,1,1,1,1,1,1,1,1,1,1,1,1,1,1,1,1,1,1,1,0.450593714067992,12,TRUE,3.65188753734809,3.63229650630165,0,0.0195910310464344,37.0064
"T1_SARIMAX","Mwanza",2,"month","incidence",2023-10-01,2023-12-01,0,0,0,0,0,0,0,0,0,0,0,0,1,1,1,1,1,1,1,1,1,1,1,1,1,1,1,1,1,1,1,1,1,1,1.13274527438547,12,TRUE,4.68553507320155,4.63628527866306,0,0.0492497945384987,41.0541
"T1_SARIMAX","Mwanza",3,"month","incidence",2023-10-01,2024-01-01,0,0,0,0,0,0,0,0,0,0,0,0,0,0,0,0,0,0,0,0,0,1,1,0,0,0,0,0,0,0,0,0,1,1,41.0347283600653,12,TRUE,24.739711546309,5.19749217521181,0,19.5422193710972,97.552
"T1_SARIMAX","Mzimba",1,"month","incidence",2023-10-01,2023-11-01,0,0,0,0,0,0,0,0,0,0,0,1,1,1,1,1,1,1,1,1,1,1,1,1,1,1,1,1,1,1,1,1,1,1,0.845863485680406,12,TRUE,1.68063522572459,1.64385855243413,0.0367766732904524,0,15.737
"T1_SARIMAX","Mzimba",2,"month","incidence",2023-10-01,2023-12-01,0,0,0,0,0,0,0,0,0,0,0,0,0,0,0,1,1,1,1,1,1,1,1,0,0,0,1,1,1,1,1,1,1,1,4.29089675018159,12,TRUE,2.69619269862387,2.02263208395664,0,0.673560614667228,22.4239
"T1_SARIMAX","Mzimba",3,"month","incidence",2023-10-01,2024-01-01,0,0,0,0,0,0,0,0,0,0,0,0,0,0,0,0,0,0,0,1,1,1,1,0,0,0,0,0,0,0,1,1,1,1,12.1820151928075,12,TRUE,6.6948355917223,2.20184337194489,0,4.4929922197774,42.5472
"T1_SARIMAX","Neno",1,"month","incidence",2023-10-01,2023-11-01,0,0,0,0,1,1,1,1,1,1,1,1,1,1,1,1,1,1,1,1,1,1,1,0,0,0,0,0,0,0,1,1,1,1,24.3648868094833,12,TRUE,13.377001834189,4.42698813432897,8.95001369986004,0,50.5316
"T1_SARIMAX","Neno",2,"month","incidence",2023-10-01,2023-12-01,0,0,0,0,0,0,0,0,0,0,0,0,1,1,1,1,1,1,1,1,1,1,1,1,1,1,1,1,1,1,1,1,1,1,0.287248588008538,12,TRUE,5.27013166100321,5.25764259195936,0,0.0124890690438495,95.336
"T1_SARIMAX","Neno",3,"month","incidence",2023-10-01,2024-01-01,0,0,0,0,0,0,0,0,0,0,0,0,0,0,0,0,0,0,0,0,0,0,0,0,0,0,0,0,0,0,0,0,0,0,66.0538769345249,12,TRUE,44.9803294714987,6.00161256564556,0,38.9787169058532,209.6918
"T1_SARIMAX","Nkhatabay",1,"month","incidence",2023-10-01,2023-11-01,0,0,0,0,1,1,1,1,1,1,1,1,1,1,1,1,1,1,1,1,1,1,1,0,0,0,0,0,0,0,1,1,1,1,16.5307406952572,12,TRUE,9.1414203182965,2.88803293038467,6.25338738791183,0,92.0552
"T1_SARIMAX","Nkhatabay",2,"month","incidence",2023-10-01,2023-12-01,0,0,1,1,1,1,1,1,1,1,1,1,1,1,1,1,1,1,1,1,1,1,1,0,0,0,0,0,0,0,0,0,1,1,34.0849300651566,12,TRUE,21.5904444127506,3.72682774983261,17.863616662918,0,69.2311
"T1_SARIMAX","Nkhatabay",3,"month","incidence",2023-10-01,2024-01-01,0,0,0,0,0,0,0,0,0,0,0,0,1,1,1,1,1,1,1,1,1,1,1,1,1,1,1,1,1,1,1,1,1,1,1.54439675710728,12,TRUE,4.2600325860204,4.19288490092878,0,0.0671476850916208,100.5622
"T1_SARIMAX","Nkhotakota",1,"month","incidence",2023-10-01,2023-11-01,1,1,1,1,1,1,1,1,1,1,1,1,1,1,1,1,1,1,1,1,1,1,1,0,0,0,0,0,0,0,0,0,0,0,29.3674151373593,12,TRUE,21.5574105075893,2.22423974919346,19.3331707583958,0,50.0248
"T1_SARIMAX","Nkhotakota",2,"month","incidence",2023-10-01,2023-12-01,0,0,1,1,1,1,1,1,1,1,1,1,1,1,1,1,1,1,1,1,1,1,1,0,0,0,0,0,0,0,0,0,1,1,26.7852172980691,12,TRUE,16.5844584630257,3.14555001927872,13.4389084437469,0,43.9058
"T1_SARIMAX","Nkhotakota",3,"month","incidence",2023-10-01,2024-01-01,0,0,0,0,0,0,0,0,0,0,1,1,1,1,1,1,1,1,1,1,1,1,1,0,1,1,1,1,1,1,1,1,1,1,2.42134915294933,12,TRUE,3.97075126035209,3.85249625381733,0.118255006534756,0,75.3353
"T1_SARIMAX","Nsanje",1,"month","incidence",2023-10-01,2023-11-01,0,0,0,0,0,1,1,1,1,1,1,1,1,1,1,1,1,1,1,1,1,1,1,0,0,0,0,0,0,1,1,1,1,1,8.56247371030132,12,TRUE,4.53646200255636,2.09533222780744,2.44112977474892,0,16.8964
"T1_SARIMAX","Nsanje",2,"month","incidence",2023-10-01,2023-12-01,0,0,0,0,0,0,1,1,1,1,1,1,1,1,1,1,1,1,1,1,1,1,1,0,0,0,0,0,1,1,1,1,1,1,9.19083868938544,12,TRUE,4.88263391672117,2.45524427459034,2.42738964213083,0,16.1469
"T1_SARIMAX","Nsanje",3,"month","incidence",2023-10-01,2024-01-01,0,0,0,0,0,0,0,0,0,0,0,0,0,1,1,1,1,1,1,1,1,1,1,0,1,1,1,1,1,1,1,1,1,1,1.87024196813715,12,TRUE,2.68988040597941,2.57818871070644,0,0.111691695272974,29.3107
"T1_SARIMAX","Ntcheu",1,"month","incidence",2023-10-01,2023-11-01,0,0,0,0,0,0,0,0,0,0,0,1,1,1,1,1,1,1,1,1,1,1,1,1,1,1,1,1,1,1,1,1,1,1,0.685230195939706,12,TRUE,2.09210139522272,2.06230877800795,0.0297926172147698,0,22.5895
"T1_SARIMAX","Ntcheu",2,"month","incidence",2023-10-01,2023-12-01,0,0,0,0,0,0,0,0,0,0,0,0,0,1,1,1,1,1,1,1,1,1,1,0,1,1,1,1,1,1,1,1,1,1,2.73601584902659,12,TRUE,2.64134536185638,2.40804140827644,0,0.23330395357994,27.4152
"T1_SARIMAX","Ntcheu",3,"month","incidence",2023-10-01,2024-01-01,0,0,0,0,0,0,0,0,0,0,0,0,0,0,1,1,1,1,1,1,1,1,1,0,0,1,1,1,1,1,1,1,1,1,4.42961580323938,12,TRUE,3.09699594825766,2.52452896676807,0,0.57246698148959,40.8064
"T1_SARIMAX","Ntchisi",1,"month","incidence",2023-10-01,2023-11-01,0,0,0,0,0,0,0,0,0,0,0,0,0,0,0,0,0,0,0,1,1,1,1,0,0,0,0,0,0,0,1,1,1,1,13.3790322797916,12,TRUE,7.17188118259273,2.73667674552408,0,4.43520443706865,58.6645
"T1_SARIMAX","Ntchisi",2,"month","incidence",2023-10-01,2023-12-01,0,0,0,0,0,0,0,0,0,0,0,0,0,0,0,0,0,0,0,0,0,0,0,0,0,0,0,0,0,0,0,0,0,0,40.381945666098,12,TRUE,29.5836551396328,3.07528460620263,0,26.5083705334302,86.3023
"T1_SARIMAX","Ntchisi",3,"month","incidence",2023-10-01,2024-01-01,0,0,0,0,0,0,0,0,0,0,0,0,0,0,0,0,0,0,0,0,0,0,0,0,0,0,0,0,0,0,0,0,0,0,58.4501021620468,12,TRUE,46.507471060304,3.40118553901967,0,43.1062855212843,115.499
"T1_SARIMAX","Phalombe",1,"month","incidence",2023-10-01,2023-11-01,0,0,1,1,1,1,1,1,1,1,1,1,1,1,1,1,1,1,1,1,1,1,1,0,0,0,0,0,0,0,0,0,1,1,10.0939805258216,12,TRUE,6.12074019763854,1.25866347205687,4.86207672558167,0,21.4788
"T1_SARIMAX","Phalombe",2,"month","incidence",2023-10-01,2023-12-01,0,0,0,1,1,1,1,1,1,1,1,1,1,1,1,1,1,1,1,1,1,1,1,0,0,0,0,0,0,0,0,1,1,1,10.7447600038531,12,TRUE,6.00029697351362,1.78001895264644,4.22027802086719,0,22.266
"T1_SARIMAX","Phalombe",3,"month","incidence",2023-10-01,2024-01-01,0,0,0,0,1,1,1,1,1,1,1,1,1,1,1,1,1,1,1,1,1,1,1,0,0,0,0,0,0,0,1,1,1,1,11.9462393843356,12,TRUE,6.5534297315197,2.18006908323355,4.37336064828615,0,30.7005
"T1_SARIMAX","Rumphi",1,"month","incidence",2023-10-01,2023-11-01,0,0,0,0,0,0,0,0,0,0,0,1,1,1,1,1,1,1,1,1,1,1,1,1,1,1,1,1,1,1,1,1,1,1,0.761045134499831,12,TRUE,1.92852015396806,1.89543123507676,0.033088918891297,0,6.3549
"T1_SARIMAX","Rumphi",2,"month","incidence",2023-10-01,2023-12-01,0,0,0,0,0,0,0,0,0,0,0,0,0,0,0,0,1,1,1,1,1,1,1,0,0,0,0,1,1,1,1,1,1,1,6.77227007762673,12,TRUE,3.62406233253523,2.41463664102486,0,1.20942569151037,14.7127
"T1_SARIMAX","Rumphi",3,"month","incidence",2023-10-01,2024-01-01,0,0,0,0,0,0,0,0,0,0,0,0,0,0,0,0,0,0,0,0,0,1,1,0,0,0,0,0,0,0,0,0,1,1,26.8027495226306,12,TRUE,16.4979792828198,3.02174129565079,0,13.476237987169,42.1179
"T1_SARIMAX","Salima",1,"month","incidence",2023-10-01,2023-11-01,0,1,1,1,1,1,1,1,1,1,1,1,1,1,1,1,1,1,1,1,1,1,1,0,0,0,0,0,0,0,0,0,0,1,32.6518031296332,12,TRUE,22.1431542579767,2.99362998969979,19.1495242682769,0,32.8825
"T1_SARIMAX","Salima",2,"month","incidence",2023-10-01,2023-12-01,0,1,1,1,1,1,1,1,1,1,1,1,1,1,1,1,1,1,1,1,1,1,1,0,0,0,0,0,0,0,0,0,0,1,39.8689128304662,12,TRUE,26.306720508184,3.94057355222707,22.3661469559569,0,24.7649
"T1_SARIMAX","Salima",3,"month","incidence",2023-10-01,2024-01-01,0,0,0,0,0,1,1,1,1,1,1,1,1,1,1,1,1,1,1,1,1,1,1,0,0,0,0,0,0,1,1,1,1,1,18.1978742922732,12,TRUE,9.63316668927468,4.50990333470471,5.12326335456997,0,66.5724
"T1_SARIMAX","Thyolo",1,"month","incidence",2023-10-01,2023-11-01,0,0,0,0,0,0,0,0,0,0,0,1,1,1,1,1,1,1,1,1,1,1,1,1,1,1,1,1,1,1,1,1,1,1,0.611372120555375,12,TRUE,1.068718938893,1.04213754234712,0.0265813965458859,0,11.4424
"T1_SARIMAX","Thyolo",2,"month","incidence",2023-10-01,2023-12-01,0,0,0,0,0,0,0,0,0,0,0,0,1,1,1,1,1,1,1,1,1,1,1,1,1,1,1,1,1,1,1,1,1,1,0.243307240261382,12,TRUE,1.48243318136697,1.47185460570343,0,0.0105785756635384,14.0918
"T1_SARIMAX","Thyolo",3,"month","incidence",2023-10-01,2024-01-01,0,0,0,0,0,0,0,0,0,0,0,0,0,0,0,0,0,0,0,1,1,1,1,0,0,0,0,0,0,0,1,1,1,1,9.94239798761762,12,TRUE,5.45947836386308,1.80503517182017,0,3.65444319204292,31.089
"T1_SARIMAX","Zomba",1,"month","incidence",2023-10-01,2023-11-01,0,0,0,0,0,1,1,1,1,1,1,1,1,1,1,1,1,1,1,1,1,1,1,0,0,0,0,0,0,1,1,1,1,1,6.77254734786208,12,TRUE,3.60052493994462,1.57176742146232,2.0287575184823,0,32.5181
"T1_SARIMAX","Zomba",2,"month","incidence",2023-10-01,2023-12-01,0,0,0,0,0,0,0,1,1,1,1,1,1,1,1,1,1,1,1,1,1,1,1,0,0,0,0,1,1,1,1,1,1,1,6.33479743166999,12,TRUE,3.46443217020834,2.07910889110071,1.38532327910764,0,34.4193
"T1_SARIMAX","Zomba",3,"month","incidence",2023-10-01,2024-01-01,0,0,0,0,0,0,0,0,0,0,0,0,0,0,0,0,1,1,1,1,1,1,1,0,0,0,0,1,1,1,1,1,1,1,7.31560823400661,12,TRUE,3.99568456538873,2.39016751188151,0,1.60551705350721,60.1061
"T1_SARIMAX","Balaka",1,"month","incidence",2023-11-01,2023-12-01,0,0,0,0,0,0,0,0,0,1,1,1,1,1,1,1,1,1,1,1,1,1,1,0,0,1,1,1,1,1,1,1,1,1,4.77648132663353,12,TRUE,3.45845371567922,2.87277125930727,0.585682456371943,0,12.9097
"T1_SARIMAX","Balaka",2,"month","incidence",2023-11-01,2024-01-01,0,0,0,0,0,0,0,0,0,0,0,0,1,1,1,1,1,1,1,1,1,1,1,1,1,1,1,1,1,1,1,1,1,1,1.72917445710259,12,TRUE,3.4010928476476,3.32591134951271,0,0.0751814981348953,20.3841
"T1_SARIMAX","Balaka",3,"month","incidence",2023-11-01,2024-02-01,0,0,0,0,0,0,0,0,0,0,0,0,0,0,0,0,1,1,1,1,1,1,1,0,0,0,0,1,1,1,1,1,1,1,9.93656051238462,12,TRUE,5.4622375425224,3.46563445737629,0,1.99660308514611,27.5886
"T1_SARIMAX","Blantyre",1,"month","incidence",2023-11-01,2023-12-01,0,0,0,0,0,0,1,1,1,1,1,1,1,1,1,1,1,1,1,1,1,1,1,0,0,0,0,0,1,1,1,1,1,1,4.70767889820039,12,TRUE,2.52230405817883,1.36234994635311,1.15995411182572,0,18.8145
"T1_SARIMAX","Blantyre",2,"month","incidence",2023-11-01,2024-01-01,0,0,0,0,0,0,0,0,0,0,0,0,0,0,0,0,0,0,0,1,1,1,1,0,0,0,0,0,0,0,1,1,1,1,8.97396473937524,12,TRUE,4.93155247073146,1.62243263685247,0,3.30911983387899,40.8281
"T1_SARIMAX","Blantyre",3,"month","incidence",2023-11-01,2024-02-01,0,0,0,0,0,0,0,0,1,1,1,1,1,1,1,1,1,1,1,1,1,1,1,0,0,0,1,1,1,1,1,1,1,1,4.24665634841497,12,TRUE,2.62259622255158,1.93315430298266,0.689441919568927,0,32.8736
"T1_SARIMAX","Chikwawa",1,"month","incidence",2023-11-01,2023-12-01,0,0,0,0,0,0,0,0,0,1,1,1,1,1,1,1,1,1,1,1,1,1,1,0,0,1,1,1,1,1,1,1,1,1,3.12424384832523,12,TRUE,2.27996530071166,1.89507228593312,0.384893014778541,0,12.8446
"T1_SARIMAX","Chikwawa",2,"month","incidence",2023-11-01,2024-01-01,0,0,0,0,0,0,0,0,0,0,1,1,1,1,1,1,1,1,1,1,1,1,1,0,1,1,1,1,1,1,1,1,1,1,2.47906795297782,12,TRUE,2.33522157304562,2.12061969397837,0.214601879067246,0,22.8446
"T1_SARIMAX","Chikwawa",3,"month","incidence",2023-11-01,2024-02-01,0,0,0,0,0,0,0,0,0,1,1,1,1,1,1,1,1,1,1,1,1,1,1,0,0,1,1,1,1,1,1,1,1,1,2.88335248357621,12,TRUE,2.55871032972376,2.28539904168628,0.273311288037489,0,35.8079
"T1_SARIMAX","Chiradzulu",1,"month","incidence",2023-11-01,2023-12-01,0,0,0,0,0,0,0,0,0,0,0,0,1,1,1,1,1,1,1,1,1,1,1,1,1,1,1,1,1,1,1,1,1,1,0.183214603173177,12,TRUE,1.49728685885542,1.48932100654354,0,0.00796585231187725,12.7126
"T1_SARIMAX","Chiradzulu",2,"month","incidence",2023-11-01,2024-01-01,0,0,0,0,0,0,0,0,0,0,0,0,0,0,0,0,0,0,0,0,0,0,0,0,0,0,0,0,0,0,0,0,0,0,27.0596535883862,12,TRUE,20.712691409943,1.80572624362703,0,18.906965166316,45.1365
"T1_SARIMAX","Chiradzulu",3,"month","incidence",2023-11-01,2024-02-01,0,0,0,0,0,0,0,0,0,0,0,0,0,0,0,0,0,0,0,0,1,1,1,0,0,0,0,0,0,0,0,1,1,1,12.3019719951662,12,TRUE,6.98069851163388,1.93135640779334,0,5.04934210384054,30.3838
"T1_SARIMAX","Chitipa",1,"month","incidence",2023-11-01,2023-12-01,0,0,0,0,0,0,0,0,0,0,0,0,1,1,1,1,1,1,1,1,1,1,1,1,1,1,1,1,1,1,1,1,1,1,0.0187106480739079,12,TRUE,1.77651616167815,1.77570265524016,0,0.000813506437995995,13.8956
"T1_SARIMAX","Chitipa",2,"month","incidence",2023-11-01,2024-01-01,0,0,0,0,0,0,0,0,0,0,0,0,0,0,0,0,0,0,0,0,1,1,1,0,0,0,0,0,0,0,0,1,1,1,16.2623801299194,12,TRUE,9.69352616115627,2.13301125454584,0,7.56051490661043,45.4402
"T1_SARIMAX","Chitipa",3,"month","incidence",2023-11-01,2024-02-01,0,0,0,0,0,0,0,0,0,0,0,0,1,1,1,1,1,1,1,1,1,1,1,1,1,1,1,1,1,1,1,1,1,1,0.721671571100984,12,TRUE,2.2954442858625,2.26406726103202,0,0.0313770248304776,24.6869
"T1_SARIMAX","Dedza",1,"month","incidence",2023-11-01,2023-12-01,0,0,0,0,0,0,0,0,0,0,0,0,0,0,1,1,1,1,1,1,1,1,1,0,0,1,1,1,1,1,1,1,1,1,1.44158683837609,12,TRUE,1.28976867516885,1.1550415216672,0,0.134727153501652,21.0507
"T1_SARIMAX","Dedza",2,"month","incidence",2023-11-01,2024-01-01,0,0,0,0,0,0,0,0,0,0,0,0,0,0,0,0,0,0,0,0,1,1,1,0,0,0,0,0,0,0,0,1,1,1,8.29361834235468,12,TRUE,4.71181905380231,1.30029830703361,0,3.4115207467687,43.6542
"T1_SARIMAX","Dedza",3,"month","incidence",2023-11-01,2024-02-01,0,0,1,1,1,1,1,1,1,1,1,1,1,1,1,1,1,1,1,1,1,1,1,0,0,0,0,0,0,0,0,0,1,1,11.4906614742745,12,TRUE,7.13744135995337,1.33646070581931,5.80098065413406,0,35.4321
"T1_SARIMAX","Dowa",1,"month","incidence",2023-11-01,2023-12-01,0,0,0,0,0,0,0,0,0,0,1,1,1,1,1,1,1,1,1,1,1,1,1,0,1,1,1,1,1,1,1,1,1,1,2.11285606227102,12,TRUE,2.41169640948544,2.25171190682744,0.159984502658003,0,19.6376
"T1_SARIMAX","Dowa",2,"month","incidence",2023-11-01,2024-01-01,0,0,0,0,0,0,0,0,0,0,0,0,0,0,0,0,0,0,0,0,1,1,1,0,0,0,0,0,0,0,0,1,1,1,21.2963904109572,12,TRUE,12.261091618436,3.18529475166016,0,9.07579686677582,53.0834
"T1_SARIMAX","Dowa",3,"month","incidence",2023-11-01,2024-02-01,0,0,0,0,0,0,0,0,0,0,0,0,1,1,1,1,1,1,1,1,1,1,1,1,1,1,1,1,1,1,1,1,1,1,1.36240254524489,12,TRUE,3.91740042718671,3.8581655339152,0,0.0592348932715171,28.4174
"T1_SARIMAX","Karonga",1,"month","incidence",2023-11-01,2023-12-01,1,1,1,1,1,1,1,1,1,1,1,1,1,1,1,1,1,1,1,1,1,1,1,0,0,0,0,0,0,0,0,0,0,0,16.7192718951858,12,TRUE,11.8242763241377,1.39406367055786,10.4302126535799,0,21.2279
"T1_SARIMAX","Karonga",2,"month","incidence",2023-11-01,2024-01-01,0,0,0,0,0,0,0,0,0,0,0,0,0,0,0,0,0,0,0,0,1,1,1,0,0,0,0,0,0,0,0,1,1,1,12.1131510847287,12,TRUE,7.14610342795722,1.65680827343557,0,5.48929515452165,52.7819
"T1_SARIMAX","Karonga",3,"month","incidence",2023-11-01,2024-02-01,0,0,0,0,0,0,0,0,0,0,0,0,0,0,0,0,0,0,0,0,0,1,1,0,0,0,0,0,0,0,0,0,1,1,17.4480037202696,12,TRUE,10.9348102961506,1.97432312225055,0,8.96048717390004,62.3448
"T1_SARIMAX","Kasungu",1,"month","incidence",2023-11-01,2023-12-01,0,0,0,0,0,0,0,0,0,0,0,1,1,1,1,1,1,1,1,1,1,1,1,1,1,1,1,1,1,1,1,1,1,1,0.876866806650227,12,TRUE,2.25171111778953,2.21358647402213,0.0381246437674012,0,25.1233
"T1_SARIMAX","Kasungu",2,"month","incidence",2023-11-01,2024-01-01,0,0,0,0,0,0,0,0,0,0,0,0,0,0,0,0,0,0,0,0,0,1,1,0,0,0,0,0,0,0,0,0,1,1,21.2347569715208,12,TRUE,12.6978928753085,2.74907036003856,0,9.9488225152699,71.8524
"T1_SARIMAX","Kasungu",3,"month","incidence",2023-11-01,2024-02-01,0,0,0,0,0,0,0,0,0,0,0,0,0,0,0,0,0,0,0,0,0,1,1,0,0,0,0,0,0,0,0,0,1,1,25.6635023710632,12,TRUE,15.4259215775134,3.27716339716724,0,12.1487581803461,72.0715
"T1_SARIMAX","Likoma",1,"month","incidence",2023-11-01,2023-12-01,0,0,0,0,0,0,0,0,0,0,1,1,1,1,1,1,1,1,1,1,1,1,1,0,1,1,1,1,1,1,1,1,1,1,2.08712517334702,12,TRUE,2.47193779663645,2.32495217485401,0.146985621782443,0,8.8778
"T1_SARIMAX","Likoma",2,"month","incidence",2023-11-01,2024-01-01,0,0,0,0,0,0,0,0,0,0,0,0,0,1,1,1,1,1,1,1,1,1,1,0,1,1,1,1,1,1,1,1,1,1,3.02780683921764,12,TRUE,3.38084405310509,3.15402168484438,0,0.226822368260709,18.8934
"T1_SARIMAX","Likoma",3,"month","incidence",2023-11-01,2024-02-01,0,0,0,0,0,0,0,1,1,1,1,1,1,1,1,1,1,1,1,1,1,1,1,0,0,0,0,1,1,1,1,1,1,1,10.7303953102283,12,TRUE,5.7409525947453,3.38089630566984,2.36005628907546,0,7.177
"T1_SARIMAX","Lilongwe",1,"month","incidence",2023-11-01,2023-12-01,0,0,0,0,0,0,0,0,0,0,0,0,0,1,1,1,1,1,1,1,1,1,1,0,1,1,1,1,1,1,1,1,1,1,1.29603985978975,12,TRUE,1.76442278234537,1.68170200803967,0,0.0827207743056955,17.8196
"T1_SARIMAX","Lilongwe",2,"month","incidence",2023-11-01,2024-01-01,0,0,0,0,0,0,0,0,0,0,0,0,0,0,0,0,0,0,0,0,1,1,1,0,0,0,0,0,0,0,0,1,1,1,12.7086996338437,12,TRUE,7.38658685236471,1.83990448733134,0,5.54668236503337,40.7313
"T1_SARIMAX","Lilongwe",3,"month","incidence",2023-11-01,2024-02-01,0,0,0,0,0,0,0,0,0,0,0,0,0,0,0,0,0,0,0,0,1,1,1,0,0,0,0,0,0,0,0,1,1,1,16.180821138232,12,TRUE,9.1756081693123,2.54739219466644,0,6.62821597464586,40.9069
"T1_SARIMAX","Machinga",1,"month","incidence",2023-11-01,2023-12-01,0,0,0,0,0,0,0,0,0,0,1,1,1,1,1,1,1,1,1,1,1,1,1,0,1,1,1,1,1,1,1,1,1,1,1.21281938904914,12,TRUE,1.73184745154209,1.65872016632626,0.0731272852158308,0,30.0548
"T1_SARIMAX","Machinga",2,"month","incidence",2023-11-01,2024-01-01,0,0,0,0,1,1,1,1,1,1,1,1,1,1,1,1,1,1,1,1,1,1,1,0,0,0,0,0,0,0,1,1,1,1,9.82371402290403,12,TRUE,5.30654078249202,1.93809274063419,3.36844804185782,0,33.464
"T1_SARIMAX","Machinga",3,"month","incidence",2023-11-01,2024-02-01,0,0,0,0,0,0,0,0,0,1,1,1,1,1,1,1,1,1,1,1,1,1,1,0,0,1,1,1,1,1,1,1,1,1,2.59341816704202,12,TRUE,2.30331666938323,2.05783509419461,0.245481575188618,0,37.8948
"T1_SARIMAX","Mangochi",1,"month","incidence",2023-11-01,2023-12-01,0,0,0,0,0,0,0,0,0,0,1,1,1,1,1,1,1,1,1,1,1,1,1,0,1,1,1,1,1,1,1,1,1,1,0.969586332162276,12,TRUE,1.34093291041013,1.28011512556197,0.0608177848481557,0,18.7193
"T1_SARIMAX","Mangochi",2,"month","incidence",2023-11-01,2024-01-01,0,0,0,0,0,0,0,0,0,1,1,1,1,1,1,1,1,1,1,1,1,1,1,0,0,1,1,1,1,1,1,1,1,1,2.35885422129497,12,TRUE,1.84035054438533,1.57047677071133,0.269873773674005,0,19.0843
"T1_SARIMAX","Mangochi",3,"month","incidence",2023-11-01,2024-02-01,0,0,0,0,0,0,0,0,0,0,0,0,0,1,1,1,1,1,1,1,1,1,1,0,1,1,1,1,1,1,1,1,1,1,1.493310533051,12,TRUE,1.80605192907878,1.69837238459797,0,0.107679544480814,20.8076
"T1_SARIMAX","Mchinji",1,"month","incidence",2023-11-01,2023-12-01,0,0,0,0,0,0,0,0,0,0,0,0,0,0,0,0,0,1,1,1,1,1,1,0,0,0,0,0,1,1,1,1,1,1,9.81756448504215,12,TRUE,5.30504545310472,3.06718020477032,0,2.2378652483344,50.2767
"T1_SARIMAX","Mchinji",2,"month","incidence",2023-11-01,2024-01-01,0,0,0,0,0,0,0,0,0,0,0,0,0,0,0,0,0,0,0,0,0,1,1,0,0,0,0,0,0,0,0,0,1,1,37.1537173193524,12,TRUE,23.0492643281034,4.33764784382847,0,18.7116164842749,95.2758
"T1_SARIMAX","Mchinji",3,"month","incidence",2023-11-01,2024-02-01,0,0,0,0,0,0,0,0,0,0,0,0,0,0,0,0,0,0,0,0,1,1,1,0,0,0,0,0,0,0,0,1,1,1,35.2183152607045,12,TRUE,20.2365256617195,5.3125119506317,0,14.9240137110878,94.274
"T1_SARIMAX","Mulanje",1,"month","incidence",2023-11-01,2023-12-01,0,0,0,0,0,1,1,1,1,1,1,1,1,1,1,1,1,1,1,1,1,1,1,0,0,0,0,0,0,1,1,1,1,1,9.52203487226392,12,TRUE,5.06236257552432,2.20908446886886,2.85327810665546,0,46.8129
"T1_SARIMAX","Mulanje",2,"month","incidence",2023-11-01,2024-01-01,0,0,0,0,0,0,0,0,0,0,0,0,1,1,1,1,1,1,1,1,1,1,1,1,1,1,1,1,1,1,1,1,1,1,0.0519312859521932,12,TRUE,2.42888166453118,2.42662378253326,0,0.00225788199792144,75.5844
"T1_SARIMAX","Mulanje",3,"month","incidence",2023-11-01,2024-02-01,0,0,0,0,0,0,0,0,0,0,0,0,0,0,0,0,1,1,1,1,1,1,1,0,0,0,0,1,1,1,1,1,1,1,8.38078965981664,12,TRUE,4.67354920691423,2.94085912654627,0,1.73269008036796,71.1155
"T1_SARIMAX","Mwanza",1,"month","incidence",2023-11-01,2023-12-01,0,0,0,0,0,0,0,1,1,1,1,1,1,1,1,1,1,1,1,1,1,1,1,0,0,0,0,1,1,1,1,1,1,1,9.87244781120367,12,TRUE,5.56252673640379,3.58485489390287,1.97767184250092,0,41.0541
"T1_SARIMAX","Mwanza",2,"month","incidence",2023-11-01,2024-01-01,0,0,0,0,0,0,0,0,0,0,0,0,0,0,0,0,0,1,1,1,1,1,1,0,0,0,0,0,1,1,1,1,1,1,19.6635812056491,12,TRUE,10.412077249786,5.069750410097,0,5.342326839689,97.552
"T1_SARIMAX","Mwanza",3,"month","incidence",2023-11-01,2024-02-01,0,0,0,0,0,0,0,0,0,0,0,0,0,0,0,0,0,1,1,1,1,1,1,0,0,0,0,0,1,1,1,1,1,1,22.4417686110688,12,TRUE,11.9604611170462,6.20234840845513,0,5.75811270859103,82.4126
"T1_SARIMAX","Mzimba",1,"month","incidence",2023-11-01,2023-12-01,0,0,0,0,0,0,0,0,0,0,0,0,0,0,0,0,0,1,1,1,1,1,1,0,0,0,0,0,1,1,1,1,1,1,5.72396778611313,12,TRUE,3.06309911674178,1.64210083712074,0,1.42099827962103,22.4239
"T1_SARIMAX","Mzimba",2,"month","incidence",2023-11-01,2024-01-01,0,0,0,0,0,0,0,0,0,0,0,0,0,0,0,0,0,0,0,0,1,1,1,0,0,0,0,0,0,0,0,1,1,1,13.9075427059027,12,TRUE,8.06976960768309,2.02594742030198,0,6.04382218738111,42.5472
"T1_SARIMAX","Mzimba",3,"month","incidence",2023-11-01,2024-02-01,0,0,0,0,0,0,0,0,0,0,0,0,0,0,0,0,0,0,0,0,1,1,1,0,0,0,0,0,0,0,0,1,1,1,16.8195462475632,12,TRUE,10.0308339435441,2.20132523454568,0,7.82950870899843,45.0465
"T1_SARIMAX","Neno",1,"month","incidence",2023-11-01,2023-12-01,0,0,0,0,0,0,0,0,0,0,0,0,0,0,0,0,0,1,1,1,1,1,1,0,0,0,0,0,1,1,1,1,1,1,17.3618292315961,12,TRUE,9.18303604783429,4.42479382725684,0,4.75824222057745,95.336
"T1_SARIMAX","Neno",2,"month","incidence",2023-11-01,2024-01-01,0,0,0,0,0,0,0,0,0,0,0,0,0,0,0,0,0,0,0,0,0,0,0,0,0,0,0,0,0,0,0,0,0,0,82.8623198289028,12,TRUE,64.7131193120602,5.16877711592758,0,59.5443421961326,209.6918
"T1_SARIMAX","Neno",3,"month","incidence",2023-11-01,2024-02-01,0,0,0,0,0,0,0,0,0,0,0,0,0,0,0,0,0,0,0,0,0,0,0,0,0,0,0,0,0,0,0,0,0,0,93.2010979324627,12,TRUE,72.4192247859537,5.91854557153092,0,66.5006792144228,179.2167
"T1_SARIMAX","Nkhatabay",1,"month","incidence",2023-11-01,2023-12-01,0,0,0,1,1,1,1,1,1,1,1,1,1,1,1,1,1,1,1,1,1,1,1,0,0,0,0,0,0,0,0,1,1,1,20.4131520938735,12,TRUE,11.8930072261765,2.92926493851036,8.9637422876661,0,69.2311
"T1_SARIMAX","Nkhatabay",2,"month","incidence",2023-11-01,2024-01-01,0,0,0,0,0,0,0,0,0,0,0,0,0,0,0,0,0,1,1,1,1,1,1,0,0,0,0,0,1,1,1,1,1,1,12.8135379466925,12,TRUE,6.86891058521609,3.72624778162353,0,3.14266280359257,100.5622
"T1_SARIMAX","Nkhatabay",3,"month","incidence",2023-11-01,2024-02-01,0,0,0,0,0,0,0,0,0,1,1,1,1,1,1,1,1,1,1,1,1,1,1,0,0,1,1,1,1,1,1,1,1,1,5.53336834021137,12,TRUE,4.70501686107842,4.14293851863077,0.562078342447647,0,80.7249
"T1_SARIMAX","Nkhotakota",1,"month","incidence",2023-11-01,2023-12-01,0,0,0,0,0,0,0,0,0,0,0,0,0,1,1,1,1,1,1,1,1,1,1,0,1,1,1,1,1,1,1,1,1,1,2.02141807671124,12,TRUE,2.48227662899452,2.33854435816002,0,0.143732270834501,43.9058
"T1_SARIMAX","Nkhotakota",2,"month","incidence",2023-11-01,2024-01-01,0,0,0,0,0,0,0,0,0,0,0,0,0,0,0,0,0,0,0,0,0,1,1,0,0,0,0,0,0,0,0,0,1,1,27.1847920397651,12,TRUE,16.6297126038596,3.30720114752098,0,13.3225114563386,75.3353
"T1_SARIMAX","Nkhotakota",3,"month","incidence",2023-11-01,2024-02-01,0,0,0,0,0,0,0,0,0,0,0,0,0,0,0,0,0,0,0,1,1,1,1,0,0,0,0,0,0,0,1,1,1,1,21.9116620528309,12,TRUE,11.9908125962073,4.0504776440867,0,7.94033495212063,66.8982
"T1_SARIMAX","Nsanje",1,"month","incidence",2023-11-01,2023-12-01,0,0,0,0,0,0,0,0,0,1,1,1,1,1,1,1,1,1,1,1,1,1,1,0,0,1,1,1,1,1,1,1,1,1,3.54464817719415,12,TRUE,2.53671351802156,2.08981370063193,0.446899817389629,0,16.1469
"T1_SARIMAX","Nsanje",2,"month","incidence",2023-11-01,2024-01-01,0,0,0,0,0,0,0,0,0,0,0,0,0,0,0,1,1,1,1,1,1,1,1,0,0,0,1,1,1,1,1,1,1,1,5.65242838826178,12,TRUE,3.39677042803735,2.43767114156393,0,0.959099286473423,29.3107
"T1_SARIMAX","Nsanje",3,"month","incidence",2023-11-01,2024-02-01,0,0,0,0,0,0,0,0,0,0,0,0,0,0,0,0,0,0,1,1,1,1,1,0,0,0,0,0,0,1,1,1,1,1,11.4264959740979,12,TRUE,6.07809125627662,2.54304503973218,0,3.53504621654444,32.6197
"T1_SARIMAX","Ntcheu",1,"month","incidence",2023-11-01,2023-12-01,0,0,0,0,0,0,0,0,0,0,0,0,0,0,0,1,1,1,1,1,1,1,1,0,0,0,1,1,1,1,1,1,1,1,3.93894281486036,12,TRUE,2.61736844842605,2.06166568714188,0,0.555702761284165,27.4152
"T1_SARIMAX","Ntcheu",2,"month","incidence",2023-11-01,2024-01-01,0,0,0,0,0,0,0,0,0,0,0,0,0,0,0,0,1,1,1,1,1,1,1,0,0,0,0,1,1,1,1,1,1,1,5.99971485066396,12,TRUE,3.490623031591,2.410952872378,0,1.079670159213,40.8064
"T1_SARIMAX","Ntcheu",3,"month","incidence",2023-11-01,2024-02-01,0,0,0,0,0,0,0,0,0,0,0,0,0,0,0,0,0,0,0,1,1,1,1,0,0,0,0,0,0,0,1,1,1,1,13.5246770281669,12,TRUE,7.38156632517644,2.5234047598907,0,4.85816156528574,36.6805
"T1_SARIMAX","Ntchisi",1,"month","incidence",2023-11-01,2023-12-01,0,0,0,0,0,0,0,0,0,0,0,0,0,0,0,0,0,0,0,0,0,0,1,0,0,0,0,0,0,0,0,0,0,1,29.4547637167235,12,TRUE,19.9631510148788,2.70515870817588,0,17.2579923067029,86.3023
"T1_SARIMAX","Ntchisi",2,"month","incidence",2023-11-01,2024-01-01,0,0,0,0,0,0,0,0,0,0,0,0,0,0,0,0,0,0,0,0,0,0,0,0,0,0,0,0,0,0,0,0,0,0,45.7744414860944,12,TRUE,35.1013990626638,3.0396147413963,0,32.0617843212675,115.499
"T1_SARIMAX","Ntchisi",3,"month","incidence",2023-11-01,2024-02-01,0,0,0,0,0,0,0,0,0,0,0,0,0,0,0,0,0,0,1,1,1,1,1,0,0,0,0,0,0,1,1,1,1,1,15.655559370996,12,TRUE,8.35969803487857,3.38004419700669,0,4.97965383787188,73.8749
"T1_SARIMAX","Phalombe",1,"month","incidence",2023-11-01,2023-12-01,0,0,0,0,0,0,0,0,1,1,1,1,1,1,1,1,1,1,1,1,1,1,1,0,0,0,1,1,1,1,1,1,1,1,2.48496896492008,12,TRUE,1.68949886766007,1.35627320113521,0.333225666524861,0,22.266
"T1_SARIMAX","Phalombe",2,"month","incidence",2023-11-01,2024-01-01,0,0,0,0,0,0,1,1,1,1,1,1,1,1,1,1,1,1,1,1,1,1,1,0,0,0,0,0,1,1,1,1,1,1,7.41639530084377,12,TRUE,3.92821743795221,1.9179457004446,2.01027173750761,0,30.7005
"T1_SARIMAX","Phalombe",3,"month","incidence",2023-11-01,2024-02-01,0,0,0,0,0,0,0,1,1,1,1,1,1,1,1,1,1,1,1,1,1,1,1,0,0,0,0,1,1,1,1,1,1,1,6.44397694404415,12,TRUE,3.63507117486509,2.34894751388309,1.286123660982,0,27.8924
"T1_SARIMAX","Rumphi",1,"month","incidence",2023-11-01,2023-12-01,0,0,0,0,0,0,0,0,0,0,0,0,0,0,0,0,0,1,1,1,1,1,1,0,0,0,0,0,1,1,1,1,1,1,6.90350295504223,12,TRUE,3.56059204673401,1.97536849522293,0,1.58522355151108,14.7127
"T1_SARIMAX","Rumphi",2,"month","incidence",2023-11-01,2024-01-01,0,0,0,0,0,0,0,0,0,0,0,0,0,0,0,0,0,0,0,0,0,1,1,0,0,0,0,0,0,0,0,0,1,1,26.5202888656518,12,TRUE,16.4712250479916,2.93108124240864,0,13.540143805583,42.1179
"T1_SARIMAX","Rumphi",3,"month","incidence",2023-11-01,2024-02-01,0,0,0,0,0,0,0,0,0,0,0,0,0,0,0,0,0,0,0,0,1,1,1,0,0,0,0,0,0,0,0,1,1,1,25.5954437266136,12,TRUE,14.3590283575643,3.19835719030988,0,11.1606711672544,35.2865
"T1_SARIMAX","Salima",1,"month","incidence",2023-11-01,2023-12-01,0,0,0,0,1,1,1,1,1,1,1,1,1,1,1,1,1,1,1,1,1,1,1,0,0,0,0,0,0,0,1,1,1,1,14.8344154007417,12,TRUE,8.18082517154248,2.63137024986238,5.5494549216801,0,24.7649
"T1_SARIMAX","Salima",2,"month","incidence",2023-11-01,2024-01-01,0,0,0,0,0,0,0,0,0,0,0,0,0,0,0,0,1,1,1,1,1,1,1,0,0,0,0,1,1,1,1,1,1,1,9.2366157022722,12,TRUE,5.27474346464029,3.50262827496545,0,1.77211518967484,66.5724
"T1_SARIMAX","Salima",3,"month","incidence",2023-11-01,2024-02-01,0,0,0,0,0,0,0,0,0,0,0,0,0,0,0,0,0,0,1,1,1,1,1,0,0,0,0,0,0,1,1,1,1,1,16.1845039592345,12,TRUE,8.55905739425009,4.0684236505598,0,4.49063374369029,64.9796
"T1_SARIMAX","Thyolo",1,"month","incidence",2023-11-01,2023-12-01,0,0,0,0,0,0,1,1,1,1,1,1,1,1,1,1,1,1,1,1,1,1,1,0,0,0,0,0,1,1,1,1,1,1,3.86059916228267,12,TRUE,2.0442523656887,0.995475683732297,1.0487766819564,0,14.0918
"T1_SARIMAX","Thyolo",2,"month","incidence",2023-11-01,2024-01-01,0,0,0,0,0,0,0,0,0,0,0,0,0,0,0,0,1,1,1,1,1,1,1,0,0,0,0,1,1,1,1,1,1,1,3.75337348330007,12,TRUE,2.13395434737765,1.40332270617071,0,0.730631641206941,31.089
"T1_SARIMAX","Thyolo",3,"month","incidence",2023-11-01,2024-02-01,0,0,0,0,0,0,0,0,0,0,0,0,0,0,0,0,0,0,0,1,1,1,1,0,0,0,0,0,0,0,1,1,1,1,8.50308284833948,12,TRUE,4.57084232221234,1.71687429762285,0,2.85396802458949,27.6586
"T1_SARIMAX","Zomba",1,"month","incidence",2023-11-01,2023-12-01,0,0,0,0,0,0,0,1,1,1,1,1,1,1,1,1,1,1,1,1,1,1,1,0,0,0,0,1,1,1,1,1,1,1,4.48897002763466,12,TRUE,2.51612014273895,1.60229744171375,0.913822701025206,0,34.4193
"T1_SARIMAX","Zomba",2,"month","incidence",2023-11-01,2024-01-01,0,0,0,0,0,0,0,0,0,0,0,0,0,0,0,0,0,1,1,1,1,1,1,0,0,0,0,0,1,1,1,1,1,1,6.9776842485794,12,TRUE,3.73590261436459,2.00600116504046,0,1.72990144932413,60.1061
"T1_SARIMAX","Zomba",3,"month","incidence",2023-11-01,2024-02-01,0,0,0,0,0,0,0,0,0,0,0,0,0,1,1,1,1,1,1,1,1,1,1,0,1,1,1,1,1,1,1,1,1,1,2.26490328026392,12,TRUE,2.5655434394507,2.39283657541574,0,0.172706864034956,44.046
"T1_SARIMAX","Balaka",1,"month","incidence",2023-12-01,2024-01-01,0,0,0,0,0,0,0,0,0,0,0,0,0,0,0,1,1,1,1,1,1,1,1,0,0,0,1,1,1,1,1,1,1,1,5.2693426915257,12,TRUE,3.43276770489386,2.69284651934799,0,0.739921185545874,20.3841
"T1_SARIMAX","Balaka",2,"month","incidence",2023-12-01,2024-02-01,0,0,0,0,0,0,0,0,0,0,0,0,0,0,0,0,1,1,1,1,1,1,1,0,0,0,0,1,1,1,1,1,1,1,12.2025887604245,12,TRUE,6.37790095281258,3.66268234005641,0,2.71521861275617,27.5886
"T1_SARIMAX","Balaka",3,"month","incidence",2023-12-01,2024-03-01,0,0,0,0,0,0,0,0,0,0,0,0,0,0,0,0,0,0,1,1,1,1,1,0,0,0,0,0,0,1,1,1,1,1,19.0324736854205,12,TRUE,9.52383418435681,4.25666799904708,0,5.26716618530973,33.3531
"T1_SARIMAX","Blantyre",1,"month","incidence",2023-12-01,2024-01-01,0,0,0,0,0,0,0,0,0,0,0,0,0,0,0,0,0,0,0,0,0,0,1,0,0,0,0,0,0,0,0,0,0,1,11.6613542552646,12,TRUE,7.64374924210622,1.17240394246227,0,6.47134529964395,40.8281
"T1_SARIMAX","Blantyre",2,"month","incidence",2023-12-01,2024-02-01,0,0,0,0,0,0,0,0,0,0,1,1,1,1,1,1,1,1,1,1,1,1,1,0,1,1,1,1,1,1,1,1,1,1,1.37143110639636,12,TRUE,1.53328383394334,1.42761601502298,0.105667818920356,0,32.8736
"T1_SARIMAX","Blantyre",3,"month","incidence",2023-12-01,2024-03-01,0,0,0,0,0,0,0,0,0,0,0,0,0,0,0,0,0,0,1,1,1,1,1,0,0,0,0,0,0,1,1,1,1,1,6.7315773341035,12,TRUE,3.558749502434,1.70043584621696,0,1.85831365621704,40.0125
"T1_SARIMAX","Chikwawa",1,"month","incidence",2023-12-01,2024-01-01,0,0,0,0,0,0,0,0,0,0,1,1,1,1,1,1,1,1,1,1,1,1,1,0,1,1,1,1,1,1,1,1,1,1,1.2296485932989,12,TRUE,1.94952618465381,1.88585212285702,0.0636740617967876,0,22.8446
"T1_SARIMAX","Chikwawa",2,"month","incidence",2023-12-01,2024-02-01,0,0,0,0,0,0,0,0,0,0,1,1,1,1,1,1,1,1,1,1,1,1,1,0,1,1,1,1,1,1,1,1,1,1,2.17691309307632,12,TRUE,2.27213132047541,2.09566094943666,0.176470371038756,0,35.8079
"T1_SARIMAX","Chikwawa",3,"month","incidence",2023-12-01,2024-03-01,0,0,1,1,1,1,1,1,1,1,1,1,1,1,1,1,1,1,1,1,1,1,1,0,0,0,0,0,0,0,0,0,1,1,18.6911881377865,12,TRUE,11.4664698525299,2.25543480357369,9.2110350489562,0,22.7385
"T1_SARIMAX","Chiradzulu",1,"month","incidence",2023-12-01,2024-01-01,0,0,0,0,0,0,0,0,0,0,0,0,0,0,0,0,0,0,0,0,0,0,0,0,0,0,0,0,0,0,0,0,0,0,25.2847064610795,12,TRUE,19.9089853311287,1.53097125861342,0,18.3780140725153,45.1365
"T1_SARIMAX","Chiradzulu",2,"month","incidence",2023-12-01,2024-02-01,0,0,0,0,0,0,0,0,0,0,0,0,0,0,0,0,0,0,0,1,1,1,1,0,0,0,0,0,0,0,1,1,1,1,9.47018760398977,12,TRUE,5.10744858621955,1.88265984327514,0,3.22478874294441,30.3838
"T1_SARIMAX","Chiradzulu",3,"month","incidence",2023-12-01,2024-03-01,0,0,0,0,0,0,0,0,0,0,0,0,0,0,0,0,0,0,0,0,0,0,0,0,0,0,0,0,0,0,0,0,0,0,23.9578369645869,12,TRUE,16.7782201143801,2.02094703854801,0,14.7572730758321,38.8543
"T1_SARIMAX","Chitipa",1,"month","incidence",2023-12-01,2024-01-01,0,0,0,0,0,0,0,0,0,0,0,0,0,0,0,0,0,0,0,0,0,1,1,0,0,0,0,0,0,0,0,0,1,1,15.8206930607397,12,TRUE,9.93142719768534,1.78084017810897,0,8.15058701957638,45.4402
"T1_SARIMAX","Chitipa",2,"month","incidence",2023-12-01,2024-02-01,0,0,0,0,0,0,0,0,0,0,0,1,1,1,1,1,1,1,1,1,1,1,1,1,1,1,1,1,1,1,1,1,1,1,0.0438908907125821,12,TRUE,2.11826404655948,2.11635574696328,0.00190829959619922,0,24.6869
"T1_SARIMAX","Chitipa",3,"month","incidence",2023-12-01,2024-03-01,0,0,0,0,0,0,0,0,0,0,0,0,0,0,0,0,0,0,0,0,0,0,1,0,0,0,0,0,0,0,0,0,0,1,21.2011564915823,12,TRUE,13.5734377577261,2.19487935859562,0,11.3785583991305,34.4534
"T1_SARIMAX","Dedza",1,"month","incidence",2023-12-01,2024-01-01,0,0,0,0,0,0,0,0,0,0,0,0,0,0,0,0,0,0,0,0,1,1,1,0,0,0,0,0,0,0,0,1,1,1,8.01909085391999,12,TRUE,4.66646593239337,1.15584314653191,0,3.51062278586146,43.6542
"T1_SARIMAX","Dedza",2,"month","incidence",2023-12-01,2024-02-01,0,0,1,1,1,1,1,1,1,1,1,1,1,1,1,1,1,1,1,1,1,1,1,0,0,0,0,0,0,0,0,0,1,1,10.938466082252,12,TRUE,6.73387007688292,1.30661387389111,5.42725620299182,0,35.4321
"T1_SARIMAX","Dedza",3,"month","incidence",2023-12-01,2024-03-01,0,0,0,0,0,0,0,0,0,0,0,0,0,0,0,0,0,1,1,1,1,1,1,0,0,0,0,0,1,1,1,1,1,1,4.72010315942577,12,TRUE,2.52490058385173,1.34551956709182,0,1.17938101675991,44.4445
"T1_SARIMAX","Dowa",1,"month","incidence",2023-12-01,2024-01-01,0,0,0,0,0,0,0,0,0,0,0,0,0,0,0,0,0,0,0,0,0,1,1,0,0,0,0,0,0,0,0,0,1,1,18.913192688239,12,TRUE,11.349544330993,2.42587778233191,0,8.92366654866112,53.0834
"T1_SARIMAX","Dowa",2,"month","incidence",2023-12-01,2024-02-01,0,0,0,0,0,0,0,0,0,0,0,0,0,0,1,1,1,1,1,1,1,1,1,0,0,1,1,1,1,1,1,1,1,1,4.58431380259442,12,TRUE,3.8563004957903,3.39033773122641,0,0.465962764563893,28.4174
"T1_SARIMAX","Dowa",3,"month","incidence",2023-12-01,2024-03-01,0,0,0,0,0,0,0,0,0,0,0,0,0,0,0,0,1,1,1,1,1,1,1,0,0,0,0,1,1,1,1,1,1,1,13.1583684553225,12,TRUE,6.93315458859152,3.99395616758231,0,2.93919842100921,31.8261
"T1_SARIMAX","Karonga",1,"month","incidence",2023-12-01,2024-01-01,0,0,0,0,0,0,0,0,0,0,0,0,0,0,0,0,0,0,0,0,0,0,0,0,0,0,0,0,0,0,0,0,0,0,23.8095594971307,12,TRUE,18.8800101139529,1.40390437694261,0,17.4761057370102,52.7819
"T1_SARIMAX","Karonga",2,"month","incidence",2023-12-01,2024-02-01,0,0,0,0,0,0,0,0,0,0,0,0,0,0,0,0,0,0,0,0,0,0,0,0,0,0,0,0,0,0,0,0,0,0,29.7686127039649,12,TRUE,23.6284570288582,1.74867736527965,0,21.8797796635786,62.3448
"T1_SARIMAX","Karonga",3,"month","incidence",2023-12-01,2024-03-01,0,0,0,0,0,0,0,0,0,0,0,0,0,0,0,0,0,1,1,1,1,1,1,0,0,0,0,0,1,1,1,1,1,1,8.0792504680495,12,TRUE,4.27844909747285,2.08503632078225,0,2.1934127766906,39.6643
"T1_SARIMAX","Kasungu",1,"month","incidence",2023-12-01,2024-01-01,0,0,0,0,0,0,0,0,0,0,0,0,0,0,0,0,0,0,0,0,0,0,1,0,0,0,0,0,0,0,0,0,0,1,23.648348031354,12,TRUE,16.033283094734,2.16975707013955,0,13.8635260245944,71.8524
"T1_SARIMAX","Kasungu",2,"month","incidence",2023-12-01,2024-02-01,0,0,0,0,0,0,0,0,0,0,0,0,0,0,0,0,0,0,0,0,0,0,1,0,0,0,0,0,0,0,0,0,0,1,28.3449807698086,12,TRUE,18.0190295053801,3.06849987564626,0,14.9505296297339,72.0715
"T1_SARIMAX","Kasungu",3,"month","incidence",2023-12-01,2024-03-01,0,0,0,0,0,0,0,0,0,0,0,0,0,0,0,0,0,0,0,0,0,0,0,0,0,0,0,0,0,0,0,0,0,0,45.3896105968913,12,TRUE,32.1905561597102,3.75504850051098,0,28.4355076591992,82.879
"T1_SARIMAX","Likoma",1,"month","incidence",2023-12-01,2024-01-01,0,0,0,0,0,0,0,0,0,0,0,0,0,0,0,1,1,1,1,1,1,1,1,0,0,0,1,1,1,1,1,1,1,1,4.6586807429757,12,TRUE,3.04481971075292,2.38838871049284,0,0.656431000260075,18.8934
"T1_SARIMAX","Likoma",2,"month","incidence",2023-12-01,2024-02-01,0,0,0,0,0,0,1,1,1,1,1,1,1,1,1,1,1,1,1,1,1,1,1,0,0,0,0,0,1,1,1,1,1,1,10.5812247779046,12,TRUE,5.62065235979895,3.19550507444953,2.42514728534942,0,7.177
"T1_SARIMAX","Likoma",3,"month","incidence",2023-12-01,2024-03-01,0,0,0,0,0,0,0,0,0,1,1,1,1,1,1,1,1,1,1,1,1,1,1,0,0,1,1,1,1,1,1,1,1,1,5.05920398399732,12,TRUE,4.00916718008884,3.45301294392454,0.556154236164298,0,16.5624
"T1_SARIMAX","Lilongwe",1,"month","incidence",2023-12-01,2024-01-01,0,0,0,0,0,0,0,0,0,0,0,0,0,0,0,0,0,0,0,0,1,1,1,0,0,0,0,0,0,0,0,1,1,1,9.5919129036926,12,TRUE,5.45091270670046,1.50247453472635,0,3.94843817197411,40.7313
"T1_SARIMAX","Lilongwe",2,"month","incidence",2023-12-01,2024-02-01,0,0,0,0,0,0,0,0,0,0,0,0,0,0,0,0,0,0,1,1,1,1,1,0,0,0,0,0,0,1,1,1,1,1,8.62503687312903,12,TRUE,4.61243449069619,1.81468006067772,0,2.79775443001847,40.9069
"T1_SARIMAX","Lilongwe",3,"month","incidence",2023-12-01,2024-03-01,0,0,0,0,0,0,0,0,0,0,0,0,0,1,1,1,1,1,1,1,1,1,1,0,1,1,1,1,1,1,1,1,1,1,2.81833127459502,12,TRUE,2.68198580007263,2.43948501540295,0,0.242500784669678,34.8457
"T1_SARIMAX","Machinga",1,"month","incidence",2023-12-01,2024-01-01,0,0,0,0,1,1,1,1,1,1,1,1,1,1,1,1,1,1,1,1,1,1,1,0,0,0,0,0,0,0,1,1,1,1,7.80275390998243,12,TRUE,4.24094427422045,1.49344428984465,2.7474999843758,0,33.464
"T1_SARIMAX","Machinga",2,"month","incidence",2023-12-01,2024-02-01,0,0,0,0,0,0,0,0,0,1,1,1,1,1,1,1,1,1,1,1,1,1,1,0,0,1,1,1,1,1,1,1,1,1,2.65465374136043,12,TRUE,2.07424630744983,1.77110070839419,0.303145599055634,0,37.8948
"T1_SARIMAX","Machinga",3,"month","incidence",2023-12-01,2024-03-01,0,0,0,0,0,0,0,0,0,0,1,1,1,1,1,1,1,1,1,1,1,1,1,0,1,1,1,1,1,1,1,1,1,1,1.98296398275306,12,TRUE,2.03484123577881,1.87220896300038,0.162632272778429,0,38.7099
"T1_SARIMAX","Mangochi",1,"month","incidence",2023-12-01,2024-01-01,0,0,0,0,0,0,0,0,1,1,1,1,1,1,1,1,1,1,1,1,1,1,1,0,0,0,1,1,1,1,1,1,1,1,2.62753520381089,12,TRUE,1.55010560287038,1.0906253044996,0.459480298370779,0,19.0843
"T1_SARIMAX","Mangochi",2,"month","incidence",2023-12-01,2024-02-01,0,0,0,0,0,0,0,0,0,0,0,0,0,1,1,1,1,1,1,1,1,1,1,0,1,1,1,1,1,1,1,1,1,1,0.880818046405377,12,TRUE,1.46945709893666,1.42779127600388,0,0.0416658229327809,20.8076
"T1_SARIMAX","Mangochi",3,"month","incidence",2023-12-01,2024-03-01,0,0,0,0,0,0,0,0,0,0,0,1,1,1,1,1,1,1,1,1,1,1,1,1,1,1,1,1,1,1,1,1,1,1,0.0437251477400871,12,TRUE,1.62817099400869,1.62626990062868,0.00190109338000379,0,20.2005
"T1_SARIMAX","Mchinji",1,"month","incidence",2023-12-01,2024-01-01,0,0,0,0,0,0,0,0,0,0,0,0,0,0,0,0,0,0,0,0,0,1,1,0,0,0,0,0,0,0,0,0,1,1,26.3690927066846,12,TRUE,16.7188837290241,2.87416507407124,0,13.8447186549529,95.2758
"T1_SARIMAX","Mchinji",2,"month","incidence",2023-12-01,2024-02-01,0,0,0,0,0,0,0,0,0,0,0,0,0,0,0,0,0,0,0,1,1,1,1,0,0,0,0,0,0,0,1,1,1,1,23.5690104980033,12,TRUE,13.0636276975338,4.06468322825062,0,8.99894446928323,94.274
"T1_SARIMAX","Mchinji",3,"month","incidence",2023-12-01,2024-03-01,0,0,0,0,0,0,0,0,0,0,0,1,1,1,1,1,1,1,1,1,1,1,1,1,1,1,1,1,1,1,1,1,1,1,1.25909408483469,12,TRUE,5.03294315871112,4.97819993763135,0.054743221079769,0,67.805
"T1_SARIMAX","Mulanje",1,"month","incidence",2023-12-01,2024-01-01,0,0,0,0,0,0,0,0,0,0,0,0,0,0,0,1,1,1,1,1,1,1,1,0,0,0,1,1,1,1,1,1,1,1,4.07646841306753,12,TRUE,2.71988753306816,2.14983101725214,0,0.570056515816027,75.5844
"T1_SARIMAX","Mulanje",2,"month","incidence",2023-12-01,2024-02-01,0,0,0,0,0,0,0,0,0,0,0,0,0,0,0,0,0,0,0,1,1,1,1,0,0,0,0,0,0,0,1,1,1,1,14.5388288872162,12,TRUE,8.0566727236734,2.51049128571766,0,5.54618143795573,71.1155
"T1_SARIMAX","Mulanje",3,"month","incidence",2023-12-01,2024-03-01,0,0,0,0,0,0,0,0,0,1,1,1,1,1,1,1,1,1,1,1,1,1,1,0,0,1,1,1,1,1,1,1,1,1,3.60880178245832,12,TRUE,3.31716404735988,2.99607313008081,0.321090917279068,0,59.2218
"T1_SARIMAX","Mwanza",1,"month","incidence",2023-12-01,2024-01-01,0,0,0,0,0,0,0,0,0,0,0,0,0,0,0,0,0,0,0,0,0,1,1,0,0,0,0,0,0,0,0,0,1,1,30.2080352000019,12,TRUE,19.1592639429729,3.28898912026582,0,15.870274822707,97.552
"T1_SARIMAX","Mwanza",2,"month","incidence",2023-12-01,2024-02-01,0,0,0,0,0,0,0,0,0,0,0,0,0,0,0,0,0,0,0,0,1,1,1,0,0,0,0,0,0,0,0,1,1,1,29.03392073189,12,TRUE,16.3866050569799,4.65133302037748,0,11.7352720366025,82.4126
"T1_SARIMAX","Mwanza",3,"month","incidence",2023-12-01,2024-03-01,0,0,0,0,0,0,0,0,0,0,0,0,0,0,0,0,0,0,0,0,1,1,1,0,0,0,0,0,0,0,0,1,1,1,42.4624128698275,12,TRUE,25.1479620865853,5.67283284233055,0,19.4751292442548,89.823
"T1_SARIMAX","Mzimba",1,"month","incidence",2023-12-01,2024-01-01,0,0,0,0,0,0,0,0,0,0,0,0,0,0,0,0,0,0,0,1,1,1,1,0,0,0,0,0,0,0,1,1,1,1,9.53895213145147,12,TRUE,5.28021289906677,1.65732796607631,0,3.62288493299046,42.5472
"T1_SARIMAX","Mzimba",2,"month","incidence",2023-12-01,2024-02-01,0,0,0,0,0,0,0,0,0,0,0,0,0,0,0,0,0,0,0,0,1,1,1,0,0,0,0,0,0,0,0,1,1,1,13.8896593757848,12,TRUE,8.02413059553454,2.05567203747105,0,5.96845855806349,45.0465
"T1_SARIMAX","Mzimba",3,"month","incidence",2023-12-01,2024-03-01,0,0,0,0,0,0,0,0,0,0,0,0,0,0,0,0,0,0,1,1,1,1,1,0,0,0,0,0,0,1,1,1,1,1,10.8800034765265,12,TRUE,5.82500569246587,2.2429774540417,0,3.58202823842417,49.775
"T1_SARIMAX","Neno",1,"month","incidence",2023-12-01,2024-01-01,0,0,0,0,0,0,0,0,0,0,0,0,0,0,0,0,0,0,0,0,0,0,0,0,0,0,0,0,0,0,0,0,0,0,63.8705100469902,12,TRUE,48.1524486340414,4.47640412934994,0,43.6760445046914,209.6918
"T1_SARIMAX","Neno",2,"month","incidence",2023-12-01,2024-02-01,0,0,0,0,0,0,0,0,0,0,0,0,0,0,0,0,0,0,0,0,0,0,0,0,0,0,0,0,0,0,0,0,0,0,74.9987833568516,12,TRUE,55.9157509009079,5.43472652524007,0,50.4810243756678,179.2167
"T1_SARIMAX","Neno",3,"month","incidence",2023-12-01,2024-03-01,0,0,0,0,0,0,0,0,0,0,0,0,0,0,0,0,0,0,0,0,0,0,1,0,0,0,0,0,0,0,0,0,0,1,67.1722648283159,12,TRUE,44.7531563815697,6.47101099571143,0,38.2821453858583,176.6979
"T1_SARIMAX","Nkhatabay",1,"month","incidence",2023-12-01,2024-01-01,0,0,0,0,0,0,0,0,0,0,0,0,0,0,0,0,0,0,0,0,0,0,1,0,0,0,0,0,0,0,0,0,0,1,29.106068047467,12,TRUE,19.0443901787897,2.93951134447331,0,16.1048788343164,100.5622
"T1_SARIMAX","Nkhatabay",2,"month","incidence",2023-12-01,2024-02-01,0,0,0,0,0,0,0,0,0,0,0,0,0,0,0,1,1,1,1,1,1,1,1,0,0,0,1,1,1,1,1,1,1,1,7.486729391964,12,TRUE,4.86987255998777,3.76607322711604,0,1.10379933287172,80.7249
"T1_SARIMAX","Nkhatabay",3,"month","incidence",2023-12-01,2024-03-01,0,0,0,0,0,0,0,0,0,0,0,0,1,1,1,1,1,1,1,1,1,1,1,1,1,1,1,1,1,1,1,1,1,1,1.79658617143789,12,TRUE,4.28983264910438,4.21172020686795,0,0.0781124422364302,76.462
"T1_SARIMAX","Nkhotakota",1,"month","incidence",2023-12-01,2024-01-01,0,0,0,0,0,0,0,0,0,0,0,0,0,0,0,0,0,0,0,0,0,0,1,0,0,0,0,0,0,0,0,0,0,1,25.245261465353,12,TRUE,17.0554070180383,2.33991537237143,0,14.7154916456669,75.3353
"T1_SARIMAX","Nkhotakota",2,"month","incidence",2023-12-01,2024-02-01,0,0,0,0,0,0,0,0,0,0,0,0,0,0,0,0,0,0,0,0,1,1,1,0,0,0,0,0,0,0,0,1,1,1,19.9508394817347,12,TRUE,11.1369648099156,3.30914005441296,0,7.82782475550265,66.8982
"T1_SARIMAX","Nkhotakota",3,"month","incidence",2023-12-01,2024-03-01,0,0,0,0,0,0,0,0,0,0,0,0,0,0,0,0,0,0,1,1,1,1,1,0,0,0,0,0,0,1,1,1,1,1,18.7640025426345,12,TRUE,10.0192880457729,4.05285231035876,0,5.96643573541415,65.1538
"T1_SARIMAX","Nsanje",1,"month","incidence",2023-12-01,2024-01-01,0,0,0,0,0,0,0,0,0,0,0,0,0,0,0,0,0,1,1,1,1,1,1,0,0,0,0,0,1,1,1,1,1,1,7.96085154327687,12,TRUE,4.22047847585943,2.08320715011417,0,2.13727132574527,29.3107
"T1_SARIMAX","Nsanje",2,"month","incidence",2023-12-01,2024-02-01,0,0,0,0,0,0,0,0,0,0,0,0,0,0,0,0,0,0,0,1,1,1,1,0,0,0,0,0,0,0,1,1,1,1,13.2586302357967,12,TRUE,7.24341888417379,2.43561842349792,0,4.80780046067587,32.6197
"T1_SARIMAX","Nsanje",3,"month","incidence",2023-12-01,2024-03-01,0,0,0,0,0,0,0,0,0,0,0,0,0,0,0,0,0,0,0,0,1,1,1,0,0,0,0,0,0,0,0,1,1,1,17.1083360487295,12,TRUE,9.81743666134409,2.55366425682007,0,7.26377240452403,36.314
"T1_SARIMAX","Ntcheu",1,"month","incidence",2023-12-01,2024-01-01,0,0,0,0,0,0,0,0,0,0,0,0,0,0,1,1,1,1,1,1,1,1,1,0,0,1,1,1,1,1,1,1,1,1,2.79957200341096,12,TRUE,2.33712623215431,2.04481460182996,0,0.292311630324346,40.8064
"T1_SARIMAX","Ntcheu",2,"month","incidence",2023-12-01,2024-02-01,0,0,0,0,0,0,0,0,0,0,0,0,0,0,0,0,0,0,1,1,1,1,1,0,0,0,0,0,0,1,1,1,1,1,10.7598233175079,12,TRUE,5.73085375207806,2.42067114914837,0,3.31018260292969,36.6805
"T1_SARIMAX","Ntcheu",3,"month","incidence",2023-12-01,2024-03-01,0,0,0,0,0,0,0,0,0,0,0,0,0,0,1,1,1,1,1,1,1,1,1,0,0,1,1,1,1,1,1,1,1,1,4.52858929711554,12,TRUE,3.14609697569852,2.55716162121163,0,0.588935354486899,38.7364
"T1_SARIMAX","Ntchisi",1,"month","incidence",2023-12-01,2024-01-01,0,0,0,0,0,0,0,0,0,0,0,0,0,0,0,0,0,0,0,0,0,0,1,0,0,0,0,0,0,0,0,0,0,1,30.2562925621438,12,TRUE,20.3482815527308,2.84048834916776,0,17.507793203563,115.499
"T1_SARIMAX","Ntchisi",2,"month","incidence",2023-12-01,2024-02-01,0,0,0,0,0,0,0,0,0,0,0,1,1,1,1,1,1,1,1,1,1,1,1,1,1,1,1,1,1,1,1,1,1,1,1.3216712562612,12,TRUE,3.26780405359999,3.21034008593646,0.0574639676635303,0,73.8749
"T1_SARIMAX","Ntchisi",3,"month","incidence",2023-12-01,2024-03-01,0,0,0,0,0,0,0,0,0,0,0,0,0,0,1,1,1,1,1,1,1,1,1,0,0,1,1,1,1,1,1,1,1,1,6.21772941291707,12,TRUE,4.38950360237606,3.59369426613959,0,0.79580933623647,78.3745
"T1_SARIMAX","Phalombe",1,"month","incidence",2023-12-01,2024-01-01,0,0,0,0,0,0,1,1,1,1,1,1,1,1,1,1,1,1,1,1,1,1,1,0,0,0,0,0,1,1,1,1,1,1,5.05148984893789,12,TRUE,2.68154383157865,1.33623263992087,1.34531119165778,0,30.7005
"T1_SARIMAX","Phalombe",2,"month","incidence",2023-12-01,2024-02-01,0,0,0,0,0,0,0,0,1,1,1,1,1,1,1,1,1,1,1,1,1,1,1,0,0,0,1,1,1,1,1,1,1,1,4.36192011133684,12,TRUE,2.62768464857055,1.88956560913915,0.738119039431405,0,27.8924
"T1_SARIMAX","Phalombe",3,"month","incidence",2023-12-01,2024-03-01,0,0,0,0,0,0,0,0,0,0,1,1,1,1,1,1,1,1,1,1,1,1,1,0,1,1,1,1,1,1,1,1,1,1,2.16882724196197,12,TRUE,2.47838284300677,2.31417344069869,0.164209402308088,0,26.8682
"T1_SARIMAX","Rumphi",1,"month","incidence",2023-12-01,2024-01-01,0,0,0,0,0,0,0,0,0,0,0,0,0,0,0,0,0,0,0,0,1,1,1,0,0,0,0,0,0,0,0,1,1,1,16.6207264535683,12,TRUE,9.8511773990682,2.23130829387598,0,7.61986910519222,42.1179
"T1_SARIMAX","Rumphi",2,"month","incidence",2023-12-01,2024-02-01,0,0,0,0,0,0,0,0,0,0,0,0,0,0,0,0,0,0,0,0,1,1,1,0,0,0,0,0,0,0,0,1,1,1,23.8808760915108,12,TRUE,13.9589057103961,2.90515180378283,0,11.0537539066133,35.2865
"T1_SARIMAX","Rumphi",3,"month","incidence",2023-12-01,2024-03-01,0,0,0,0,0,0,0,0,0,0,0,0,0,0,0,0,0,0,0,0,1,1,1,0,0,0,0,0,0,0,0,1,1,1,26.7258577391403,12,TRUE,14.9476556728202,3.27380497175286,0,11.6738507010674,36.0498
"T1_SARIMAX","Salima",1,"month","incidence",2023-12-01,2024-01-01,0,0,0,0,0,0,0,0,0,0,0,0,0,0,0,0,0,1,1,1,1,1,1,0,0,0,0,0,1,1,1,1,1,1,10.0309226922854,12,TRUE,5.31051052876525,2.58133310704185,0,2.72917742172341,66.5724
"T1_SARIMAX","Salima",2,"month","incidence",2023-12-01,2024-02-01,0,0,0,0,0,0,0,0,0,0,0,0,0,0,0,1,1,1,1,1,1,1,1,0,0,0,1,1,1,1,1,1,1,1,7.42463659639638,12,TRUE,4.49641646674098,3.25077547947334,0,1.24564098726764,64.9796
"T1_SARIMAX","Salima",3,"month","incidence",2023-12-01,2024-03-01,0,0,0,0,0,0,1,1,1,1,1,1,1,1,1,1,1,1,1,1,1,1,1,0,0,0,0,0,1,1,1,1,1,1,13.7268381105597,12,TRUE,7.27945095344846,3.59416406315091,3.68528689029756,0,56.3799
"T1_SARIMAX","Thyolo",1,"month","incidence",2023-12-01,2024-01-01,0,0,0,0,0,0,0,0,0,0,0,0,0,0,0,0,0,0,0,0,1,1,1,0,0,0,0,0,0,0,0,1,1,1,6.99002633763254,12,TRUE,4.07015276974223,1.00520738051437,0,3.06494538922786,31.089
"T1_SARIMAX","Thyolo",2,"month","incidence",2023-12-01,2024-02-01,0,0,0,0,0,0,0,0,0,0,0,0,0,0,0,0,0,0,0,0,0,1,1,0,0,0,0,0,0,0,0,0,1,1,11.2798872093285,12,TRUE,6.81609180317523,1.42002010314875,0,5.39607170002648,27.6586
"T1_SARIMAX","Thyolo",3,"month","incidence",2023-12-01,2024-03-01,0,0,0,0,0,0,0,0,0,0,0,0,0,0,0,0,0,0,1,1,1,1,1,0,0,0,0,0,0,1,1,1,1,1,7.09908071854619,12,TRUE,3.75285712563388,1.73042589219358,0,2.02243123344029,21.2841
"T1_SARIMAX","Zomba",1,"month","incidence",2023-12-01,2024-01-01,0,0,0,0,0,0,0,0,0,0,0,0,0,0,0,0,0,0,0,0,1,1,1,0,0,0,0,0,0,0,0,1,1,1,11.3356925835201,12,TRUE,6.6470856888263,1.58747216122083,0,5.05961352760547,60.1061
"T1_SARIMAX","Zomba",2,"month","incidence",2023-12-01,2024-02-01,0,0,0,0,0,0,0,0,0,0,0,0,0,0,0,0,0,1,1,1,1,1,1,0,0,0,0,0,1,1,1,1,1,1,7.22978541663692,12,TRUE,3.90385866936858,2.24438713416405,0,1.65947153520453,44.046
"T1_SARIMAX","Zomba",3,"month","incidence",2023-12-01,2024-03-01,0,0,0,0,0,0,0,0,0,0,0,0,0,0,0,0,0,0,0,0,0,1,1,0,0,0,0,0,0,0,0,0,1,1,21.8727091131118,12,TRUE,13.2258289998861,2.74854131273477,0,10.4772876871514,61.0412
"T1_SARIMAX","Balaka",1,"month","incidence",2024-01-01,2024-02-01,0,0,0,0,0,0,0,0,0,0,0,0,0,0,0,0,0,0,1,1,1,1,1,0,0,0,0,0,0,1,1,1,1,1,9.52723003851241,12,TRUE,5.04514227719858,2.25448984788235,0,2.79065242931622,27.5886
"T1_SARIMAX","Balaka",2,"month","incidence",2024-01-01,2024-03-01,0,0,0,0,0,0,0,0,0,0,0,0,0,0,0,0,0,0,0,1,1,1,1,0,0,0,0,0,0,0,1,1,1,1,15.1057391081911,12,TRUE,8.18914417786267,2.80468638873614,0,5.38445778912653,33.3531
"T1_SARIMAX","Balaka",3,"month","incidence",2024-01-01,2024-04-01,0,0,0,0,0,0,0,0,0,0,0,0,0,0,0,0,0,0,0,0,0,1,1,0,0,0,0,0,0,0,0,0,1,1,26.927325810231,12,TRUE,16.6522426933688,3.09221997818489,0,13.5600227151839,46.7179
"T1_SARIMAX","Blantyre",1,"month","incidence",2024-01-01,2024-02-01,0,0,0,1,1,1,1,1,1,1,1,1,1,1,1,1,1,1,1,1,1,1,1,0,0,0,0,0,0,0,0,1,1,1,8.85932605929182,12,TRUE,5.22192018465279,1.21597758970702,4.00594259494577,0,32.8736
"T1_SARIMAX","Blantyre",2,"month","incidence",2024-01-01,2024-03-01,0,0,0,0,0,0,0,0,0,1,1,1,1,1,1,1,1,1,1,1,1,1,1,0,0,1,1,1,1,1,1,1,1,1,2.28857955651089,12,TRUE,1.70928101786787,1.43349626359775,0.275784754270117,0,40.0125
"T1_SARIMAX","Blantyre",3,"month","incidence",2024-01-01,2024-04-01,0,0,0,0,0,0,0,0,0,0,0,0,0,0,0,0,0,0,0,1,1,1,1,0,0,0,0,0,0,0,1,1,1,1,8.34734540559952,12,TRUE,4.47364956762663,1.70916732860825,0,2.76448223901838,51.7175
"T1_SARIMAX","Chikwawa",1,"month","incidence",2024-01-01,2024-02-01,0,0,0,0,0,0,0,0,0,0,0,1,1,1,1,1,1,1,1,1,1,1,1,1,1,1,1,1,1,1,1,1,1,1,0.59062352039146,12,TRUE,1.90740524298811,1.88172595949283,0.0256792834952809,0,35.8079
"T1_SARIMAX","Chikwawa",2,"month","incidence",2024-01-01,2024-03-01,0,0,1,1,1,1,1,1,1,1,1,1,1,1,1,1,1,1,1,1,1,1,1,0,0,0,0,0,0,0,0,0,1,1,17.2307010409879,12,TRUE,10.5442589730349,2.09409632005029,8.45016265298462,0,22.7385
"T1_SARIMAX","Chikwawa",3,"month","incidence",2024-01-01,2024-04-01,0,0,0,0,0,1,1,1,1,1,1,1,1,1,1,1,1,1,1,1,1,1,1,0,0,0,0,0,0,1,1,1,1,1,10.2640050489943,12,TRUE,5.47489060783007,2.25639863239642,3.21849197543365,0,33.6684
"T1_SARIMAX","Chiradzulu",1,"month","incidence",2024-01-01,2024-02-01,0,0,0,1,1,1,1,1,1,1,1,1,1,1,1,1,1,1,1,1,1,1,1,0,0,0,0,0,0,0,0,1,1,1,11.8697432689824,12,TRUE,6.88762494413641,1.72884250132772,5.15878244280869,0,30.3838
"T1_SARIMAX","Chiradzulu",2,"month","incidence",2024-01-01,2024-03-01,0,0,0,0,0,0,0,0,0,0,0,0,0,1,1,1,1,1,1,1,1,1,1,0,1,1,1,1,1,1,1,1,1,1,1.7882799358628,12,TRUE,2.2396799478927,2.11488684781553,0,0.124793100077162,38.8543
"T1_SARIMAX","Chiradzulu",3,"month","incidence",2024-01-01,2024-04-01,0,0,0,0,0,0,0,0,0,0,0,0,0,0,1,1,1,1,1,1,1,1,1,0,0,1,1,1,1,1,1,1,1,1,3.74105040763578,12,TRUE,2.87637272263659,2.4406139317248,0,0.435758790911791,43.453
"T1_SARIMAX","Chitipa",1,"month","incidence",2024-01-01,2024-02-01,0,0,0,1,1,1,1,1,1,1,1,1,1,1,1,1,1,1,1,1,1,1,1,0,0,0,0,0,0,0,0,1,1,1,12.7221317977426,12,TRUE,7.4396580927783,1.80034936209252,5.63930873068578,0,24.6869
"T1_SARIMAX","Chitipa",2,"month","incidence",2024-01-01,2024-03-01,0,0,0,0,0,0,0,0,0,0,0,0,0,0,0,0,0,1,1,1,1,1,1,0,0,0,0,0,1,1,1,1,1,1,6.96169506822212,12,TRUE,3.76253693177391,2.17846131742109,0,1.58407561435282,34.4534
"T1_SARIMAX","Chitipa",3,"month","incidence",2024-01-01,2024-04-01,0,0,0,0,0,0,0,0,0,0,0,0,0,0,0,0,0,0,0,1,1,1,1,0,0,0,0,0,0,0,1,1,1,1,12.16933959388,12,TRUE,6.62765812520373,2.30561678147621,0,4.32204134372752,46.4572
"T1_SARIMAX","Dedza",1,"month","incidence",2024-01-01,2024-02-01,1,1,1,1,1,1,1,1,1,1,1,1,1,1,1,1,1,1,1,1,1,1,1,0,0,0,0,0,0,0,0,0,0,0,14.758144953304,12,TRUE,10.8694870295906,1.10746509572738,9.76202193386323,0,35.4321
"T1_SARIMAX","Dedza",2,"month","incidence",2024-01-01,2024-03-01,0,0,0,0,0,0,0,0,1,1,1,1,1,1,1,1,1,1,1,1,1,1,1,0,0,0,1,1,1,1,1,1,1,1,2.16372252317809,12,TRUE,1.47453369180098,1.1859483929808,0.288585298820182,0,44.4445
"T1_SARIMAX","Dedza",3,"month","incidence",2024-01-01,2024-04-01,0,0,0,0,1,1,1,1,1,1,1,1,1,1,1,1,1,1,1,1,1,1,1,0,0,0,0,0,0,0,1,1,1,1,6.95597520534005,12,TRUE,3.8138599512234,1.27296583655542,2.54089411466798,0,34.6873
"T1_SARIMAX","Dowa",1,"month","incidence",2024-01-01,2024-02-01,0,0,0,0,1,1,1,1,1,1,1,1,1,1,1,1,1,1,1,1,1,1,1,0,0,0,0,0,0,0,1,1,1,1,14.5858049376393,12,TRUE,8.12550341870138,2.443210955338,5.68229246336338,0,28.4174
"T1_SARIMAX","Dowa",2,"month","incidence",2024-01-01,2024-03-01,0,0,0,0,0,0,0,0,0,1,1,1,1,1,1,1,1,1,1,1,1,1,1,0,0,1,1,1,1,1,1,1,1,1,5.96107914263734,12,TRUE,4.21646072222462,3.45499024974974,0.761470472474879,0,31.8261
"T1_SARIMAX","Dowa",3,"month","incidence",2024-01-01,2024-04-01,0,0,0,0,0,0,0,0,0,0,0,0,0,0,1,1,1,1,1,1,1,1,1,0,0,1,1,1,1,1,1,1,1,1,5.76126458720233,12,TRUE,4.81785643709727,4.21991659401885,0,0.597939843078421,42.9949
"T1_SARIMAX","Karonga",1,"month","incidence",2024-01-01,2024-02-01,0,0,0,0,0,0,0,0,0,0,0,0,0,0,0,0,0,0,0,0,0,1,1,0,0,0,0,0,0,0,0,0,1,1,12.6987973556282,12,TRUE,7.89116082675508,1.47511324873899,0,6.41604757801609,62.3448
"T1_SARIMAX","Karonga",2,"month","incidence",2024-01-01,2024-03-01,0,0,0,1,1,1,1,1,1,1,1,1,1,1,1,1,1,1,1,1,1,1,1,0,0,0,0,0,0,0,0,1,1,1,11.9428163372643,12,TRUE,6.94393128070897,1.72673762415916,5.21719365654981,0,39.6643
"T1_SARIMAX","Karonga",3,"month","incidence",2024-01-01,2024-04-01,0,0,0,0,0,0,0,0,0,0,0,1,1,1,1,1,1,1,1,1,1,1,1,1,1,1,1,1,1,1,1,1,1,1,0.990439181586524,12,TRUE,2.10323639131354,2.06017381820108,0.0430625731124576,0,48.2033
"T1_SARIMAX","Kasungu",1,"month","incidence",2024-01-01,2024-02-01,0,0,0,0,0,0,0,0,0,0,0,0,0,0,0,1,1,1,1,1,1,1,1,0,0,0,1,1,1,1,1,1,1,1,4.27933136250881,12,TRUE,2.84867197300996,2.24726883694976,0,0.601403136060194,72.0715
"T1_SARIMAX","Kasungu",2,"month","incidence",2024-01-01,2024-03-01,0,0,0,0,0,0,0,0,0,0,0,0,0,0,0,0,0,0,0,0,1,1,1,0,0,0,0,0,0,0,0,1,1,1,21.6703213316265,12,TRUE,12.550792998374,3.17811806751277,0,9.37267493086124,82.879
"T1_SARIMAX","Kasungu",3,"month","incidence",2024-01-01,2024-04-01,0,0,0,0,0,0,0,0,0,0,0,1,1,1,1,1,1,1,1,1,1,1,1,1,1,1,1,1,1,1,1,1,1,1,1.01274802138855,12,TRUE,3.93641632653228,3.89238380386321,0.0440325226690672,0,65.3948
"T1_SARIMAX","Likoma",1,"month","incidence",2024-01-01,2024-02-01,0,0,0,1,1,1,1,1,1,1,1,1,1,1,1,1,1,1,1,1,1,1,1,0,0,0,0,0,0,0,0,1,1,1,18.1516239831183,12,TRUE,10.7108876920171,2.47762552666695,8.23326216535015,0,7.177
"T1_SARIMAX","Likoma",2,"month","incidence",2024-01-01,2024-03-01,0,0,0,0,0,0,1,1,1,1,1,1,1,1,1,1,1,1,1,1,1,1,1,0,0,0,0,0,1,1,1,1,1,1,11.6791556039249,12,TRUE,6.23797338578009,3.332726828978,2.90524655680208,0,16.5624
"T1_SARIMAX","Likoma",3,"month","incidence",2024-01-01,2024-04-01,0,0,0,0,0,0,0,0,0,0,0,1,1,1,1,1,1,1,1,1,1,1,1,1,1,1,1,1,1,1,1,1,1,1,1.17272048681831,12,TRUE,3.58804886703642,3.53706101978345,0.0509878472529698,0,27.5426
"T1_SARIMAX","Lilongwe",1,"month","incidence",2024-01-01,2024-02-01,0,0,0,0,0,0,0,0,0,0,0,0,0,1,1,1,1,1,1,1,1,1,1,0,1,1,1,1,1,1,1,1,1,1,1.48054034051674,12,TRUE,1.52391462312239,1.40273938049895,0,0.121175242623439,40.9069
"T1_SARIMAX","Lilongwe",2,"month","incidence",2024-01-01,2024-03-01,0,0,0,0,0,0,1,1,1,1,1,1,1,1,1,1,1,1,1,1,1,1,1,0,0,0,0,0,1,1,1,1,1,1,5.58128709521068,12,TRUE,3.00744804526925,1.7010760992287,1.30637194604054,0,34.8457
"T1_SARIMAX","Lilongwe",3,"month","incidence",2024-01-01,2024-04-01,0,0,0,0,0,0,0,0,0,0,0,0,0,0,0,0,0,0,0,0,0,1,1,0,0,0,0,0,0,0,0,0,1,1,17.7826604094687,12,TRUE,11.1259503129498,2.02274281183275,0,9.10320750111701,49.5771
"T1_SARIMAX","Machinga",1,"month","incidence",2024-01-01,2024-02-01,0,0,0,0,0,0,0,0,0,0,0,0,0,0,0,0,1,1,1,1,1,1,1,0,0,0,0,1,1,1,1,1,1,1,4.46041292920099,12,TRUE,2.53581330421127,1.66741246704318,0,0.868400837168087,37.8948
"T1_SARIMAX","Machinga",2,"month","incidence",2024-01-01,2024-03-01,0,0,0,0,0,0,0,0,0,0,0,0,0,1,1,1,1,1,1,1,1,1,1,0,1,1,1,1,1,1,1,1,1,1,2.23851964224151,12,TRUE,2.15821694992662,1.96711872501434,0,0.191098224912277,38.7099
"T1_SARIMAX","Machinga",3,"month","incidence",2024-01-01,2024-04-01,0,0,0,0,0,0,0,0,0,0,0,0,0,0,0,0,0,0,0,0,0,0,0,0,0,0,0,0,0,0,0,0,0,0,24.0366667079566,12,TRUE,16.6803484152938,2.09503275988984,0,14.585315655404,57.4361
"T1_SARIMAX","Mangochi",1,"month","incidence",2024-01-01,2024-02-01,0,0,0,0,0,0,0,0,0,0,0,0,0,0,0,0,1,1,1,1,1,1,1,0,0,0,0,1,1,1,1,1,1,1,3.12482474687817,12,TRUE,1.73665720926591,1.08406572355789,0,0.652591485708017,20.8076
"T1_SARIMAX","Mangochi",2,"month","incidence",2024-01-01,2024-03-01,0,0,0,0,0,0,0,0,0,0,0,0,0,0,1,1,1,1,1,1,1,1,1,0,0,1,1,1,1,1,1,1,1,1,1.97219420337031,12,TRUE,1.60735156253432,1.39428033040897,0,0.213071232125349,20.2005
"T1_SARIMAX","Mangochi",3,"month","incidence",2024-01-01,2024-04-01,0,0,0,0,0,0,0,0,0,0,0,0,0,0,0,0,0,0,0,0,0,0,0,0,0,0,0,0,0,0,0,0,0,0,17.461821842972,12,TRUE,11.9691320154393,1.56428320129544,0,10.4048488141439,35.6503
"T1_SARIMAX","Mchinji",1,"month","incidence",2024-01-01,2024-02-01,0,0,0,0,0,0,0,0,0,1,1,1,1,1,1,1,1,1,1,1,1,1,1,0,0,1,1,1,1,1,1,1,1,1,4.97092079974726,12,TRUE,3.60947141209194,2.99157132835343,0.617900083738503,0,94.274
"T1_SARIMAX","Mchinji",2,"month","incidence",2024-01-01,2024-03-01,0,0,0,1,1,1,1,1,1,1,1,1,1,1,1,1,1,1,1,1,1,1,1,0,0,0,0,0,0,0,0,1,1,1,31.3843608032578,12,TRUE,18.582652317006,4.23072074536392,14.351931571642,0,67.805
"T1_SARIMAX","Mchinji",3,"month","incidence",2024-01-01,2024-04-01,0,0,0,0,0,0,0,0,0,0,0,1,1,1,1,1,1,1,1,1,1,1,1,1,1,1,1,1,1,1,1,1,1,1,0.879933570658608,12,TRUE,5.21981151650744,5.18155353517446,0.038257981332983,0,87.8526
"T1_SARIMAX","Mulanje",1,"month","incidence",2024-01-01,2024-02-01,0,0,0,0,0,0,0,0,0,0,0,0,0,0,0,0,0,0,0,0,1,1,1,0,0,0,0,0,0,0,0,1,1,1,12.0303278220323,12,TRUE,6.71855793086396,1.99267091261492,0,4.72588701824904,71.1155
"T1_SARIMAX","Mulanje",2,"month","incidence",2024-01-01,2024-03-01,0,0,0,0,0,0,0,1,1,1,1,1,1,1,1,1,1,1,1,1,1,1,1,0,0,0,0,1,1,1,1,1,1,1,6.48102072617714,12,TRUE,3.70108280029783,2.4576204355046,1.24346236479323,0,59.2218
"T1_SARIMAX","Mulanje",3,"month","incidence",2024-01-01,2024-04-01,0,0,0,0,0,0,0,0,0,0,0,0,0,0,0,0,0,0,1,1,1,1,1,0,0,0,0,0,0,1,1,1,1,1,13.3259550255942,12,TRUE,7.10830025163256,2.92852675599578,0,4.17977349563678,70.0309
"T1_SARIMAX","Mwanza",1,"month","incidence",2024-01-01,2024-02-01,0,0,0,0,0,0,0,0,0,0,1,1,1,1,1,1,1,1,1,1,1,1,1,0,1,1,1,1,1,1,1,1,1,1,2.19845156860312,12,TRUE,3.6127120449133,3.50574783508247,0.106964209830821,0,82.4126
"T1_SARIMAX","Mwanza",2,"month","incidence",2024-01-01,2024-03-01,0,0,0,0,0,0,0,0,0,0,0,0,0,0,0,1,1,1,1,1,1,1,1,0,0,0,1,1,1,1,1,1,1,1,10.1527069666172,12,TRUE,6.50129477072281,4.95787613463375,0,1.54341863608906,89.823
"T1_SARIMAX","Mwanza",3,"month","incidence",2024-01-01,2024-04-01,0,0,0,0,0,0,0,0,0,0,0,0,0,0,0,0,0,0,0,0,1,1,1,0,0,0,0,0,0,0,0,1,1,1,36.5571978934595,12,TRUE,20.3976088737593,6.07213336888744,0,14.3254755048718,108.1036
"T1_SARIMAX","Mzimba",1,"month","incidence",2024-01-01,2024-02-01,0,0,0,0,0,0,0,0,0,0,0,0,0,0,0,0,0,0,1,1,1,1,1,0,0,0,0,0,0,1,1,1,1,1,6.73942633714639,12,TRUE,3.56956127996246,1.65637688004883,0,1.91318439991363,45.0465
"T1_SARIMAX","Mzimba",2,"month","incidence",2024-01-01,2024-03-01,0,0,0,0,0,0,0,0,0,0,0,0,0,0,0,1,1,1,1,1,1,1,1,0,0,0,1,1,1,1,1,1,1,1,4.76408929882405,12,TRUE,2.86914240691418,2.06259934892832,0,0.806543057985858,49.775
"T1_SARIMAX","Mzimba",3,"month","incidence",2024-01-01,2024-04-01,0,0,0,0,0,0,0,0,0,0,0,0,0,0,0,0,1,1,1,1,1,1,1,0,0,0,0,1,1,1,1,1,1,1,6.01234482790424,12,TRUE,3.42297350586356,2.25782150491681,0,1.16515200094675,47.2507
"T1_SARIMAX","Neno",1,"month","incidence",2024-01-01,2024-02-01,0,0,0,0,0,0,0,0,0,0,0,0,0,0,0,0,1,1,1,1,1,1,1,0,0,0,0,1,1,1,1,1,1,1,12.4924265315649,12,TRUE,7.18689545567025,4.84877554839195,0,2.3381199072783,179.2167
"T1_SARIMAX","Neno",2,"month","incidence",2024-01-01,2024-03-01,0,0,0,0,0,0,0,0,0,0,0,0,1,1,1,1,1,1,1,1,1,1,1,1,1,1,1,1,1,1,1,1,1,1,3.27863172312613,12,TRUE,6.98827951185076,6.84573030649745,0,0.14254920535331,176.6979
"T1_SARIMAX","Neno",3,"month","incidence",2024-01-01,2024-04-01,0,0,0,0,0,0,0,0,0,0,0,0,0,0,0,0,0,0,0,1,1,1,1,0,0,0,0,0,0,0,1,1,1,1,41.5690900713151,12,TRUE,22.3532989829433,8.3795836457645,0,13.9737153371788,210.0251
"T1_SARIMAX","Nkhatabay",1,"month","incidence",2024-01-01,2024-02-01,0,0,0,0,1,1,1,1,1,1,1,1,1,1,1,1,1,1,1,1,1,1,1,0,0,0,0,0,0,0,1,1,1,1,15.2213980684637,12,TRUE,8.25755927422351,2.94077671699776,5.31678255722575,0,80.7249
"T1_SARIMAX","Nkhatabay",2,"month","incidence",2024-01-01,2024-03-01,0,0,0,0,0,1,1,1,1,1,1,1,1,1,1,1,1,1,1,1,1,1,1,0,0,0,0,0,0,1,1,1,1,1,15.9022153705365,12,TRUE,8.44957222449465,3.72240540054496,4.72716682394969,0,76.462
"T1_SARIMAX","Nkhatabay",3,"month","incidence",2024-01-01,2024-04-01,0,0,0,0,0,0,0,0,0,1,1,1,1,1,1,1,1,1,1,1,1,1,1,0,0,1,1,1,1,1,1,1,1,1,5.58770838046067,12,TRUE,4.69932307334758,4.12222821909568,0.5770948542519,0,83.9967
"T1_SARIMAX","Nkhotakota",1,"month","incidence",2024-01-01,2024-02-01,0,0,0,0,0,0,0,0,1,1,1,1,1,1,1,1,1,1,1,1,1,1,1,0,0,0,1,1,1,1,1,1,1,1,4.9952237451802,12,TRUE,3.18451598136088,2.41871156045165,0.765804420909228,0,66.8982
"T1_SARIMAX","Nkhotakota",2,"month","incidence",2024-01-01,2024-03-01,0,0,0,0,0,0,0,0,0,1,1,1,1,1,1,1,1,1,1,1,1,1,1,0,0,1,1,1,1,1,1,1,1,1,5.92926444695787,12,TRUE,4.18045230909594,3.42057469225932,0.759877616836621,0,65.1538
"T1_SARIMAX","Nkhotakota",3,"month","incidence",2024-01-01,2024-04-01,0,0,0,0,0,0,0,0,0,0,0,0,0,0,0,1,1,1,1,1,1,1,1,0,0,0,1,1,1,1,1,1,1,1,8.17684101050624,12,TRUE,5.37113555639547,4.18933131155646,0,1.18180424483901,76.86
"T1_SARIMAX","Nsanje",1,"month","incidence",2024-01-01,2024-02-01,0,0,0,0,0,0,0,0,0,0,0,0,0,0,0,0,1,1,1,1,1,1,1,0,0,0,0,1,1,1,1,1,1,1,5.36883948165797,12,TRUE,3.0561401570747,2.0151735147042,0,1.04096664237051,32.6197
"T1_SARIMAX","Nsanje",2,"month","incidence",2024-01-01,2024-03-01,0,0,0,0,0,0,0,0,0,0,0,0,0,0,0,0,0,0,1,1,1,1,1,0,0,0,0,0,0,1,1,1,1,1,11.6034235479079,12,TRUE,6.19414137632498,2.4997715510088,0,3.69436982531618,36.314
"T1_SARIMAX","Nsanje",3,"month","incidence",2024-01-01,2024-04-01,0,0,0,0,0,0,0,0,0,0,0,0,0,0,0,0,0,0,0,0,1,1,1,0,0,0,0,0,0,0,0,1,1,1,16.8821062136033,12,TRUE,9.65406186971265,2.58475346703883,0,7.06930840267382,42.4862
"T1_SARIMAX","Ntcheu",1,"month","incidence",2024-01-01,2024-02-01,0,0,0,0,0,0,0,0,0,0,0,0,0,0,0,0,0,0,0,1,1,1,1,0,0,0,0,0,0,0,1,1,1,1,11.1346064348536,12,TRUE,6.15996638157518,1.9407425034784,0,4.21922387809678,36.6805
"T1_SARIMAX","Ntcheu",2,"month","incidence",2024-01-01,2024-03-01,0,0,0,0,0,0,0,0,0,0,0,0,0,0,0,0,1,1,1,1,1,1,1,0,0,0,0,1,1,1,1,1,1,1,6.05272671928418,12,TRUE,3.45850917631711,2.29945028753238,0,1.15905888878473,38.7364
"T1_SARIMAX","Ntcheu",3,"month","incidence",2024-01-01,2024-04-01,0,0,0,0,0,0,0,0,0,0,0,0,0,0,0,0,0,0,0,0,1,1,1,0,0,0,0,0,0,0,0,1,1,1,18.6451225209148,12,TRUE,11.1312708208333,2.4295274182375,0,8.70174340259578,52.3153
"T1_SARIMAX","Ntchisi",1,"month","incidence",2024-01-01,2024-02-01,0,0,0,1,1,1,1,1,1,1,1,1,1,1,1,1,1,1,1,1,1,1,1,0,0,0,0,0,0,0,0,1,1,1,19.0309055832859,12,TRUE,10.8934987816303,2.90895518964814,7.98454359198212,0,73.8749
"T1_SARIMAX","Ntchisi",2,"month","incidence",2024-01-01,2024-03-01,0,0,0,0,0,1,1,1,1,1,1,1,1,1,1,1,1,1,1,1,1,1,1,0,0,0,0,0,0,1,1,1,1,1,13.5565075877244,12,TRUE,7.17243589966616,3.38586005866305,3.7865758410031,0,78.3745
"T1_SARIMAX","Ntchisi",3,"month","incidence",2024-01-01,2024-04-01,0,0,0,0,0,0,0,0,0,0,0,0,0,0,0,0,0,0,1,1,1,1,1,0,0,0,0,0,0,1,1,1,1,1,18.1750578264165,12,TRUE,9.71686492481236,3.84235869422763,0,5.87450623058473,96.5269
"T1_SARIMAX","Phalombe",1,"month","incidence",2024-01-01,2024-02-01,0,0,0,0,0,0,0,0,0,0,0,1,1,1,1,1,1,1,1,1,1,1,1,1,1,1,1,1,1,1,1,1,1,1,0.572634747397444,12,TRUE,1.30737629622012,1.2824791332898,0.0248971629303237,0,27.8924
"T1_SARIMAX","Phalombe",2,"month","incidence",2024-01-01,2024-03-01,0,0,0,0,0,0,0,0,0,0,0,0,0,1,1,1,1,1,1,1,1,1,1,0,1,1,1,1,1,1,1,1,1,1,1.931874151122,12,TRUE,1.97266839692992,1.81369938375892,0,0.158969013171,26.8682
"T1_SARIMAX","Phalombe",3,"month","incidence",2024-01-01,2024-04-01,0,0,0,0,0,0,0,0,0,0,0,0,0,0,0,0,0,0,0,0,1,1,1,0,0,0,0,0,0,0,0,1,1,1,13.5312229806536,12,TRUE,7.57836610741159,2.22115838248106,0,5.35720772493053,37.5996
"T1_SARIMAX","Rumphi",1,"month","incidence",2024-01-01,2024-02-01,0,0,0,0,0,0,0,0,0,0,0,0,0,0,0,0,1,1,1,1,1,1,1,0,0,0,0,1,1,1,1,1,1,1,7.09699667025587,12,TRUE,3.85426385606502,2.27229548557363,0,1.58196837049139,35.2865
"T1_SARIMAX","Rumphi",2,"month","incidence",2024-01-01,2024-03-01,0,0,0,0,0,0,0,0,0,0,0,0,0,0,0,0,1,1,1,1,1,1,1,0,0,0,0,1,1,1,1,1,1,1,9.8742355376461,12,TRUE,5.37208469581406,3.19840446884239,0,2.17368022697167,36.0498
"T1_SARIMAX","Rumphi",3,"month","incidence",2024-01-01,2024-04-01,0,0,0,0,0,0,0,0,0,0,0,0,0,0,0,0,0,0,0,0,0,0,1,0,0,0,0,0,0,0,0,0,0,1,37.1005555116008,12,TRUE,23.6973339230799,3.8415697287774,0,19.8557641943025,59.4701
"T1_SARIMAX","Salima",1,"month","incidence",2024-01-01,2024-02-01,0,0,0,0,0,0,1,1,1,1,1,1,1,1,1,1,1,1,1,1,1,1,1,0,0,0,0,0,1,1,1,1,1,1,10.7189455405474,12,TRUE,5.71165363927098,2.94399213564037,2.76766150363061,0,64.9796
"T1_SARIMAX","Salima",2,"month","incidence",2024-01-01,2024-03-01,0,0,0,1,1,1,1,1,1,1,1,1,1,1,1,1,1,1,1,1,1,1,1,0,0,0,0,0,0,0,0,1,1,1,27.1476438489999,12,TRUE,16.0134569959411,3.71519251787193,12.2982644780692,0,56.3799
"T1_SARIMAX","Salima",3,"month","incidence",2024-01-01,2024-04-01,0,0,0,0,0,0,0,0,0,0,0,0,0,0,0,1,1,1,1,1,1,1,1,0,0,0,1,1,1,1,1,1,1,1,9.04001434649777,12,TRUE,5.5753658116537,4.10434706909435,0,1.47101874255935,85.029
"T1_SARIMAX","Thyolo",1,"month","incidence",2024-01-01,2024-02-01,0,0,0,0,0,0,0,0,0,0,0,0,0,0,0,0,0,0,1,1,1,1,1,0,0,0,0,0,0,1,1,1,1,1,4.1955445487775,12,TRUE,2.22372814049177,1.02049341905233,0,1.20323472143944,27.6586
"T1_SARIMAX","Thyolo",2,"month","incidence",2024-01-01,2024-03-01,0,0,0,0,0,0,0,0,0,0,0,0,0,1,1,1,1,1,1,1,1,1,1,0,1,1,1,1,1,1,1,1,1,1,0.859506679544072,12,TRUE,1.4810283632883,1.44291805222805,0,0.0381103110602567,21.2841
"T1_SARIMAX","Thyolo",3,"month","incidence",2024-01-01,2024-04-01,0,0,0,0,0,0,0,0,0,0,0,0,0,0,0,0,0,0,0,0,1,1,1,0,0,0,0,0,0,0,0,1,1,1,10.7015273725159,12,TRUE,5.98091606054629,1.76556849951173,0,4.21534756103456,28.2419
"T1_SARIMAX","Zomba",1,"month","incidence",2024-01-01,2024-02-01,0,0,0,0,0,0,0,1,1,1,1,1,1,1,1,1,1,1,1,1,1,1,1,0,0,0,0,1,1,1,1,1,1,1,4.95378926667752,12,TRUE,2.70850666725976,1.62444862656947,1.08405804069029,0,44.046
"T1_SARIMAX","Zomba",2,"month","incidence",2024-01-01,2024-03-01,0,0,0,0,0,0,0,0,0,0,0,0,0,0,0,0,0,0,1,1,1,1,1,0,0,0,0,0,0,1,1,1,1,1,9.54624538628616,12,TRUE,5.06347862761246,2.29594036923249,0,2.76753825837998,61.0412
"T1_SARIMAX","Zomba",3,"month","incidence",2024-01-01,2024-04-01,0,0,0,0,0,0,0,0,0,0,0,0,0,0,0,0,0,0,0,1,1,1,1,0,0,0,0,0,0,0,1,1,1,1,13.8274909004728,12,TRUE,7.42194681767673,2.81137884378673,0,4.61056797389,62.6197
"T1_SARIMAX","Balaka",1,"month","incidence",2024-02-01,2024-03-01,0,0,0,0,0,0,0,0,0,0,0,0,0,0,0,1,1,1,1,1,1,1,1,0,0,0,1,1,1,1,1,1,1,1,5.90603409785042,12,TRUE,3.45603744352308,2.41045407083478,0,1.0455833726883,33.3531
"T1_SARIMAX","Balaka",2,"month","incidence",2024-02-01,2024-04-01,0,0,0,0,0,0,0,0,0,0,0,0,0,0,0,0,0,0,0,1,1,1,1,0,0,0,0,0,0,0,1,1,1,1,18.3913957775324,12,TRUE,10.0451580669823,3.39412415107919,0,6.65103391590314,46.7179
"T1_SARIMAX","Balaka",3,"month","incidence",2024-02-01,2024-05-01,0,0,0,0,0,0,0,0,0,0,0,0,0,0,0,0,0,0,0,0,1,1,1,0,0,0,0,0,0,0,0,1,1,1,27.3874277743243,12,TRUE,15.6117265721699,4.09603077557729,0,11.5156957965926,52.4572
"T1_SARIMAX","Blantyre",1,"month","incidence",2024-02-01,2024-03-01,0,0,0,0,0,0,0,0,0,0,0,0,0,0,1,1,1,1,1,1,1,1,1,0,0,1,1,1,1,1,1,1,1,1,1.53183616059066,12,TRUE,1.35664998625966,1.21095155268577,0,0.145698433573888,40.0125
"T1_SARIMAX","Blantyre",2,"month","incidence",2024-02-01,2024-04-01,0,0,0,0,0,0,0,0,0,0,0,0,0,0,0,0,0,0,0,0,0,0,1,0,0,0,0,0,0,0,0,0,0,1,14.7265756923518,12,TRUE,9.95112557970224,1.36417775247947,0,8.58694782722277,51.7175
"T1_SARIMAX","Blantyre",3,"month","incidence",2024-02-01,2024-05-01,0,0,0,0,0,0,0,0,0,0,0,0,0,0,0,1,1,1,1,1,1,1,1,0,0,0,1,1,1,1,1,1,1,1,3.7663101518885,12,TRUE,2.27406618731462,1.63908652140856,0,0.634979665906053,41.2057
"T1_SARIMAX","Chikwawa",1,"month","incidence",2024-02-01,2024-03-01,0,0,1,1,1,1,1,1,1,1,1,1,1,1,1,1,1,1,1,1,1,1,1,0,0,0,0,0,0,0,0,0,1,1,17.4179692140883,12,TRUE,10.9916864977773,1.92796256601178,9.06372393176555,0,22.7385
"T1_SARIMAX","Chikwawa",2,"month","incidence",2024-02-01,2024-04-01,0,0,0,0,1,1,1,1,1,1,1,1,1,1,1,1,1,1,1,1,1,1,1,0,0,0,0,0,0,0,1,1,1,1,10.9051841961602,12,TRUE,5.86088921519527,2.20401095736928,3.65687825782598,0,33.6684
"T1_SARIMAX","Chikwawa",3,"month","incidence",2024-02-01,2024-05-01,0,0,0,0,0,0,0,0,0,0,0,0,0,1,1,1,1,1,1,1,1,1,1,0,1,1,1,1,1,1,1,1,1,1,1.51747118692435,12,TRUE,2.5214686542769,2.44914044576323,0,0.0723282085136693,45.3225
"T1_SARIMAX","Chiradzulu",1,"month","incidence",2024-02-01,2024-03-01,0,0,0,0,0,0,0,0,0,0,0,0,0,0,0,0,0,0,1,1,1,1,1,0,0,0,0,0,0,1,1,1,1,1,8.14014590900022,12,TRUE,4.34728082657804,1.7530693568824,0,2.59421146969564,38.8543
"T1_SARIMAX","Chiradzulu",2,"month","incidence",2024-02-01,2024-04-01,0,0,0,0,0,0,0,0,0,0,0,0,0,0,0,0,0,0,0,1,1,1,1,0,0,0,0,0,0,0,1,1,1,1,11.8313675719703,12,TRUE,6.53019748644393,2.08902561584783,0,4.4411718705961,43.453
"T1_SARIMAX","Chiradzulu",3,"month","incidence",2024-02-01,2024-05-01,0,0,0,0,0,0,0,0,0,0,0,0,0,0,0,0,0,0,0,0,0,0,0,0,0,0,0,0,0,0,0,0,0,0,41.8397132271494,12,TRUE,33.0999335255877,2.48903378844477,0,30.6108997371429,72.8802
"T1_SARIMAX","Chitipa",1,"month","incidence",2024-02-01,2024-03-01,0,0,0,0,0,0,0,0,0,0,0,0,0,0,0,0,0,0,0,1,1,1,1,0,0,0,0,0,0,0,1,1,1,1,11.1500320051829,12,TRUE,6.19511154870388,1.8965543658436,0,4.29855718286028,34.4534
"T1_SARIMAX","Chitipa",2,"month","incidence",2024-02-01,2024-04-01,0,0,0,0,0,0,0,0,0,0,0,0,0,0,0,0,0,0,0,0,0,1,1,0,0,0,0,0,0,0,0,0,1,1,16.6069151621089,12,TRUE,10.0083857809902,2.10577158110486,0,7.90261419988533,46.4572
"T1_SARIMAX","Chitipa",3,"month","incidence",2024-02-01,2024-05-01,0,0,0,0,0,0,0,0,0,0,0,0,0,0,0,0,0,0,0,0,1,1,1,0,0,0,0,0,0,0,0,1,1,1,17.0700302802363,12,TRUE,10.1127085327812,2.29600292679728,0,7.81670560598396,44.9183
"T1_SARIMAX","Dedza",1,"month","incidence",2024-02-01,2024-03-01,0,0,0,0,0,0,0,0,0,0,0,0,0,0,0,0,0,0,1,1,1,1,1,0,0,0,0,0,0,1,1,1,1,1,4.72152989833079,12,TRUE,2.50552828118701,1.12758256770995,0,1.37794571347705,44.4445
"T1_SARIMAX","Dedza",2,"month","incidence",2024-02-01,2024-04-01,0,0,0,0,0,0,0,0,0,0,0,0,0,0,1,1,1,1,1,1,1,1,1,0,0,1,1,1,1,1,1,1,1,1,1.47359731483832,12,TRUE,1.33124327020059,1.19587313213507,0,0.13537013806552,34.6873
"T1_SARIMAX","Dedza",3,"month","incidence",2024-02-01,2024-05-01,0,0,0,0,0,0,0,0,0,0,0,0,0,0,0,0,0,0,0,0,0,1,1,0,0,0,0,0,0,0,0,0,1,1,10.829333747805,12,TRUE,6.70819875642117,1.27001826353131,0,5.43818049288986,38.227
"T1_SARIMAX","Dowa",1,"month","incidence",2024-02-01,2024-03-01,0,0,0,0,0,0,0,0,0,0,0,0,0,0,0,0,0,0,1,1,1,1,1,0,0,0,0,0,0,1,1,1,1,1,10.7172614032239,12,TRUE,5.6831175034126,2.50849744449971,0,3.17462005891289,31.8261
"T1_SARIMAX","Dowa",2,"month","incidence",2024-02-01,2024-04-01,0,0,0,0,0,0,0,0,0,0,0,0,0,0,0,0,0,0,0,1,1,1,1,0,0,0,0,0,0,0,1,1,1,1,19.3044469784942,12,TRUE,10.518420434165,3.51225109349928,0,7.00616934066568,42.9949
"T1_SARIMAX","Dowa",3,"month","incidence",2024-02-01,2024-05-01,0,0,0,0,0,0,0,0,0,0,0,0,0,0,0,0,0,0,0,0,1,1,1,0,0,0,0,0,0,0,0,1,1,1,28.8566300116709,12,TRUE,16.3462007615633,4.13751691875852,0,12.2086838428047,47.9188
"T1_SARIMAX","Karonga",1,"month","incidence",2024-02-01,2024-03-01,0,1,1,1,1,1,1,1,1,1,1,1,1,1,1,1,1,1,1,1,1,1,1,0,0,0,0,0,0,0,0,0,0,1,15.8636628240785,12,TRUE,10.7559304470877,1.45528423654521,9.30064621054244,0,39.6643
"T1_SARIMAX","Karonga",2,"month","incidence",2024-02-01,2024-04-01,0,0,0,0,0,0,0,1,1,1,1,1,1,1,1,1,1,1,1,1,1,1,1,0,0,0,0,1,1,1,1,1,1,1,4.19011046606622,12,TRUE,2.44556669771679,1.70016000971169,0.7454066880051,0,48.2033
"T1_SARIMAX","Karonga",3,"month","incidence",2024-02-01,2024-05-01,0,0,0,1,1,1,1,1,1,1,1,1,1,1,1,1,1,1,1,1,1,1,1,0,0,0,0,0,0,0,0,1,1,1,12.2947192998239,12,TRUE,6.90713353061171,1.99894590444207,4.90818762616964,0,42.3352
"T1_SARIMAX","Kasungu",1,"month","incidence",2024-02-01,2024-03-01,0,0,0,0,0,0,0,0,0,0,0,0,0,0,0,0,0,0,0,0,0,1,1,0,0,0,0,0,0,0,0,0,1,1,17.339641874537,12,TRUE,10.3755406413527,2.24092542603158,0,8.13461521532109,82.879
"T1_SARIMAX","Kasungu",2,"month","incidence",2024-02-01,2024-04-01,0,0,0,0,0,0,0,0,0,1,1,1,1,1,1,1,1,1,1,1,1,1,1,0,0,1,1,1,1,1,1,1,1,1,5.3026995721339,12,TRUE,3.83170569055675,3.16914712976057,0.66255856079618,0,65.3948
"T1_SARIMAX","Kasungu",3,"month","incidence",2024-02-01,2024-05-01,0,0,0,0,0,0,0,0,0,0,0,0,0,0,0,0,0,0,0,0,0,0,1,0,0,0,0,0,0,0,0,0,0,1,38.6797527892255,12,TRUE,25.372570505242,3.88139669385963,0,21.4911738113824,105.0846
"T1_SARIMAX","Likoma",1,"month","incidence",2024-02-01,2024-03-01,0,0,0,0,0,0,0,0,0,0,0,0,0,0,0,1,1,1,1,1,1,1,1,0,0,0,1,1,1,1,1,1,1,1,5.47521345797814,12,TRUE,3.23494462937661,2.33154034510494,0,0.903404284271663,16.5624
"T1_SARIMAX","Likoma",2,"month","incidence",2024-02-01,2024-04-01,0,0,0,0,0,0,0,0,0,0,0,0,0,0,0,0,0,1,1,1,1,1,1,0,0,0,0,0,1,1,1,1,1,1,10.6004500378436,12,TRUE,5.61732227938304,3.18877567927397,0,2.42854660010907,27.5426
"T1_SARIMAX","Likoma",3,"month","incidence",2024-02-01,2024-05-01,0,0,0,0,0,0,0,0,0,0,0,0,0,0,0,0,0,1,1,1,1,1,1,0,0,0,0,0,1,1,1,1,1,1,12.9599066537618,12,TRUE,6.8780258916114,3.51602440977746,0,3.36200148183394,39.9338
"T1_SARIMAX","Lilongwe",1,"month","incidence",2024-02-01,2024-03-01,0,0,0,0,0,0,1,1,1,1,1,1,1,1,1,1,1,1,1,1,1,1,1,0,0,0,0,0,1,1,1,1,1,1,5.73721933804595,12,TRUE,3.0497644637096,1.53878529748309,1.51097916622651,0,34.8457
"T1_SARIMAX","Lilongwe",2,"month","incidence",2024-02-01,2024-04-01,0,0,0,0,0,0,0,0,0,0,0,0,0,0,0,0,0,0,0,0,0,1,1,0,0,0,0,0,0,0,0,0,1,1,16.7552876245422,12,TRUE,10.2518118875632,2.03718047556565,0,8.21463141199757,49.5771
"T1_SARIMAX","Lilongwe",3,"month","incidence",2024-02-01,2024-05-01,0,0,0,0,0,0,0,0,0,0,0,0,0,0,0,0,0,0,0,1,1,1,1,0,0,0,0,0,0,0,1,1,1,1,13.3242320026623,12,TRUE,7.35939464761943,2.34340907719097,0,5.01598557042846,44.2959
"T1_SARIMAX","Machinga",1,"month","incidence",2024-02-01,2024-03-01,0,0,0,0,0,0,0,0,0,0,1,1,1,1,1,1,1,1,1,1,1,1,1,0,1,1,1,1,1,1,1,1,1,1,1.88774814517312,12,TRUE,1.82673373246979,1.66594266345089,0.160791069018907,0,38.7099
"T1_SARIMAX","Machinga",2,"month","incidence",2024-02-01,2024-04-01,0,0,0,0,0,0,0,0,0,0,0,0,0,0,0,0,0,0,0,0,0,0,1,0,0,0,0,0,0,0,0,0,0,1,20.1027903607934,12,TRUE,13.3297202681872,1.96144027189395,0,11.3682799962932,57.4361
"T1_SARIMAX","Machinga",3,"month","incidence",2024-02-01,2024-05-01,0,0,0,0,0,0,0,0,0,0,0,0,0,0,0,0,0,0,0,0,1,1,1,0,0,0,0,0,0,0,0,1,1,1,13.3165781093493,12,TRUE,7.56706497891635,2.08637117002435,0,5.48069380889201,53.0065
"T1_SARIMAX","Mangochi",1,"month","incidence",2024-02-01,2024-03-01,0,0,0,0,0,0,0,0,0,0,0,1,1,1,1,1,1,1,1,1,1,1,1,1,1,1,1,1,1,1,1,1,1,1,0.367433081581737,12,TRUE,1.07721161572769,1.06123626435457,0.015975351373119,0,20.2005
"T1_SARIMAX","Mangochi",2,"month","incidence",2024-02-01,2024-04-01,0,0,0,0,0,0,0,0,0,0,0,0,0,0,0,0,0,0,0,0,0,0,0,0,0,0,0,0,0,0,0,0,0,0,15.7718234813744,12,TRUE,11.0691451364,1.33929294519144,0,9.72985219120852,35.6503
"T1_SARIMAX","Mangochi",3,"month","incidence",2024-02-01,2024-05-01,0,0,0,0,0,0,0,0,0,0,0,0,0,0,0,0,0,0,0,0,0,0,0,0,0,0,0,0,0,0,0,0,0,0,16.7612105033684,12,TRUE,11.5657636576746,1.47963028664099,0,10.0861333710336,40.2268
"T1_SARIMAX","Mchinji",1,"month","incidence",2024-02-01,2024-03-01,0,1,1,1,1,1,1,1,1,1,1,1,1,1,1,1,1,1,1,1,1,1,1,0,0,0,0,0,0,0,0,0,0,1,29.9633796709221,12,TRUE,19.579634871792,3.03612663301733,16.5435082387746,0,67.805
"T1_SARIMAX","Mchinji",2,"month","incidence",2024-02-01,2024-04-01,0,0,0,0,0,0,0,0,0,0,0,0,1,1,1,1,1,1,1,1,1,1,1,1,1,1,1,1,1,1,1,1,1,1,0.647856164649369,12,TRUE,4.32189912082785,4.29373146149526,0,0.0281676593325813,87.8526
"T1_SARIMAX","Mchinji",3,"month","incidence",2024-02-01,2024-05-01,0,0,0,0,0,1,1,1,1,1,1,1,1,1,1,1,1,1,1,1,1,1,1,0,0,0,0,0,0,1,1,1,1,1,20.9765554582992,12,TRUE,11.0953701438717,5.25872558659904,5.83664455727267,0,71.6505
"T1_SARIMAX","Mulanje",1,"month","incidence",2024-02-01,2024-03-01,0,0,1,1,1,1,1,1,1,1,1,1,1,1,1,1,1,1,1,1,1,1,1,0,0,0,0,0,0,0,0,0,1,1,16.6935174747318,12,TRUE,10.4270826668957,1.90874786948848,8.51833479740719,0,59.2218
"T1_SARIMAX","Mulanje",2,"month","incidence",2024-02-01,2024-04-01,0,0,0,0,0,0,0,0,0,0,0,0,0,1,1,1,1,1,1,1,1,1,1,0,1,1,1,1,1,1,1,1,1,1,2.78440195767303,12,TRUE,2.62496802740827,2.38404984363051,0,0.240918183777763,70.0309
"T1_SARIMAX","Mulanje",3,"month","incidence",2024-02-01,2024-05-01,0,0,0,0,0,0,0,0,0,0,0,1,1,1,1,1,1,1,1,1,1,1,1,1,1,1,1,1,1,1,1,1,1,1,1.24674065740871,12,TRUE,2.89744298843656,2.84323687289705,0.054206115539509,0,78.6324
"T1_SARIMAX","Mwanza",1,"month","incidence",2024-02-01,2024-03-01,0,0,0,0,0,0,0,0,0,0,0,0,0,0,0,0,0,1,1,1,1,1,1,0,0,0,0,0,1,1,1,1,1,1,12.3089851384888,12,TRUE,6.57158743102837,3.44444981492956,0,3.12713761609881,89.823
"T1_SARIMAX","Mwanza",2,"month","incidence",2024-02-01,2024-04-01,0,0,0,0,0,0,0,0,0,0,0,0,0,0,0,0,0,0,0,0,0,1,1,0,0,0,0,0,0,0,0,0,1,1,38.8227114361869,12,TRUE,23.4879012955687,4.87118764318688,0,18.6167136523818,108.1036
"T1_SARIMAX","Mwanza",3,"month","incidence",2024-02-01,2024-05-01,0,0,0,0,0,0,0,0,0,0,0,0,0,0,0,0,0,0,0,0,0,0,0,0,0,0,0,0,0,0,0,0,0,0,74.7411345254778,12,TRUE,53.7865450927621,5.9597400697453,0,47.8268050230168,132.7242
"T1_SARIMAX","Mzimba",1,"month","incidence",2024-02-01,2024-03-01,0,0,0,0,0,0,0,0,0,0,1,1,1,1,1,1,1,1,1,1,1,1,1,0,1,1,1,1,1,1,1,1,1,1,1.29478362216658,12,TRUE,1.72288624713919,1.63800564205172,0.0848806050874693,0,49.775
"T1_SARIMAX","Mzimba",2,"month","incidence",2024-02-01,2024-04-01,0,0,0,0,0,0,0,0,0,0,0,1,1,1,1,1,1,1,1,1,1,1,1,1,1,1,1,1,1,1,1,1,1,1,0.84888718745799,12,TRUE,1.95537915360283,1.9184710150177,0.03690813858513,0,47.2507
"T1_SARIMAX","Mzimba",3,"month","incidence",2024-02-01,2024-05-01,0,0,0,0,0,0,0,0,0,0,0,0,0,0,0,0,0,0,0,0,0,0,0,0,0,0,0,0,0,0,0,0,0,0,35.4851152498773,12,TRUE,28.0125056944392,2.12815177343855,0,25.8843539210006,78.6811
"T1_SARIMAX","Neno",1,"month","incidence",2024-02-01,2024-03-01,0,0,0,0,0,0,0,0,1,1,1,1,1,1,1,1,1,1,1,1,1,1,1,0,0,0,1,1,1,1,1,1,1,1,9.28295750331705,12,TRUE,6.17340317576309,4.8660457885933,1.30735738716978,0,176.6979
"T1_SARIMAX","Neno",2,"month","incidence",2024-02-01,2024-04-01,0,0,0,0,0,0,0,0,0,0,0,0,0,0,0,0,0,0,1,1,1,1,1,0,0,0,0,0,0,1,1,1,1,1,28.4963348365012,12,TRUE,15.1119803796961,6.87377698749955,0,8.23820339219654,210.0251
"T1_SARIMAX","Neno",3,"month","incidence",2024-02-01,2024-05-01,0,0,0,0,0,0,0,0,1,1,1,1,1,1,1,1,1,1,1,1,1,1,1,0,0,0,1,1,1,1,1,1,1,1,15.4289101768064,12,TRUE,10.4861071847863,8.41541551215977,2.07069167262658,0,172.3269
"T1_SARIMAX","Nkhatabay",1,"month","incidence",2024-02-01,2024-03-01,0,0,0,0,0,0,0,0,0,0,1,1,1,1,1,1,1,1,1,1,1,1,1,0,1,1,1,1,1,1,1,1,1,1,3.1718775327989,12,TRUE,3.22053448059886,2.95853832929038,0.261996151308481,0,76.462
"T1_SARIMAX","Nkhatabay",2,"month","incidence",2024-02-01,2024-04-01,0,0,0,0,0,0,0,0,0,0,0,0,0,0,1,1,1,1,1,1,1,1,1,0,0,1,1,1,1,1,1,1,1,1,5.1959374858736,12,TRUE,4.27623223395032,3.72247064898583,0,0.553761584964488,83.9967
"T1_SARIMAX","Nkhatabay",3,"month","incidence",2024-02-01,2024-05-01,0,0,0,0,0,0,0,0,0,0,0,0,0,0,0,0,0,1,1,1,1,1,1,0,0,0,0,0,1,1,1,1,1,1,14.8375119508397,12,TRUE,7.91174524488689,4.10278352211381,0,3.80896172277308,93.0021
"T1_SARIMAX","Nkhotakota",1,"month","incidence",2024-02-01,2024-03-01,0,0,0,0,0,0,0,0,0,0,0,1,1,1,1,1,1,1,1,1,1,1,1,1,1,1,1,1,1,1,1,1,1,1,0.829066962151487,12,TRUE,2.45407948342842,2.41803309376966,0.0360463896587603,0,65.1538
"T1_SARIMAX","Nkhotakota",2,"month","incidence",2024-02-01,2024-04-01,0,0,0,0,0,0,0,0,0,0,0,0,0,0,0,0,0,1,1,1,1,1,1,0,0,0,0,0,1,1,1,1,1,1,13.287503007289,12,TRUE,7.03463765717417,3.41961519547602,0,3.61502246169815,76.86
"T1_SARIMAX","Nkhotakota",3,"month","incidence",2024-02-01,2024-05-01,0,0,0,0,0,0,0,0,0,0,0,0,0,0,0,0,0,0,0,1,1,1,1,0,0,0,0,0,0,0,1,1,1,1,23.4362490088668,12,TRUE,12.9069501845122,4.18815617279201,0,8.71879401172018,90.0795
"T1_SARIMAX","Nsanje",1,"month","incidence",2024-02-01,2024-03-01,0,0,0,0,0,0,0,0,0,0,0,0,0,0,0,0,0,1,1,1,1,1,1,0,0,0,0,0,1,1,1,1,1,1,7.33929868204836,12,TRUE,3.91035755762203,2.01359208771274,0,1.8967654699093,36.314
"T1_SARIMAX","Nsanje",2,"month","incidence",2024-02-01,2024-04-01,0,0,0,0,0,0,0,0,0,0,0,0,0,0,0,0,0,0,0,1,1,1,1,0,0,0,0,0,0,0,1,1,1,1,14.4486721017973,12,TRUE,7.9927771817182,2.51947095625082,0,5.47330622546738,42.4862
"T1_SARIMAX","Nsanje",3,"month","incidence",2024-02-01,2024-05-01,0,0,0,0,0,0,0,0,0,0,0,0,0,0,0,0,0,0,0,1,1,1,1,0,0,0,0,0,0,0,1,1,1,1,15.4153964493331,12,TRUE,8.57019026285958,2.61293682569776,0,5.95725343716182,52.133
"T1_SARIMAX","Ntcheu",1,"month","incidence",2024-02-01,2024-03-01,0,0,0,0,0,0,0,0,1,1,1,1,1,1,1,1,1,1,1,1,1,1,1,0,0,0,1,1,1,1,1,1,1,1,4.66394641253656,12,TRUE,2.85169801139272,2.08154214703739,0.770155864355333,0,38.7364
"T1_SARIMAX","Ntcheu",2,"month","incidence",2024-02-01,2024-04-01,0,0,0,0,0,0,0,0,0,0,0,0,0,0,0,0,1,1,1,1,1,1,1,0,0,0,0,1,1,1,1,1,1,1,6.28636576837638,12,TRUE,3.64299148713881,2.4957558145397,0,1.14723567259911,52.3153
"T1_SARIMAX","Ntcheu",3,"month","incidence",2024-02-01,2024-05-01,0,0,0,0,0,0,0,0,0,0,0,0,0,0,0,0,1,1,1,1,1,1,1,0,0,0,0,1,1,1,1,1,1,1,7.22148815062705,12,TRUE,4.17702716762594,2.85039935112425,0,1.32662781650169,63.7379
"T1_SARIMAX","Ntchisi",1,"month","incidence",2024-02-01,2024-03-01,0,0,0,0,0,0,0,0,0,0,1,1,1,1,1,1,1,1,1,1,1,1,1,0,1,1,1,1,1,1,1,1,1,1,1.83229956615807,12,TRUE,2.98302746749784,2.8923652259789,0.0906622415189343,0,78.3745
"T1_SARIMAX","Ntchisi",2,"month","incidence",2024-02-01,2024-04-01,0,0,0,0,0,0,0,0,0,0,0,0,0,0,0,0,0,0,0,0,0,0,1,0,0,0,0,0,0,0,0,0,0,1,31.9598309910696,12,TRUE,20.5589462605077,3.36538911852194,0,17.1935571419858,96.5269
"T1_SARIMAX","Ntchisi",3,"month","incidence",2024-02-01,2024-05-01,0,0,0,0,0,0,0,0,0,0,0,0,0,0,0,0,0,0,0,0,1,1,1,0,0,0,0,0,0,0,0,1,1,1,29.0234926547607,12,TRUE,17.1816749142604,3.91531838543818,0,13.2663565288222,95.3542
"T1_SARIMAX","Phalombe",1,"month","incidence",2024-02-01,2024-03-01,0,0,0,0,0,0,0,0,0,0,0,0,0,0,0,1,1,1,1,1,1,1,1,0,0,0,1,1,1,1,1,1,1,1,2.49941146580725,12,TRUE,1.64332377600389,1.28277630215676,0,0.36054747384713,26.8682
"T1_SARIMAX","Phalombe",2,"month","incidence",2024-02-01,2024-04-01,0,0,0,0,0,0,0,0,0,0,0,0,0,0,0,0,0,0,0,0,0,1,1,0,0,0,0,0,0,0,0,0,1,1,14.0913725636254,12,TRUE,8.44421966146318,1.8141196440009,0,6.63010001746228,37.5996
"T1_SARIMAX","Phalombe",3,"month","incidence",2024-02-01,2024-05-01,0,0,0,0,0,0,0,0,0,0,0,0,0,0,0,1,1,1,1,1,1,1,1,0,0,0,1,1,1,1,1,1,1,1,5.28015655259523,12,TRUE,3.13576994000199,2.22183373008084,0,0.91393620992115,36.1199
"T1_SARIMAX","Rumphi",1,"month","incidence",2024-02-01,2024-03-01,0,0,0,0,0,0,0,0,0,0,0,0,0,0,1,1,1,1,1,1,1,1,1,0,0,1,1,1,1,1,1,1,1,1,3.00590462294694,12,TRUE,2.56265801279065,2.25855231621642,0,0.304105696574233,36.0498
"T1_SARIMAX","Rumphi",2,"month","incidence",2024-02-01,2024-04-01,0,0,0,0,0,0,0,0,0,0,0,0,0,0,0,0,0,0,0,0,0,0,1,0,0,0,0,0,0,0,0,0,0,1,30.172554957482,12,TRUE,19.3609415200313,3.18904356332389,0,16.1718979567074,59.4701
"T1_SARIMAX","Rumphi",3,"month","incidence",2024-02-01,2024-05-01,0,0,0,0,0,0,0,0,0,0,0,0,0,0,0,0,0,0,0,0,1,1,1,0,0,0,0,0,0,0,0,1,1,1,29.6065252300983,12,TRUE,17.5850701572637,3.88068686792268,0,13.704383289341,58.753
"T1_SARIMAX","Salima",1,"month","incidence",2024-02-01,2024-03-01,0,0,0,1,1,1,1,1,1,1,1,1,1,1,1,1,1,1,1,1,1,1,1,0,0,0,0,0,0,0,0,1,1,1,18.7291046354506,12,TRUE,10.9183630727038,2.68164009019439,8.23672298250945,0,56.3799
"T1_SARIMAX","Salima",2,"month","incidence",2024-02-01,2024-04-01,0,0,0,0,0,0,0,0,0,0,0,0,0,0,0,0,0,0,0,1,1,1,1,0,0,0,0,0,0,0,1,1,1,1,20.2931153695368,12,TRUE,11.1756671991315,3.62695428303295,0,7.54871291609851,85.029
"T1_SARIMAX","Salima",3,"month","incidence",2024-02-01,2024-05-01,0,0,0,0,0,0,0,0,0,0,0,0,0,0,0,0,0,0,0,0,0,1,1,0,0,0,0,0,0,0,0,0,1,1,37.3415485833784,12,TRUE,23.3191147258967,4.27255963779924,0,19.0465550880975,88.9686
"T1_SARIMAX","Thyolo",1,"month","incidence",2024-02-01,2024-03-01,0,0,0,0,0,0,0,0,0,1,1,1,1,1,1,1,1,1,1,1,1,1,1,0,0,1,1,1,1,1,1,1,1,1,1.768623856611,12,TRUE,1.22897665961423,0.999021378372997,0.229955281241231,0,21.2841
"T1_SARIMAX","Thyolo",2,"month","incidence",2024-02-01,2024-04-01,0,0,0,0,0,0,0,0,0,0,0,0,0,0,0,0,0,0,0,0,1,1,1,0,0,0,0,0,0,0,0,1,1,1,9.45483573892233,12,TRUE,5.53598066725043,1.33158943519618,0,4.20439123205425,28.2419
"T1_SARIMAX","Thyolo",3,"month","incidence",2024-02-01,2024-05-01,0,0,0,0,0,0,0,0,0,0,0,0,0,0,0,0,0,0,0,0,0,0,0,0,0,0,0,0,0,0,0,0,0,0,19.6889350049321,12,TRUE,14.277213644754,1.54122389569209,0,12.7359897490619,40.5601
"T1_SARIMAX","Zomba",1,"month","incidence",2024-02-01,2024-03-01,0,0,0,0,0,0,0,0,0,0,0,0,0,0,0,0,0,0,0,0,0,1,1,0,0,0,0,0,0,0,0,0,1,1,13.1176140043408,12,TRUE,7.85190778759725,1.69374658444281,0,6.15816120315445,61.0412
"T1_SARIMAX","Zomba",2,"month","incidence",2024-02-01,2024-04-01,0,0,0,0,0,0,0,0,0,0,0,0,0,0,0,0,0,0,0,0,0,0,1,0,0,0,0,0,0,0,0,0,0,1,19.953305648505,12,TRUE,13.0608791598841,2.01310325445387,0,11.0477759054302,62.6197
"T1_SARIMAX","Zomba",3,"month","incidence",2024-02-01,2024-05-01,0,0,0,0,0,0,0,0,0,0,0,0,0,0,0,0,0,0,0,0,0,0,0,0,0,0,0,0,0,0,0,0,0,0,44.3241084679195,12,TRUE,35.9008432093936,2.39889248395558,0,33.501950725438,92.1489
"T1_SARIMAX","Balaka",1,"month","incidence",2024-03-01,2024-04-01,0,0,0,0,0,0,0,0,0,0,0,0,0,0,0,0,0,0,0,1,1,1,1,0,0,0,0,0,0,0,1,1,1,1,12.6863395820773,12,TRUE,6.92937744436832,2.36807129011331,0,4.56130615425501,46.7179
"T1_SARIMAX","Balaka",2,"month","incidence",2024-03-01,2024-05-01,0,0,0,0,0,0,0,0,0,0,0,0,0,0,0,0,0,0,0,0,1,1,1,0,0,0,0,0,0,0,0,1,1,1,22.0268026852284,12,TRUE,12.623309949211,3.34149030812503,0,9.28181964108602,52.4572
"T1_SARIMAX","Balaka",3,"month","incidence",2024-03-01,2024-06-01,0,0,0,0,0,0,1,1,1,1,1,1,1,1,1,1,1,1,1,1,1,1,1,0,0,0,0,0,1,1,1,1,1,1,13.2143491836312,12,TRUE,7.12973881224073,4.0943649067384,3.03537390550233,0,25.7489
"T1_SARIMAX","Blantyre",1,"month","incidence",2024-03-01,2024-04-01,0,0,0,0,0,0,0,0,0,0,0,0,0,0,0,0,0,0,0,0,0,0,0,0,0,0,0,0,0,0,0,0,0,0,14.2971635139211,12,TRUE,10.1388158748037,1.18427101497917,0,8.95454485982453,51.7175
"T1_SARIMAX","Blantyre",2,"month","incidence",2024-03-01,2024-05-01,0,0,0,0,0,0,0,0,0,0,0,0,0,0,0,1,1,1,1,1,1,1,1,0,0,0,1,1,1,1,1,1,1,1,2.6395156403842,12,TRUE,1.70893658776766,1.31616328538853,0,0.392773302379132,41.2057
"T1_SARIMAX","Blantyre",3,"month","incidence",2024-03-01,2024-06-01,1,1,1,1,1,1,1,1,1,1,1,1,1,1,1,1,1,1,1,1,1,1,1,0,0,0,0,0,0,0,0,0,0,0,17.7783145717272,12,TRUE,12.2024298958055,1.58797656608674,10.6144533297188,0,28.2961
"T1_SARIMAX","Chikwawa",1,"month","incidence",2024-03-01,2024-04-01,0,0,0,0,0,0,0,0,1,1,1,1,1,1,1,1,1,1,1,1,1,1,1,0,0,0,1,1,1,1,1,1,1,1,3.72196057833261,12,TRUE,2.51323388443531,2.00629810075781,0.506935783677501,0,33.6684
"T1_SARIMAX","Chikwawa",2,"month","incidence",2024-03-01,2024-05-01,0,0,0,0,0,0,0,0,0,0,0,0,0,0,0,0,0,0,0,0,1,1,1,0,0,0,0,0,0,0,0,1,1,1,15.6878082632156,12,TRUE,9.10604095223596,2.28227352329451,0,6.82376742894145,45.3225
"T1_SARIMAX","Chikwawa",3,"month","incidence",2024-03-01,2024-06-01,0,0,0,0,0,0,0,0,0,1,1,1,1,1,1,1,1,1,1,1,1,1,1,0,0,1,1,1,1,1,1,1,1,1,3.98584295368566,12,TRUE,3.17889196605342,2.73553577961256,0.443356186440857,0,29.4597
"T1_SARIMAX","Chiradzulu",1,"month","incidence",2024-03-01,2024-04-01,0,0,0,0,0,0,0,0,0,0,0,0,0,0,0,0,0,0,1,1,1,1,1,0,0,0,0,0,0,1,1,1,1,1,7.28397820239582,12,TRUE,3.86221305127478,1.7609953298253,0,2.10121772144948,43.453
"T1_SARIMAX","Chiradzulu",2,"month","incidence",2024-03-01,2024-05-01,0,0,0,0,0,0,0,0,0,0,0,0,0,0,0,0,0,0,0,0,0,0,0,0,0,0,0,0,0,0,0,0,0,0,35.6334761986157,12,TRUE,28.4920864962101,2.03382246151614,0,26.458264034694,72.8802
"T1_SARIMAX","Chiradzulu",3,"month","incidence",2024-03-01,2024-06-01,0,0,1,1,1,1,1,1,1,1,1,1,1,1,1,1,1,1,1,1,1,1,1,0,0,0,0,0,0,0,0,0,1,1,22.0330506237452,12,TRUE,13.9180405060738,2.43085949061442,11.4871810154594,0,26.4464
"T1_SARIMAX","Chitipa",1,"month","incidence",2024-03-01,2024-04-01,0,0,0,0,0,0,0,0,0,0,0,0,0,0,0,0,0,0,0,0,0,1,1,0,0,0,0,0,0,0,0,0,1,1,15.4471335711576,12,TRUE,9.28193664360979,1.9743122940265,0,7.30762434958329,46.4572
"T1_SARIMAX","Chitipa",2,"month","incidence",2024-03-01,2024-05-01,0,0,0,0,0,0,0,0,0,0,0,0,0,0,0,0,0,0,0,0,0,1,1,0,0,0,0,0,0,0,0,0,1,1,21.0493346633388,12,TRUE,13.3137202492483,2.31076074258718,0,11.0029595066612,44.9183
"T1_SARIMAX","Chitipa",3,"month","incidence",2024-03-01,2024-06-01,0,0,0,0,0,0,0,0,0,0,0,0,0,0,0,1,1,1,1,1,1,1,1,0,0,0,1,1,1,1,1,1,1,1,4.97627056386064,12,TRUE,3.17170329351649,2.41374740124055,0,0.757955892275939,24.6562
"T1_SARIMAX","Dedza",1,"month","incidence",2024-03-01,2024-04-01,0,0,0,0,0,0,0,0,0,0,0,1,1,1,1,1,1,1,1,1,1,1,1,1,1,1,1,1,1,1,1,1,1,1,0.3726704428556,12,TRUE,1.1600098703878,1.14380680765495,0.0162030627328522,0,34.6873
"T1_SARIMAX","Dedza",2,"month","incidence",2024-03-01,2024-05-01,0,0,0,0,0,0,0,0,0,0,0,0,0,0,0,0,0,0,0,0,1,1,1,0,0,0,0,0,0,0,0,1,1,1,8.14878024282085,12,TRUE,4.72255413444713,1.19230491887427,0,3.53024921557286,38.227
"T1_SARIMAX","Dedza",3,"month","incidence",2024-03-01,2024-06-01,0,0,0,0,0,1,1,1,1,1,1,1,1,1,1,1,1,1,1,1,1,1,1,0,0,0,0,0,0,1,1,1,1,1,5.52540690094364,12,TRUE,2.93931505331344,1.26979626537677,1.66951878793667,0,21.7965
"T1_SARIMAX","Dowa",1,"month","incidence",2024-03-01,2024-04-01,0,0,0,0,0,0,0,0,0,0,0,0,0,0,0,0,0,0,1,1,1,1,1,0,0,0,0,0,0,1,1,1,1,1,9.33247896790122,12,TRUE,4.93719743944732,2.33365043298519,0,2.60354700646214,42.9949
"T1_SARIMAX","Dowa",2,"month","incidence",2024-03-01,2024-05-01,0,0,0,0,0,0,0,0,0,0,0,0,0,0,0,0,0,0,0,1,1,1,1,0,0,0,0,0,0,0,1,1,1,1,16.5513749328491,12,TRUE,8.91679273390139,3.29622257615021,0,5.62057015775117,47.9188
"T1_SARIMAX","Dowa",3,"month","incidence",2024-03-01,2024-06-01,0,0,0,0,0,0,0,0,0,1,1,1,1,1,1,1,1,1,1,1,1,1,1,0,0,1,1,1,1,1,1,1,1,1,6.9070270157749,12,TRUE,4.90127746007379,4.02496471571146,0.876312744362331,0,26.6626
"T1_SARIMAX","Karonga",1,"month","incidence",2024-03-01,2024-04-01,0,0,0,0,0,0,0,0,0,0,0,0,0,0,1,1,1,1,1,1,1,1,1,0,0,1,1,1,1,1,1,1,1,1,2.46522229332922,12,TRUE,1.88628611684731,1.59746307896114,0,0.28882303788617,48.2033
"T1_SARIMAX","Karonga",2,"month","incidence",2024-03-01,2024-05-01,0,0,0,0,0,1,1,1,1,1,1,1,1,1,1,1,1,1,1,1,1,1,1,0,0,0,0,0,0,1,1,1,1,1,7.55824829689367,12,TRUE,3.99822778151713,1.89235221823661,2.10587556328053,0,42.3352
"T1_SARIMAX","Karonga",3,"month","incidence",2024-03-01,2024-06-01,0,0,1,1,1,1,1,1,1,1,1,1,1,1,1,1,1,1,1,1,1,1,1,0,0,0,0,0,0,0,0,0,1,1,16.0420118419699,12,TRUE,9.59693100018896,2.07444100602123,7.52248999416773,0,34.2526
"T1_SARIMAX","Kasungu",1,"month","incidence",2024-03-01,2024-04-01,0,1,1,1,1,1,1,1,1,1,1,1,1,1,1,1,1,1,1,1,1,1,1,0,0,0,0,0,0,0,0,0,0,1,22.5998927433648,12,TRUE,14.900963491695,2.23807932094986,12.6628841707451,0,65.3948
"T1_SARIMAX","Kasungu",2,"month","incidence",2024-03-01,2024-05-01,0,0,0,0,0,0,0,0,0,0,0,0,0,0,0,0,0,0,0,0,1,1,1,0,0,0,0,0,0,0,0,1,1,1,21.4596120743756,12,TRUE,12.4092261562781,3.16512212935406,0,9.244104026924,105.0846
"T1_SARIMAX","Kasungu",3,"month","incidence",2024-03-01,2024-06-01,0,0,0,1,1,1,1,1,1,1,1,1,1,1,1,1,1,1,1,1,1,1,1,0,0,0,0,0,0,0,0,1,1,1,29.6418717307149,12,TRUE,17.6811131497832,3.87646709525442,13.8046460545288,0,61.6743
"T1_SARIMAX","Likoma",1,"month","incidence",2024-03-01,2024-04-01,0,0,0,0,0,0,0,0,0,0,0,0,0,0,0,0,0,0,1,1,1,1,1,0,0,0,0,0,0,1,1,1,1,1,11.7097466580846,12,TRUE,6.17344286710242,2.63524546271278,0,3.53819740438964,27.5426
"T1_SARIMAX","Likoma",2,"month","incidence",2024-03-01,2024-05-01,0,0,0,0,0,0,0,0,0,0,0,0,0,0,0,0,0,0,1,1,1,1,1,0,0,0,0,0,0,1,1,1,1,1,18.1337607021197,12,TRUE,9.61052956002201,3.7172925364702,0,5.89323702355181,39.9338
"T1_SARIMAX","Likoma",3,"month","incidence",2024-03-01,2024-06-01,0,0,0,0,0,0,0,0,0,0,0,0,0,0,0,0,1,1,1,1,1,1,1,0,0,0,0,1,1,1,1,1,1,1,14.3440431923647,12,TRUE,7.48257976517143,4.32109788999625,0,3.16148187517517,31.8366
"T1_SARIMAX","Lilongwe",1,"month","incidence",2024-03-01,2024-04-01,0,0,0,0,0,0,0,0,0,0,0,0,0,0,0,0,0,0,0,0,0,0,0,0,0,0,0,0,0,0,0,0,0,0,22.2881551555918,12,TRUE,17.4407156595209,1.38052000223831,0,16.0601956572826,49.5771
"T1_SARIMAX","Lilongwe",2,"month","incidence",2024-03-01,2024-05-01,0,0,0,0,0,0,0,0,0,0,0,0,0,0,0,0,0,0,0,0,0,0,1,0,0,0,0,0,0,0,0,0,0,1,18.6373263896008,12,TRUE,12.4053285883456,1.79998132817214,0,10.6053472601735,44.2959
"T1_SARIMAX","Lilongwe",3,"month","incidence",2024-03-01,2024-06-01,0,0,0,0,0,0,0,0,0,0,0,0,0,0,0,1,1,1,1,1,1,1,1,0,0,0,1,1,1,1,1,1,1,1,4.92585083873773,12,TRUE,2.90488192565107,2.04299036355763,0,0.861891562093433,28.9181
"T1_SARIMAX","Machinga",1,"month","incidence",2024-03-01,2024-04-01,0,0,0,0,0,0,0,0,0,0,0,0,0,0,0,0,0,0,0,0,0,0,0,0,0,0,0,0,0,0,0,0,0,0,21.684673891073,12,TRUE,15.8577498337186,1.65947098859543,0,14.1982788451232,57.4361
"T1_SARIMAX","Machinga",2,"month","incidence",2024-03-01,2024-05-01,0,0,0,0,0,0,0,0,0,0,0,0,0,0,0,0,0,0,0,0,1,1,1,0,0,0,0,0,0,0,0,1,1,1,14.6217154673876,12,TRUE,8.67712157753269,1.95307264992248,0,6.7240489276102,53.0065
"T1_SARIMAX","Machinga",3,"month","incidence",2024-03-01,2024-06-01,0,0,0,0,0,0,0,0,0,1,1,1,1,1,1,1,1,1,1,1,1,1,1,0,0,1,1,1,1,1,1,1,1,1,3.57468814101976,12,TRUE,2.53145359098477,2.07536378623224,0.456089804752533,0,33.0559
"T1_SARIMAX","Mangochi",1,"month","incidence",2024-03-01,2024-04-01,0,0,0,0,0,0,0,0,0,0,0,0,0,0,0,0,0,0,0,0,0,0,0,0,0,0,0,0,0,0,0,0,0,0,16.1802323289354,12,TRUE,12.4660668649086,1.05777075069586,0,11.4082961142128,35.6503
"T1_SARIMAX","Mangochi",2,"month","incidence",2024-03-01,2024-05-01,0,0,0,0,0,0,0,0,0,0,0,0,0,0,0,0,0,0,0,0,0,0,0,0,0,0,0,0,0,0,0,0,0,0,17.2385279829611,12,TRUE,12.6000591082013,1.32100649560577,0,11.2790526125956,40.2268
"T1_SARIMAX","Mangochi",3,"month","incidence",2024-03-01,2024-06-01,0,0,0,0,0,0,0,0,0,0,0,0,0,1,1,1,1,1,1,1,1,1,1,0,1,1,1,1,1,1,1,1,1,1,0.911392929170702,12,TRUE,1.4922225053694,1.44758369766982,0,0.0446388076995799,25.2581
"T1_SARIMAX","Mchinji",1,"month","incidence",2024-03-01,2024-04-01,0,0,0,0,0,0,0,0,0,0,0,0,0,0,0,0,0,0,0,0,0,0,1,0,0,0,0,0,0,0,0,0,0,1,30.457130350023,12,TRUE,20.3024387359917,2.92995984213568,0,17.372478893856,87.8526
"T1_SARIMAX","Mchinji",2,"month","incidence",2024-03-01,2024-05-01,0,0,0,0,0,0,0,0,0,0,0,0,0,0,0,0,1,1,1,1,1,1,1,0,0,0,0,1,1,1,1,1,1,1,12.6586328035782,12,TRUE,6.91764006130433,4.14358894595681,0,2.77405111534752,71.6505
"T1_SARIMAX","Mchinji",3,"month","incidence",2024-03-01,2024-06-01,0,0,0,0,0,0,0,0,1,1,1,1,1,1,1,1,1,1,1,1,1,1,1,0,0,0,1,1,1,1,1,1,1,1,10.0826155250891,12,TRUE,6.56044084726342,5.07483931071549,1.48560153654793,0,47.9262
"T1_SARIMAX","Mulanje",1,"month","incidence",2024-03-01,2024-04-01,0,0,0,0,0,0,0,0,0,0,0,0,0,0,0,0,0,0,0,0,1,1,1,0,0,0,0,0,0,0,0,1,1,1,12.1000621647562,12,TRUE,6.9001822440101,1.87340759514203,0,5.02677464886807,70.0309
"T1_SARIMAX","Mulanje",2,"month","incidence",2024-03-01,2024-05-01,0,0,0,0,0,0,0,0,0,0,0,0,0,0,0,0,0,0,1,1,1,1,1,0,0,0,0,0,0,1,1,1,1,1,9.49860781138091,12,TRUE,5.04481475781872,2.2388453553592,0,2.80596940245952,78.6324
"T1_SARIMAX","Mulanje",3,"month","incidence",2024-03-01,2024-06-01,0,0,0,0,0,0,0,0,1,1,1,1,1,1,1,1,1,1,1,1,1,1,1,0,0,0,1,1,1,1,1,1,1,1,6.72688936535654,12,TRUE,4.12120047334911,3.01408538843592,1.10711508491319,0,48.3321
"T1_SARIMAX","Mwanza",1,"month","incidence",2024-03-01,2024-04-01,0,0,0,0,0,0,0,0,0,0,0,0,0,0,0,0,0,0,0,0,0,0,1,0,0,0,0,0,0,0,0,0,0,1,33.6265541023901,12,TRUE,22.0332969137039,3.38390667633448,0,18.6493902373694,108.1036
"T1_SARIMAX","Mwanza",2,"month","incidence",2024-03-01,2024-05-01,0,0,0,0,0,0,0,0,0,0,0,0,0,0,0,0,0,0,0,0,0,0,0,0,0,0,0,0,0,0,0,0,0,0,62.2165802050363,12,TRUE,46.9444928161931,4.34939355783985,0,42.5950992583533,132.7242
"T1_SARIMAX","Mwanza",3,"month","incidence",2024-03-01,2024-06-01,0,0,0,0,0,0,0,0,0,0,0,0,0,0,0,0,0,0,0,1,1,1,1,0,0,0,0,0,0,0,1,1,1,1,32.4751654606444,12,TRUE,18.0811995841809,5.44556260892512,0,12.6356369752558,86.9302
"T1_SARIMAX","Mzimba",1,"month","incidence",2024-03-01,2024-04-01,0,0,0,0,0,0,0,0,0,0,0,1,1,1,1,1,1,1,1,1,1,1,1,1,1,1,1,1,1,1,1,1,1,1,0.730803827081118,12,TRUE,1.75736618829776,1.72559210885945,0.0317740794383095,0,47.2507
"T1_SARIMAX","Mzimba",2,"month","incidence",2024-03-01,2024-05-01,0,0,0,0,0,0,0,0,0,0,0,0,0,0,0,0,0,0,0,0,0,0,0,0,0,0,0,0,0,0,0,0,0,0,32.6269665099716,12,TRUE,25.27945628659,2.09252427766255,0,23.1869320089274,78.6811
"T1_SARIMAX","Mzimba",3,"month","incidence",2024-03-01,2024-06-01,0,0,1,1,1,1,1,1,1,1,1,1,1,1,1,1,1,1,1,1,1,1,1,0,0,0,0,0,0,0,0,0,1,1,19.4970508141604,12,TRUE,11.7165212714292,2.49133783919499,9.22518343223423,0,23.7437
"T1_SARIMAX","Neno",1,"month","incidence",2024-03-01,2024-04-01,0,0,0,0,0,0,0,0,0,0,0,0,0,0,0,0,0,0,0,0,1,1,1,0,0,0,0,0,0,0,0,1,1,1,37.5399800639312,12,TRUE,22.4261187589466,4.87831720979722,0,17.5478015491494,210.0251
"T1_SARIMAX","Neno",2,"month","incidence",2024-03-01,2024-05-01,0,0,0,0,0,0,0,0,0,0,1,1,1,1,1,1,1,1,1,1,1,1,1,0,1,1,1,1,1,1,1,1,1,1,6.97581685022158,12,TRUE,7.44855430482314,6.89212392139365,0.556430383429487,0,172.3269
"T1_SARIMAX","Neno",3,"month","incidence",2024-03-01,2024-06-01,0,0,0,0,0,0,1,1,1,1,1,1,1,1,1,1,1,1,1,1,1,1,1,0,0,0,0,0,1,1,1,1,1,1,32.4771176699631,12,TRUE,17.2098828591301,8.43829160741895,8.7715912517112,0,112.5111
"T1_SARIMAX","Nkhatabay",1,"month","incidence",2024-03-01,2024-04-01,0,0,0,0,0,0,0,0,0,0,0,0,0,0,0,0,1,1,1,1,1,1,1,0,0,0,0,1,1,1,1,1,1,1,7.58850128262158,12,TRUE,4.3679759016371,2.95025179779391,0,1.41772410384318,83.9967
"T1_SARIMAX","Nkhatabay",2,"month","incidence",2024-03-01,2024-05-01,0,0,0,0,0,0,0,0,0,0,0,0,0,0,0,0,0,0,1,1,1,1,1,0,0,0,0,0,0,1,1,1,1,1,16.6348911476181,12,TRUE,8.86564154149183,3.70894161559472,0,5.15669992589711,93.0021
"T1_SARIMAX","Nkhatabay",3,"month","incidence",2024-03-01,2024-06-01,0,0,0,0,0,0,0,0,0,0,0,0,0,0,0,0,0,1,1,1,1,1,1,0,0,0,0,0,1,1,1,1,1,1,13.3244203107638,12,TRUE,7.18459735659343,4.08519927505929,0,3.09939808153415,89.6604
"T1_SARIMAX","Nkhotakota",1,"month","incidence",2024-03-01,2024-04-01,0,0,0,0,0,0,0,0,0,0,0,0,0,0,0,0,0,0,0,1,1,1,1,0,0,0,0,0,0,0,1,1,1,1,14.1439233615671,12,TRUE,7.8581579454792,2.40650379294011,0,5.45165415253909,76.86
"T1_SARIMAX","Nkhotakota",2,"month","incidence",2024-03-01,2024-05-01,0,0,0,0,0,0,0,0,0,0,0,0,0,0,0,0,0,0,0,0,1,1,1,0,0,0,0,0,0,0,0,1,1,1,24.2439488682878,12,TRUE,14.2074203090731,3.4033103018782,0,10.8041100071949,90.0795
"T1_SARIMAX","Nkhotakota",3,"month","incidence",2024-03-01,2024-06-01,0,0,0,0,0,0,0,0,0,0,0,0,0,0,0,0,0,0,1,1,1,1,1,0,0,0,0,0,0,1,1,1,1,1,19.2859021970264,12,TRUE,10.2975857644212,4.16818683797949,0,6.12939892644173,91.658
"T1_SARIMAX","Nsanje",1,"month","incidence",2024-03-01,2024-04-01,0,0,0,0,0,0,0,0,0,0,0,0,0,0,0,0,0,0,1,1,1,1,1,0,0,0,0,0,0,1,1,1,1,1,8.44904182793585,12,TRUE,4.48530572477579,2.00578634686164,0,2.47951937791415,42.4862
"T1_SARIMAX","Nsanje",2,"month","incidence",2024-03-01,2024-05-01,0,0,0,0,0,0,0,0,0,0,0,0,0,0,0,0,0,0,1,1,1,1,1,0,0,0,0,0,0,1,1,1,1,1,11.5519771937134,12,TRUE,6.16639787915868,2.50848354111814,0,3.65791433804054,52.133
"T1_SARIMAX","Nsanje",3,"month","incidence",2024-03-01,2024-06-01,0,0,0,0,0,0,0,0,0,0,0,0,0,0,0,0,0,1,1,1,1,1,1,0,0,0,0,0,1,1,1,1,1,1,9.53856354883931,12,TRUE,5.07944968404597,2.6035451384163,0,2.47590454562967,42.682
"T1_SARIMAX","Ntcheu",1,"month","incidence",2024-03-01,2024-04-01,0,0,0,0,0,0,0,0,0,0,0,0,0,0,0,0,0,0,0,1,1,1,1,0,0,0,0,0,0,0,1,1,1,1,10.7108275208433,12,TRUE,5.8356517297116,2.02518540075851,0,3.81046632895309,52.3153
"T1_SARIMAX","Ntcheu",2,"month","incidence",2024-03-01,2024-05-01,0,0,0,0,0,0,0,0,0,0,0,0,0,0,0,0,0,0,0,1,1,1,1,0,0,0,0,0,0,0,1,1,1,1,14.0822096572987,12,TRUE,7.56049462111262,2.85994987942667,0,4.70054474168595,63.7379
"T1_SARIMAX","Ntcheu",3,"month","incidence",2024-03-01,2024-06-01,0,0,0,0,0,0,0,0,0,1,1,1,1,1,1,1,1,1,1,1,1,1,1,0,0,1,1,1,1,1,1,1,1,1,4.89713404926212,12,TRUE,4.02295130165671,3.49989552269715,0.523055778959562,0,32.0172
"T1_SARIMAX","Ntchisi",1,"month","incidence",2024-03-01,2024-04-01,0,0,0,0,0,0,0,0,0,0,0,0,0,0,0,0,0,0,0,0,0,0,0,0,0,0,0,0,0,0,0,0,0,0,32.7879539405966,12,TRUE,22.6254406738368,2.89421927785702,0,19.7312213959798,96.5269
"T1_SARIMAX","Ntchisi",2,"month","incidence",2024-03-01,2024-05-01,0,0,0,0,0,0,0,0,0,0,0,0,0,0,0,0,0,0,0,0,0,1,1,0,0,0,0,0,0,0,0,0,1,1,30.2008610150058,12,TRUE,19.0043027867005,3.37357176932583,0,15.6307310173746,95.3542
"T1_SARIMAX","Ntchisi",3,"month","incidence",2024-03-01,2024-06-01,0,0,0,0,0,0,0,0,0,0,0,0,0,0,0,0,0,1,1,1,1,1,1,0,0,0,0,0,1,1,1,1,1,1,14.4023685952739,12,TRUE,7.66748004604664,3.92090662978018,0,3.74657341626646,77.629
"T1_SARIMAX","Phalombe",1,"month","incidence",2024-03-01,2024-04-01,0,0,0,0,0,0,0,0,0,0,0,0,0,0,0,0,0,0,0,0,0,0,1,0,0,0,0,0,0,0,0,0,0,1,12.6424347104796,12,TRUE,8.33032569417585,1.25405942402628,0,7.07626627014957,37.5996
"T1_SARIMAX","Phalombe",2,"month","incidence",2024-03-01,2024-05-01,0,0,0,0,0,0,0,0,0,0,0,0,0,0,0,0,1,1,1,1,1,1,1,0,0,0,0,1,1,1,1,1,1,1,4.92763386284301,12,TRUE,2.69893468273573,1.62584666654839,0,1.07308801618734,36.1199
"T1_SARIMAX","Phalombe",3,"month","incidence",2024-03-01,2024-06-01,0,0,0,1,1,1,1,1,1,1,1,1,1,1,1,1,1,1,1,1,1,1,1,0,0,0,0,0,0,0,0,1,1,1,14.1472566431952,12,TRUE,8.45203572382632,1.83791715223634,6.61411857158998,0,17.8313
"T1_SARIMAX","Rumphi",1,"month","incidence",2024-03-01,2024-04-01,0,0,0,0,0,0,0,0,0,0,0,0,0,0,0,0,0,0,0,0,0,0,0,0,0,0,0,0,0,0,0,0,0,0,27.3158092385826,12,TRUE,19.486985773764,2.22959923397392,0,17.2573865397901,59.4701
"T1_SARIMAX","Rumphi",2,"month","incidence",2024-03-01,2024-05-01,0,0,0,0,0,0,0,0,0,0,0,0,0,0,0,0,0,0,0,0,0,1,1,0,0,0,0,0,0,0,0,0,1,1,26.6041622887037,12,TRUE,16.4195553287386,3.15114852679693,0,13.2684068019416,58.753
"T1_SARIMAX","Rumphi",3,"month","incidence",2024-03-01,2024-06-01,0,0,0,0,0,0,0,0,0,0,0,0,0,0,1,1,1,1,1,1,1,1,1,0,0,1,1,1,1,1,1,1,1,1,5.96288968725005,12,TRUE,4.52645817833848,3.82751602918436,0,0.698942149154125,34.2726
"T1_SARIMAX","Salima",1,"month","incidence",2024-03-01,2024-04-01,0,0,0,0,0,0,0,0,0,0,0,0,0,0,0,0,0,0,0,0,0,0,0,0,0,0,0,0,0,0,0,0,0,0,39.1295905353578,12,TRUE,29.6652648586461,2.6953798835423,0,26.9698849751038,85.029
"T1_SARIMAX","Salima",2,"month","incidence",2024-03-01,2024-05-01,0,0,0,0,0,0,0,0,0,0,0,0,0,0,0,0,0,0,0,0,0,0,0,0,0,0,0,0,0,0,0,0,0,0,54.491727508653,12,TRUE,41.9264103476798,3.57340323116452,0,38.3530071165152,88.9686
"T1_SARIMAX","Salima",3,"month","incidence",2024-03-01,2024-06-01,0,0,0,0,0,0,0,0,0,0,0,0,0,0,0,0,0,0,0,0,0,0,1,0,0,0,0,0,0,0,0,0,0,1,44.0797965828719,12,TRUE,29.2779541431862,3.75994339584417,0,25.518010747342,58.0151
"T1_SARIMAX","Thyolo",1,"month","incidence",2024-03-01,2024-04-01,0,0,0,0,0,0,0,0,0,0,0,0,0,0,0,0,0,0,0,0,0,0,0,0,0,0,0,0,0,0,0,0,0,0,11.1652870421664,12,TRUE,7.65262397265595,1.00038414765435,0,6.6522398250016,28.2419
"T1_SARIMAX","Thyolo",2,"month","incidence",2024-03-01,2024-05-01,0,0,0,0,0,0,0,0,0,0,0,0,0,0,0,0,0,0,0,0,0,0,0,0,0,0,0,0,0,0,0,0,0,0,20.8873918720722,12,TRUE,16.165470050867,1.3447733650854,0,14.8206966857816,40.5601
"T1_SARIMAX","Thyolo",3,"month","incidence",2024-03-01,2024-06-01,0,0,0,0,0,0,0,0,0,0,0,0,0,0,0,0,0,1,1,1,1,1,1,0,0,0,0,0,1,1,1,1,1,1,6.04163729373137,12,TRUE,3.19899120358219,1.56625906680467,0,1.63273213677752,20.5471
"T1_SARIMAX","Zomba",1,"month","incidence",2024-03-01,2024-04-01,0,0,0,0,0,0,0,0,0,0,0,0,0,0,0,0,0,0,0,1,1,1,1,0,0,0,0,0,0,0,1,1,1,1,9.8097024707768,12,TRUE,5.44229302525498,1.68286350394724,0,3.75942952130774,62.6197
"T1_SARIMAX","Zomba",2,"month","incidence",2024-03-01,2024-05-01,0,0,0,0,0,0,0,0,0,0,0,0,0,0,0,0,0,0,0,0,0,0,0,0,0,0,0,0,0,0,0,0,0,0,33.1417513347775,12,TRUE,26.0002190308006,2.03386307353858,0,23.966355957262,92.1489
"T1_SARIMAX","Zomba",3,"month","incidence",2024-03-01,2024-06-01,0,0,0,0,0,0,0,0,0,0,0,0,0,0,1,1,1,1,1,1,1,1,1,0,0,1,1,1,1,1,1,1,1,1,4.19274599005432,12,TRUE,2.95906940663477,2.42228004707461,0,0.536789359560158,57.127
"T1_SARIMAX","Balaka",1,"month","incidence",2024-04-01,2024-05-01,0,0,0,0,0,0,0,0,0,0,0,0,0,0,0,0,0,0,1,1,1,1,1,0,0,0,0,0,0,1,1,1,1,1,10.0895367615433,12,TRUE,5.36181420621346,2.35635559935727,0,3.00545860685619,52.4572
"T1_SARIMAX","Balaka",2,"month","incidence",2024-04-01,2024-06-01,0,0,0,1,1,1,1,1,1,1,1,1,1,1,1,1,1,1,1,1,1,1,1,0,0,0,0,0,0,0,0,1,1,1,25.6189973589075,12,TRUE,15.3036130561853,3.33009867505893,11.9735143811264,0,25.7489
"T1_SARIMAX","Balaka",3,"month","incidence",2024-04-01,2024-07-01,0,0,0,1,1,1,1,1,1,1,1,1,1,1,1,1,1,1,1,1,1,1,1,0,0,0,0,0,0,0,0,1,1,1,29.9366297731282,12,TRUE,17.6796163093932,4.07758539587311,13.6020309135201,0,21.5713
"T1_SARIMAX","Blantyre",1,"month","incidence",2024-04-01,2024-05-01,0,0,0,0,0,0,0,0,0,0,0,1,1,1,1,1,1,1,1,1,1,1,1,1,1,1,1,1,1,1,1,1,1,1,0.391657244060902,12,TRUE,1.19892419088608,1.18189561505735,0.0170285758287349,0,41.2057
"T1_SARIMAX","Blantyre",2,"month","incidence",2024-04-01,2024-06-01,1,1,1,1,1,1,1,1,1,1,1,1,1,1,1,1,1,1,1,1,1,1,1,0,0,0,0,0,0,0,0,0,0,0,27.6549479681538,12,TRUE,23.0941272384174,1.2988927967286,21.7952344416888,0,28.2961
"T1_SARIMAX","Blantyre",3,"month","incidence",2024-04-01,2024-07-01,1,1,1,1,1,1,1,1,1,1,1,1,1,1,1,1,1,1,1,1,1,1,1,0,0,0,0,0,0,0,0,0,0,0,24.7964208587503,12,TRUE,19.8588491387199,1.40618908756119,18.4526600511588,0,26.2211
"T1_SARIMAX","Chikwawa",1,"month","incidence",2024-04-01,2024-05-01,0,0,0,0,0,0,0,0,0,0,0,0,0,0,0,0,0,0,0,0,0,1,1,0,0,0,0,0,0,0,0,0,1,1,15.7055452644368,12,TRUE,9.45856174366206,1.99522343038351,0,7.46333831327855,45.3225
"T1_SARIMAX","Chikwawa",2,"month","incidence",2024-04-01,2024-06-01,0,0,0,0,0,0,0,0,0,0,0,1,1,1,1,1,1,1,1,1,1,1,1,1,1,1,1,1,1,1,1,1,1,1,0.731312786586781,12,TRUE,2.34438750479215,2.31259129667968,0.0317962081124687,0,29.4597
"T1_SARIMAX","Chikwawa",3,"month","incidence",2024-04-01,2024-07-01,0,0,0,0,0,0,0,0,0,0,0,0,0,0,0,0,0,1,1,1,1,1,1,0,0,0,0,0,1,1,1,1,1,1,8.63828225577945,12,TRUE,4.63267141664962,2.57758769110722,0,2.0550837255424,29.2178
"T1_SARIMAX","Chiradzulu",1,"month","incidence",2024-04-01,2024-05-01,0,0,0,0,0,0,0,0,0,0,0,0,0,0,0,0,0,0,0,0,0,0,0,0,0,0,0,0,0,0,0,0,0,0,31.4376962885183,12,TRUE,25.6349797740189,1.65257683403331,0,23.9824029399856,72.8802
"T1_SARIMAX","Chiradzulu",2,"month","incidence",2024-04-01,2024-06-01,1,1,1,1,1,1,1,1,1,1,1,1,1,1,1,1,1,1,1,1,1,1,1,0,0,0,0,0,0,0,0,0,0,0,27.4932382620458,12,TRUE,20.4382029940604,2.00922926667674,18.4289737273837,0,26.4464
"T1_SARIMAX","Chiradzulu",3,"month","incidence",2024-04-01,2024-07-01,1,1,1,1,1,1,1,1,1,1,1,1,1,1,1,1,1,1,1,1,1,1,1,0,0,0,0,0,0,0,0,0,0,0,37.6845792297724,12,TRUE,29.2814975654723,2.39314432442346,26.8883532410488,0,13.1929
"T1_SARIMAX","Chitipa",1,"month","incidence",2024-04-01,2024-05-01,0,0,0,0,0,0,0,0,0,0,0,0,0,0,0,0,0,0,0,1,1,1,1,0,0,0,0,0,0,0,1,1,1,1,10.2714556201478,12,TRUE,5.5901530892035,1.95287745308994,0,3.63727563611356,44.9183
"T1_SARIMAX","Chitipa",2,"month","incidence",2024-04-01,2024-06-01,0,0,0,0,0,0,0,0,0,0,1,1,1,1,1,1,1,1,1,1,1,1,1,0,1,1,1,1,1,1,1,1,1,1,2.60395616923655,12,TRUE,2.55553281588526,2.3356699006228,0.219862915262457,0,24.6562
"T1_SARIMAX","Chitipa",3,"month","incidence",2024-04-01,2024-07-01,0,0,0,0,0,0,0,0,0,0,0,0,0,1,1,1,1,1,1,1,1,1,1,0,1,1,1,1,1,1,1,1,1,1,2.84687633857692,12,TRUE,2.69580618891649,2.45177972561637,0,0.244026463300112,19.8899
"T1_SARIMAX","Dedza",1,"month","incidence",2024-04-01,2024-05-01,0,0,0,0,0,0,0,0,0,0,0,0,0,0,0,0,0,0,0,0,1,1,1,0,0,0,0,0,0,0,0,1,1,1,8.97410916058724,12,TRUE,5.21753293675958,1.29778397061298,0,3.9197489661466,38.227
"T1_SARIMAX","Dedza",2,"month","incidence",2024-04-01,2024-06-01,0,0,1,1,1,1,1,1,1,1,1,1,1,1,1,1,1,1,1,1,1,1,1,0,0,0,0,0,0,0,0,0,1,1,10.0910562469936,12,TRUE,6.04939415764465,1.29778397061298,4.75161018703167,0,21.7965
"T1_SARIMAX","Dedza",3,"month","incidence",2024-04-01,2024-07-01,1,1,1,1,1,1,1,1,1,1,1,1,1,1,1,1,1,1,1,1,1,1,1,0,0,0,0,0,0,0,0,0,0,0,20.6791347239651,12,TRUE,16.1222074311209,1.29778397061298,14.8244234605079,0,13.4953
"T1_SARIMAX","Dowa",1,"month","incidence",2024-04-01,2024-05-01,0,0,0,0,0,0,0,0,0,0,0,0,0,0,0,0,0,0,1,1,1,1,1,0,0,0,0,0,0,1,1,1,1,1,10.0785156421235,12,TRUE,5.36932549379939,2.26139703912736,0,3.10792845467203,47.9188
"T1_SARIMAX","Dowa",2,"month","incidence",2024-04-01,2024-06-01,0,0,0,0,0,1,1,1,1,1,1,1,1,1,1,1,1,1,1,1,1,1,1,0,0,0,0,0,0,1,1,1,1,1,14.4456181283735,12,TRUE,7.70381869282848,3.18653858597469,4.5172801068538,0,26.6626
"T1_SARIMAX","Dowa",3,"month","incidence",2024-04-01,2024-07-01,0,0,0,0,1,1,1,1,1,1,1,1,1,1,1,1,1,1,1,1,1,1,1,0,0,0,0,0,0,0,1,1,1,1,21.8119915179481,12,TRUE,12.0084185542515,3.89399583142327,8.11442272282819,0,16.1815
"T1_SARIMAX","Karonga",1,"month","incidence",2024-04-01,2024-05-01,0,0,0,0,0,0,0,1,1,1,1,1,1,1,1,1,1,1,1,1,1,1,1,0,0,0,0,1,1,1,1,1,1,1,4.26436609747955,12,TRUE,2.40859886513655,1.56088230305079,0.847716562085759,0,42.3352
"T1_SARIMAX","Karonga",2,"month","incidence",2024-04-01,2024-06-01,1,1,1,1,1,1,1,1,1,1,1,1,1,1,1,1,1,1,1,1,1,1,1,0,0,0,0,0,0,0,0,0,0,0,20.4003752418734,12,TRUE,14.1258344779695,1.78694938563958,12.3388850923299,0,34.2526
"T1_SARIMAX","Karonga",3,"month","incidence",2024-04-01,2024-07-01,0,0,0,0,0,0,1,1,1,1,1,1,1,1,1,1,1,1,1,1,1,1,1,0,0,0,0,0,1,1,1,1,1,1,7.27660771007162,12,TRUE,3.90524773630457,2.13872059209501,1.76652714420956,0,46.7617
"T1_SARIMAX","Kasungu",1,"month","incidence",2024-04-01,2024-05-01,0,0,0,0,0,0,0,0,0,0,0,0,0,0,0,0,0,0,0,0,0,0,0,0,0,0,0,0,0,0,0,0,0,0,38.33920626854,12,TRUE,30.2541624426901,2.30256916658909,0,27.951593276101,105.0846
"T1_SARIMAX","Kasungu",2,"month","incidence",2024-04-01,2024-06-01,0,0,0,0,0,1,1,1,1,1,1,1,1,1,1,1,1,1,1,1,1,1,1,0,0,0,0,0,0,1,1,1,1,1,11.7413208405748,12,TRUE,6.21820286011037,2.89006536535603,3.32813749475434,0,61.6743
"T1_SARIMAX","Kasungu",3,"month","incidence",2024-04-01,2024-07-01,0,1,1,1,1,1,1,1,1,1,1,1,1,1,1,1,1,1,1,1,1,1,1,0,0,0,0,0,0,0,0,0,0,1,36.2008796234253,12,TRUE,24.2190610777902,3.44819777764679,20.7708633001434,0,37.1945
"T1_SARIMAX","Likoma",1,"month","incidence",2024-04-01,2024-05-01,0,0,0,0,0,0,0,0,0,0,0,0,0,0,0,1,1,1,1,1,1,1,1,0,0,0,1,1,1,1,1,1,1,1,6.19503134658438,12,TRUE,3.74137891878918,2.69732496765545,0,1.04405395113372,39.9338
"T1_SARIMAX","Likoma",2,"month","incidence",2024-04-01,2024-06-01,0,0,0,0,0,0,0,0,0,0,0,0,0,1,1,1,1,1,1,1,1,1,1,0,1,1,1,1,1,1,1,1,1,1,2.56419962978888,12,TRUE,3.92925279962003,3.79042130302075,0,0.138831496599274,31.8366
"T1_SARIMAX","Likoma",3,"month","incidence",2024-04-01,2024-07-01,0,0,0,0,0,0,0,0,0,0,0,0,0,0,0,0,1,1,1,1,1,1,1,0,0,0,0,1,1,1,1,1,1,1,12.8863703019674,12,TRUE,7.15336940951944,4.56807167227557,0,2.58529773724387,39.9338
"T1_SARIMAX","Lilongwe",1,"month","incidence",2024-04-01,2024-05-01,0,0,0,0,0,0,0,0,0,0,0,0,1,1,1,1,1,1,1,1,1,1,1,1,1,1,1,1,1,1,1,1,1,1,0.296396425740035,12,TRUE,1.50606775519209,1.49318095407296,0,0.012886801119132,44.2959
"T1_SARIMAX","Lilongwe",2,"month","incidence",2024-04-01,2024-06-01,0,1,1,1,1,1,1,1,1,1,1,1,1,1,1,1,1,1,1,1,1,1,1,0,0,0,0,0,0,0,0,0,0,1,18.0560026723986,12,TRUE,11.9021709886231,1.78920171244045,10.1129692761827,0,28.9181
"T1_SARIMAX","Lilongwe",3,"month","incidence",2024-04-01,2024-07-01,0,1,1,1,1,1,1,1,1,1,1,1,1,1,1,1,1,1,1,1,1,1,1,0,0,0,0,0,0,0,0,0,0,1,22.961361604594,12,TRUE,15.5044423612392,2.13134495910439,13.3730974021348,0,19.5718
"T1_SARIMAX","Machinga",1,"month","incidence",2024-04-01,2024-05-01,0,0,0,0,0,0,0,0,0,0,0,0,1,1,1,1,1,1,1,1,1,1,1,1,1,1,1,1,1,1,1,1,1,1,1.03457968506763,12,TRUE,1.81053471031253,1.7655529848748,0,0.0449817254377229,53.0065
"T1_SARIMAX","Machinga",2,"month","incidence",2024-04-01,2024-06-01,0,0,0,1,1,1,1,1,1,1,1,1,1,1,1,1,1,1,1,1,1,1,1,0,0,0,0,0,0,0,0,1,1,1,13.5373441696492,12,TRUE,7.75190706565153,2.06650594608443,5.6854011195671,0,33.0559
"T1_SARIMAX","Machinga",3,"month","incidence",2024-04-01,2024-07-01,0,0,0,1,1,1,1,1,1,1,1,1,1,1,1,1,1,1,1,1,1,1,1,0,0,0,0,0,0,0,0,1,1,1,13.9375285341912,12,TRUE,7.90884198566372,2.19381172736707,5.71503025829666,0,32.8911
"T1_SARIMAX","Mangochi",1,"month","incidence",2024-04-01,2024-05-01,0,0,0,0,0,0,0,0,0,0,0,0,0,0,0,0,0,0,1,1,1,1,1,0,0,0,0,0,0,1,1,1,1,1,5.46492324051366,12,TRUE,2.92206154351053,1.15277644100897,0,1.76928510250157,40.2268
"T1_SARIMAX","Mangochi",2,"month","incidence",2024-04-01,2024-06-01,0,0,0,0,1,1,1,1,1,1,1,1,1,1,1,1,1,1,1,1,1,1,1,0,0,0,0,0,0,0,1,1,1,1,7.73438360362044,12,TRUE,4.23130807247307,1.43187311668481,2.79943495578826,0,25.2581
"T1_SARIMAX","Mangochi",3,"month","incidence",2024-04-01,2024-07-01,0,0,0,0,0,1,1,1,1,1,1,1,1,1,1,1,1,1,1,1,1,1,1,0,0,0,0,0,0,1,1,1,1,1,6.92191029032496,12,TRUE,3.68626828459672,1.56263956270625,2.12362872189047,0,22.0102
"T1_SARIMAX","Mchinji",1,"month","incidence",2024-04-01,2024-05-01,0,0,0,0,0,1,1,1,1,1,1,1,1,1,1,1,1,1,1,1,1,1,1,0,0,0,0,0,0,1,1,1,1,1,14.0611408339003,12,TRUE,7.5256939309713,2.91571501104704,4.60997891992426,0,71.6505
"T1_SARIMAX","Mchinji",2,"month","incidence",2024-04-01,2024-06-01,0,0,1,1,1,1,1,1,1,1,1,1,1,1,1,1,1,1,1,1,1,1,1,0,0,0,0,0,0,0,0,0,1,1,33.7358283224749,12,TRUE,20.6113685546323,4.11881829030957,16.4925502643227,0,47.9262
"T1_SARIMAX","Mchinji",3,"month","incidence",2024-04-01,2024-07-01,0,0,0,1,1,1,1,1,1,1,1,1,1,1,1,1,1,1,1,1,1,1,1,0,0,0,0,0,0,0,0,1,1,1,34.9839439885878,12,TRUE,20.3576771290819,5.04261183217979,15.3150652969021,0,36.1798
"T1_SARIMAX","Mulanje",1,"month","incidence",2024-04-01,2024-05-01,0,0,0,0,0,0,0,0,0,0,0,0,0,1,1,1,1,1,1,1,1,1,1,0,1,1,1,1,1,1,1,1,1,1,1.80166420784857,12,TRUE,1.99570926187669,1.85588776204292,0,0.139821499833773,78.6324
"T1_SARIMAX","Mulanje",2,"month","incidence",2024-04-01,2024-06-01,0,0,1,1,1,1,1,1,1,1,1,1,1,1,1,1,1,1,1,1,1,1,1,0,0,0,0,0,0,0,0,0,1,1,20.125227457551,12,TRUE,12.7083867116497,2.22292874729101,10.4854579643587,0,48.3321
"T1_SARIMAX","Mulanje",3,"month","incidence",2024-04-01,2024-07-01,0,0,1,1,1,1,1,1,1,1,1,1,1,1,1,1,1,1,1,1,1,1,1,0,0,0,0,0,0,0,0,0,1,1,22.4573784412395,12,TRUE,13.8858919857584,2.64804457789733,11.2378474078611,0,34.6835
"T1_SARIMAX","Mwanza",1,"month","incidence",2024-04-01,2024-05-01,0,0,0,0,0,0,0,0,0,0,0,0,0,0,0,0,0,0,0,0,0,1,1,0,0,0,0,0,0,0,0,0,1,1,28.035690795557,12,TRUE,17.4271625023482,3.2535498891438,0,14.1736126132044,132.7242
"T1_SARIMAX","Mwanza",2,"month","incidence",2024-04-01,2024-06-01,0,0,0,0,0,0,0,0,0,0,0,1,1,1,1,1,1,1,1,1,1,1,1,1,1,1,1,1,1,1,1,1,1,1,2.2820458720736,12,TRUE,4.92175561455058,4.82253622880825,0.0992193857423302,0,86.9302
"T1_SARIMAX","Mwanza",3,"month","incidence",2024-04-01,2024-07-01,0,0,0,0,0,0,0,0,1,1,1,1,1,1,1,1,1,1,1,1,1,1,1,0,0,0,1,1,1,1,1,1,1,1,12.376042135446,12,TRUE,8.04311626974258,6.21524922769704,1.82786704204554,0,56.5942
"T1_SARIMAX","Mzimba",1,"month","incidence",2024-04-01,2024-05-01,0,0,0,0,0,0,0,0,0,0,0,0,0,0,0,0,0,0,0,0,0,0,0,0,0,0,0,0,0,0,0,0,0,0,32.570031161768,12,TRUE,26.5457074922503,1.71568914526275,0,24.8300183469876,78.6811
"T1_SARIMAX","Mzimba",2,"month","incidence",2024-04-01,2024-06-01,0,1,1,1,1,1,1,1,1,1,1,1,1,1,1,1,1,1,1,1,1,1,1,0,0,0,0,0,0,0,0,0,0,1,19.897608866938,12,TRUE,12.9469308037155,2.03773143257803,10.9091993711375,0,23.7437
"T1_SARIMAX","Mzimba",3,"month","incidence",2024-04-01,2024-07-01,0,0,0,0,1,1,1,1,1,1,1,1,1,1,1,1,1,1,1,1,1,1,1,0,0,0,0,0,0,0,1,1,1,1,11.9779361835758,12,TRUE,6.43369158484716,2.42740621983423,4.00628536501293,0,19.1046
"T1_SARIMAX","Neno",1,"month","incidence",2024-04-01,2024-05-01,0,1,1,1,1,1,1,1,1,1,1,1,1,1,1,1,1,1,1,1,1,1,1,0,0,0,0,0,0,0,0,0,0,1,44.8709631707869,12,TRUE,28.6059261888476,4.82581083201883,23.7801153568288,0,172.3269
"T1_SARIMAX","Neno",2,"month","incidence",2024-04-01,2024-06-01,0,1,1,1,1,1,1,1,1,1,1,1,1,1,1,1,1,1,1,1,1,1,1,0,0,0,0,0,0,0,0,0,0,1,70.8073458876852,12,TRUE,47.1962333624758,6.81291046346028,40.3833228990156,0,112.5111
"T1_SARIMAX","Neno",3,"month","incidence",2024-04-01,2024-07-01,0,0,1,1,1,1,1,1,1,1,1,1,1,1,1,1,1,1,1,1,1,1,1,0,0,0,0,0,0,0,0,0,1,1,72.74028397076,12,TRUE,45.3960431137622,8.33924740611042,37.0567957076517,0,84.3177
"T1_SARIMAX","Nkhatabay",1,"month","incidence",2024-04-01,2024-05-01,0,0,0,0,0,0,0,0,0,0,0,0,0,0,0,0,0,1,1,1,1,1,1,0,0,0,0,0,1,1,1,1,1,1,10.8671571535345,12,TRUE,5.78543854489919,2.95858674856307,0,2.82685179633611,93.0021
"T1_SARIMAX","Nkhatabay",2,"month","incidence",2024-04-01,2024-06-01,0,0,0,0,0,0,0,0,0,0,0,0,0,0,0,1,1,1,1,1,1,1,1,0,0,0,1,1,1,1,1,1,1,1,8.94374779357534,12,TRUE,5.28112234926266,3.719288985561,0,1.56183336370166,89.6604
"T1_SARIMAX","Nkhatabay",3,"month","incidence",2024-04-01,2024-07-01,0,0,0,0,0,0,0,0,0,0,0,0,0,0,0,0,0,0,0,1,1,1,1,0,0,0,0,0,0,0,1,1,1,1,24.1057046812036,12,TRUE,13.3955929800644,4.09648363324375,0,9.2991093468206,103.7419
"T1_SARIMAX","Nkhotakota",1,"month","incidence",2024-04-01,2024-05-01,0,0,0,0,0,0,0,0,0,0,0,0,0,0,0,0,0,0,1,1,1,1,1,0,0,0,0,0,0,1,1,1,1,1,10.2056558521556,12,TRUE,5.41511788038081,2.4415577732179,0,2.97356010716291,90.0795
"T1_SARIMAX","Nkhotakota",2,"month","incidence",2024-04-01,2024-06-01,0,0,0,0,0,0,0,0,0,0,0,0,0,0,1,1,1,1,1,1,1,1,1,0,0,1,1,1,1,1,1,1,1,1,5.43745820695656,12,TRUE,4.10084972625095,3.4528841162022,0,0.647965610048747,91.658
"T1_SARIMAX","Nkhotakota",3,"month","incidence",2024-04-01,2024-07-01,0,0,0,0,0,0,0,0,0,0,0,1,1,1,1,1,1,1,1,1,1,1,1,1,1,1,1,1,1,1,1,1,1,1,1.99937776413576,12,TRUE,4.31583158083403,4.22890211282813,0.0869294680059025,0,84.0886
"T1_SARIMAX","Nsanje",1,"month","incidence",2024-04-01,2024-05-01,0,0,0,0,0,0,0,0,0,0,0,0,1,1,1,1,1,1,1,1,1,1,1,1,1,1,1,1,1,1,1,1,1,1,0.833097073965995,12,TRUE,1.94174277230369,1.90552116039212,0,0.036221611911565,52.133
"T1_SARIMAX","Nsanje",2,"month","incidence",2024-04-01,2024-06-01,0,0,0,0,0,0,0,0,0,0,0,0,0,0,0,0,1,1,1,1,1,1,1,0,0,0,0,1,1,1,1,1,1,1,5.94441583287024,12,TRUE,3.4587826777942,2.3894326939368,0,1.06934998385741,42.682
"T1_SARIMAX","Nsanje",3,"month","incidence",2024-04-01,2024-07-01,0,0,0,0,0,0,0,0,0,0,0,0,0,0,0,0,0,0,0,0,1,1,1,0,0,0,0,0,0,0,0,1,1,1,15.5967954417949,12,TRUE,8.83632001436895,2.46788732778325,0,6.3684326865857,42.8596
"T1_SARIMAX","Ntcheu",1,"month","incidence",2024-04-01,2024-05-01,0,0,0,0,0,0,0,0,0,0,0,0,0,0,1,1,1,1,1,1,1,1,1,0,0,1,1,1,1,1,1,1,1,1,2.61265398978687,12,TRUE,2.15950917560085,1.88276634673734,0,0.276742828863517,63.7379
"T1_SARIMAX","Ntcheu",2,"month","incidence",2024-04-01,2024-06-01,1,1,1,1,1,1,1,1,1,1,1,1,1,1,1,1,1,1,1,1,1,1,1,0,0,0,0,0,0,0,0,0,0,0,25.7449761248751,12,TRUE,17.9568437070767,2.2180106820448,15.7388330250319,0,32.0172
"T1_SARIMAX","Ntcheu",3,"month","incidence",2024-04-01,2024-07-01,0,0,0,1,1,1,1,1,1,1,1,1,1,1,1,1,1,1,1,1,1,1,1,0,0,0,0,0,0,0,0,1,1,1,16.5264998317531,12,TRUE,9.47881332221053,2.50885106272235,6.96996225948819,0,24.0863
"T1_SARIMAX","Ntchisi",1,"month","incidence",2024-04-01,2024-05-01,0,0,0,0,0,0,0,0,0,0,0,0,0,0,0,0,0,1,1,1,1,1,1,0,0,0,0,0,1,1,1,1,1,1,11.64802187242,12,TRUE,6.18057672882992,3.06765879820364,0,3.11291793062628,95.3542
"T1_SARIMAX","Ntchisi",2,"month","incidence",2024-04-01,2024-06-01,0,0,0,0,0,0,0,0,0,1,1,1,1,1,1,1,1,1,1,1,1,1,1,0,0,1,1,1,1,1,1,1,1,1,5.53717179883613,12,TRUE,4.19647083252601,3.54035891641205,0.656111916113954,0,77.629
"T1_SARIMAX","Ntchisi",3,"month","incidence",2024-04-01,2024-07-01,0,0,0,1,1,1,1,1,1,1,1,1,1,1,1,1,1,1,1,1,1,1,1,0,0,0,0,0,0,0,0,1,1,1,28.0270236535344,12,TRUE,16.341139399015,4.01068293971101,12.330456459304,0,47.9145
"T1_SARIMAX","Phalombe",1,"month","incidence",2024-04-01,2024-05-01,0,0,1,1,1,1,1,1,1,1,1,1,1,1,1,1,1,1,1,1,1,1,1,0,0,0,0,0,0,0,0,0,1,1,10.1853755622874,12,TRUE,6.31185032701724,1.19305061158077,5.11879971543647,0,36.1199
"T1_SARIMAX","Phalombe",2,"month","incidence",2024-04-01,2024-06-01,1,1,1,1,1,1,1,1,1,1,1,1,1,1,1,1,1,1,1,1,1,1,1,0,0,0,0,0,0,0,0,0,0,0,22.8952297999739,12,TRUE,16.2057727014961,1.90511492429127,14.3006577772048,0,17.8313
"T1_SARIMAX","Phalombe",3,"month","incidence",2024-04-01,2024-07-01,0,0,0,1,1,1,1,1,1,1,1,1,1,1,1,1,1,1,1,1,1,1,1,0,0,0,0,0,0,0,0,1,1,1,16.9789507744651,12,TRUE,10.0155346332707,2.32337436408395,7.69216026918678,0,15.1961
"T1_SARIMAX","Rumphi",1,"month","incidence",2024-04-01,2024-05-01,0,0,0,0,0,0,0,0,0,0,0,0,0,0,1,1,1,1,1,1,1,1,1,0,0,1,1,1,1,1,1,1,1,1,3.08221177524607,12,TRUE,2.68126960445256,2.37924391774507,0,0.302025686707491,58.753
"T1_SARIMAX","Rumphi",2,"month","incidence",2024-04-01,2024-06-01,0,0,0,0,0,1,1,1,1,1,1,1,1,1,1,1,1,1,1,1,1,1,1,0,0,0,0,0,0,1,1,1,1,1,14.0685107683388,12,TRUE,7.48318548033782,3.23826984401208,4.24491563632574,0,34.2726
"T1_SARIMAX","Rumphi",3,"month","incidence",2024-04-01,2024-07-01,0,0,0,0,1,1,1,1,1,1,1,1,1,1,1,1,1,1,1,1,1,1,1,0,0,0,0,0,0,0,1,1,1,1,18.6203447909333,12,TRUE,9.97149983290739,3.81791860746406,6.15358122544333,0,19.5612
"T1_SARIMAX","Salima",1,"month","incidence",2024-04-01,2024-05-01,0,0,0,0,0,0,0,0,0,0,0,0,0,0,0,0,0,1,1,1,1,1,1,0,0,0,0,0,1,1,1,1,1,1,10.9496211256493,12,TRUE,5.82782463745856,2.97341132045113,0,2.85441331700744,88.9686
"T1_SARIMAX","Salima",2,"month","incidence",2024-04-01,2024-06-01,0,0,0,0,0,0,0,0,0,0,1,1,1,1,1,1,1,1,1,1,1,1,1,0,1,1,1,1,1,1,1,1,1,1,2.74886334061583,12,TRUE,3.8289784435717,3.6580311601825,0.170947283389197,0,58.0151
"T1_SARIMAX","Salima",3,"month","incidence",2024-04-01,2024-07-01,0,0,0,0,0,0,0,0,0,0,0,0,0,0,0,0,0,0,0,0,1,1,1,0,0,0,0,0,0,0,0,1,1,1,25.5636274004614,12,TRUE,14.5335532367022,3.92606512663418,0,10.607488110068,54.2609
"T1_SARIMAX","Thyolo",1,"month","incidence",2024-04-01,2024-05-01,0,0,0,0,0,0,0,0,0,0,0,0,0,0,0,0,0,0,0,0,1,1,1,0,0,0,0,0,0,0,0,1,1,1,6.84005092997477,12,TRUE,3.88188207365271,1.0761881178486,0,2.80569395580411,40.5601
"T1_SARIMAX","Thyolo",2,"month","incidence",2024-04-01,2024-06-01,0,0,0,1,1,1,1,1,1,1,1,1,1,1,1,1,1,1,1,1,1,1,1,0,0,0,0,0,0,0,0,1,1,1,10.4009960110479,12,TRUE,6.0276778724158,1.52195983192626,4.50571804048954,0,20.5471
"T1_SARIMAX","Thyolo",3,"month","incidence",2024-04-01,2024-07-01,0,0,0,0,1,1,1,1,1,1,1,1,1,1,1,1,1,1,1,1,1,1,1,0,0,0,0,0,0,0,1,1,1,1,9.3485201085639,12,TRUE,5.03868606688391,1.8640124986157,3.17467356826821,0,18.1233
"T1_SARIMAX","Zomba",1,"month","incidence",2024-04-01,2024-05-01,0,0,0,0,0,0,0,0,0,0,0,0,0,0,0,0,0,0,0,0,0,0,0,0,0,0,0,0,0,0,0,0,0,0,25.9887641997403,12,TRUE,20.2247697937232,1.64154902330314,0,18.5832207704201,92.1489
"T1_SARIMAX","Zomba",2,"month","incidence",2024-04-01,2024-06-01,0,0,0,0,0,0,0,0,0,0,0,1,1,1,1,1,1,1,1,1,1,1,1,1,1,1,1,1,1,1,1,1,1,1,0.705336612342975,12,TRUE,2.34871080888305,2.31804399965075,0.0306668092323033,0,57.127
"T1_SARIMAX","Zomba",3,"month","incidence",2024-04-01,2024-07-01,0,0,0,0,0,0,0,1,1,1,1,1,1,1,1,1,1,1,1,1,1,1,1,0,0,0,0,1,1,1,1,1,1,1,7.83557325042121,12,TRUE,4.41125373797058,2.83759981795291,1.57365392001767,0,40.3242
"T1_SARIMAX","Balaka",1,"month","incidence",2024-05-01,2024-06-01,1,1,1,1,1,1,1,1,1,1,1,1,1,1,1,1,1,1,1,1,1,1,1,0,0,0,0,0,0,0,0,0,0,0,27.4114190994338,12,TRUE,19.742728134418,2.183994514376,17.558733620042,0,25.7489
"T1_SARIMAX","Balaka",2,"month","incidence",2024-05-01,2024-07-01,0,0,1,1,1,1,1,1,1,1,1,1,1,1,1,1,1,1,1,1,1,1,1,0,0,0,0,0,0,0,0,0,1,1,23.2278919498891,12,TRUE,14.0834497428245,2.89716677985202,11.1862829629724,0,21.5713
"T1_SARIMAX","Balaka",3,"month","incidence",2024-05-01,2024-08-01,0,0,0,0,0,0,1,1,1,1,1,1,1,1,1,1,1,1,1,1,1,1,1,0,0,0,0,0,1,1,1,1,1,1,12.6462554909685,12,TRUE,6.71864027032392,3.39750197648953,3.3211382938344,0,18.3184
"T1_SARIMAX","Blantyre",1,"month","incidence",2024-05-01,2024-06-01,1,1,1,1,1,1,1,1,1,1,1,1,1,1,1,1,1,1,1,1,1,1,1,0,0,0,0,0,0,0,0,0,0,0,28.7335218188268,12,TRUE,24.7220244191286,1.14244899883725,23.5795754202913,0,28.2961
"T1_SARIMAX","Blantyre",2,"month","incidence",2024-05-01,2024-07-01,1,1,1,1,1,1,1,1,1,1,1,1,1,1,1,1,1,1,1,1,1,1,1,0,0,0,0,0,0,0,0,0,0,0,25.6860022410508,12,TRUE,21.2849871975047,1.25338115157325,20.0316060459315,0,26.2211
"T1_SARIMAX","Blantyre",3,"month","incidence",2024-05-01,2024-08-01,1,1,1,1,1,1,1,1,1,1,1,1,1,1,1,1,1,1,1,1,1,1,1,0,0,0,0,0,0,0,0,0,0,0,15.038542951885,12,TRUE,10.2797872906176,1.35526340895424,8.92452388166334,0,25.377
"T1_SARIMAX","Chikwawa",1,"month","incidence",2024-05-01,2024-06-01,0,0,0,0,1,1,1,1,1,1,1,1,1,1,1,1,1,1,1,1,1,1,1,0,0,0,0,0,0,0,1,1,1,1,11.3386356128732,12,TRUE,6.29665075279792,1.93436246214925,4.36228829064867,0,29.4597
"T1_SARIMAX","Chikwawa",2,"month","incidence",2024-05-01,2024-07-01,0,0,0,0,0,0,0,0,0,0,0,1,1,1,1,1,1,1,1,1,1,1,1,1,1,1,1,1,1,1,1,1,1,1,0.973626184768385,12,TRUE,2.30695720701856,2.26462563376776,0.0423315732507993,0,29.2178
"T1_SARIMAX","Chikwawa",3,"month","incidence",2024-05-01,2024-08-01,0,0,0,0,0,0,0,0,0,0,0,0,0,0,0,0,0,1,1,1,1,1,1,0,0,0,0,0,1,1,1,1,1,1,8.8925846257777,12,TRUE,4.76035830095695,2.55250864546978,0,2.20784965548718,39.3722
"T1_SARIMAX","Chiradzulu",1,"month","incidence",2024-05-01,2024-06-01,1,1,1,1,1,1,1,1,1,1,1,1,1,1,1,1,1,1,1,1,1,1,1,0,0,0,0,0,0,0,0,0,0,0,51.9147605657931,12,TRUE,45.7480865720881,1.75622961410716,43.991856957981,0,26.4464
"T1_SARIMAX","Chiradzulu",2,"month","incidence",2024-05-01,2024-07-01,1,1,1,1,1,1,1,1,1,1,1,1,1,1,1,1,1,1,1,1,1,1,1,0,0,0,0,0,0,0,0,0,0,0,62.7865633086998,12,TRUE,54.0664637367203,2.48342901244771,51.5830347242726,0,13.1929
"T1_SARIMAX","Chiradzulu",3,"month","incidence",2024-05-01,2024-08-01,1,1,1,1,1,1,1,1,1,1,1,1,1,1,1,1,1,1,1,1,1,1,1,0,0,0,0,0,0,0,0,0,0,0,57.4388809852187,12,TRUE,46.7593489287174,3.04146294770575,43.7178859810117,0,15.3332
"T1_SARIMAX","Chitipa",1,"month","incidence",2024-05-01,2024-06-01,0,0,0,1,1,1,1,1,1,1,1,1,1,1,1,1,1,1,1,1,1,1,1,0,0,0,0,0,0,0,0,1,1,1,12.9084837633235,12,TRUE,7.65359865421719,1.73048455582497,5.92311409839222,0,24.6562
"T1_SARIMAX","Chitipa",2,"month","incidence",2024-05-01,2024-07-01,0,0,0,0,0,0,0,0,0,0,1,1,1,1,1,1,1,1,1,1,1,1,1,0,1,1,1,1,1,1,1,1,1,1,1.67707529033225,12,TRUE,2.1989669788205,2.08732015662307,0.111646822197429,0,19.8899
"T1_SARIMAX","Chitipa",3,"month","incidence",2024-05-01,2024-08-01,0,0,0,0,0,0,0,0,0,0,0,1,1,1,1,1,1,1,1,1,1,1,1,1,1,1,1,1,1,1,1,1,1,1,0.741448857701524,12,TRUE,2.22900448739929,2.1967675805427,0.032236906856588,0,13.1704
"T1_SARIMAX","Dedza",1,"month","incidence",2024-05-01,2024-06-01,0,0,1,1,1,1,1,1,1,1,1,1,1,1,1,1,1,1,1,1,1,1,1,0,0,0,0,0,0,0,0,0,1,1,11.0021237701591,12,TRUE,6.76198437664526,1.32050290981935,5.44148146682591,0,21.7965
"T1_SARIMAX","Dedza",2,"month","incidence",2024-05-01,2024-07-01,1,1,1,1,1,1,1,1,1,1,1,1,1,1,1,1,1,1,1,1,1,1,1,0,0,0,0,0,0,0,0,0,0,0,20.9538879224928,12,TRUE,16.183199514229,1.35866177956278,14.8245377346662,0,13.4953
"T1_SARIMAX","Dedza",3,"month","incidence",2024-05-01,2024-08-01,1,1,1,1,1,1,1,1,1,1,1,1,1,1,1,1,1,1,1,1,1,1,1,0,0,0,0,0,0,0,0,0,0,0,19.9967025255168,12,TRUE,15.0956880310876,1.39577782173527,13.6999102093523,0,9.9271
"T1_SARIMAX","Dowa",1,"month","incidence",2024-05-01,2024-06-01,0,1,1,1,1,1,1,1,1,1,1,1,1,1,1,1,1,1,1,1,1,1,1,0,0,0,0,0,0,0,0,0,0,1,24.4490978508137,12,TRUE,16.4297558186847,2.30038180439183,14.1293740142929,0,26.6626
"T1_SARIMAX","Dowa",2,"month","incidence",2024-05-01,2024-07-01,0,1,1,1,1,1,1,1,1,1,1,1,1,1,1,1,1,1,1,1,1,1,1,0,0,0,0,0,0,0,0,0,0,1,32.1619338010949,12,TRUE,21.0513188025433,3.24522648408588,17.8060923184574,0,16.1815
"T1_SARIMAX","Dowa",3,"month","incidence",2024-05-01,2024-08-01,0,0,0,1,1,1,1,1,1,1,1,1,1,1,1,1,1,1,1,1,1,1,1,0,0,0,0,0,0,0,0,1,1,1,28.7816294981298,12,TRUE,16.9418455238702,3.97130122504551,12.9705442988247,0,16.1704
"T1_SARIMAX","Karonga",1,"month","incidence",2024-05-01,2024-06-01,1,1,1,1,1,1,1,1,1,1,1,1,1,1,1,1,1,1,1,1,1,1,1,0,0,0,0,0,0,0,0,0,0,0,18.6506025868761,12,TRUE,13.8951547828277,1.3543213522129,12.5408334306148,0,34.2526
"T1_SARIMAX","Karonga",2,"month","incidence",2024-05-01,2024-07-01,0,0,0,0,0,1,1,1,1,1,1,1,1,1,1,1,1,1,1,1,1,1,1,0,0,0,0,0,0,1,1,1,1,1,5.70968342886967,12,TRUE,3.02543532388107,1.39443953030279,1.63099579357828,0,46.7617
"T1_SARIMAX","Karonga",3,"month","incidence",2024-05-01,2024-08-01,0,0,0,0,0,0,0,0,0,1,1,1,1,1,1,1,1,1,1,1,1,1,1,0,0,1,1,1,1,1,1,1,1,1,2.18883073882484,12,TRUE,1.80511045589507,1.57251332159619,0.232597134298878,0,47.3364
"T1_SARIMAX","Kasungu",1,"month","incidence",2024-05-01,2024-06-01,1,1,1,1,1,1,1,1,1,1,1,1,1,1,1,1,1,1,1,1,1,1,1,0,0,0,0,0,0,0,0,0,0,0,39.7135883770269,12,TRUE,30.6110620568501,2.59234172310767,28.0187203337424,0,61.6743
"T1_SARIMAX","Kasungu",2,"month","incidence",2024-05-01,2024-07-01,1,1,1,1,1,1,1,1,1,1,1,1,1,1,1,1,1,1,1,1,1,1,1,0,0,0,0,0,0,0,0,0,0,0,76.6330401665891,12,TRUE,65.663537420276,3.12404475974746,62.5394926605285,0,37.1945
"T1_SARIMAX","Kasungu",3,"month","incidence",2024-05-01,2024-08-01,1,1,1,1,1,1,1,1,1,1,1,1,1,1,1,1,1,1,1,1,1,1,1,0,0,0,0,0,0,0,0,0,0,0,74.4085532866313,12,TRUE,60.5417824400813,3.94916832600671,56.5926141140746,0,29.1487
"T1_SARIMAX","Likoma",1,"month","incidence",2024-05-01,2024-06-01,0,0,0,0,0,0,0,0,0,0,1,1,1,1,1,1,1,1,1,1,1,1,1,0,1,1,1,1,1,1,1,1,1,1,2.43644433236268,12,TRUE,2.62138127830197,2.42810838996777,0.193272888334199,0,31.8366
"T1_SARIMAX","Likoma",2,"month","incidence",2024-05-01,2024-07-01,0,0,0,0,0,0,0,0,0,0,0,0,0,0,0,0,0,1,1,1,1,1,1,0,0,0,0,0,1,1,1,1,1,1,11.0516417481348,12,TRUE,5.92618053005025,3.25655274640385,0,2.66962778364641,39.9338
"T1_SARIMAX","Likoma",3,"month","incidence",2024-05-01,2024-08-01,0,0,0,0,0,0,0,0,0,0,0,0,0,0,0,0,0,0,0,0,1,1,1,0,0,0,0,0,0,0,0,1,1,1,25.2352514306037,12,TRUE,14.8032672380387,3.4752584045733,0,11.3280088334654,51.3434
"T1_SARIMAX","Lilongwe",1,"month","incidence",2024-05-01,2024-06-01,1,1,1,1,1,1,1,1,1,1,1,1,1,1,1,1,1,1,1,1,1,1,1,0,0,0,0,0,0,0,0,0,0,0,17.9224510084872,12,TRUE,12.6781832702917,1.49353416696383,11.1846491033279,0,28.9181
"T1_SARIMAX","Lilongwe",2,"month","incidence",2024-05-01,2024-07-01,1,1,1,1,1,1,1,1,1,1,1,1,1,1,1,1,1,1,1,1,1,1,1,0,0,0,0,0,0,0,0,0,0,0,22.9666849021959,12,TRUE,16.6575264374898,1.79680828711276,14.860718150377,0,19.5718
"T1_SARIMAX","Lilongwe",3,"month","incidence",2024-05-01,2024-08-01,1,1,1,1,1,1,1,1,1,1,1,1,1,1,1,1,1,1,1,1,1,1,1,0,0,0,0,0,0,0,0,0,0,0,29.4369467350956,12,TRUE,21.9220329701633,2.14019974380164,19.7818332263617,0,12.6792
"T1_SARIMAX","Machinga",1,"month","incidence",2024-05-01,2024-06-01,0,0,1,1,1,1,1,1,1,1,1,1,1,1,1,1,1,1,1,1,1,1,1,0,0,0,0,0,0,0,0,0,1,1,14.9365536651696,12,TRUE,9.23417580730034,1.76204073098998,7.47213507631036,0,33.0559
"T1_SARIMAX","Machinga",2,"month","incidence",2024-05-01,2024-07-01,0,0,0,1,1,1,1,1,1,1,1,1,1,1,1,1,1,1,1,1,1,1,1,0,0,0,0,0,0,0,0,1,1,1,15.3714471643921,12,TRUE,9.09696714267261,2.07620722279445,7.02075991987815,0,32.8911
"T1_SARIMAX","Machinga",3,"month","incidence",2024-05-01,2024-08-01,0,0,0,1,1,1,1,1,1,1,1,1,1,1,1,1,1,1,1,1,1,1,1,0,0,0,0,0,0,0,0,1,1,1,15.4434435746456,12,TRUE,9.00027840726163,2.21364398595006,6.78663442131158,0,30.2156
"T1_SARIMAX","Mangochi",1,"month","incidence",2024-05-01,2024-06-01,1,1,1,1,1,1,1,1,1,1,1,1,1,1,1,1,1,1,1,1,1,1,1,0,0,0,0,0,0,0,0,0,0,0,16.6451551563087,12,TRUE,12.6741507422725,1.13091685352586,11.5432338887466,0,25.2581
"T1_SARIMAX","Mangochi",2,"month","incidence",2024-05-01,2024-07-01,1,1,1,1,1,1,1,1,1,1,1,1,1,1,1,1,1,1,1,1,1,1,1,0,0,0,0,0,0,0,0,0,0,0,17.9924363213491,12,TRUE,12.3765880227757,1.59935795217258,10.7772300706031,0,22.0102
"T1_SARIMAX","Mangochi",3,"month","incidence",2024-05-01,2024-08-01,0,0,0,1,1,1,1,1,1,1,1,1,1,1,1,1,1,1,1,1,1,1,1,0,0,0,0,0,0,0,0,1,1,1,14.2725269733676,12,TRUE,8.41277291980819,1.95880544944273,6.45396747036546,0,24.5624
"T1_SARIMAX","Mchinji",1,"month","incidence",2024-05-01,2024-06-01,0,0,0,1,1,1,1,1,1,1,1,1,1,1,1,1,1,1,1,1,1,1,1,0,0,0,0,0,0,0,0,1,1,1,19.4715691675776,12,TRUE,11.2118864292097,2.91566662329085,8.29621980591887,0,47.9262
"T1_SARIMAX","Mchinji",2,"month","incidence",2024-05-01,2024-07-01,0,0,0,0,1,1,1,1,1,1,1,1,1,1,1,1,1,1,1,1,1,1,1,0,0,0,0,0,0,0,1,1,1,1,20.6335319337469,12,TRUE,11.1206497313373,4.11494938828067,7.00570034305661,0,36.1798
"T1_SARIMAX","Mchinji",3,"month","incidence",2024-05-01,2024-08-01,0,0,0,0,1,1,1,1,1,1,1,1,1,1,1,1,1,1,1,1,1,1,1,0,0,0,0,0,0,0,1,1,1,1,25.6781980220322,12,TRUE,13.8862075414955,5.03492569286616,8.8512818486293,0,27.7082
"T1_SARIMAX","Mulanje",1,"month","incidence",2024-05-01,2024-06-01,1,1,1,1,1,1,1,1,1,1,1,1,1,1,1,1,1,1,1,1,1,1,1,0,0,0,0,0,0,0,0,0,0,0,22.6354959460413,12,TRUE,16.1717365127245,1.84083766173527,14.3308988509892,0,48.3321
"T1_SARIMAX","Mulanje",2,"month","incidence",2024-05-01,2024-07-01,1,1,1,1,1,1,1,1,1,1,1,1,1,1,1,1,1,1,1,1,1,1,1,0,0,0,0,0,0,0,0,0,0,0,25.5176278878617,12,TRUE,17.8534918337565,2.18269730465823,15.6707945290983,0,34.6835
"T1_SARIMAX","Mulanje",3,"month","incidence",2024-05-01,2024-08-01,0,0,0,1,1,1,1,1,1,1,1,1,1,1,1,1,1,1,1,1,1,1,1,0,0,0,0,0,0,0,0,1,1,1,20.7809805796242,12,TRUE,12.3749539845111,2.73666215691977,9.63829182759137,0,34.9381
"T1_SARIMAX","Mwanza",1,"month","incidence",2024-05-01,2024-06-01,0,1,1,1,1,1,1,1,1,1,1,1,1,1,1,1,1,1,1,1,1,1,1,0,0,0,0,0,0,0,0,0,0,1,34.2141685876506,12,TRUE,22.6273200339791,3.36146017590618,19.265859858073,0,86.9302
"T1_SARIMAX","Mwanza",2,"month","incidence",2024-05-01,2024-07-01,0,1,1,1,1,1,1,1,1,1,1,1,1,1,1,1,1,1,1,1,1,1,1,0,0,0,0,0,0,0,0,0,0,1,47.5640016920555,12,TRUE,30.4670206014877,5.05914091085243,25.4078796906353,0,56.5942
"T1_SARIMAX","Mwanza",3,"month","incidence",2024-05-01,2024-08-01,0,0,0,1,1,1,1,1,1,1,1,1,1,1,1,1,1,1,1,1,1,1,1,0,0,0,0,0,0,0,0,1,1,1,46.9015678737065,12,TRUE,27.4573304420155,6.60950609930246,20.8478243427131,0,59.4487
"T1_SARIMAX","Mzimba",1,"month","incidence",2024-05-01,2024-06-01,1,1,1,1,1,1,1,1,1,1,1,1,1,1,1,1,1,1,1,1,1,1,1,0,0,0,0,0,0,0,0,0,0,0,44.2326045602112,12,TRUE,37.2226872662468,1.99637995403512,35.2263073122117,0,23.7437
"T1_SARIMAX","Mzimba",2,"month","incidence",2024-05-01,2024-07-01,1,1,1,1,1,1,1,1,1,1,1,1,1,1,1,1,1,1,1,1,1,1,1,0,0,0,0,0,0,0,0,0,0,0,38.8073507063266,12,TRUE,30.202663716038,2.45056024169494,27.752103474343,0,19.1046
"T1_SARIMAX","Mzimba",3,"month","incidence",2024-05-01,2024-08-01,0,1,1,1,1,1,1,1,1,1,1,1,1,1,1,1,1,1,1,1,1,1,1,0,0,0,0,0,0,0,0,0,0,1,31.4040271438027,12,TRUE,21.1939149310372,2.91945267180007,18.2744622592371,0,19.1122
"T1_SARIMAX","Neno",1,"month","incidence",2024-05-01,2024-06-01,0,0,1,1,1,1,1,1,1,1,1,1,1,1,1,1,1,1,1,1,1,1,1,0,0,0,0,0,0,0,0,0,1,1,37.431926781575,12,TRUE,22.4627944920109,4.80092530737239,17.6618691846385,0,112.5111
"T1_SARIMAX","Neno",2,"month","incidence",2024-05-01,2024-07-01,0,0,0,1,1,1,1,1,1,1,1,1,1,1,1,1,1,1,1,1,1,1,1,0,0,0,0,0,0,0,0,1,1,1,39.5412368374276,12,TRUE,22.6761931585833,6.00521331710172,16.6709798414816,0,84.3177
"T1_SARIMAX","Neno",3,"month","incidence",2024-05-01,2024-08-01,0,0,0,0,0,1,1,1,1,1,1,1,1,1,1,1,1,1,1,1,1,1,1,0,0,0,0,0,0,1,1,1,1,1,28.719169689315,12,TRUE,15.1978095921477,7.15104439509496,8.04676519705276,0,81.3951
"T1_SARIMAX","Nkhatabay",1,"month","incidence",2024-05-01,2024-06-01,0,0,0,0,0,0,0,0,0,0,0,0,1,1,1,1,1,1,1,1,1,1,1,1,1,1,1,1,1,1,1,1,1,1,0.803198102002298,12,TRUE,3.01058152232232,2.97565986571352,0,0.0349216566087956,89.6604
"T1_SARIMAX","Nkhatabay",2,"month","incidence",2024-05-01,2024-07-01,0,0,0,0,0,0,0,0,0,0,0,0,0,0,0,0,0,0,1,1,1,1,1,0,0,0,0,0,0,1,1,1,1,1,18.0594392286735,12,TRUE,9.66513651146266,3.74822519360494,0,5.91691131785771,103.7419
"T1_SARIMAX","Nkhatabay",3,"month","incidence",2024-05-01,2024-08-01,0,0,0,0,0,0,0,0,0,0,0,0,0,0,0,0,1,1,1,1,1,1,1,0,0,0,0,1,1,1,1,1,1,1,11.450798819173,12,TRUE,6.44085020644933,4.13481523281924,0,2.30603497363009,94.7016
"T1_SARIMAX","Nkhotakota",1,"month","incidence",2024-05-01,2024-06-01,0,0,0,0,0,0,0,0,1,1,1,1,1,1,1,1,1,1,1,1,1,1,1,0,0,0,1,1,1,1,1,1,1,1,4.87715566964174,12,TRUE,3.16540389517501,2.44315936512961,0.722244530045394,0,91.658
"T1_SARIMAX","Nkhotakota",2,"month","incidence",2024-05-01,2024-07-01,0,0,0,0,0,0,1,1,1,1,1,1,1,1,1,1,1,1,1,1,1,1,1,0,0,0,0,0,1,1,1,1,1,1,12.3185519539517,12,TRUE,6.57828965084693,3.45514910920514,3.12314054164179,0,84.0886
"T1_SARIMAX","Nkhotakota",3,"month","incidence",2024-05-01,2024-08-01,0,0,0,0,0,0,0,1,1,1,1,1,1,1,1,1,1,1,1,1,1,1,1,0,0,0,0,1,1,1,1,1,1,1,12.4963706980389,12,TRUE,6.89590379904399,4.23167615139221,2.66422764765178,0,89.6894
"T1_SARIMAX","Nsanje",1,"month","incidence",2024-05-01,2024-06-01,0,0,0,0,0,0,0,0,0,0,0,0,0,0,1,1,1,1,1,1,1,1,1,0,0,1,1,1,1,1,1,1,1,1,2.40228609406287,12,TRUE,2.18348200324568,1.96522617359743,0,0.218255829648253,42.682
"T1_SARIMAX","Nsanje",2,"month","incidence",2024-05-01,2024-07-01,0,0,0,0,0,0,0,0,0,0,0,0,0,0,0,0,0,0,1,1,1,1,1,0,0,0,0,0,0,1,1,1,1,1,11.9540571059267,12,TRUE,6.3940816765185,2.50557245030691,0,3.88850922621159,42.8596
"T1_SARIMAX","Nsanje",3,"month","incidence",2024-05-01,2024-08-01,0,0,0,0,0,0,0,0,0,0,0,0,0,0,0,0,0,0,0,0,0,1,1,0,0,0,0,0,0,0,0,0,1,1,22.8919008027461,12,TRUE,14.2910686148553,2.62156366225678,0,11.6695049525985,51.3352
"T1_SARIMAX","Ntcheu",1,"month","incidence",2024-05-01,2024-06-01,1,1,1,1,1,1,1,1,1,1,1,1,1,1,1,1,1,1,1,1,1,1,1,0,0,0,0,0,0,0,0,0,0,0,27.9662339728616,12,TRUE,21.4002089685234,1.86996224729219,19.5302467212312,0,32.0172
"T1_SARIMAX","Ntcheu",2,"month","incidence",2024-05-01,2024-07-01,0,0,1,1,1,1,1,1,1,1,1,1,1,1,1,1,1,1,1,1,1,1,1,0,0,0,0,0,0,0,0,0,1,1,18.7638659356785,12,TRUE,11.5968107779868,2.21553541004876,9.381275367938,0,24.0863
"T1_SARIMAX","Ntcheu",3,"month","incidence",2024-05-01,2024-08-01,0,0,0,0,1,1,1,1,1,1,1,1,1,1,1,1,1,1,1,1,1,1,1,0,0,0,0,0,0,0,1,1,1,1,14.6662258936864,12,TRUE,8.13773883738545,2.51404763281481,5.62369120457064,0,17.621
"T1_SARIMAX","Ntchisi",1,"month","incidence",2024-05-01,2024-06-01,0,0,0,0,0,0,1,1,1,1,1,1,1,1,1,1,1,1,1,1,1,1,1,0,0,0,0,0,1,1,1,1,1,1,11.4888893987474,12,TRUE,6.10401334740253,3.06536203619127,3.03865131121125,0,77.629
"T1_SARIMAX","Ntchisi",2,"month","incidence",2024-05-01,2024-07-01,0,1,1,1,1,1,1,1,1,1,1,1,1,1,1,1,1,1,1,1,1,1,1,0,0,0,0,0,0,0,0,0,0,1,34.8092877131266,12,TRUE,22.6081766714961,3.58102939967644,19.0271472718197,0,47.9145
"T1_SARIMAX","Ntchisi",3,"month","incidence",2024-05-01,2024-08-01,0,0,1,1,1,1,1,1,1,1,1,1,1,1,1,1,1,1,1,1,1,1,1,0,0,0,0,0,0,0,0,0,1,1,37.0827699656976,12,TRUE,23.4611962176385,4.07059876059923,19.3905974570393,0,41.9
"T1_SARIMAX","Phalombe",1,"month","incidence",2024-05-01,2024-06-01,1,1,1,1,1,1,1,1,1,1,1,1,1,1,1,1,1,1,1,1,1,1,1,0,0,0,0,0,0,0,0,0,0,0,19.5579934597702,12,TRUE,15.06813297593,1.27868376907536,13.7894492068546,0,17.8313
"T1_SARIMAX","Phalombe",2,"month","incidence",2024-05-01,2024-07-01,0,1,1,1,1,1,1,1,1,1,1,1,1,1,1,1,1,1,1,1,1,1,1,0,0,0,0,0,0,0,0,0,0,1,17.6367573888913,12,TRUE,11.4703722385306,1.80833192821273,9.66204031031783,0,15.1961
"T1_SARIMAX","Phalombe",3,"month","incidence",2024-05-01,2024-08-01,0,0,0,1,1,1,1,1,1,1,1,1,1,1,1,1,1,1,1,1,1,1,1,0,0,0,0,0,0,0,0,1,1,1,15.5536810440915,12,TRUE,9.08055711240869,2.2147452548522,6.86581185755649,0,15.1126
"T1_SARIMAX","Rumphi",1,"month","incidence",2024-05-01,2024-06-01,0,0,0,1,1,1,1,1,1,1,1,1,1,1,1,1,1,1,1,1,1,1,1,0,0,0,0,0,0,0,0,1,1,1,16.7585537011831,12,TRUE,9.79612028157093,2.37518670136817,7.42093358020276,0,34.2726
"T1_SARIMAX","Rumphi",2,"month","incidence",2024-05-01,2024-07-01,0,0,0,1,1,1,1,1,1,1,1,1,1,1,1,1,1,1,1,1,1,1,1,0,0,0,0,0,0,0,0,1,1,1,20.9142251320919,12,TRUE,11.9426406444283,3.22331679123857,8.71932385318972,0,19.5612
"T1_SARIMAX","Rumphi",3,"month","incidence",2024-05-01,2024-08-01,0,0,0,0,1,1,1,1,1,1,1,1,1,1,1,1,1,1,1,1,1,1,1,0,0,0,0,0,0,0,1,1,1,1,20.4626910182018,12,TRUE,11.1837183581024,3.78458853841088,7.39912981969156,0,13.5548
"T1_SARIMAX","Salima",1,"month","incidence",2024-05-01,2024-06-01,0,0,0,0,0,1,1,1,1,1,1,1,1,1,1,1,1,1,1,1,1,1,1,0,0,0,0,0,0,1,1,1,1,1,12.0671733878621,12,TRUE,6.39236431078363,2.959284399239,3.43307991154462,0,58.0151
"T1_SARIMAX","Salima",2,"month","incidence",2024-05-01,2024-07-01,0,0,0,0,0,0,0,0,0,0,0,0,0,0,0,0,0,0,1,1,1,1,1,0,0,0,0,0,0,1,1,1,1,1,17.3716116170139,12,TRUE,9.29099365284426,3.62820293027951,0,5.66279072256475,54.2609
"T1_SARIMAX","Salima",3,"month","incidence",2024-05-01,2024-08-01,0,0,0,0,0,0,0,0,0,0,0,0,0,0,0,0,0,0,0,0,1,1,1,0,0,0,0,0,0,0,0,1,1,1,24.0293270182685,12,TRUE,13.4596064971208,3.90758504072572,0,9.55202145639509,55.9208
"T1_SARIMAX","Thyolo",1,"month","incidence",2024-05-01,2024-06-01,1,1,1,1,1,1,1,1,1,1,1,1,1,1,1,1,1,1,1,1,1,1,1,0,0,0,0,0,0,0,0,0,0,0,17.147252144572,12,TRUE,13.6757980889422,0.988648082050888,12.6871500068913,0,20.5471
"T1_SARIMAX","Thyolo",2,"month","incidence",2024-05-01,2024-07-01,1,1,1,1,1,1,1,1,1,1,1,1,1,1,1,1,1,1,1,1,1,1,1,0,0,0,0,0,0,0,0,0,0,0,16.0028678214319,12,TRUE,11.0934904148051,1.39815952605051,9.69533088875462,0,18.1233
"T1_SARIMAX","Thyolo",3,"month","incidence",2024-05-01,2024-08-01,0,0,0,1,1,1,1,1,1,1,1,1,1,1,1,1,1,1,1,1,1,1,1,0,0,0,0,0,0,0,0,1,1,1,10.8310046399417,12,TRUE,6.13780790417576,1.71238870891766,4.4254191952581,0,21.3521
"T1_SARIMAX","Zomba",1,"month","incidence",2024-05-01,2024-06-01,1,1,1,1,1,1,1,1,1,1,1,1,1,1,1,1,1,1,1,1,1,1,1,0,0,0,0,0,0,0,0,0,0,0,27.4523507888807,12,TRUE,21.217873451266,1.7755395761112,19.4423338751548,0,57.127
"T1_SARIMAX","Zomba",2,"month","incidence",2024-05-01,2024-07-01,1,1,1,1,1,1,1,1,1,1,1,1,1,1,1,1,1,1,1,1,1,1,1,0,0,0,0,0,0,0,0,0,0,0,34.3116643725472,12,TRUE,25.5056224432575,2.50790485034157,22.9977175929159,0,40.3242
"T1_SARIMAX","Zomba",3,"month","incidence",2024-05-01,2024-08-01,0,1,1,1,1,1,1,1,1,1,1,1,1,1,1,1,1,1,1,1,1,1,1,0,0,0,0,0,0,0,0,0,0,1,30.0912912577638,12,TRUE,19.6089208401729,3.07028217729022,16.5386386628827,0,41.8913
"T1_SARIMAX","Balaka",1,"month","incidence",2024-06-01,2024-07-01,0,0,0,0,0,0,0,0,0,1,1,1,1,1,1,1,1,1,1,1,1,1,1,0,0,1,1,1,1,1,1,1,1,1,2.88029900249446,12,TRUE,2.64116806006614,2.38398384284297,0.257184217223168,0,21.5713
"T1_SARIMAX","Balaka",2,"month","incidence",2024-06-01,2024-08-01,0,0,0,0,0,0,0,0,0,0,1,1,1,1,1,1,1,1,1,1,1,1,1,0,1,1,1,1,1,1,1,1,1,1,3.36498521154978,12,TRUE,3.21239880638535,2.92480714824554,0.287591658139817,0,18.3184
"T1_SARIMAX","Balaka",3,"month","incidence",2024-06-01,2024-09-01,0,0,0,0,0,0,0,0,1,1,1,1,1,1,1,1,1,1,1,1,1,1,1,0,0,0,1,1,1,1,1,1,1,1,6.84086781773569,12,TRUE,4.25350425091986,3.17283896047099,1.08066529044888,0,15.5057
"T1_SARIMAX","Blantyre",1,"month","incidence",2024-06-01,2024-07-01,0,0,0,1,1,1,1,1,1,1,1,1,1,1,1,1,1,1,1,1,1,1,1,0,0,0,0,0,0,0,0,1,1,1,10.5511355986957,12,TRUE,6.21556021139595,1.45144641234269,4.76411379905326,0,26.2211
"T1_SARIMAX","Blantyre",2,"month","incidence",2024-06-01,2024-08-01,0,0,0,0,0,0,1,1,1,1,1,1,1,1,1,1,1,1,1,1,1,1,1,0,0,0,0,0,1,1,1,1,1,1,6.0762990539089,12,TRUE,3.22358620613524,1.59740934845245,1.62617685768278,0,25.377
"T1_SARIMAX","Blantyre",3,"month","incidence",2024-06-01,2024-09-01,0,0,0,0,0,0,0,0,0,0,1,1,1,1,1,1,1,1,1,1,1,1,1,0,1,1,1,1,1,1,1,1,1,1,1.05846926982425,12,TRUE,1.7803907450585,1.73110847873382,0.0492822663246783,0,24.6616
"T1_SARIMAX","Chikwawa",1,"month","incidence",2024-06-01,2024-07-01,0,0,0,0,0,0,0,0,0,0,0,0,0,0,0,1,1,1,1,1,1,1,1,0,0,0,1,1,1,1,1,1,1,1,4.43318837333565,12,TRUE,2.69566107852333,1.95683555750838,0,0.738825521014957,29.2178
"T1_SARIMAX","Chikwawa",2,"month","incidence",2024-06-01,2024-08-01,0,0,0,0,0,0,0,0,0,0,0,0,0,0,0,0,0,0,0,1,1,1,1,0,0,0,0,0,0,0,1,1,1,1,12.7195747673979,12,TRUE,7.01438818629267,2.25650335155463,0,4.75788483473804,39.3722
"T1_SARIMAX","Chikwawa",3,"month","incidence",2024-06-01,2024-09-01,0,0,0,0,0,0,0,0,0,0,0,0,0,0,0,1,1,1,1,1,1,1,1,0,0,0,1,1,1,1,1,1,1,1,4.56445374124906,12,TRUE,3.12066718900927,2.51781021050532,0,0.602856978503946,28.6544
"T1_SARIMAX","Chiradzulu",1,"month","incidence",2024-06-01,2024-07-01,1,1,1,1,1,1,1,1,1,1,1,1,1,1,1,1,1,1,1,1,1,1,1,0,0,0,0,0,0,0,0,0,0,0,35.8119185780622,12,TRUE,28.5232079252318,2.0757785331649,26.4474293920669,0,13.1929
"T1_SARIMAX","Chiradzulu",2,"month","incidence",2024-06-01,2024-08-01,0,0,1,1,1,1,1,1,1,1,1,1,1,1,1,1,1,1,1,1,1,1,1,0,0,0,0,0,0,0,0,0,1,1,19.1288941650795,12,TRUE,11.7008039671323,2.3276533628504,9.37315060428188,0,15.3332
"T1_SARIMAX","Chiradzulu",3,"month","incidence",2024-06-01,2024-09-01,0,1,1,1,1,1,1,1,1,1,1,1,1,1,1,1,1,1,1,1,1,1,1,0,0,0,0,0,0,0,0,0,0,1,25.8358466900822,12,TRUE,16.4150907048333,2.80033507159671,13.6147556332366,0,11.9738
"T1_SARIMAX","Chitipa",1,"month","incidence",2024-06-01,2024-07-01,0,0,0,0,0,0,0,0,0,0,0,0,0,0,0,1,1,1,1,1,1,1,1,0,0,0,1,1,1,1,1,1,1,1,4.01361787478304,12,TRUE,2.43461988781791,1.76477817336441,0,0.669841714453505,19.8899
"T1_SARIMAX","Chitipa",2,"month","incidence",2024-06-01,2024-08-01,0,0,0,0,0,0,0,0,0,0,0,0,0,1,1,1,1,1,1,1,1,1,1,0,1,1,1,1,1,1,1,1,1,1,1.33997653761438,12,TRUE,2.12481035542784,2.05832293634807,0,0.0664874190797786,13.1704
"T1_SARIMAX","Chitipa",3,"month","incidence",2024-06-01,2024-09-01,0,0,0,0,0,0,0,0,0,0,0,0,0,0,0,1,1,1,1,1,1,1,1,0,0,0,1,1,1,1,1,1,1,1,4.55064240861948,12,TRUE,2.76383228703845,2.07815758973521,0,0.685674697303248,12.9594
"T1_SARIMAX","Dedza",1,"month","incidence",2024-06-01,2024-07-01,1,1,1,1,1,1,1,1,1,1,1,1,1,1,1,1,1,1,1,1,1,1,1,0,0,0,0,0,0,0,0,0,0,0,14.665023869561,12,TRUE,10.0318313294582,1.31950382898384,8.71232750047439,0,13.4953
"T1_SARIMAX","Dedza",2,"month","incidence",2024-06-01,2024-08-01,0,1,1,1,1,1,1,1,1,1,1,1,1,1,1,1,1,1,1,1,1,1,1,0,0,0,0,0,0,0,0,0,0,1,13.9983653105728,12,TRUE,9.32964587526364,1.34723402198978,7.98241185327386,0,9.9271
"T1_SARIMAX","Dedza",3,"month","incidence",2024-06-01,2024-09-01,0,0,0,0,0,0,1,1,1,1,1,1,1,1,1,1,1,1,1,1,1,1,1,0,0,0,0,0,1,1,1,1,1,1,5.29143350732347,12,TRUE,2.80388729515385,1.37440484039838,1.42948245475547,0,10.5707
"T1_SARIMAX","Dowa",1,"month","incidence",2024-06-01,2024-07-01,0,0,0,0,0,0,1,1,1,1,1,1,1,1,1,1,1,1,1,1,1,1,1,0,0,0,0,0,1,1,1,1,1,1,8.17960306364157,12,TRUE,4.38866521357252,2.40476075635483,1.98390445721769,0,16.1815
"T1_SARIMAX","Dowa",2,"month","incidence",2024-06-01,2024-08-01,0,0,0,0,0,0,0,0,0,1,1,1,1,1,1,1,1,1,1,1,1,1,1,0,0,1,1,1,1,1,1,1,1,1,5.67601598800694,12,TRUE,4.05403066028579,3.34581534518722,0.708215315098566,0,16.1704
"T1_SARIMAX","Dowa",3,"month","incidence",2024-06-01,2024-09-01,0,0,0,0,0,0,0,0,0,0,0,0,1,1,1,1,1,1,1,1,1,1,1,1,1,1,1,1,1,1,1,1,1,1,0.221754626949838,12,TRUE,4.03486832063729,4.02522681511773,0,0.00964150551955819,21.6411
"T1_SARIMAX","Karonga",1,"month","incidence",2024-06-01,2024-07-01,0,0,0,0,0,0,0,0,0,0,0,0,0,0,0,0,0,0,1,1,1,1,1,0,0,0,0,0,0,1,1,1,1,1,6.96230855464422,12,TRUE,3.69443923808413,1.66397147880469,0,2.03046775927944,46.7617
"T1_SARIMAX","Karonga",2,"month","incidence",2024-06-01,2024-08-01,0,0,0,0,0,0,0,0,0,0,0,0,0,0,0,0,0,0,1,1,1,1,1,0,0,0,0,0,0,1,1,1,1,1,9.18236370211587,12,TRUE,4.90463977183215,1.97228440677934,0,2.93235536505281,47.3364
"T1_SARIMAX","Karonga",3,"month","incidence",2024-06-01,2024-09-01,0,0,0,0,0,0,0,0,0,0,0,0,0,0,0,0,0,1,1,1,1,1,1,0,0,0,0,0,1,1,1,1,1,1,7.47607443433311,12,TRUE,4.00625859608066,2.16696177297403,0,1.83929682310663,47.7614
"T1_SARIMAX","Kasungu",1,"month","incidence",2024-06-01,2024-07-01,1,1,1,1,1,1,1,1,1,1,1,1,1,1,1,1,1,1,1,1,1,1,1,0,0,0,0,0,0,0,0,0,0,0,61.7457945031306,12,TRUE,52.419579691821,2.65604678565248,49.7635329061685,0,37.1945
"T1_SARIMAX","Kasungu",2,"month","incidence",2024-06-01,2024-08-01,0,0,1,1,1,1,1,1,1,1,1,1,1,1,1,1,1,1,1,1,1,1,1,0,0,0,0,0,0,0,0,0,1,1,25.6148785055937,12,TRUE,15.8957379453753,2.9877287699495,12.9080091754258,0,29.1487
"T1_SARIMAX","Kasungu",3,"month","incidence",2024-06-01,2024-09-01,0,1,1,1,1,1,1,1,1,1,1,1,1,1,1,1,1,1,1,1,1,1,1,0,0,0,0,0,0,0,0,0,0,1,41.8038157055399,12,TRUE,27.779869010774,4.05513800702232,23.7247310037517,0,30.4056
"T1_SARIMAX","Likoma",1,"month","incidence",2024-06-01,2024-07-01,0,0,0,0,0,0,0,0,0,0,0,0,0,0,0,0,0,0,1,1,1,1,1,0,0,0,0,0,0,1,1,1,1,1,11.4400084791115,12,TRUE,6.11598376724829,2.41952398569325,0,3.69645978155504,39.9338
"T1_SARIMAX","Likoma",2,"month","incidence",2024-06-01,2024-08-01,0,0,0,0,0,0,0,0,0,0,0,0,0,0,0,0,0,0,0,0,1,1,1,0,0,0,0,0,0,0,0,1,1,1,23.4554624615833,12,TRUE,13.7632910066596,3.25426024369349,0,10.5090307629661,51.3434
"T1_SARIMAX","Likoma",3,"month","incidence",2024-06-01,2024-09-01,0,0,0,0,0,0,0,0,0,0,0,0,0,0,0,0,0,0,0,0,1,1,1,0,0,0,0,0,0,0,0,1,1,1,21.4584440289231,12,TRUE,12.0330310300786,3.50473611170587,0,8.52829491837277,57.0482
"T1_SARIMAX","Lilongwe",1,"month","incidence",2024-06-01,2024-07-01,0,0,0,1,1,1,1,1,1,1,1,1,1,1,1,1,1,1,1,1,1,1,1,0,0,0,0,0,0,0,0,1,1,1,10.300220009615,12,TRUE,5.89243405794787,1.57766416861313,4.31476988933474,0,19.5718
"T1_SARIMAX","Lilongwe",2,"month","incidence",2024-06-01,2024-08-01,0,0,1,1,1,1,1,1,1,1,1,1,1,1,1,1,1,1,1,1,1,1,1,0,0,0,0,0,0,0,0,0,1,1,15.5413079391234,12,TRUE,9.45487938747597,1.92031314023073,7.53456624724525,0,12.6792
"T1_SARIMAX","Lilongwe",3,"month","incidence",2024-06-01,2024-09-01,0,0,0,1,1,1,1,1,1,1,1,1,1,1,1,1,1,1,1,1,1,1,1,0,0,0,0,0,0,0,0,1,1,1,15.7407534545881,12,TRUE,9.13972074053075,2.28727358794838,6.85244715258237,0,13.9387
"T1_SARIMAX","Machinga",1,"month","incidence",2024-06-01,2024-07-01,0,0,0,0,0,1,1,1,1,1,1,1,1,1,1,1,1,1,1,1,1,1,1,0,0,0,0,0,0,1,1,1,1,1,7.55823623653602,12,TRUE,4.0087506842987,1.81958350049984,2.18916718379886,0,32.8911
"T1_SARIMAX","Machinga",2,"month","incidence",2024-06-01,2024-08-01,0,0,0,0,1,1,1,1,1,1,1,1,1,1,1,1,1,1,1,1,1,1,1,0,0,0,0,0,0,0,1,1,1,1,10.9416280758719,12,TRUE,5.95129702401313,2.08662213056916,3.86467489344397,0,30.2156
"T1_SARIMAX","Machinga",3,"month","incidence",2024-06-01,2024-09-01,0,1,1,1,1,1,1,1,1,1,1,1,1,1,1,1,1,1,1,1,1,1,1,0,0,0,0,0,0,0,0,0,0,1,21.6142320119225,12,TRUE,14.1289079010044,2.18815706432853,11.9407508366758,0,27.3001
"T1_SARIMAX","Mangochi",1,"month","incidence",2024-06-01,2024-07-01,0,0,0,0,0,0,0,0,0,1,1,1,1,1,1,1,1,1,1,1,1,1,1,0,0,1,1,1,1,1,1,1,1,1,1.69119023515828,12,TRUE,1.41017847458679,1.23329372830546,0.176884746281339,0,22.0102
"T1_SARIMAX","Mangochi",2,"month","incidence",2024-06-01,2024-08-01,0,0,0,0,0,0,0,0,0,0,0,0,0,1,1,1,1,1,1,1,1,1,1,0,1,1,1,1,1,1,1,1,1,1,1.71352820029334,12,TRUE,1.87819710133178,1.74414071695925,0,0.13405638437253,24.5624
"T1_SARIMAX","Mangochi",3,"month","incidence",2024-06-01,2024-09-01,0,0,0,0,0,0,0,0,0,0,0,0,1,1,1,1,1,1,1,1,1,1,1,1,1,1,1,1,1,1,1,1,1,1,0.815223994547857,12,TRUE,2.17157191958318,2.1361273980811,0,0.0354445215020807,29.1713
"T1_SARIMAX","Mchinji",1,"month","incidence",2024-06-01,2024-07-01,0,0,0,0,0,0,0,0,0,0,0,1,1,1,1,1,1,1,1,1,1,1,1,1,1,1,1,1,1,1,1,1,1,1,1.26589909543794,12,TRUE,3.0169136119698,2.9618745208638,0.0550390911059976,0,36.1798
"T1_SARIMAX","Mchinji",2,"month","incidence",2024-06-01,2024-08-01,0,0,0,0,0,0,0,0,0,1,1,1,1,1,1,1,1,1,1,1,1,1,1,0,0,1,1,1,1,1,1,1,1,1,6.47705358142775,12,TRUE,4.9202702537955,4.15839794854143,0.761872305254077,0,27.7082
"T1_SARIMAX","Mchinji",3,"month","incidence",2024-06-01,2024-09-01,0,0,0,0,0,0,0,1,1,1,1,1,1,1,1,1,1,1,1,1,1,1,1,0,0,0,0,1,1,1,1,1,1,1,13.7870080646616,12,TRUE,7.79066409022766,5.08434754375485,2.70631654647281,0,26.702
"T1_SARIMAX","Mulanje",1,"month","incidence",2024-06-01,2024-07-01,0,0,0,0,0,1,1,1,1,1,1,1,1,1,1,1,1,1,1,1,1,1,1,0,0,0,0,0,0,1,1,1,1,1,8.68957318717243,12,TRUE,4.63545584132991,1.90766960092814,2.72778624040177,0,34.6835
"T1_SARIMAX","Mulanje",2,"month","incidence",2024-06-01,2024-08-01,0,0,0,0,0,0,0,0,1,1,1,1,1,1,1,1,1,1,1,1,1,1,1,0,0,0,1,1,1,1,1,1,1,1,4.28020416123346,12,TRUE,2.92638962692792,2.3598338306278,0.566555796300123,0,34.9381
"T1_SARIMAX","Mulanje",3,"month","incidence",2024-06-01,2024-09-01,0,0,0,0,0,0,0,0,0,0,1,1,1,1,1,1,1,1,1,1,1,1,1,0,1,1,1,1,1,1,1,1,1,1,3.09916889883073,12,TRUE,3.07198299924965,2.81195303700487,0.260029962244784,0,42.1083
"T1_SARIMAX","Mwanza",1,"month","incidence",2024-06-01,2024-07-01,1,1,1,1,1,1,1,1,1,1,1,1,1,1,1,1,1,1,1,1,1,1,1,0,0,0,0,0,0,0,0,0,0,0,44.5360093479299,12,TRUE,31.0169410507009,3.85014484679547,27.1667962039055,0,56.5942
"T1_SARIMAX","Mwanza",2,"month","incidence",2024-06-01,2024-08-01,0,0,0,1,1,1,1,1,1,1,1,1,1,1,1,1,1,1,1,1,1,1,1,0,0,0,0,0,0,0,0,1,1,1,26.3289485800454,12,TRUE,14.8023438334252,4.27078593324452,10.5315579001807,0,59.4487
"T1_SARIMAX","Mwanza",3,"month","incidence",2024-06-01,2024-09-01,0,1,1,1,1,1,1,1,1,1,1,1,1,1,1,1,1,1,1,1,1,1,1,0,0,0,0,0,0,0,0,0,0,1,48.7125398549256,12,TRUE,31.2669427538088,5.15623437427826,26.1107083795305,0,51.7771
"T1_SARIMAX","Mzimba",1,"month","incidence",2024-06-01,2024-07-01,1,1,1,1,1,1,1,1,1,1,1,1,1,1,1,1,1,1,1,1,1,1,1,0,0,0,0,0,0,0,0,0,0,0,26.7661755579357,12,TRUE,18.5868123788463,2.32943071975563,16.2573816590907,0,19.1046
"T1_SARIMAX","Mzimba",2,"month","incidence",2024-06-01,2024-08-01,0,0,0,0,0,0,0,0,0,0,0,1,1,1,1,1,1,1,1,1,1,1,1,1,1,1,1,1,1,1,1,1,1,1,0.815671697168817,12,TRUE,2.49950113155249,2.46403714471906,0.0354639868334268,0,19.1122
"T1_SARIMAX","Mzimba",3,"month","incidence",2024-06-01,2024-09-01,0,0,0,0,1,1,1,1,1,1,1,1,1,1,1,1,1,1,1,1,1,1,1,0,0,0,0,0,0,0,1,1,1,1,16.9168349275002,12,TRUE,9.29727068035323,3.05681647645995,6.24045420389328,0,16.3611
"T1_SARIMAX","Neno",1,"month","incidence",2024-06-01,2024-07-01,0,0,0,0,0,0,0,0,0,0,0,1,1,1,1,1,1,1,1,1,1,1,1,1,1,1,1,1,1,1,1,1,1,1,2.54687564255684,12,TRUE,5.04299197154802,4.9322582479586,0.110733723589428,0,84.3177
"T1_SARIMAX","Neno",2,"month","incidence",2024-06-01,2024-08-01,0,0,0,0,0,0,0,0,0,0,0,0,0,1,1,1,1,1,1,1,1,1,1,0,1,1,1,1,1,1,1,1,1,1,8.10332485673673,12,TRUE,7.61673067520799,6.91447971212731,0,0.702250963080684,81.3951
"T1_SARIMAX","Neno",3,"month","incidence",2024-06-01,2024-09-01,0,0,0,0,0,0,0,0,0,1,1,1,1,1,1,1,1,1,1,1,1,1,1,0,0,1,1,1,1,1,1,1,1,1,14.4783771104419,12,TRUE,10.2876234796823,8.44667853288728,1.84094494679498,0,78.6905
"T1_SARIMAX","Nkhatabay",1,"month","incidence",2024-06-01,2024-07-01,0,0,0,0,0,0,0,0,0,0,0,0,0,0,0,0,0,0,0,0,1,1,1,0,0,0,0,0,0,0,0,1,1,1,18.0601419650434,12,TRUE,10.1014753857074,2.97726165921708,0,7.12421372649033,103.7419
"T1_SARIMAX","Nkhatabay",2,"month","incidence",2024-06-01,2024-08-01,0,0,0,0,0,0,0,0,0,0,0,0,0,0,0,0,0,1,1,1,1,1,1,0,0,0,0,0,1,1,1,1,1,1,12.0786013582369,12,TRUE,6.52321761208589,3.7554181789304,0,2.76779943315549,94.7016
"T1_SARIMAX","Nkhatabay",3,"month","incidence",2024-06-01,2024-09-01,0,0,0,0,0,0,0,0,0,0,0,0,0,0,0,0,0,0,0,1,1,1,1,0,0,0,0,0,0,0,1,1,1,1,22.2570597813502,12,TRUE,12.1611344518158,4.14725205245156,0,8.01388239936425,102.5285
"T1_SARIMAX","Nkhotakota",1,"month","incidence",2024-06-01,2024-07-01,0,0,0,0,0,0,0,1,1,1,1,1,1,1,1,1,1,1,1,1,1,1,1,0,0,0,0,1,1,1,1,1,1,1,7.43578321639636,12,TRUE,4.06962159136125,2.44693814708576,1.6226834442755,0,84.0886
"T1_SARIMAX","Nkhotakota",2,"month","incidence",2024-06-01,2024-08-01,0,0,0,0,0,0,0,0,1,1,1,1,1,1,1,1,1,1,1,1,1,1,1,0,0,0,1,1,1,1,1,1,1,1,7.54495192723985,12,TRUE,4.67733351631417,3.46049311389677,1.2168404024174,0,89.6894
"T1_SARIMAX","Nkhotakota",3,"month","incidence",2024-06-01,2024-09-01,0,1,1,1,1,1,1,1,1,1,1,1,1,1,1,1,1,1,1,1,1,1,1,0,0,0,0,0,0,0,0,0,0,1,39.4148613382411,12,TRUE,25.1296101535034,4.23822119373098,20.8913889597724,0,68.2569
"T1_SARIMAX","Nsanje",1,"month","incidence",2024-06-01,2024-07-01,0,0,0,0,0,0,0,0,0,0,0,0,0,0,0,0,0,0,0,1,1,1,1,0,0,0,0,0,0,0,1,1,1,1,9.92364544118548,12,TRUE,5.35871767580983,1.96098525090618,0,3.39773242490366,42.8596
"T1_SARIMAX","Nsanje",2,"month","incidence",2024-06-01,2024-08-01,0,0,0,0,0,0,0,0,0,0,0,0,0,0,0,0,0,0,0,0,0,1,1,0,0,0,0,0,0,0,0,0,1,1,21.6420535358734,12,TRUE,13.4807498213767,2.495725023481,0,10.9850247978957,51.3352
"T1_SARIMAX","Nsanje",3,"month","incidence",2024-06-01,2024-09-01,0,0,0,0,0,0,0,0,0,0,0,0,0,0,0,0,0,0,0,0,1,1,1,0,0,0,0,0,0,0,0,1,1,1,17.3628418881485,12,TRUE,9.9859789501086,2.61061997660451,0,7.37535897350409,51.284
"T1_SARIMAX","Ntcheu",1,"month","incidence",2024-06-01,2024-07-01,0,0,0,0,0,0,0,0,0,0,0,0,0,0,0,0,0,0,1,1,1,1,1,0,0,0,0,0,0,1,1,1,1,1,8.61421175167325,12,TRUE,4.56765578583335,1.98782748639787,0,2.57982829943548,24.0863
"T1_SARIMAX","Ntcheu",2,"month","incidence",2024-06-01,2024-08-01,0,0,0,0,0,0,0,0,0,0,0,0,0,0,0,0,0,1,1,1,1,1,1,0,0,0,0,0,1,1,1,1,1,1,9.15508130101608,12,TRUE,4.62414764991477,2.51048644105239,0,2.11366120886237,17.621
"T1_SARIMAX","Ntcheu",3,"month","incidence",2024-06-01,2024-09-01,0,0,0,0,0,0,0,0,0,0,0,0,0,1,1,1,1,1,1,1,1,1,1,0,1,1,1,1,1,1,1,1,1,1,2.80950316141516,12,TRUE,3.35266586822707,3.16373173238744,0,0.188934135839638,14.824
"T1_SARIMAX","Ntchisi",1,"month","incidence",2024-06-01,2024-07-01,0,0,1,1,1,1,1,1,1,1,1,1,1,1,1,1,1,1,1,1,1,1,1,0,0,0,0,0,0,0,0,0,1,1,24.4798601897141,12,TRUE,14.8330130549336,3.05872822556461,11.774284829369,0,47.9145
"T1_SARIMAX","Ntchisi",2,"month","incidence",2024-06-01,2024-08-01,0,0,0,1,1,1,1,1,1,1,1,1,1,1,1,1,1,1,1,1,1,1,1,0,0,0,0,0,0,0,0,1,1,1,26.4113128691944,12,TRUE,15.6429438926132,3.55590935294906,12.0870345396642,0,41.9
"T1_SARIMAX","Ntchisi",3,"month","incidence",2024-06-01,2024-09-01,0,0,0,0,0,0,0,1,1,1,1,1,1,1,1,1,1,1,1,1,1,1,1,0,0,0,0,1,1,1,1,1,1,1,9.90835019516988,12,TRUE,5.78140519507039,4.01694087644337,1.76446431862702,0,59.9091
"T1_SARIMAX","Phalombe",1,"month","incidence",2024-06-01,2024-07-01,0,0,0,0,0,0,0,0,1,1,1,1,1,1,1,1,1,1,1,1,1,1,1,0,0,0,1,1,1,1,1,1,1,1,2.6352,12,TRUE,1.79203533635031,1.43884387277231,0.353191463577999,0,15.1961
"T1_SARIMAX","Phalombe",2,"month","incidence",2024-06-01,2024-08-01,0,0,0,0,0,0,0,0,0,1,1,1,1,1,1,1,1,1,1,1,1,1,1,0,0,1,1,1,1,1,1,1,1,1,2.7187,12,TRUE,2.30536613542632,2.02909135144426,0.276274783982059,0,15.1126
"T1_SARIMAX","Phalombe",3,"month","incidence",2024-06-01,2024-09-01,0,0,0,0,0,0,0,0,0,1,1,1,1,1,1,1,1,1,1,1,1,1,1,0,0,1,1,1,1,1,1,1,1,1,3.3372,12,TRUE,2.80679544585668,2.4668019040912,0.339993541765474,0,14.4941
"T1_SARIMAX","Rumphi",1,"month","incidence",2024-06-01,2024-07-01,0,0,0,0,0,0,0,1,1,1,1,1,1,1,1,1,1,1,1,1,1,1,1,0,0,0,0,1,1,1,1,1,1,1,6.79933375854668,12,TRUE,3.78114258807984,2.36375348223305,1.4173891058468,0,19.5612
"T1_SARIMAX","Rumphi",2,"month","incidence",2024-06-01,2024-08-01,0,0,0,0,0,0,0,1,1,1,1,1,1,1,1,1,1,1,1,1,1,1,1,0,0,0,0,1,1,1,1,1,1,1,8.04193793946479,12,TRUE,4.59710911514242,3.10190492506747,1.49520419007495,0,13.5548
"T1_SARIMAX","Rumphi",3,"month","incidence",2024-06-01,2024-09-01,0,0,0,0,0,0,0,0,1,1,1,1,1,1,1,1,1,1,1,1,1,1,1,0,0,0,1,1,1,1,1,1,1,1,7.15046099436151,12,TRUE,4.57958700908119,3.53370852563162,1.04587848344956,0,13.2426
"T1_SARIMAX","Salima",1,"month","incidence",2024-06-01,2024-07-01,0,0,0,0,0,0,0,0,0,0,0,0,0,0,0,0,0,0,0,0,1,1,1,0,0,0,0,0,0,0,0,1,1,1,20.1822080365525,12,TRUE,11.7804499964368,2.87595964104649,0,8.90449035539028,54.2609
"T1_SARIMAX","Salima",2,"month","incidence",2024-06-01,2024-08-01,0,0,0,0,0,0,0,0,0,0,0,0,0,0,0,0,0,0,0,0,1,1,1,0,0,0,0,0,0,0,0,1,1,1,23.9747434432353,12,TRUE,13.9412994931752,3.45514545546944,0,10.4861540377058,55.9208
"T1_SARIMAX","Salima",3,"month","incidence",2024-06-01,2024-09-01,0,0,0,0,0,0,0,0,0,0,0,0,0,0,0,0,1,1,1,1,1,1,1,0,0,0,0,1,1,1,1,1,1,1,9.33122049581387,12,TRUE,5.40190550976609,3.69278346677402,0,1.70912204299206,56.0144
"T1_SARIMAX","Thyolo",1,"month","incidence",2024-06-01,2024-07-01,0,0,0,0,0,0,0,0,0,0,0,0,0,1,1,1,1,1,1,1,1,1,1,0,1,1,1,1,1,1,1,1,1,1,0.980026323980741,12,TRUE,1.22171444138426,1.15301674835436,0,0.0686976930298994,18.1233
"T1_SARIMAX","Thyolo",2,"month","incidence",2024-06-01,2024-08-01,0,0,0,0,0,0,0,0,0,0,0,0,0,0,0,0,0,1,1,1,1,1,1,0,0,0,0,0,1,1,1,1,1,1,5.79337542064563,12,TRUE,3.09292281176066,1.62865988399527,0,1.46426292776539,21.3521
"T1_SARIMAX","Thyolo",3,"month","incidence",2024-06-01,2024-09-01,0,0,0,0,0,0,0,0,0,0,0,0,0,1,1,1,1,1,1,1,1,1,1,0,1,1,1,1,1,1,1,1,1,1,1.92270064275709,12,TRUE,2.14527866507534,1.99691095427163,0,0.148367710803707,23.529
"T1_SARIMAX","Zomba",1,"month","incidence",2024-06-01,2024-07-01,0,0,1,1,1,1,1,1,1,1,1,1,1,1,1,1,1,1,1,1,1,1,1,0,0,0,0,0,0,0,0,0,1,1,15.1912122324809,12,TRUE,9.27204619625637,1.85994067394188,7.41210552231449,0,40.3242
"T1_SARIMAX","Zomba",2,"month","incidence",2024-06-01,2024-08-01,0,0,0,0,0,0,1,1,1,1,1,1,1,1,1,1,1,1,1,1,1,1,1,0,0,0,0,0,1,1,1,1,1,1,7.76901263966243,12,TRUE,4.15826434680493,2.22685199530337,1.93141235150156,0,41.8913
"T1_SARIMAX","Zomba",3,"month","incidence",2024-06-01,2024-09-01,0,0,1,1,1,1,1,1,1,1,1,1,1,1,1,1,1,1,1,1,1,1,1,0,0,0,0,0,0,0,0,0,1,1,22.5012278643714,12,TRUE,13.9266429608262,2.64547503322227,11.2811679276039,0,34.6691
"T1_SARIMAX","Balaka",1,"month","incidence",2024-07-01,2024-08-01,0,0,0,0,0,0,0,0,0,0,0,0,0,0,0,0,1,1,1,1,1,1,1,0,0,0,0,1,1,1,1,1,1,1,6.37818881327296,12,TRUE,3.51695098966647,2.23679290811229,0,1.28015808155418,18.3184
"T1_SARIMAX","Balaka",2,"month","incidence",2024-07-01,2024-09-01,0,0,0,0,0,0,0,0,0,0,0,0,1,1,1,1,1,1,1,1,1,1,1,1,1,1,1,1,1,1,1,1,1,1,1.49075587708068,12,TRUE,2.92430943338675,2.8594939604702,0,0.0648154729165512,15.5057
"T1_SARIMAX","Balaka",3,"month","incidence",2024-07-01,2024-10-01,0,0,0,0,0,0,0,0,0,1,1,1,1,1,1,1,1,1,1,1,1,1,1,0,0,1,1,1,1,1,1,1,1,1,5.81004662834204,12,TRUE,4.06538901911598,3.33386189283251,0.73152712628347,0,12.4632
"T1_SARIMAX","Blantyre",1,"month","incidence",2024-07-01,2024-08-01,0,0,0,0,0,0,0,0,0,0,0,0,0,1,1,1,1,1,1,1,1,1,1,0,1,1,1,1,1,1,1,1,1,1,1.15636031233603,12,TRUE,1.54955542444341,1.4743363440784,0,0.0752190803650146,25.377
"T1_SARIMAX","Blantyre",2,"month","incidence",2024-07-01,2024-09-01,0,0,0,0,0,0,0,0,0,0,0,0,0,0,0,0,0,1,1,1,1,1,1,0,0,0,0,0,1,1,1,1,1,1,6.35024689166321,12,TRUE,3.37421532294497,1.69682635926153,0,1.67738896368344,24.6616
"T1_SARIMAX","Blantyre",3,"month","incidence",2024-07-01,2024-10-01,0,0,0,0,0,0,0,0,0,1,1,1,1,1,1,1,1,1,1,1,1,1,1,0,0,1,1,1,1,1,1,1,1,1,3.08928125531233,12,TRUE,2.27164433147762,1.89297622193651,0.378668109541114,0,16.7682
"T1_SARIMAX","Chikwawa",1,"month","incidence",2024-07-01,2024-08-01,0,0,0,0,0,0,0,0,0,0,0,0,0,0,0,0,0,0,0,1,1,1,1,0,0,0,0,0,0,0,1,1,1,1,9.67253828948935,12,TRUE,5.1953971654276,1.9602013265521,0,3.2351958388755,39.3722
"T1_SARIMAX","Chikwawa",2,"month","incidence",2024-07-01,2024-09-01,0,0,0,0,0,0,0,0,0,0,0,0,0,1,1,1,1,1,1,1,1,1,1,0,1,1,1,1,1,1,1,1,1,1,1.47218734123092,12,TRUE,2.33430425294202,2.25808443072629,0,0.0762198222157311,28.6544
"T1_SARIMAX","Chikwawa",3,"month","incidence",2024-07-01,2024-10-01,0,0,0,1,1,1,1,1,1,1,1,1,1,1,1,1,1,1,1,1,1,1,1,0,0,0,0,0,0,0,0,1,1,1,18.1392466360319,12,TRUE,10.6575795616701,2.52101196981695,8.13656759185316,0,10.3026
"T1_SARIMAX","Chiradzulu",1,"month","incidence",2024-07-01,2024-08-01,0,0,0,0,0,0,0,0,0,0,0,0,0,1,1,1,1,1,1,1,1,1,1,0,1,1,1,1,1,1,1,1,1,1,2.1403,12,TRUE,2.38420524010349,2.22151790709535,0,0.162687333008142,15.3332
"T1_SARIMAX","Chiradzulu",2,"month","incidence",2024-07-01,2024-09-01,0,0,0,0,0,0,0,0,0,0,0,1,1,1,1,1,1,1,1,1,1,1,1,1,1,1,1,1,1,1,1,1,1,1,1.2191,12,TRUE,3.07507568715283,3.02207133932675,0.053004347826087,0,11.9738
"T1_SARIMAX","Chiradzulu",3,"month","incidence",2024-07-01,2024-10-01,0,0,0,0,0,0,0,0,0,0,0,1,1,1,1,1,1,1,1,1,1,1,1,1,1,1,1,1,1,1,1,1,1,1,1.6911,12,TRUE,3.64761165633395,3.57408556937743,0.0735260869565218,0,11.5018
"T1_SARIMAX","Chitipa",1,"month","incidence",2024-07-01,2024-08-01,0,0,0,0,0,0,0,0,0,0,0,1,1,1,1,1,1,1,1,1,1,1,1,1,1,1,1,1,1,1,1,1,1,1,0.943955891348253,12,TRUE,1.8153189338752,1.7742773733818,0.0410415604934023,0,13.1704
"T1_SARIMAX","Chitipa",2,"month","incidence",2024-07-01,2024-09-01,0,0,0,0,0,0,0,0,0,0,0,0,0,0,1,1,1,1,1,1,1,1,1,0,0,1,1,1,1,1,1,1,1,1,3.14489762884288,12,TRUE,2.3960876183705,2.04346854822288,0,0.352619070147624,12.9594
"T1_SARIMAX","Chitipa",3,"month","incidence",2024-07-01,2024-10-01,0,0,0,0,0,0,0,0,0,0,0,0,0,0,0,0,1,1,1,1,1,1,1,0,0,0,0,1,1,1,1,1,1,1,7.19143685505542,12,TRUE,3.75541461918677,2.14020856617234,0,1.61520605301443,16.4055
"T1_SARIMAX","Dedza",1,"month","incidence",2024-07-01,2024-08-01,0,0,0,0,0,1,1,1,1,1,1,1,1,1,1,1,1,1,1,1,1,1,1,0,0,0,0,0,0,1,1,1,1,1,5.57288171743566,12,TRUE,2.96003721113588,1.31203112484568,1.64800608629021,0,9.9271
"T1_SARIMAX","Dedza",2,"month","incidence",2024-07-01,2024-09-01,0,0,0,0,0,0,0,0,0,0,0,0,0,0,1,1,1,1,1,1,1,1,1,0,0,1,1,1,1,1,1,1,1,1,2.18764040834328,12,TRUE,1.59586147504233,1.32955348047351,0,0.266307994568823,10.5707
"T1_SARIMAX","Dedza",3,"month","incidence",2024-07-01,2024-10-01,0,0,0,0,0,0,0,0,0,0,0,0,0,0,0,0,0,0,0,0,1,1,1,0,0,0,0,0,0,0,0,1,1,1,9.04916347251643,12,TRUE,5.0535918478501,1.27653945101809,0,3.77705239683201,13.9637
"T1_SARIMAX","Dowa",1,"month","incidence",2024-07-01,2024-08-01,0,0,0,0,0,0,0,0,0,0,0,0,0,1,1,1,1,1,1,1,1,1,1,0,1,1,1,1,1,1,1,1,1,1,2.0111736853389,12,TRUE,2.49147724199984,2.35231378114966,0,0.139163460850181,16.1704
"T1_SARIMAX","Dowa",2,"month","incidence",2024-07-01,2024-09-01,0,0,0,0,0,0,0,0,0,0,0,0,0,0,0,1,1,1,1,1,1,1,1,0,0,0,1,1,1,1,1,1,1,1,7.99725042317542,12,TRUE,4.55841513537892,3.18231586020611,0,1.37609927517281,21.6411
"T1_SARIMAX","Dowa",3,"month","incidence",2024-07-01,2024-10-01,0,0,0,0,0,0,0,0,0,0,0,0,0,0,0,0,0,1,1,1,1,1,1,0,0,0,0,0,1,1,1,1,1,1,15.9002909882277,12,TRUE,8.05079754171102,3.77243618007678,0,4.27836136163425,29.8417
"T1_SARIMAX","Karonga",1,"month","incidence",2024-07-01,2024-08-01,0,0,0,0,0,0,0,0,0,0,0,0,0,0,0,0,1,1,1,1,1,1,1,0,0,0,0,1,1,1,1,1,1,1,4.24079041269427,12,TRUE,2.45121396127983,1.67023897685761,0,0.780974984422222,47.3364
"T1_SARIMAX","Karonga",2,"month","incidence",2024-07-01,2024-09-01,0,0,0,0,0,0,0,0,0,0,0,0,0,0,1,1,1,1,1,1,1,1,1,0,0,1,1,1,1,1,1,1,1,1,3.23973463438967,12,TRUE,2.36143923207083,1.96037972557244,0,0.401059506498382,47.7614
"T1_SARIMAX","Karonga",3,"month","incidence",2024-07-01,2024-10-01,0,0,0,0,1,1,1,1,1,1,1,1,1,1,1,1,1,1,1,1,1,1,1,0,0,0,0,0,0,0,1,1,1,1,11.6166214969342,12,TRUE,6.36047659727325,2.1412887877165,4.21918780955675,0,35.1026
"T1_SARIMAX","Kasungu",1,"month","incidence",2024-07-01,2024-08-01,0,0,0,0,0,0,0,0,0,1,1,1,1,1,1,1,1,1,1,1,1,1,1,0,0,1,1,1,1,1,1,1,1,1,5.28484098142094,12,TRUE,3.76019783929396,3.08914723383817,0.671050605455785,0,29.1487
"T1_SARIMAX","Kasungu",2,"month","incidence",2024-07-01,2024-09-01,0,0,0,0,0,0,0,0,0,0,0,0,0,0,0,0,1,1,1,1,1,1,1,0,0,0,0,1,1,1,1,1,1,1,9.26434198545278,12,TRUE,5.29915091922236,3.62985024430064,0,1.66930067492172,30.4056
"T1_SARIMAX","Kasungu",3,"month","incidence",2024-07-01,2024-10-01,0,0,0,0,0,0,0,0,0,0,0,0,0,0,0,0,1,1,1,1,1,1,1,0,0,0,0,1,1,1,1,1,1,1,11.4571045256979,12,TRUE,6.46261413179114,4.3090422963203,0,2.15357183547084,35.739
"T1_SARIMAX","Likoma",1,"month","incidence",2024-07-01,2024-08-01,0,0,0,0,0,0,0,0,0,0,0,0,0,0,0,0,0,0,0,1,1,1,1,0,0,0,0,0,0,0,1,1,1,1,12.6496323682109,12,TRUE,6.87773805934229,2.41686564051582,0,4.46087241882647,51.3434
"T1_SARIMAX","Likoma",2,"month","incidence",2024-07-01,2024-09-01,0,0,0,0,0,0,0,0,0,0,0,0,0,0,0,0,0,0,1,1,1,1,1,0,0,0,0,0,0,1,1,1,1,1,12.9273363703928,12,TRUE,6.8361588410717,3.25219525222924,0,3.58396358884247,57.0482
"T1_SARIMAX","Likoma",3,"month","incidence",2024-07-01,2024-10-01,0,0,0,0,0,0,0,0,1,1,1,1,1,1,1,1,1,1,1,1,1,1,1,0,0,0,1,1,1,1,1,1,1,1,8.09129775204081,12,TRUE,4.86430100279865,3.49056051428398,1.37374048851467,0,31.1005
"T1_SARIMAX","Lilongwe",1,"month","incidence",2024-07-01,2024-08-01,0,0,0,0,0,1,1,1,1,1,1,1,1,1,1,1,1,1,1,1,1,1,1,0,0,0,0,0,0,1,1,1,1,1,7.76693798986854,12,TRUE,4.15848816890956,1.59998872260776,2.5584994463018,0,12.6792
"T1_SARIMAX","Lilongwe",2,"month","incidence",2024-07-01,2024-09-01,0,0,0,0,0,0,1,1,1,1,1,1,1,1,1,1,1,1,1,1,1,1,1,0,0,0,0,0,1,1,1,1,1,1,7.16194121435209,12,TRUE,3.81962990019798,1.98594968875769,1.83368021144029,0,13.9387
"T1_SARIMAX","Lilongwe",3,"month","incidence",2024-07-01,2024-10-01,0,0,0,0,0,0,0,0,0,0,1,1,1,1,1,1,1,1,1,1,1,1,1,0,1,1,1,1,1,1,1,1,1,1,1.83826352452718,12,TRUE,2.48009413103292,2.36176279095041,0.118331340082513,0,19.0548
"T1_SARIMAX","Machinga",1,"month","incidence",2024-07-01,2024-08-01,0,0,0,0,0,0,0,0,0,1,1,1,1,1,1,1,1,1,1,1,1,1,1,0,0,1,1,1,1,1,1,1,1,1,2.6755,12,TRUE,2.30330862897626,2.03671657411622,0.266592054860039,0,30.2156
"T1_SARIMAX","Machinga",2,"month","incidence",2024-07-01,2024-09-01,0,0,0,0,0,0,0,0,1,1,1,1,1,1,1,1,1,1,1,1,1,1,1,0,0,0,1,1,1,1,1,1,1,1,5.591,12,TRUE,3.68347790455061,2.88035220182523,0.803125702725383,0,27.3001
"T1_SARIMAX","Machinga",3,"month","incidence",2024-07-01,2024-10-01,0,0,0,0,0,0,0,1,1,1,1,1,1,1,1,1,1,1,1,1,1,1,1,0,0,0,0,1,1,1,1,1,1,1,9.7983,12,TRUE,5.50152484719675,3.52280486673166,1.97871998046508,0,23.0928
"T1_SARIMAX","Mangochi",1,"month","incidence",2024-07-01,2024-08-01,0,0,0,0,0,0,0,0,0,0,0,0,0,0,0,0,1,1,1,1,1,1,1,0,0,0,0,1,1,1,1,1,1,1,3.40429288084718,12,TRUE,1.9168291810073,1.23344891968302,0,0.683380261324283,24.5624
"T1_SARIMAX","Mangochi",2,"month","incidence",2024-07-01,2024-09-01,0,0,0,0,0,0,0,0,0,0,0,0,0,0,1,1,1,1,1,1,1,1,1,0,0,1,1,1,1,1,1,1,1,1,2.44820490517512,12,TRUE,2.00676181892341,1.74436019071017,0,0.262401628213236,29.1713
"T1_SARIMAX","Mangochi",3,"month","incidence",2024-07-01,2024-10-01,0,0,0,0,0,0,0,0,0,1,1,1,1,1,1,1,1,1,1,1,1,1,1,0,0,1,1,1,1,1,1,1,1,1,3.78956117354815,12,TRUE,2.62975706579159,2.13639619743193,0.493360868359657,0,22.6821
"T1_SARIMAX","Mchinji",1,"month","incidence",2024-07-01,2024-08-01,0,0,0,0,0,0,0,0,0,1,1,1,1,1,1,1,1,1,1,1,1,1,1,0,0,1,1,1,1,1,1,1,1,1,4.96827299050561,12,TRUE,3.58288551010161,2.96080158779583,0.622083922305775,0,27.7082
"T1_SARIMAX","Mchinji",2,"month","incidence",2024-07-01,2024-09-01,0,0,0,0,0,0,0,1,1,1,1,1,1,1,1,1,1,1,1,1,1,1,1,0,0,0,0,1,1,1,1,1,1,1,12.3932425391649,12,TRUE,6.82348983342973,4.17031749674109,2.65317233668864,0,26.702
"T1_SARIMAX","Mchinji",3,"month","incidence",2024-07-01,2024-10-01,0,0,0,0,0,0,0,0,1,1,1,1,1,1,1,1,1,1,1,1,1,1,1,0,0,0,1,1,1,1,1,1,1,1,9.5876195954553,12,TRUE,6.42172801863678,5.09771444985483,1.32401356878195,0,35.9235
"T1_SARIMAX","Mulanje",1,"month","incidence",2024-07-01,2024-08-01,0,0,0,0,0,0,0,0,0,0,0,0,0,0,1,1,1,1,1,1,1,1,1,0,0,1,1,1,1,1,1,1,1,1,3.19548862519593,12,TRUE,2.33905161713963,1.94527430950446,0,0.393777307635172,34.9381
"T1_SARIMAX","Mulanje",2,"month","incidence",2024-07-01,2024-09-01,0,0,0,0,0,0,0,0,0,0,0,0,0,0,1,1,1,1,1,1,1,1,1,0,0,1,1,1,1,1,1,1,1,1,4.4002064028432,12,TRUE,3.2798426920923,2.74839683745839,0,0.531445854633909,42.1083
"T1_SARIMAX","Mulanje",3,"month","incidence",2024-07-01,2024-10-01,0,0,0,0,0,0,0,0,0,0,1,1,1,1,1,1,1,1,1,1,1,1,1,0,1,1,1,1,1,1,1,1,1,1,3.05389903883204,12,TRUE,3.59076998577976,3.36500790132005,0.225762084459709,0,44.9503
"T1_SARIMAX","Mwanza",1,"month","incidence",2024-07-01,2024-08-01,0,0,0,0,0,0,0,0,0,0,0,0,0,0,1,1,1,1,1,1,1,1,1,0,0,1,1,1,1,1,1,1,1,1,6.07900758342245,12,TRUE,4.59179709406804,3.86867922363081,0,0.723117870437232,59.4487
"T1_SARIMAX","Mwanza",2,"month","incidence",2024-07-01,2024-09-01,0,0,0,0,0,0,0,0,1,1,1,1,1,1,1,1,1,1,1,1,1,1,1,0,0,0,1,1,1,1,1,1,1,1,10.9023139560224,12,TRUE,7.08259392625499,5.47113862652971,1.61145529972529,0,51.7771
"T1_SARIMAX","Mwanza",3,"month","incidence",2024-07-01,2024-10-01,0,0,0,0,0,0,0,1,1,1,1,1,1,1,1,1,1,1,1,1,1,1,1,0,0,0,0,1,1,1,1,1,1,1,16.9568664228293,12,TRUE,9.80953252825486,6.69850613398664,3.11102639426822,0,53.6249
"T1_SARIMAX","Mzimba",1,"month","incidence",2024-07-01,2024-08-01,0,0,0,0,0,0,0,0,0,0,0,1,1,1,1,1,1,1,1,1,1,1,1,1,1,1,1,1,1,1,1,1,1,1,0.340423934787346,12,TRUE,2.40798562799899,2.39318458735606,0.0148010406429281,0,19.1122
"T1_SARIMAX","Mzimba",2,"month","incidence",2024-07-01,2024-09-01,0,0,0,0,0,0,0,0,0,0,1,1,1,1,1,1,1,1,1,1,1,1,1,0,1,1,1,1,1,1,1,1,1,1,2.7311213588169,12,TRUE,2.87534675841672,2.65681237001777,0.218534388398953,0,16.3611
"T1_SARIMAX","Mzimba",3,"month","incidence",2024-07-01,2024-10-01,0,0,0,0,0,0,0,0,0,0,0,0,0,0,1,1,1,1,1,1,1,1,1,0,0,1,1,1,1,1,1,1,1,1,3.6286847991184,12,TRUE,3.16642535443474,2.83210973478372,0,0.334315619651025,18.0859
"T1_SARIMAX","Neno",1,"month","incidence",2024-07-01,2024-08-01,0,0,0,0,0,0,0,0,0,0,0,0,0,0,0,0,1,1,1,1,1,1,1,0,0,0,0,1,1,1,1,1,1,1,12.2887862137934,12,TRUE,7.13897427181775,4.9157816875773,0,2.22319258424045,81.3951
"T1_SARIMAX","Neno",2,"month","incidence",2024-07-01,2024-09-01,0,0,0,0,0,0,0,0,0,1,1,1,1,1,1,1,1,1,1,1,1,1,1,0,0,1,1,1,1,1,1,1,1,1,9.46334837840182,12,TRUE,7.52133936310911,6.46392695441828,1.05741240869083,0,78.6905
"T1_SARIMAX","Neno",3,"month","incidence",2024-07-01,2024-10-01,0,0,0,0,0,0,0,1,1,1,1,1,1,1,1,1,1,1,1,1,1,1,1,0,0,0,0,1,1,1,1,1,1,1,24.135596182776,12,TRUE,13.1195767108934,7.75282108387842,5.36675562701502,0,72.7813
"T1_SARIMAX","Nkhatabay",1,"month","incidence",2024-07-01,2024-08-01,0,0,0,0,0,0,0,0,0,0,1,1,1,1,1,1,1,1,1,1,1,1,1,0,1,1,1,1,1,1,1,1,1,1,2.18002040924198,12,TRUE,3.15627944203049,3.02717600428716,0.129103437743327,0,94.7016
"T1_SARIMAX","Nkhatabay",2,"month","incidence",2024-07-01,2024-09-01,0,0,0,0,0,0,0,0,0,0,0,0,0,0,0,0,1,1,1,1,1,1,1,0,0,0,0,1,1,1,1,1,1,1,11.0053855861081,12,TRUE,6.12736059572708,3.84117969907993,0,2.28618089664715,102.5285
"T1_SARIMAX","Nkhatabay",3,"month","incidence",2024-07-01,2024-10-01,0,0,0,0,0,0,0,0,0,0,0,0,0,0,0,0,0,0,0,1,1,1,1,0,0,0,0,0,0,0,1,1,1,1,20.9625690088077,12,TRUE,11.2516920563206,4.26212051278174,0,6.98957154353886,108.3002
"T1_SARIMAX","Nkhotakota",1,"month","incidence",2024-07-01,2024-08-01,0,0,0,0,0,0,0,0,0,0,0,1,1,1,1,1,1,1,1,1,1,1,1,1,1,1,1,1,1,1,1,1,1,1,0.364973081537883,12,TRUE,2.46088598914509,2.44501759429561,0.0158683948494732,0,89.6894
"T1_SARIMAX","Nkhotakota",2,"month","incidence",2024-07-01,2024-09-01,0,1,1,1,1,1,1,1,1,1,1,1,1,1,1,1,1,1,1,1,1,1,1,0,0,0,0,0,0,0,0,0,0,1,32.3003119433976,12,TRUE,20.6331321393254,3.45777704209369,17.1753550972317,0,68.2569
"T1_SARIMAX","Nkhotakota",3,"month","incidence",2024-07-01,2024-10-01,0,0,0,1,1,1,1,1,1,1,1,1,1,1,1,1,1,1,1,1,1,1,1,0,0,0,0,0,0,0,0,1,1,1,28.762174430207,12,TRUE,16.6399619957686,4.23489469871983,12.4050672970488,0,77.8039
"T1_SARIMAX","Nsanje",1,"month","incidence",2024-07-01,2024-08-01,0,0,0,0,0,0,0,0,0,0,0,0,0,0,0,0,0,0,0,0,1,1,1,0,0,0,0,0,0,0,0,1,1,1,13.5787566176488,12,TRUE,7.8835607245316,1.97386484210948,0,5.90969588242211,51.3352
"T1_SARIMAX","Nsanje",2,"month","incidence",2024-07-01,2024-09-01,0,0,0,0,0,0,0,0,0,0,0,0,0,0,0,0,0,0,0,1,1,1,1,0,0,0,0,0,0,0,1,1,1,1,12.598673538437,12,TRUE,6.79596609676927,2.50236694560793,0,4.29359915116134,51.284
"T1_SARIMAX","Nsanje",3,"month","incidence",2024-07-01,2024-10-01,0,0,0,0,0,0,0,0,1,1,1,1,1,1,1,1,1,1,1,1,1,1,1,0,0,0,1,1,1,1,1,1,1,1,5.27440502814122,12,TRUE,3.40782717225109,2.6197725027929,0.788054669458191,0,27.4711
"T1_SARIMAX","Ntcheu",1,"month","incidence",2024-07-01,2024-08-01,0,0,0,0,0,0,0,0,0,0,0,1,1,1,1,1,1,1,1,1,1,1,1,1,1,1,1,1,1,1,1,1,1,1,1.04005949755237,12,TRUE,1.99882419730116,1.95360421914671,0.0452199781544509,0,17.621
"T1_SARIMAX","Ntcheu",2,"month","incidence",2024-07-01,2024-09-01,0,0,0,0,0,0,1,1,1,1,1,1,1,1,1,1,1,1,1,1,1,1,1,0,0,0,0,0,1,1,1,1,1,1,8.17313799090453,12,TRUE,4.38474430116455,2.40544355714791,1.97930074401664,0,14.824
"T1_SARIMAX","Ntcheu",3,"month","incidence",2024-07-01,2024-10-01,0,0,0,1,1,1,1,1,1,1,1,1,1,1,1,1,1,1,1,1,1,1,1,0,0,0,0,0,0,0,0,1,1,1,16.6705966278162,12,TRUE,9.4507927503997,2.63219004333231,6.81860270706739,0,16.0086
"T1_SARIMAX","Ntchisi",1,"month","incidence",2024-07-01,2024-08-01,0,0,0,0,0,0,0,0,1,1,1,1,1,1,1,1,1,1,1,1,1,1,1,0,0,0,1,1,1,1,1,1,1,1,7.39248564623121,12,TRUE,4.38568898142521,3.10407069100759,1.28161829041762,0,41.9
"T1_SARIMAX","Ntchisi",2,"month","incidence",2024-07-01,2024-09-01,0,0,0,0,0,0,0,0,0,0,0,0,0,0,0,0,1,1,1,1,1,1,1,0,0,0,0,1,1,1,1,1,1,1,10.1365563318162,12,TRUE,5.67607418983165,3.60637303312365,0,2.069701156708,59.9091
"T1_SARIMAX","Ntchisi",3,"month","incidence",2024-07-01,2024-10-01,0,0,0,0,0,0,0,0,0,0,0,0,0,0,0,0,0,0,0,0,0,1,1,0,0,0,0,0,0,0,0,0,1,1,32.2416162066621,12,TRUE,19.5411863849842,4.02564749650654,0,15.5155388884777,80.4837
"T1_SARIMAX","Phalombe",1,"month","incidence",2024-07-01,2024-08-01,0,0,0,0,0,0,0,0,0,0,0,1,1,1,1,1,1,1,1,1,1,1,1,1,1,1,1,1,1,1,1,1,1,1,0.0835000000000008,12,TRUE,1.44256705184126,1.43893661705866,0.00363043478260873,0,15.1126
"T1_SARIMAX","Phalombe",2,"month","incidence",2024-07-01,2024-09-01,0,0,0,0,0,0,0,0,0,0,0,1,1,1,1,1,1,1,1,1,1,1,1,1,1,1,1,1,1,1,1,1,1,1,0.702000000000002,12,TRUE,2.05008622340352,2.01956448427308,0.0305217391304349,0,14.4941
"T1_SARIMAX","Phalombe",3,"month","incidence",2024-07-01,2024-10-01,0,0,0,0,0,0,0,0,0,1,1,1,1,1,1,1,1,1,1,1,1,1,1,0,0,1,1,1,1,1,1,1,1,1,3.7965,12,TRUE,2.88790358938829,2.44820812534823,0.439695464040064,0,11.3996
"T1_SARIMAX","Rumphi",1,"month","incidence",2024-07-01,2024-08-01,0,0,0,0,0,0,0,0,0,0,1,1,1,1,1,1,1,1,1,1,1,1,1,0,1,1,1,1,1,1,1,1,1,1,1.84677669819548,12,TRUE,2.43790048095233,2.31764382997073,0.120256650981596,0,13.5548
"T1_SARIMAX","Rumphi",2,"month","incidence",2024-07-01,2024-09-01,0,0,0,0,0,0,0,0,0,0,1,1,1,1,1,1,1,1,1,1,1,1,1,0,1,1,1,1,1,1,1,1,1,1,2.59421758474552,12,TRUE,3.18253095174697,3.00350461243882,0.179026339308156,0,13.2426
"T1_SARIMAX","Rumphi",3,"month","incidence",2024-07-01,2024-10-01,0,0,0,0,0,0,0,0,0,0,1,1,1,1,1,1,1,1,1,1,1,1,1,0,1,1,1,1,1,1,1,1,1,1,3.06006832351738,12,TRUE,3.66209698320812,3.44590570640206,0.216191276806062,0,14.9735
"T1_SARIMAX","Salima",1,"month","incidence",2024-07-01,2024-08-01,0,0,0,0,0,0,0,0,0,0,0,0,0,0,0,0,1,1,1,1,1,1,1,0,0,0,0,1,1,1,1,1,1,1,7.80609602502405,12,TRUE,4.41698865133861,2.8740295943449,0,1.54295905699372,55.9208
"T1_SARIMAX","Salima",2,"month","incidence",2024-07-01,2024-09-01,0,0,0,0,0,0,0,0,0,1,1,1,1,1,1,1,1,1,1,1,1,1,1,0,0,1,1,1,1,1,1,1,1,1,5.1879889801866,12,TRUE,4.04672733712424,3.45301430526124,0.593713031863,0,56.0144
"T1_SARIMAX","Salima",3,"month","incidence",2024-07-01,2024-10-01,0,0,1,1,1,1,1,1,1,1,1,1,1,1,1,1,1,1,1,1,1,1,1,0,0,0,0,0,0,0,0,0,1,1,32.3237813829944,12,TRUE,20.2144635459053,3.68205983089096,16.5324037150143,0,40.6427
"T1_SARIMAX","Thyolo",1,"month","incidence",2024-07-01,2024-08-01,0,0,0,0,0,0,0,0,0,0,0,0,0,0,0,0,0,0,1,1,1,1,1,0,0,0,0,0,0,1,1,1,1,1,4.84597179603458,12,TRUE,2.57282242890217,1.14860918975539,0,1.42421323914678,21.3521
"T1_SARIMAX","Thyolo",2,"month","incidence",2024-07-01,2024-09-01,0,0,0,0,0,0,0,0,0,0,0,0,1,1,1,1,1,1,1,1,1,1,1,1,1,1,1,1,1,1,1,1,1,1,0.950757517679246,12,TRUE,1.6657159773958,1.62437869401844,0,0.0413372833773585,23.529
"T1_SARIMAX","Thyolo",3,"month","incidence",2024-07-01,2024-10-01,0,0,0,0,0,0,0,0,0,0,1,1,1,1,1,1,1,1,1,1,1,1,1,0,1,1,1,1,1,1,1,1,1,1,1.72643997726737,12,TRUE,2.1126094796587,1.98944947469685,0.123160004961853,0,21.7741
"T1_SARIMAX","Zomba",1,"month","incidence",2024-07-01,2024-08-01,0,0,0,0,0,0,0,1,1,1,1,1,1,1,1,1,1,1,1,1,1,1,1,0,0,0,0,1,1,1,1,1,1,1,6.23233861979044,12,TRUE,3.42996609414047,2.09097793578288,1.33898815835759,0,41.8913
"T1_SARIMAX","Zomba",2,"month","incidence",2024-07-01,2024-09-01,0,0,0,1,1,1,1,1,1,1,1,1,1,1,1,1,1,1,1,1,1,1,1,0,0,0,0,0,0,0,0,1,1,1,16.0811098657974,12,TRUE,9.1296040693532,2.52719507487937,6.60240899447383,0,34.6691
"T1_SARIMAX","Zomba",3,"month","incidence",2024-07-01,2024-10-01,0,0,0,0,1,1,1,1,1,1,1,1,1,1,1,1,1,1,1,1,1,1,1,0,0,0,0,0,0,0,1,1,1,1,16.4909374938728,12,TRUE,9.10952567569992,2.89848946264402,6.21103621305591,0,35.7976
"T1_SARIMAX","Balaka",1,"month","incidence",2024-08-01,2024-09-01,0,0,0,0,0,0,0,0,0,1,1,1,1,1,1,1,1,1,1,1,1,1,1,0,0,1,1,1,1,1,1,1,1,1,3.83601499282094,12,TRUE,2.81888900280682,2.35015867647513,0.468730326331687,0,15.5057
"T1_SARIMAX","Balaka",2,"month","incidence",2024-08-01,2024-10-01,0,0,0,0,0,0,0,1,1,1,1,1,1,1,1,1,1,1,1,1,1,1,1,0,0,0,0,1,1,1,1,1,1,1,8.42442277026129,12,TRUE,4.71370824315232,3.03322483064615,1.68048341250618,0,12.4632
"T1_SARIMAX","Balaka",3,"month","incidence",2024-08-01,2024-11-01,0,0,0,0,0,0,1,1,1,1,1,1,1,1,1,1,1,1,1,1,1,1,1,0,0,0,0,0,1,1,1,1,1,1,13.6335959124161,12,TRUE,7.17844307947251,3.52117833299715,3.65726474647536,0,9.776
"T1_SARIMAX","Blantyre",1,"month","incidence",2024-08-01,2024-09-01,0,0,0,0,0,0,0,0,0,0,0,0,0,0,0,0,0,1,1,1,1,1,1,0,0,0,0,0,1,1,1,1,1,1,5.50555458041767,12,TRUE,2.92601629034966,1.4736273190616,0,1.45238897128807,24.6616
"T1_SARIMAX","Blantyre",2,"month","incidence",2024-08-01,2024-10-01,0,0,0,0,0,0,0,0,1,1,1,1,1,1,1,1,1,1,1,1,1,1,1,0,0,0,1,1,1,1,1,1,1,1,3.82141208208492,12,TRUE,2.32478625374002,1.68842767288439,0.636358580855629,0,16.7682
"T1_SARIMAX","Blantyre",3,"month","incidence",2024-08-01,2024-11-01,0,0,0,0,0,0,0,0,0,0,0,0,1,1,1,1,1,1,1,1,1,1,1,1,1,1,1,1,1,1,1,1,1,1,0.0113979902326697,12,TRUE,1.87800678491256,1.87751122011983,0,0.000495564792724771,19.0096
"T1_SARIMAX","Chikwawa",1,"month","incidence",2024-08-01,2024-09-01,0,0,0,0,0,0,0,0,1,1,1,1,1,1,1,1,1,1,1,1,1,1,1,0,0,0,1,1,1,1,1,1,1,1,3.60764159619204,12,TRUE,2.46513406049564,1.98695822377997,0.478175836715668,0,28.6544
"T1_SARIMAX","Chikwawa",2,"month","incidence",2024-08-01,2024-10-01,0,1,1,1,1,1,1,1,1,1,1,1,1,1,1,1,1,1,1,1,1,1,1,0,0,0,0,0,0,0,0,0,0,1,22.6041047739437,12,TRUE,14.7772515533523,2.28786971942855,12.4893818339237,0,10.3026
"T1_SARIMAX","Chikwawa",3,"month","incidence",2024-08-01,2024-11-01,0,0,0,0,0,1,1,1,1,1,1,1,1,1,1,1,1,1,1,1,1,1,1,0,0,0,0,0,0,1,1,1,1,1,11.3456620349471,12,TRUE,6.04285756359621,2.55316060757616,3.48969695602005,0,16.0703
"T1_SARIMAX","Chiradzulu",1,"month","incidence",2024-08-01,2024-09-01,0,0,0,0,0,0,0,0,0,1,1,1,1,1,1,1,1,1,1,1,1,1,1,0,0,1,1,1,1,1,1,1,1,1,3.3594,12,TRUE,2.61885625153646,2.23957153638754,0.379284715148914,0,11.9738
"T1_SARIMAX","Chiradzulu",2,"month","incidence",2024-08-01,2024-10-01,0,0,0,0,0,0,0,0,0,1,1,1,1,1,1,1,1,1,1,1,1,1,1,0,0,1,1,1,1,1,1,1,1,1,3.8314,12,TRUE,3.41863609873573,3.08213978044875,0.336496318286981,0,11.5018
"T1_SARIMAX","Chiradzulu",3,"month","incidence",2024-08-01,2024-11-01,0,0,0,0,0,0,0,0,0,1,1,1,1,1,1,1,1,1,1,1,1,1,1,0,0,1,1,1,1,1,1,1,1,1,6.585,12,TRUE,4.49463576768345,3.67109786680404,0.823537900879407,0,8.7482
"T1_SARIMAX","Chitipa",1,"month","incidence",2024-08-01,2024-09-01,0,0,0,0,0,0,0,0,0,0,0,0,0,0,0,1,1,1,1,1,1,1,1,0,0,0,1,1,1,1,1,1,1,1,3.49786198830188,12,TRUE,2.23871081212431,1.73076069957497,0,0.507950112549338,12.9594
"T1_SARIMAX","Chitipa",2,"month","incidence",2024-08-01,2024-10-01,0,0,0,0,0,0,0,0,0,0,0,0,0,0,0,0,0,1,1,1,1,1,1,0,0,0,0,0,1,1,1,1,1,1,6.96768515680753,12,TRUE,3.65011671961264,2.03547841545138,0,1.61463830416126,16.4055
"T1_SARIMAX","Chitipa",3,"month","incidence",2024-08-01,2024-11-01,0,0,0,0,0,0,0,0,0,0,0,0,0,0,0,0,0,0,0,1,1,1,1,0,0,0,0,0,0,0,1,1,1,1,11.8529521347987,12,TRUE,6.29216038206836,2.14473148823424,0,4.14742889383412,21.0527
"T1_SARIMAX","Dedza",1,"month","incidence",2024-08-01,2024-09-01,0,0,0,0,0,0,0,0,0,0,0,0,0,0,1,1,1,1,1,1,1,1,1,0,0,1,1,1,1,1,1,1,1,1,2.15873576965809,12,TRUE,1.56587881885675,1.30112611308844,0,0.264752705768316,10.5707
"T1_SARIMAX","Dedza",2,"month","incidence",2024-08-01,2024-10-01,0,0,0,0,0,0,0,0,0,0,0,0,0,0,0,0,0,0,0,1,1,1,1,0,0,0,0,0,0,0,1,1,1,1,8.02566233533357,12,TRUE,4.37773520269241,1.30535617207422,0,3.07237903061819,13.9637
"T1_SARIMAX","Dedza",3,"month","incidence",2024-08-01,2024-11-01,0,0,0,0,0,0,0,0,0,0,0,0,0,0,0,0,0,0,0,0,0,1,1,0,0,0,0,0,0,0,0,0,1,1,12.1030140248377,12,TRUE,7.2432305609245,1.20391245947184,0,6.03931810145265,15.4524
"T1_SARIMAX","Dowa",1,"month","incidence",2024-08-01,2024-09-01,0,0,0,0,0,0,0,0,0,0,0,0,0,0,0,1,1,1,1,1,1,1,1,0,0,0,1,1,1,1,1,1,1,1,5.87045644542975,12,TRUE,3.40461768332539,2.36728523268453,0,1.03733245064085,21.6411
"T1_SARIMAX","Dowa",2,"month","incidence",2024-08-01,2024-10-01,0,0,0,0,0,0,0,0,0,0,0,0,0,0,0,0,0,0,1,1,1,1,1,0,0,0,0,0,0,1,1,1,1,1,13.8426446355557,12,TRUE,7.19274150080383,3.2517637176901,0,3.94097778311374,29.8417
"T1_SARIMAX","Dowa",3,"month","incidence",2024-08-01,2024-11-01,0,0,0,0,0,0,0,0,0,0,0,0,0,0,0,0,0,1,1,1,1,1,1,0,0,0,0,0,1,1,1,1,1,1,14.7267389399117,12,TRUE,7.70130386326169,3.98525965411061,0,3.71604420915108,34.4705
"T1_SARIMAX","Karonga",1,"month","incidence",2024-08-01,2024-09-01,0,0,0,0,0,0,0,0,0,0,1,1,1,1,1,1,1,1,1,1,1,1,1,0,1,1,1,1,1,1,1,1,1,1,1.46769299361983,12,TRUE,1.79087087952987,1.68589274163497,0.104978137894899,0,47.7614
"T1_SARIMAX","Karonga",2,"month","incidence",2024-08-01,2024-10-01,0,0,0,1,1,1,1,1,1,1,1,1,1,1,1,1,1,1,1,1,1,1,1,0,0,0,0,0,0,0,0,1,1,1,15.0426640755437,12,TRUE,8.94411670754977,1.99354248179056,6.95057422575921,0,35.1026
"T1_SARIMAX","Karonga",3,"month","incidence",2024-08-01,2024-11-01,0,0,0,1,1,1,1,1,1,1,1,1,1,1,1,1,1,1,1,1,1,1,1,0,0,0,0,0,0,0,0,1,1,1,16.296200874525,12,TRUE,9.58035690124441,2.25968779195487,7.32066910928955,0,30.227
"T1_SARIMAX","Kasungu",1,"month","incidence",2024-08-01,2024-09-01,0,0,0,0,0,0,0,0,0,0,0,0,0,0,0,0,0,1,1,1,1,1,1,0,0,0,0,0,1,1,1,1,1,1,12.1929912527948,12,TRUE,6.38252523976231,3.03015330148494,0,3.35237193827737,30.4056
"T1_SARIMAX","Kasungu",2,"month","incidence",2024-08-01,2024-10-01,0,0,0,0,0,0,0,0,0,0,0,0,0,0,0,0,0,1,1,1,1,1,1,0,0,0,0,0,1,1,1,1,1,1,14.3156618737145,12,TRUE,7.50417278790415,3.66300888077035,0,3.84116390713379,35.739
"T1_SARIMAX","Kasungu",3,"month","incidence",2024-08-01,2024-11-01,0,0,0,0,0,0,0,0,0,0,0,0,0,0,0,0,1,1,1,1,1,1,1,0,0,0,0,1,1,1,1,1,1,1,12.4100780238161,12,TRUE,6.85756880945153,4.35126184261832,0,2.50630696683321,37.2078
"T1_SARIMAX","Likoma",1,"month","incidence",2024-08-01,2024-09-01,0,0,0,0,0,0,0,0,0,0,0,0,0,1,1,1,1,1,1,1,1,1,1,0,1,1,1,1,1,1,1,1,1,1,1.7104915658184,12,TRUE,2.54302224532834,2.44532161924451,0,0.0977006260838333,57.0482
"T1_SARIMAX","Likoma",2,"month","incidence",2024-08-01,2024-10-01,0,0,0,0,0,1,1,1,1,1,1,1,1,1,1,1,1,1,1,1,1,1,1,0,0,0,0,0,0,1,1,1,1,1,14.4772122841322,12,TRUE,7.70469605467604,3.30388527352502,4.40081078115102,0,31.1005
"T1_SARIMAX","Likoma",3,"month","incidence",2024-08-01,2024-11-01,0,0,0,0,1,1,1,1,1,1,1,1,1,1,1,1,1,1,1,1,1,1,1,0,0,0,0,0,0,0,1,1,1,1,21.332118148919,12,TRUE,11.8941826759503,3.54954076326138,8.34464191268889,0,15.2129
"T1_SARIMAX","Lilongwe",1,"month","incidence",2024-08-01,2024-09-01,0,0,0,0,0,0,0,0,0,0,1,1,1,1,1,1,1,1,1,1,1,1,1,0,1,1,1,1,1,1,1,1,1,1,1.8913424984692,12,TRUE,1.78132453111625,1.61767156924126,0.163652961874989,0,13.9387
"T1_SARIMAX","Lilongwe",2,"month","incidence",2024-08-01,2024-10-01,0,0,0,0,0,0,0,0,0,0,0,0,0,0,1,1,1,1,1,1,1,1,1,0,0,1,1,1,1,1,1,1,1,1,2.79457972792063,12,TRUE,2.31842174299112,2.02590572337766,0,0.292516019613454,19.0548
"T1_SARIMAX","Lilongwe",3,"month","incidence",2024-08-01,2024-11-01,0,0,0,0,0,0,0,0,0,0,0,0,0,0,1,1,1,1,1,1,1,1,1,0,0,1,1,1,1,1,1,1,1,1,4.21089908013034,12,TRUE,2.94017055115486,2.4006640631928,0,0.539506487962058,20.9438
"T1_SARIMAX","Machinga",1,"month","incidence",2024-08-01,2024-09-01,0,0,0,0,0,0,0,0,0,1,1,1,1,1,1,1,1,1,1,1,1,1,1,0,0,1,1,1,1,1,1,1,1,1,2.9155,12,TRUE,2.3474428932364,2.02720580376301,0.320237089473386,0,27.3001
"T1_SARIMAX","Machinga",2,"month","incidence",2024-08-01,2024-10-01,0,0,0,0,0,0,0,1,1,1,1,1,1,1,1,1,1,1,1,1,1,1,1,0,0,0,0,1,1,1,1,1,1,1,7.1228,12,TRUE,4.14528857115584,2.86595741964932,1.27933115150652,0,23.0928
"T1_SARIMAX","Machinga",3,"month","incidence",2024-08-01,2024-11-01,0,0,0,0,0,0,0,1,1,1,1,1,1,1,1,1,1,1,1,1,1,1,1,0,0,0,0,1,1,1,1,1,1,1,8.8969,12,TRUE,5.13429490303624,3.49963258987505,1.63466231316118,0,21.3187
"T1_SARIMAX","Mangochi",1,"month","incidence",2024-08-01,2024-09-01,0,0,0,0,0,0,0,0,0,0,0,1,1,1,1,1,1,1,1,1,1,1,1,1,1,1,1,1,1,1,1,1,1,1,0.300384128336628,12,TRUE,1.17030155373372,1.15724137424083,0.0130601794928969,0,29.1713
"T1_SARIMAX","Mangochi",2,"month","incidence",2024-08-01,2024-10-01,0,0,0,0,0,1,1,1,1,1,1,1,1,1,1,1,1,1,1,1,1,1,1,0,0,0,0,0,0,1,1,1,1,1,5.97066041693574,12,TRUE,3.17199758903206,1.40098036996865,1.77101721906341,0,22.6821
"T1_SARIMAX","Mangochi",3,"month","incidence",2024-08-01,2024-11-01,0,0,0,0,0,0,0,0,1,1,1,1,1,1,1,1,1,1,1,1,1,1,1,0,0,0,1,1,1,1,1,1,1,1,2.86411830935094,12,TRUE,1.90745227952977,1.50532910449844,0.402123175031335,0,20.9624
"T1_SARIMAX","Mchinji",1,"month","incidence",2024-08-01,2024-09-01,0,0,0,0,0,0,0,1,1,1,1,1,1,1,1,1,1,1,1,1,1,1,1,0,0,0,0,1,1,1,1,1,1,1,8.14561998637833,12,TRUE,4.59201399641972,2.96298282448419,1.62903117193553,0,26.702
"T1_SARIMAX","Mchinji",2,"month","incidence",2024-08-01,2024-10-01,0,0,0,0,0,0,0,0,0,1,1,1,1,1,1,1,1,1,1,1,1,1,1,0,0,1,1,1,1,1,1,1,1,1,5.71553435695309,12,TRUE,4.77172395476489,4.17563906402713,0.596084890737759,0,35.9235
"T1_SARIMAX","Mchinji",3,"month","incidence",2024-08-01,2024-11-01,0,0,0,0,0,0,0,0,0,1,1,1,1,1,1,1,1,1,1,1,1,1,1,0,0,1,1,1,1,1,1,1,1,1,8.00081106702542,12,TRUE,6.03933053739313,5.09101914030483,0.948311397088294,0,34.0772
"T1_SARIMAX","Mulanje",1,"month","incidence",2024-08-01,2024-09-01,0,0,0,0,0,0,0,0,0,0,0,0,0,1,1,1,1,1,1,1,1,1,1,0,1,1,1,1,1,1,1,1,1,1,1.48831255391658,12,TRUE,2.04835231986862,1.95445788947129,0,0.0938944303973239,42.1083
"T1_SARIMAX","Mulanje",2,"month","incidence",2024-08-01,2024-10-01,0,0,0,0,0,0,0,0,1,1,1,1,1,1,1,1,1,1,1,1,1,1,1,0,0,0,1,1,1,1,1,1,1,1,5.55608964569824,12,TRUE,3.59121980761005,2.76171047459562,0.829509333014439,0,44.9503
"T1_SARIMAX","Mulanje",3,"month","incidence",2024-08-01,2024-11-01,0,0,0,0,0,0,0,1,1,1,1,1,1,1,1,1,1,1,1,1,1,1,1,0,0,0,0,1,1,1,1,1,1,1,8.5501144317824,12,TRUE,4.94866673476527,3.38144700056487,1.56721973420039,0,46.8753
"T1_SARIMAX","Mwanza",1,"month","incidence",2024-08-01,2024-09-01,0,0,0,0,0,1,1,1,1,1,1,1,1,1,1,1,1,1,1,1,1,1,1,0,0,0,0,0,0,1,1,1,1,1,16.5011719424709,12,TRUE,8.76567945658861,3.87743826628915,4.88824119029946,0,51.7771
"T1_SARIMAX","Mwanza",2,"month","incidence",2024-08-01,2024-10-01,0,0,0,0,0,1,1,1,1,1,1,1,1,1,1,1,1,1,1,1,1,1,1,0,0,0,0,0,0,1,1,1,1,1,21.833527483158,12,TRUE,11.5472167818728,5.48352578345054,6.06369099842221,0,53.6249
"T1_SARIMAX","Mwanza",3,"month","incidence",2024-08-01,2024-11-01,0,0,0,0,0,1,1,1,1,1,1,1,1,1,1,1,1,1,1,1,1,1,1,0,0,0,0,0,0,1,1,1,1,1,27.6229237497157,12,TRUE,14.6411553248063,6.71592008042459,7.92523524438171,0,58.3528
"T1_SARIMAX","Mzimba",1,"month","incidence",2024-08-01,2024-09-01,0,0,0,0,0,0,0,0,0,1,1,1,1,1,1,1,1,1,1,1,1,1,1,0,0,1,1,1,1,1,1,1,1,1,3.03185826111394,12,TRUE,2.68047414561546,2.39343264404824,0.287041501567222,0,16.3611
"T1_SARIMAX","Mzimba",2,"month","incidence",2024-08-01,2024-10-01,0,0,0,0,0,0,0,0,0,0,0,0,0,0,1,1,1,1,1,1,1,1,1,0,0,1,1,1,1,1,1,1,1,1,3.21905466806097,12,TRUE,2.90232140783043,2.61856539333466,0,0.283756014495776,18.0859
"T1_SARIMAX","Mzimba",3,"month","incidence",2024-08-01,2024-11-01,0,0,0,0,0,0,0,0,0,0,0,0,0,0,0,0,0,0,1,1,1,1,1,0,0,0,0,0,0,1,1,1,1,1,13.3865210412889,12,TRUE,6.96406181124234,2.77086183081949,0,4.19319998042285,25.4374
"T1_SARIMAX","Neno",1,"month","incidence",2024-08-01,2024-09-01,0,0,0,0,0,1,1,1,1,1,1,1,1,1,1,1,1,1,1,1,1,1,1,0,0,0,0,0,0,1,1,1,1,1,26.7012608229452,12,TRUE,14.2920816907749,5.52818769198516,8.76389399878969,0,78.6905
"T1_SARIMAX","Neno",2,"month","incidence",2024-08-01,2024-10-01,0,0,0,0,1,1,1,1,1,1,1,1,1,1,1,1,1,1,1,1,1,1,1,0,0,0,0,0,0,0,1,1,1,1,44.65820352972,12,TRUE,24.6867201147084,7.81803800934944,16.868682105359,0,72.7813
"T1_SARIMAX","Neno",3,"month","incidence",2024-08-01,2024-11-01,0,0,0,0,0,1,1,1,1,1,1,1,1,1,1,1,1,1,1,1,1,1,1,0,0,0,0,0,0,1,1,1,1,1,43.8567470993076,12,TRUE,23.4030676109398,9.57510195629523,13.8279656546445,0,74.1401
"T1_SARIMAX","Nkhatabay",1,"month","incidence",2024-08-01,2024-09-01,0,0,0,0,0,0,0,0,0,0,0,0,0,0,0,0,0,0,1,1,1,1,1,0,0,0,0,0,0,1,1,1,1,1,12.6359901087502,12,TRUE,6.7038900437006,3.02824976649674,0,3.67564027720386,102.5285
"T1_SARIMAX","Nkhatabay",2,"month","incidence",2024-08-01,2024-10-01,0,0,0,0,0,0,0,0,0,0,0,0,0,0,0,0,0,0,0,1,1,1,1,0,0,0,0,0,0,0,1,1,1,1,22.1492423101864,12,TRUE,12.2670482666134,3.83681744958411,0,8.43023081702929,108.3002
"T1_SARIMAX","Nkhatabay",3,"month","incidence",2024-08-01,2024-11-01,0,0,0,0,0,0,0,0,0,0,0,0,0,0,0,0,0,0,1,1,1,1,1,0,0,0,0,0,0,1,1,1,1,1,18.2593322395704,12,TRUE,9.70519443317868,4.25219539746673,0,5.45299903571195,101.4993
"T1_SARIMAX","Nkhotakota",1,"month","incidence",2024-08-01,2024-09-01,1,1,1,1,1,1,1,1,1,1,1,1,1,1,1,1,1,1,1,1,1,1,1,0,0,0,0,0,0,0,0,0,0,0,32.1553617059186,12,TRUE,23.6044895538929,2.43523411731535,21.1692554365776,0,68.2569
"T1_SARIMAX","Nkhotakota",2,"month","incidence",2024-08-01,2024-10-01,0,0,1,1,1,1,1,1,1,1,1,1,1,1,1,1,1,1,1,1,1,1,1,0,0,0,0,0,0,0,0,0,1,1,28.5547314309063,12,TRUE,17.5204657959535,3.44394111626104,14.0765246796924,0,77.8039
"T1_SARIMAX","Nkhotakota",3,"month","incidence",2024-08-01,2024-11-01,0,0,0,1,1,1,1,1,1,1,1,1,1,1,1,1,1,1,1,1,1,1,1,0,0,0,0,0,0,0,0,1,1,1,25.4580780871318,12,TRUE,14.2162864107605,4.21794921951533,9.99833719124515,0,62.8758
"T1_SARIMAX","Nsanje",1,"month","incidence",2024-08-01,2024-09-01,0,0,0,0,0,0,0,0,0,0,0,0,0,1,1,1,1,1,1,1,1,1,1,0,1,1,1,1,1,1,1,1,1,1,1.57184557413298,12,TRUE,2.11304751951651,2.01116570690156,0,0.101881812614953,51.284
"T1_SARIMAX","Nsanje",2,"month","incidence",2024-08-01,2024-10-01,0,0,0,0,0,1,1,1,1,1,1,1,1,1,1,1,1,1,1,1,1,1,1,0,0,0,0,0,0,1,1,1,1,1,11.2060524238439,12,TRUE,5.96132178754978,2.57450508586787,3.3868167016819,0,27.4711
"T1_SARIMAX","Nsanje",3,"month","incidence",2024-08-01,2024-11-01,0,0,0,0,0,0,0,0,0,1,1,1,1,1,1,1,1,1,1,1,1,1,1,0,0,1,1,1,1,1,1,1,1,1,3.70828500675577,12,TRUE,3.09682279469922,2.70994674587992,0.3868760488193,0,25.1467
"T1_SARIMAX","Ntcheu",1,"month","incidence",2024-08-01,2024-09-01,0,0,0,0,0,0,1,1,1,1,1,1,1,1,1,1,1,1,1,1,1,1,1,0,0,0,0,0,1,1,1,1,1,1,7.14228346954601,12,TRUE,3.80455879608439,1.95536590723869,1.8491928888457,0,14.824
"T1_SARIMAX","Ntcheu",2,"month","incidence",2024-08-01,2024-10-01,0,0,0,1,1,1,1,1,1,1,1,1,1,1,1,1,1,1,1,1,1,1,1,0,0,0,0,0,0,0,0,1,1,1,15.6644586063294,12,TRUE,8.95720990605253,2.40290390242766,6.55430600362487,0,16.0086
"T1_SARIMAX","Ntcheu",3,"month","incidence",2024-08-01,2024-11-01,0,0,0,0,1,1,1,1,1,1,1,1,1,1,1,1,1,1,1,1,1,1,1,0,0,0,0,0,0,0,1,1,1,1,13.9188294399714,12,TRUE,7.58793709761148,2.62391330969659,4.96402378791489,0,15.5871
"T1_SARIMAX","Ntchisi",1,"month","incidence",2024-08-01,2024-09-01,0,0,0,0,0,0,0,0,0,0,0,0,0,0,0,0,0,0,0,1,1,1,1,0,0,0,0,0,0,0,1,1,1,1,16.2267271554306,12,TRUE,8.78266621888432,3.17073188123301,0,5.61193433765131,59.9091
"T1_SARIMAX","Ntchisi",2,"month","incidence",2024-08-01,2024-10-01,0,0,0,0,0,0,0,0,0,0,0,0,0,0,0,0,0,0,0,0,0,0,1,0,0,0,0,0,0,0,0,0,0,1,37.5663016442977,12,TRUE,24.1109999039869,3.97639800853061,0,20.1346018954563,80.4837
"T1_SARIMAX","Ntchisi",3,"month","incidence",2024-08-01,2024-11-01,0,0,0,0,0,0,0,0,0,0,0,0,0,0,0,0,0,0,0,0,0,0,1,0,0,0,0,0,0,0,0,0,0,1,41.2358869013886,12,TRUE,26.442998673037,4.36660166822615,0,22.0763970048108,82.3913
"T1_SARIMAX","Phalombe",1,"month","incidence",2024-08-01,2024-09-01,0,0,0,0,0,0,0,0,0,0,0,1,1,1,1,1,1,1,1,1,1,1,1,1,1,1,1,1,1,1,1,1,1,1,0.618500000000003,12,TRUE,1.46449422707693,1.4376029227291,0.0268913043478262,0,14.4941
"T1_SARIMAX","Phalombe",2,"month","incidence",2024-08-01,2024-10-01,0,0,0,0,0,0,0,0,1,1,1,1,1,1,1,1,1,1,1,1,1,1,1,0,0,0,1,1,1,1,1,1,1,1,3.713,12,TRUE,2.51288947784645,2.017260306274,0.495629171572457,0,11.3996
"T1_SARIMAX","Phalombe",3,"month","incidence",2024-08-01,2024-11-01,0,0,0,0,0,0,0,0,1,1,1,1,1,1,1,1,1,1,1,1,1,1,1,0,0,0,1,1,1,1,1,1,1,1,5.6342,12,TRUE,3.38328565511783,2.44552480183278,0.937760853285045,0,9.4784
"T1_SARIMAX","Rumphi",1,"month","incidence",2024-08-01,2024-09-01,0,0,0,0,0,0,0,0,0,0,0,1,1,1,1,1,1,1,1,1,1,1,1,1,1,1,1,1,1,1,1,1,1,1,1.03989161917541,12,TRUE,2.35483375648974,2.30962107739516,0.045212679094583,0,13.2426
"T1_SARIMAX","Rumphi",2,"month","incidence",2024-08-01,2024-10-01,0,0,0,0,0,0,0,0,0,0,0,1,1,1,1,1,1,1,1,1,1,1,1,1,1,1,1,1,1,1,1,1,1,1,1.82373411186654,12,TRUE,3.09819836752689,3.01890558005443,0.0792927874724585,0,14.9735
"T1_SARIMAX","Rumphi",3,"month","incidence",2024-08-01,2024-11-01,0,0,0,0,0,0,0,0,0,0,0,0,0,1,1,1,1,1,1,1,1,1,1,0,1,1,1,1,1,1,1,1,1,1,2.2507268892795,12,TRUE,3.58326101320994,3.47261146744017,0,0.11064954576977,21.9707
"T1_SARIMAX","Salima",1,"month","incidence",2024-08-01,2024-09-01,0,0,0,0,0,1,1,1,1,1,1,1,1,1,1,1,1,1,1,1,1,1,1,0,0,0,0,0,0,1,1,1,1,1,13.2674012695334,12,TRUE,7.0586367995058,3.0430237531099,4.01561304639591,0,56.0144
"T1_SARIMAX","Salima",2,"month","incidence",2024-08-01,2024-10-01,0,0,1,1,1,1,1,1,1,1,1,1,1,1,1,1,1,1,1,1,1,1,1,0,0,0,0,0,0,0,0,0,1,1,31.7422242931656,12,TRUE,19.75528025446,3.67000907552847,16.0852711789315,0,40.6427
"T1_SARIMAX","Salima",3,"month","incidence",2024-08-01,2024-11-01,0,1,1,1,1,1,1,1,1,1,1,1,1,1,1,1,1,1,1,1,1,1,1,0,0,0,0,0,0,0,0,0,0,1,37.8186227620627,12,TRUE,24.4823000163164,3.92199999288225,20.5603000234341,0,29.5214
"T1_SARIMAX","Thyolo",1,"month","incidence",2024-08-01,2024-09-01,0,0,0,0,0,0,1,1,1,1,1,1,1,1,1,1,1,1,1,1,1,1,1,0,0,0,0,0,1,1,1,1,1,1,3.73211663470828,12,TRUE,2.015597535259,1.160450197027,0.855147338232005,0,23.529
"T1_SARIMAX","Thyolo",2,"month","incidence",2024-08-01,2024-10-01,0,0,0,0,0,0,1,1,1,1,1,1,1,1,1,1,1,1,1,1,1,1,1,0,0,0,0,0,1,1,1,1,1,1,5.89576623294548,12,TRUE,3.14593402237127,1.64112440709411,1.50480961527716,0,21.7741
"T1_SARIMAX","Thyolo",3,"month","incidence",2024-08-01,2024-11-01,0,0,0,0,0,0,0,0,1,1,1,1,1,1,1,1,1,1,1,1,1,1,1,0,0,0,1,1,1,1,1,1,1,1,4.73709733779375,12,TRUE,2.82470728077998,2.00995870090408,0.8147485798759,0,24.8329
"T1_SARIMAX","Zomba",1,"month","incidence",2024-08-01,2024-09-01,0,0,0,0,1,1,1,1,1,1,1,1,1,1,1,1,1,1,1,1,1,1,1,0,0,0,0,0,0,0,1,1,1,1,12.1837760477935,12,TRUE,6.76369427926568,2.08256927478291,4.68112500448277,0,34.6691
"T1_SARIMAX","Zomba",2,"month","incidence",2024-08-01,2024-10-01,0,0,0,0,1,1,1,1,1,1,1,1,1,1,1,1,1,1,1,1,1,1,1,0,0,0,0,0,0,0,1,1,1,1,12.5837773390804,12,TRUE,6.76039898555932,2.54790650857491,4.21249247698441,0,35.7976
"T1_SARIMAX","Zomba",3,"month","incidence",2024-08-01,2024-11-01,0,0,0,0,0,0,1,1,1,1,1,1,1,1,1,1,1,1,1,1,1,1,1,0,0,0,0,0,1,1,1,1,1,1,10.5069190595317,12,TRUE,5.60955618970217,2.94050342094796,2.66905276875421,0,33.8943
"T1_SARIMAX","Balaka",1,"month","incidence",2024-09-01,2024-10-01,0,0,0,0,0,0,0,0,1,1,1,1,1,1,1,1,1,1,1,1,1,1,1,0,0,0,1,1,1,1,1,1,1,1,5.24319037326016,12,TRUE,3.20405849261724,2.34567502086502,0.858383471752219,0,12.4632
"T1_SARIMAX","Balaka",2,"month","incidence",2024-09-01,2024-11-01,0,0,0,0,0,0,1,1,1,1,1,1,1,1,1,1,1,1,1,1,1,1,1,0,0,0,0,0,1,1,1,1,1,1,10.6669065187805,12,TRUE,5.67076224533883,3.03740149134717,2.63336075399166,0,9.776
"T1_SARIMAX","Balaka",3,"month","incidence",2024-09-01,2024-12-01,0,0,0,0,0,0,0,1,1,1,1,1,1,1,1,1,1,1,1,1,1,1,1,0,0,0,0,1,1,1,1,1,1,1,9.48084417334026,12,TRUE,5.35982004586587,3.53529100572339,1.82452904014248,0,14.4188
"T1_SARIMAX","Blantyre",1,"month","incidence",2024-09-01,2024-10-01,0,0,0,0,0,1,1,1,1,1,1,1,1,1,1,1,1,1,1,1,1,1,1,0,0,0,0,0,0,1,1,1,1,1,6.98234657383077,12,TRUE,3.73220910454629,1.48122224984938,2.25098685469692,0,16.7682
"T1_SARIMAX","Blantyre",2,"month","incidence",2024-09-01,2024-11-01,0,0,0,0,0,0,0,0,1,1,1,1,1,1,1,1,1,1,1,1,1,1,1,0,0,0,1,1,1,1,1,1,1,1,3.08731748069281,12,TRUE,2.09595094506383,1.68055746658285,0.415393478480984,0,19.0096
"T1_SARIMAX","Blantyre",3,"month","incidence",2024-09-01,2024-12-01,0,0,0,0,0,0,0,0,0,0,0,0,0,0,0,0,0,1,1,1,1,1,1,0,0,0,0,0,1,1,1,1,1,1,6.69695161572101,12,TRUE,3.57102195322633,1.85731167991936,0,1.71371027330697,25.4673
"T1_SARIMAX","Chikwawa",1,"month","incidence",2024-09-01,2024-10-01,0,1,1,1,1,1,1,1,1,1,1,1,1,1,1,1,1,1,1,1,1,1,1,0,0,0,0,0,0,0,0,0,0,1,19.7960687941015,12,TRUE,13.0169089861646,1.97422813917711,11.0426808469875,0,10.3026
"T1_SARIMAX","Chikwawa",2,"month","incidence",2024-09-01,2024-11-01,0,0,0,0,0,0,1,1,1,1,1,1,1,1,1,1,1,1,1,1,1,1,1,0,0,0,0,0,1,1,1,1,1,1,8.03217782207458,12,TRUE,4.29228370714085,2.27031756260229,2.02196614453856,0,16.0703
"T1_SARIMAX","Chikwawa",3,"month","incidence",2024-09-01,2024-12-01,0,0,0,0,0,0,0,0,1,1,1,1,1,1,1,1,1,1,1,1,1,1,1,0,0,0,1,1,1,1,1,1,1,1,5.12539654650159,12,TRUE,3.2911642320087,2.52142242178394,0.769741810224757,0,15.585
"T1_SARIMAX","Chiradzulu",1,"month","incidence",2024-09-01,2024-10-01,0,0,0,0,0,0,0,0,0,0,0,1,1,1,1,1,1,1,1,1,1,1,1,1,1,1,1,1,1,1,1,1,1,1,0.472000000000001,12,TRUE,2.22378294219247,2.20326120306204,0.0205217391304348,0,11.5018
"T1_SARIMAX","Chiradzulu",2,"month","incidence",2024-09-01,2024-11-01,0,0,0,0,0,0,0,0,0,0,1,1,1,1,1,1,1,1,1,1,1,1,1,0,1,1,1,1,1,1,1,1,1,1,3.2256,12,TRUE,3.23165894268062,2.97577034203892,0.255888600641701,0,8.7482
"T1_SARIMAX","Chiradzulu",3,"month","incidence",2024-09-01,2024-12-01,0,0,0,0,0,0,0,0,0,0,0,0,0,0,1,1,1,1,1,1,1,1,1,0,0,1,1,1,1,1,1,1,1,1,5.8001,12,TRUE,4.16072737000177,3.50875608162322,0,0.651971288378545,17.7739
"T1_SARIMAX","Chitipa",1,"month","incidence",2024-09-01,2024-10-01,0,0,0,0,0,0,0,0,0,0,0,0,0,0,0,0,1,1,1,1,1,1,1,0,0,0,0,1,1,1,1,1,1,1,4.40417442845591,12,TRUE,2.54626091467396,1.76243036607868,0,0.783830548595279,16.4055
"T1_SARIMAX","Chitipa",2,"month","incidence",2024-09-01,2024-11-01,0,0,0,0,0,0,0,0,0,0,0,0,0,0,0,0,0,0,1,1,1,1,1,0,0,0,0,0,0,1,1,1,1,1,9.85996614606313,12,TRUE,5.19473039468002,2.07939354503824,0,3.11533684964178,21.0527
"T1_SARIMAX","Chitipa",3,"month","incidence",2024-09-01,2024-12-01,0,0,0,0,0,0,0,0,0,0,0,0,0,0,0,0,0,0,0,0,0,1,1,0,0,0,0,0,0,0,0,0,1,1,20.6550989822487,12,TRUE,12.9793073778595,2.23929266042798,0,10.7400147174316,33.966
"T1_SARIMAX","Dedza",1,"month","incidence",2024-09-01,2024-10-01,0,0,0,0,0,0,0,0,0,0,0,0,0,0,0,0,0,0,1,1,1,1,1,0,0,0,0,0,0,1,1,1,1,1,6.09540865204601,12,TRUE,3.23102744091284,1.28580588922768,0,1.94522155168515,13.9637
"T1_SARIMAX","Dedza",2,"month","incidence",2024-09-01,2024-11-01,0,0,0,0,0,0,0,0,0,0,0,0,0,0,0,0,0,0,0,0,0,1,1,0,0,0,0,0,0,0,0,0,1,1,10.5295794137504,12,TRUE,6.20749180297276,1.24752912389142,0,4.95996267908135,15.4524
"T1_SARIMAX","Dedza",3,"month","incidence",2024-09-01,2024-12-01,0,0,0,0,0,0,0,0,0,0,0,0,0,0,0,0,0,0,0,0,0,0,0,0,0,0,0,0,0,0,0,0,0,0,18.853603356772,12,TRUE,13.8950803440211,1.33605830525732,0,12.5590220387638,25.3848
"T1_SARIMAX","Dowa",1,"month","incidence",2024-09-01,2024-10-01,0,0,0,0,0,0,0,0,0,0,0,0,0,0,0,0,0,1,1,1,1,1,1,0,0,0,0,0,1,1,1,1,1,1,7.91811276041246,12,TRUE,4.2605980557641,2.39974313701619,0,1.8608549187479,29.8417
"T1_SARIMAX","Dowa",2,"month","incidence",2024-09-01,2024-11-01,0,0,0,0,0,0,0,0,0,0,0,0,0,0,0,0,1,1,1,1,1,1,1,0,0,0,0,1,1,1,1,1,1,1,8.80631089536576,12,TRUE,5.0307911396577,3.37023452391068,0,1.66055661574702,34.4705
"T1_SARIMAX","Dowa",3,"month","incidence",2024-09-01,2024-12-01,0,0,0,0,0,0,0,0,0,0,0,0,0,0,0,0,0,0,0,1,1,1,1,0,0,0,0,0,0,0,1,1,1,1,21.1448993677228,12,TRUE,11.354289618728,4.07857125450173,0,7.2757183642263,46.1951
"T1_SARIMAX","Karonga",1,"month","incidence",2024-09-01,2024-10-01,0,0,1,1,1,1,1,1,1,1,1,1,1,1,1,1,1,1,1,1,1,1,1,0,0,0,0,0,0,0,0,0,1,1,13.8508497747137,12,TRUE,8.47534815867196,1.6836876390472,6.79166051962476,0,35.1026
"T1_SARIMAX","Karonga",2,"month","incidence",2024-09-01,2024-11-01,0,0,0,1,1,1,1,1,1,1,1,1,1,1,1,1,1,1,1,1,1,1,1,0,0,0,0,0,0,0,0,1,1,1,15.1878221820168,12,TRUE,9.05789797637363,1.98759176876548,7.07030620760815,0,30.227
"T1_SARIMAX","Karonga",3,"month","incidence",2024-09-01,2024-12-01,0,0,0,1,1,1,1,1,1,1,1,1,1,1,1,1,1,1,1,1,1,1,1,0,0,0,0,0,0,0,0,1,1,1,14.5691696877257,12,TRUE,8.31351629699832,2.25083051619802,6.0626857808003,0,25.8609
"T1_SARIMAX","Kasungu",1,"month","incidence",2024-09-01,2024-10-01,0,0,0,0,0,0,0,0,0,0,0,0,0,0,1,1,1,1,1,1,1,1,1,0,0,1,1,1,1,1,1,1,1,1,5.51694949570106,12,TRUE,3.82678918525405,3.10883004995311,0,0.717959135300942,35.739
"T1_SARIMAX","Kasungu",2,"month","incidence",2024-09-01,2024-11-01,0,0,0,0,0,0,0,0,0,0,0,0,0,1,1,1,1,1,1,1,1,1,1,0,1,1,1,1,1,1,1,1,1,1,2.57885718251583,12,TRUE,3.91131422556221,3.76851124379539,0,0.142802981766823,37.2078
"T1_SARIMAX","Kasungu",3,"month","incidence",2024-09-01,2024-12-01,0,0,0,0,0,0,0,0,0,0,0,0,0,0,1,1,1,1,1,1,1,1,1,0,0,1,1,1,1,1,1,1,1,1,7.74889630712909,12,TRUE,5.45268580174408,4.46351115865074,0,0.989174643093343,41.7676
"T1_SARIMAX","Likoma",1,"month","incidence",2024-09-01,2024-10-01,0,0,0,1,1,1,1,1,1,1,1,1,1,1,1,1,1,1,1,1,1,1,1,0,0,0,0,0,0,0,0,1,1,1,15.8319043293897,12,TRUE,9.03665741258775,2.44353502924295,6.5931223833448,0,31.1005
"T1_SARIMAX","Likoma",2,"month","incidence",2024-09-01,2024-11-01,0,0,0,1,1,1,1,1,1,1,1,1,1,1,1,1,1,1,1,1,1,1,1,0,0,0,0,0,0,0,0,1,1,1,21.2188576469659,12,TRUE,12.0695902500479,3.31336242619986,8.75622782384809,0,15.2129
"T1_SARIMAX","Likoma",3,"month","incidence",2024-09-01,2024-12-01,0,0,0,1,1,1,1,1,1,1,1,1,1,1,1,1,1,1,1,1,1,1,1,0,0,0,0,0,0,0,0,1,1,1,22.3763811387415,12,TRUE,12.6376346790925,3.56189209980525,9.07574257928722,0,9.6307
"T1_SARIMAX","Lilongwe",1,"month","incidence",2024-09-01,2024-10-01,0,0,0,0,0,0,0,0,0,0,0,0,0,0,0,1,1,1,1,1,1,1,1,0,0,0,1,1,1,1,1,1,1,1,3.94492071268688,12,TRUE,2.31240324871091,1.6168120608552,0,0.695591187855701,19.0548
"T1_SARIMAX","Lilongwe",2,"month","incidence",2024-09-01,2024-11-01,0,0,0,0,0,0,0,0,0,0,0,0,0,0,0,0,1,1,1,1,1,1,1,0,0,0,0,1,1,1,1,1,1,1,5.47870711914809,12,TRUE,3.09656221503215,2.02564694626827,0,1.07091526876387,20.9438
"T1_SARIMAX","Lilongwe",3,"month","incidence",2024-09-01,2024-12-01,0,0,0,0,0,0,0,0,0,0,0,0,0,0,0,0,0,0,0,1,1,1,1,0,0,0,0,0,0,0,1,1,1,1,13.2425205143849,12,TRUE,7.2383934144271,2.41905427772765,0,4.81933913669944,31.877
"T1_SARIMAX","Machinga",1,"month","incidence",2024-09-01,2024-10-01,0,0,0,0,0,0,0,0,1,1,1,1,1,1,1,1,1,1,1,1,1,1,1,0,0,0,1,1,1,1,1,1,1,1,4.2073,12,TRUE,2.67241498841691,2.02296674105471,0.649448247362198,0,23.0928
"T1_SARIMAX","Machinga",2,"month","incidence",2024-09-01,2024-11-01,0,0,0,0,0,0,0,0,1,1,1,1,1,1,1,1,1,1,1,1,1,1,1,0,0,0,1,1,1,1,1,1,1,1,5.9814,12,TRUE,3.78549291431231,2.85748417947701,0.928008734835306,0,21.3187
"T1_SARIMAX","Machinga",3,"month","incidence",2024-09-01,2024-12-01,0,0,0,0,0,0,0,0,0,0,0,1,1,1,1,1,1,1,1,1,1,1,1,1,1,1,1,1,1,1,1,1,1,1,2.0428,12,TRUE,3.57245098321924,3.48363359191489,0.0888173913043478,0,25.2573
"T1_SARIMAX","Mangochi",1,"month","incidence",2024-09-01,2024-10-01,0,0,0,0,1,1,1,1,1,1,1,1,1,1,1,1,1,1,1,1,1,1,1,0,0,0,0,0,0,0,1,1,1,1,5.73686889975798,12,TRUE,3.08439333156325,1.15740434046179,1.92698899110146,0,22.6821
"T1_SARIMAX","Mangochi",2,"month","incidence",2024-09-01,2024-11-01,0,0,0,0,0,0,0,0,1,1,1,1,1,1,1,1,1,1,1,1,1,1,1,0,0,0,1,1,1,1,1,1,1,1,2.69758131251633,12,TRUE,1.78492311185005,1.4009145409745,0.384008570875543,0,20.9624
"T1_SARIMAX","Mangochi",3,"month","incidence",2024-09-01,2024-12-01,0,0,0,0,0,0,0,0,1,1,1,1,1,1,1,1,1,1,1,1,1,1,1,0,0,0,1,1,1,1,1,1,1,1,3.52065881466998,12,TRUE,2.10706095213179,1.5050268031688,0.602034148962993,0,18.2915
"T1_SARIMAX","Mchinji",1,"month","incidence",2024-09-01,2024-10-01,0,0,0,0,0,0,0,0,0,0,0,0,0,1,1,1,1,1,1,1,1,1,1,0,1,1,1,1,1,1,1,1,1,1,3.03126396821556,12,TRUE,3.2192211437103,2.97648634627402,0,0.242734797436281,35.9235
"T1_SARIMAX","Mchinji",2,"month","incidence",2024-09-01,2024-11-01,0,0,0,0,0,0,0,0,0,0,0,0,1,1,1,1,1,1,1,1,1,1,1,1,1,1,1,1,1,1,1,1,1,1,1.1618449875085,12,TRUE,4.22535679279809,4.17484179334119,0,0.0505149994568914,34.0772
"T1_SARIMAX","Mchinji",3,"month","incidence",2024-09-01,2024-12-01,0,0,0,0,0,0,0,0,0,0,0,0,0,0,0,0,0,1,1,1,1,1,1,0,0,0,0,0,1,1,1,1,1,1,16.8552344660056,12,TRUE,9.0437190039111,5.09888779601386,0,3.94483120789724,55.4455
"T1_SARIMAX","Mulanje",1,"month","incidence",2024-09-01,2024-10-01,0,0,0,0,1,1,1,1,1,1,1,1,1,1,1,1,1,1,1,1,1,1,1,0,0,0,0,0,0,0,1,1,1,1,11.2076586180195,12,TRUE,6.16314969147443,2.01905934257602,4.14409034889841,0,44.9503
"T1_SARIMAX","Mulanje",2,"month","incidence",2024-09-01,2024-11-01,0,0,0,0,1,1,1,1,1,1,1,1,1,1,1,1,1,1,1,1,1,1,1,0,0,0,0,0,0,0,1,1,1,1,12.7419825242211,12,TRUE,6.86519574150355,2.54505377018919,4.32014197131436,0,46.8753
"T1_SARIMAX","Mulanje",3,"month","incidence",2024-09-01,2024-12-01,0,0,0,0,0,0,0,0,0,0,0,0,0,0,0,0,1,1,1,1,1,1,1,0,0,0,0,1,1,1,1,1,1,1,8.42612474579796,12,TRUE,4.7372607736367,3.0378360249028,0,1.6994247487339,69.9528
"T1_SARIMAX","Mwanza",1,"month","incidence",2024-09-01,2024-10-01,0,0,0,0,0,0,0,0,0,0,1,1,1,1,1,1,1,1,1,1,1,1,1,0,1,1,1,1,1,1,1,1,1,1,4.48602069380236,12,TRUE,4.27907575436284,3.89362503086701,0.38545072349583,0,53.6249
"T1_SARIMAX","Mwanza",2,"month","incidence",2024-09-01,2024-11-01,0,0,0,0,0,0,0,0,0,1,1,1,1,1,1,1,1,1,1,1,1,1,1,0,0,1,1,1,1,1,1,1,1,1,9.66026682043491,12,TRUE,6.75474523870656,5.50641732544749,1.24832791325907,0,58.3528
"T1_SARIMAX","Mwanza",3,"month","incidence",2024-09-01,2024-12-01,0,0,0,0,0,0,0,0,0,0,0,1,1,1,1,1,1,1,1,1,1,1,1,1,1,1,1,1,1,1,1,1,1,1,3.80274716897121,12,TRUE,6.90929321251714,6.74395637908361,0.165336833433531,0,70.4018
"T1_SARIMAX","Mzimba",1,"month","incidence",2024-09-01,2024-10-01,0,0,0,0,0,0,0,0,0,0,0,0,0,0,1,1,1,1,1,1,1,1,1,0,0,1,1,1,1,1,1,1,1,1,3.93932494570612,12,TRUE,2.84311942367719,2.3595137251727,0,0.483605698504487,18.0859
"T1_SARIMAX","Mzimba",2,"month","incidence",2024-09-01,2024-11-01,0,0,0,0,0,0,0,0,0,0,0,0,0,0,0,0,0,0,0,1,1,1,1,0,0,0,0,0,0,0,1,1,1,1,14.0887369458875,12,TRUE,7.50106874512432,2.55034408738166,0,4.95072465774266,25.4374
"T1_SARIMAX","Mzimba",3,"month","incidence",2024-09-01,2024-12-01,0,0,0,0,0,0,0,0,0,0,0,0,0,0,0,0,0,0,0,1,1,1,1,0,0,0,0,0,0,0,1,1,1,1,15.2166599379002,12,TRUE,8.18759321916061,2.91563259612559,0,5.27196062303502,33.5285
"T1_SARIMAX","Neno",1,"month","incidence",2024-09-01,2024-10-01,0,0,0,0,0,0,0,1,1,1,1,1,1,1,1,1,1,1,1,1,1,1,1,0,0,0,0,1,1,1,1,1,1,1,17.2781627090442,12,TRUE,9.39882095127379,5.56441148430444,3.83440946696935,0,72.7813
"T1_SARIMAX","Neno",2,"month","incidence",2024-09-01,2024-11-01,0,0,0,0,0,0,0,0,1,1,1,1,1,1,1,1,1,1,1,1,1,1,1,0,0,0,1,1,1,1,1,1,1,1,16.0672765996032,12,TRUE,10.3046064452503,7.86926618772795,2.43534025752231,0,74.1401
"T1_SARIMAX","Neno",3,"month","incidence",2024-09-01,2024-12-01,0,0,0,0,0,0,0,0,0,0,0,0,0,1,1,1,1,1,1,1,1,1,1,0,1,1,1,1,1,1,1,1,1,1,11.4190839029491,12,TRUE,10.6330176524418,9.63784340503505,0,0.995174247406746,140.7174
"T1_SARIMAX","Nkhatabay",1,"month","incidence",2024-09-01,2024-10-01,0,0,0,0,0,0,0,0,0,0,0,0,0,0,0,0,0,1,1,1,1,1,1,0,0,0,0,0,1,1,1,1,1,1,11.4785905431214,12,TRUE,6.09310585580562,3.03526843291794,0,3.05783742288767,108.3002
"T1_SARIMAX","Nkhatabay",2,"month","incidence",2024-09-01,2024-11-01,0,0,0,0,0,0,0,0,0,0,0,0,0,0,0,1,1,1,1,1,1,1,1,0,0,0,1,1,1,1,1,1,1,1,9.17486235063606,12,TRUE,5.45133363916335,3.86443819886777,0,1.58689544029558,101.4993
"T1_SARIMAX","Nkhatabay",3,"month","incidence",2024-09-01,2024-12-01,0,0,0,0,0,0,0,0,0,1,1,1,1,1,1,1,1,1,1,1,1,1,1,0,0,1,1,1,1,1,1,1,1,1,7.22655431859249,12,TRUE,5.2055284476446,4.29959825214951,0.905930195495084,0,81.554
"T1_SARIMAX","Nkhotakota",1,"month","incidence",2024-09-01,2024-10-01,0,0,0,0,0,0,0,0,0,0,0,0,0,0,1,1,1,1,1,1,1,1,1,0,0,1,1,1,1,1,1,1,1,1,3.65970189805206,12,TRUE,3.00220328801164,2.61038981026061,0,0.39181347775103,77.8039
"T1_SARIMAX","Nkhotakota",2,"month","incidence",2024-09-01,2024-11-01,0,0,0,0,0,0,0,0,0,0,0,0,1,1,1,1,1,1,1,1,1,1,1,1,1,1,1,1,1,1,1,1,1,1,1.93313320226983,12,TRUE,3.77569794241498,3.69164867275108,0,0.0840492696639056,62.8758
"T1_SARIMAX","Nkhotakota",3,"month","incidence",2024-09-01,2024-12-01,0,0,0,0,0,1,1,1,1,1,1,1,1,1,1,1,1,1,1,1,1,1,1,0,0,0,0,0,0,1,1,1,1,1,18.6389222770007,12,TRUE,9.88080155005341,4.52132777893145,5.35947377112196,0,39.2685
"T1_SARIMAX","Nsanje",1,"month","incidence",2024-09-01,2024-10-01,0,0,0,1,1,1,1,1,1,1,1,1,1,1,1,1,1,1,1,1,1,1,1,0,0,0,0,0,0,0,0,1,1,1,12.2594187597401,12,TRUE,6.87898940367219,2.00082763821503,4.87816176545716,0,27.4711
"T1_SARIMAX","Nsanje",2,"month","incidence",2024-09-01,2024-11-01,0,0,0,0,0,0,0,0,0,1,1,1,1,1,1,1,1,1,1,1,1,1,1,0,0,1,1,1,1,1,1,1,1,1,3.90632475993147,12,TRUE,3.02169904711582,2.57002889617027,0.451670150945548,0,25.1467
"T1_SARIMAX","Nsanje",3,"month","incidence",2024-09-01,2024-12-01,0,0,0,0,0,0,1,1,1,1,1,1,1,1,1,1,1,1,1,1,1,1,1,0,0,0,0,0,1,1,1,1,1,1,9.7433523107966,12,TRUE,5.19520903098864,2.70447265369709,2.49073637729155,0,16.5929
"T1_SARIMAX","Ntcheu",1,"month","incidence",2024-09-01,2024-10-01,0,0,0,0,0,0,1,1,1,1,1,1,1,1,1,1,1,1,1,1,1,1,1,0,0,0,0,0,1,1,1,1,1,1,7.71996982197545,12,TRUE,4.09197867712429,2.01138364170285,2.08059503542144,0,16.0086
"T1_SARIMAX","Ntcheu",2,"month","incidence",2024-09-01,2024-11-01,0,0,0,0,0,0,0,0,1,1,1,1,1,1,1,1,1,1,1,1,1,1,1,0,0,0,1,1,1,1,1,1,1,1,6.33223789996001,12,TRUE,3.86607710139279,2.8256867482763,1.04039035311649,0,15.5871
"T1_SARIMAX","Ntcheu",3,"month","incidence",2024-09-01,2024-12-01,0,0,0,0,0,0,0,0,0,0,0,1,1,1,1,1,1,1,1,1,1,1,1,1,1,1,1,1,1,1,1,1,1,1,1.10802931728837,12,TRUE,3.50393931413373,3.45576412642554,0.0481751877081902,0,25.1458
"T1_SARIMAX","Ntchisi",1,"month","incidence",2024-09-01,2024-10-01,0,0,0,0,0,0,0,0,0,0,0,0,0,0,0,0,0,0,0,0,1,1,1,0,0,0,0,0,0,0,0,1,1,1,20.8764773380826,12,TRUE,11.9933373865227,3.15125604265057,0,8.8420813438721,80.4837
"T1_SARIMAX","Ntchisi",2,"month","incidence",2024-09-01,2024-11-01,0,0,0,0,0,0,0,0,0,0,0,0,0,0,0,0,0,0,0,0,1,1,1,0,0,0,0,0,0,0,0,1,1,1,23.9520678567616,12,TRUE,13.6254777276267,3.7390593814665,0,9.88641834616016,82.3913
"T1_SARIMAX","Ntchisi",3,"month","incidence",2024-09-01,2024-12-01,0,0,0,0,0,0,0,0,0,0,0,0,0,0,0,0,0,0,0,0,0,0,1,0,0,0,0,0,0,0,0,0,0,1,43.3384850494011,12,TRUE,28.6914571969248,4.24625899703769,0,24.4451981998871,115.1461
"T1_SARIMAX","Phalombe",1,"month","incidence",2024-09-01,2024-10-01,0,0,0,0,0,0,0,0,1,1,1,1,1,1,1,1,1,1,1,1,1,1,1,0,0,0,1,1,1,1,1,1,1,1,3.0945,12,TRUE,1.93042329577147,1.4372877141098,0.493135581661668,0,11.3996
"T1_SARIMAX","Phalombe",2,"month","incidence",2024-09-01,2024-11-01,0,0,0,0,0,0,0,1,1,1,1,1,1,1,1,1,1,1,1,1,1,1,1,0,0,0,0,1,1,1,1,1,1,1,5.0157,12,TRUE,2.90580328416009,2.01298658871839,0.892816695441697,0,9.4784
"T1_SARIMAX","Phalombe",3,"month","incidence",2024-09-01,2024-12-01,0,0,0,0,0,0,0,0,0,0,0,0,0,1,1,1,1,1,1,1,1,1,1,0,1,1,1,1,1,1,1,1,1,1,2.5237,12,TRUE,2.6384687551116,2.43705431319474,0,0.201414441916864,17.0178
"T1_SARIMAX","Rumphi",1,"month","incidence",2024-09-01,2024-10-01,0,0,0,0,0,0,0,0,0,0,0,1,1,1,1,1,1,1,1,1,1,1,1,1,1,1,1,1,1,1,1,1,1,1,0.662573816140439,12,TRUE,2.34593006487822,2.31712250765472,0.0288075572234973,0,14.9735
"T1_SARIMAX","Rumphi",2,"month","incidence",2024-09-01,2024-11-01,0,0,0,0,0,0,0,0,0,0,0,0,0,1,1,1,1,1,1,1,1,1,1,0,1,1,1,1,1,1,1,1,1,1,3.51817177225102,12,TRUE,3.3413369462133,3.04156169494964,0,0.299775251263658,21.9707
"T1_SARIMAX","Rumphi",3,"month","incidence",2024-09-01,2024-12-01,0,0,0,0,0,0,0,0,0,0,0,0,0,0,0,0,0,0,0,1,1,1,1,0,0,0,0,0,0,0,1,1,1,1,17.8801855906313,12,TRUE,9.58598582301077,3.50706701983391,0,6.07891880317687,40.9999
"T1_SARIMAX","Salima",1,"month","incidence",2024-09-01,2024-10-01,0,0,0,1,1,1,1,1,1,1,1,1,1,1,1,1,1,1,1,1,1,1,1,0,0,0,0,0,0,0,0,1,1,1,21.2240096621635,12,TRUE,12.3751924289569,3.03666694612127,9.33852548283563,0,40.6427
"T1_SARIMAX","Salima",2,"month","incidence",2024-09-01,2024-11-01,0,0,1,1,1,1,1,1,1,1,1,1,1,1,1,1,1,1,1,1,1,1,1,0,0,0,0,0,0,0,0,0,1,1,29.3084623180711,12,TRUE,17.7798389525421,3.65011252932841,14.1297264232137,0,29.5214
"T1_SARIMAX","Salima",3,"month","incidence",2024-09-01,2024-12-01,0,0,1,1,1,1,1,1,1,1,1,1,1,1,1,1,1,1,1,1,1,1,1,0,0,0,0,0,0,0,0,0,1,1,34.7229234127654,12,TRUE,21.8263676390254,3.89204608234036,17.934321556685,0,20.1801
"T1_SARIMAX","Thyolo",1,"month","incidence",2024-09-01,2024-10-01,0,0,0,0,0,0,0,0,1,1,1,1,1,1,1,1,1,1,1,1,1,1,1,0,0,0,1,1,1,1,1,1,1,1,2.16237337724935,12,TRUE,1.45869192505391,1.16352150064204,0.295170424411871,0,21.7741
"T1_SARIMAX","Thyolo",2,"month","incidence",2024-09-01,2024-11-01,0,0,0,0,0,0,0,0,0,0,1,1,1,1,1,1,1,1,1,1,1,1,1,0,1,1,1,1,1,1,1,1,1,1,1.00320396461903,12,TRUE,1.69193366508453,1.64546788632067,0.0464657787638633,0,24.8329
"T1_SARIMAX","Thyolo",3,"month","incidence",2024-09-01,2024-12-01,0,0,0,0,0,0,0,0,0,0,0,0,0,0,0,0,0,0,1,1,1,1,1,0,0,0,0,0,0,1,1,1,1,1,9.37192920547623,12,TRUE,5.00556421600234,2.0152783548108,0,2.99028586119154,37.626
"T1_SARIMAX","Zomba",1,"month","incidence",2024-09-01,2024-10-01,0,0,0,0,0,0,0,0,0,1,1,1,1,1,1,1,1,1,1,1,1,1,1,0,0,1,1,1,1,1,1,1,1,1,3.63222002720151,12,TRUE,2.57379536617879,2.1106579081391,0.463137458039688,0,35.7976
"T1_SARIMAX","Zomba",2,"month","incidence",2024-09-01,2024-11-01,0,0,0,0,0,0,0,0,0,0,0,1,1,1,1,1,1,1,1,1,1,1,1,1,1,1,1,1,1,1,1,1,1,1,0.804981025154682,12,TRUE,2.64460084698566,2.60960167197893,0.0349991750067253,0,33.8943
"T1_SARIMAX","Zomba",3,"month","incidence",2024-09-01,2024-12-01,0,0,0,0,0,0,0,0,0,0,0,0,0,0,0,0,0,0,1,1,1,1,1,0,0,0,0,0,0,1,1,1,1,1,14.5654003075095,12,TRUE,7.78268527010668,3.10882075788143,0,4.67386451222525,48.4267
