"model","location","horizon","temporal_resolution","target_variable","forecast_date","target_end_date","quantile_coverage_0.01","quantile_coverage_0.025","quantile_coverage_0.05","quantile_coverage_0.1","quantile_coverage_0.15","quantile_coverage_0.2","quantile_coverage_0.25","quantile_coverage_0.3","quantile_coverage_0.35","quantile_coverage_0.4","quantile_coverage_0.45","quantile_coverage_0.5","quantile_coverage_0.55","quantile_coverage_0.6","quantile_coverage_0.65","quantile_coverage_0.7","quantile_coverage_0.75","quantile_coverage_0.8","quantile_coverage_0.85","quantile_coverage_0.9","quantile_coverage_0.95","quantile_coverage_0.975","quantile_coverage_0.99","coverage_10","coverage_20","coverage_30","coverage_40","coverage_50","coverage_60","coverage_70","coverage_80","coverage_90","coverage_95","coverage_98","abs_error","n_interval_scores","exists_interval_score_0","wis","dispersion","overprediction","underprediction","true_value"
"SARIMA","Balaka",1,"month","incidence",2023-03-01,2023-04-01,0,0,0,0,0,0,0,1,1,1,1,1,1,1,1,1,1,1,1,1,1,1,1,0,0,0,0,1,1,1,1,1,1,1,7.28092830677848,12,TRUE,4.17166093580136,2.8023879195308,1.36927301627056,0,16.3181
"SARIMA","Balaka",2,"month","incidence",2023-03-01,2023-05-01,0,0,0,1,1,1,1,1,1,1,1,1,1,1,1,1,1,1,1,1,1,1,1,0,0,0,0,0,0,0,0,1,1,1,24.0646233392507,12,TRUE,14.172230557326,3.31405163510508,10.858178922221,0,15.7609
"SARIMA","Balaka",3,"month","incidence",2023-03-01,2023-06-01,0,0,0,0,0,0,0,0,0,0,1,1,1,1,1,1,1,1,1,1,1,1,1,0,1,1,1,1,1,1,1,1,1,1,3.93565987842842,12,TRUE,3.82609391451403,3.49209775051883,0.333996163995201,0,28.4069
"SARIMA","Blantyre",1,"month","incidence",2023-03-01,2023-04-01,0,0,0,0,0,0,0,0,0,0,0,0,1,1,1,1,1,1,1,1,1,1,1,1,1,1,1,1,1,1,1,1,1,1,0.41802686578059,12,TRUE,1.13827379322211,1.12009871210121,0,0.0181750811208952,26.9227
"SARIMA","Blantyre",2,"month","incidence",2023-03-01,2023-05-01,0,0,0,0,0,0,0,0,0,0,0,0,0,0,1,1,1,1,1,1,1,1,1,0,0,1,1,1,1,1,1,1,1,1,2.04005244597052,12,TRUE,1.47430382180359,1.21943594967107,0,0.254867872132523,25.9314
"SARIMA","Blantyre",3,"month","incidence",2023-03-01,2023-06-01,0,0,0,0,0,0,0,0,0,0,0,0,0,0,0,0,0,0,0,0,0,0,0,0,0,0,0,0,0,0,0,0,0,0,17.9852015018814,12,TRUE,13.273308652164,1.34191717765862,0,11.9313914745054,34.8152
"SARIMA","Chikwawa",1,"month","incidence",2023-03-01,2023-04-01,0,0,0,0,0,0,0,0,0,0,0,0,0,0,0,0,0,0,0,1,1,1,1,0,0,0,0,0,0,0,1,1,1,1,9.92034426313258,12,TRUE,5.48484893064192,1.73500809660927,0,3.74984083403265,40.0569
"SARIMA","Chikwawa",2,"month","incidence",2023-03-01,2023-05-01,0,0,0,0,0,0,0,0,0,0,1,1,1,1,1,1,1,1,1,1,1,1,1,0,1,1,1,1,1,1,1,1,1,1,1.18015583116566,12,TRUE,2.04753819292482,1.9959668835161,0.051571309408728,0,32.5809
"SARIMA","Chikwawa",3,"month","incidence",2023-03-01,2023-06-01,0,0,0,0,0,0,0,0,0,0,0,0,0,0,0,0,0,0,0,0,0,0,1,0,0,0,0,0,0,0,0,0,0,1,23.2824693553634,12,TRUE,15.718599664063,2.15677517237324,0,13.5618244916897,42.9393
"SARIMA","Chiradzulu",1,"month","incidence",2023-03-01,2023-04-01,0,0,0,0,0,0,0,0,0,0,0,0,1,1,1,1,1,1,1,1,1,1,1,1,1,1,1,1,1,1,1,1,1,1,0.0506225277665653,12,TRUE,1.29672407776582,1.29452309829771,0,0.00220097946811153,14.0975
"SARIMA","Chiradzulu",2,"month","incidence",2023-03-01,2023-05-01,0,0,0,0,0,0,0,0,0,0,0,1,1,1,1,1,1,1,1,1,1,1,1,1,1,1,1,1,1,1,1,1,1,1,0.237567657605259,12,TRUE,1.51305439195165,1.50272536336011,0.010329028591533,0,12.133
"SARIMA","Chiradzulu",3,"month","incidence",2023-03-01,2023-06-01,0,0,0,0,0,0,0,0,0,0,0,0,0,0,0,0,0,0,0,0,0,0,0,0,0,0,0,0,0,0,0,0,0,0,20.2287564433749,12,TRUE,14.3930403980037,1.29357205072695,0,13.0994683472767,23.5633
"SARIMA","Chitipa",1,"month","incidence",2023-03-01,2023-04-01,0,0,0,0,1,1,1,1,1,1,1,1,1,1,1,1,1,1,1,1,1,1,1,0,0,0,0,0,0,0,1,1,1,1,10.2410145963589,12,TRUE,5.64614860382909,1.81926788859408,3.82688071523501,0,16.1438
"SARIMA","Chitipa",2,"month","incidence",2023-03-01,2023-05-01,0,0,0,0,0,0,0,1,1,1,1,1,1,1,1,1,1,1,1,1,1,1,1,0,0,0,0,1,1,1,1,1,1,1,5.74684527163598,12,TRUE,3.26389605610922,2.14140657623364,1.12248947987558,0,18.6419
"SARIMA","Chitipa",3,"month","incidence",2023-03-01,2023-06-01,0,0,0,0,0,0,0,0,0,0,0,0,1,1,1,1,1,1,1,1,1,1,1,1,1,1,1,1,1,1,1,1,1,1,0.303482325797571,12,TRUE,2.26345470705951,2.25025982332918,0,0.0131948837303292,21.382
"SARIMA","Dedza",1,"month","incidence",2023-03-01,2023-04-01,0,0,0,0,0,0,0,0,0,0,0,0,0,0,0,0,0,0,0,1,1,1,1,0,0,0,0,0,0,0,1,1,1,1,5.62359376981949,12,TRUE,3.042567783807,1.10094794651952,0,1.94161983728748,33.7046
"SARIMA","Dedza",2,"month","incidence",2023-03-01,2023-05-01,0,0,0,0,0,0,0,0,0,0,1,1,1,1,1,1,1,1,1,1,1,1,1,0,1,1,1,1,1,1,1,1,1,1,1.43855358589532,12,TRUE,1.40026981782116,1.27818331957819,0.122086498242969,0,23.6722
"SARIMA","Dedza",3,"month","incidence",2023-03-01,2023-06-01,0,0,0,0,0,0,0,0,0,0,0,0,0,0,0,0,0,0,0,1,1,1,1,0,0,0,0,0,0,0,1,1,1,1,6.51035388774995,12,TRUE,3.4883960410059,1.33434004064077,0,2.15405600036513,23.8144
"SARIMA","Dowa",1,"month","incidence",2023-03-01,2023-04-01,0,0,0,0,0,0,0,0,0,0,0,0,0,0,0,0,1,1,1,1,1,1,1,0,0,0,0,1,1,1,1,1,1,1,7.05330370470488,12,TRUE,3.62367700852204,2.09013147743197,0,1.53354553109007,14.3179
"SARIMA","Dowa",2,"month","incidence",2023-03-01,2023-05-01,0,0,0,0,0,0,0,0,0,0,0,0,0,0,0,0,0,1,1,1,1,1,1,0,0,0,0,0,1,1,1,1,1,1,10.2117,12,TRUE,3.97394992034229,1.54539070000239,0,2.4285592203399,10.2117
"SARIMA","Dowa",3,"month","incidence",2023-03-01,2023-06-01,0,0,0,0,0,0,0,0,0,0,0,0,0,0,0,0,0,0,0,0,1,1,1,0,0,0,0,0,0,0,0,1,1,1,13.2888,12,TRUE,8.47357373111356,0.38694444935883,0,8.08662928175473,13.2888
"SARIMA","Karonga",1,"month","incidence",2023-03-01,2023-04-01,0,0,0,0,0,0,0,0,0,0,0,0,1,1,1,1,1,1,1,1,1,1,1,1,1,1,1,1,1,1,1,1,1,1,0.41223441988889,12,TRUE,1.47345584802847,1.45553261238113,0,0.017923235647343,30.2329
"SARIMA","Karonga",2,"month","incidence",2023-03-01,2023-05-01,0,0,0,0,0,0,0,0,0,0,0,0,0,0,0,0,0,1,1,1,1,1,1,0,0,0,0,0,1,1,1,1,1,1,7.22130766443773,12,TRUE,3.83824962801412,1.93472305772384,0,1.90352657029028,35.1965
"SARIMA","Karonga",3,"month","incidence",2023-03-01,2023-06-01,0,0,0,0,0,0,0,0,0,0,0,0,0,0,0,0,0,0,0,0,1,1,1,0,0,0,0,0,0,0,0,1,1,1,15.8302029411776,12,TRUE,9.26437560193277,2.23360204078903,0,7.03077356114374,42.8108
"SARIMA","Kasungu",1,"month","incidence",2023-03-01,2023-04-01,0,0,0,0,0,0,0,0,0,0,0,0,0,0,0,0,0,0,0,1,1,1,1,0,0,0,0,0,0,0,1,1,1,1,12.0602962098891,12,TRUE,6.65914298339872,2.09687007669118,0,4.56227290670754,29.1444
"SARIMA","Kasungu",2,"month","incidence",2023-03-01,2023-05-01,0,0,0,0,0,0,0,0,0,0,0,0,0,0,0,0,0,0,1,1,1,1,1,0,0,0,0,0,0,1,1,1,1,1,12.213858557892,12,TRUE,6.43769092978302,2.49771018690129,0,3.93998074288173,25.1107
"SARIMA","Kasungu",3,"month","incidence",2023-03-01,2023-06-01,0,0,0,0,0,0,0,0,0,0,0,0,0,0,0,0,0,0,0,0,0,1,1,0,0,0,0,0,0,0,0,0,1,1,24.9003704767882,12,TRUE,14.730105793477,2.67940782081269,0,12.0506979726643,33.2602
"SARIMA","Likoma",1,"month","incidence",2023-03-01,2023-04-01,0,0,0,0,0,0,0,0,0,1,1,1,1,1,1,1,1,1,1,1,1,1,1,0,0,1,1,1,1,1,1,1,1,1,4.51838831026901,12,TRUE,3.46256106248016,2.93709699156721,0.525464070912953,0,18.8184
"SARIMA","Likoma",2,"month","incidence",2023-03-01,2023-05-01,0,0,0,0,0,0,0,0,0,0,0,0,0,0,0,0,1,1,1,1,1,1,1,0,0,0,0,1,1,1,1,1,1,1,12.7663797818157,12,TRUE,7.19141826078902,4.80989426757294,0,2.38152399321608,38.4495
"SARIMA","Likoma",3,"month","incidence",2023-03-01,2023-06-01,0,0,0,0,0,0,0,0,0,0,0,0,1,1,1,1,1,1,1,1,1,1,1,1,1,1,1,1,1,1,1,1,1,1,0.952911784962637,12,TRUE,5.9572149001073,5.91578395293501,0,0.0414309471722886,24.9453
"SARIMA","Lilongwe",1,"month","incidence",2023-03-01,2023-04-01,0,0,0,0,0,0,0,0,0,0,0,0,0,0,0,0,0,0,1,1,1,1,1,0,0,0,0,0,0,1,1,1,1,1,7.98788497157956,12,TRUE,4.02566326927357,1.44845542520811,0,2.57720784406546,12.2533
"SARIMA","Lilongwe",2,"month","incidence",2023-03-01,2023-05-01,0,0,0,0,0,0,0,0,0,0,0,0,0,0,0,0,0,0,0,1,1,1,1,0,0,0,0,0,0,0,1,1,1,1,10.9382975624101,12,TRUE,5.30025152214133,1.34999379678755,0,3.95025772535378,12.742
"SARIMA","Lilongwe",3,"month","incidence",2023-03-01,2023-06-01,0,0,0,0,0,0,0,0,0,0,0,0,0,0,0,0,0,0,0,0,0,1,1,0,0,0,0,0,0,0,0,0,1,1,12.8032,12,TRUE,8.32952709565661,0.313481820903843,0,8.01604527475277,12.8032
"SARIMA","Machinga",1,"month","incidence",2023-03-01,2023-04-01,0,0,0,0,0,0,1,1,1,1,1,1,1,1,1,1,1,1,1,1,1,1,1,0,0,0,0,0,1,1,1,1,1,1,6.71392692398295,12,TRUE,3.5571780000067,1.7414861934033,1.8156918066034,0,35.2793
"SARIMA","Machinga",2,"month","incidence",2023-03-01,2023-05-01,0,0,0,0,0,1,1,1,1,1,1,1,1,1,1,1,1,1,1,1,1,1,1,0,0,0,0,0,0,1,1,1,1,1,9.51156795856623,12,TRUE,5.08148355207936,2.03605852825214,3.04542502382722,0,41.9506
"SARIMA","Machinga",3,"month","incidence",2023-03-01,2023-06-01,0,0,0,0,1,1,1,1,1,1,1,1,1,1,1,1,1,1,1,1,1,1,1,0,0,0,0,0,0,0,1,1,1,1,12.929302786752,12,TRUE,7.13039352617513,2.2930971412311,4.83729638494403,0,38.3651
"SARIMA","Mangochi",1,"month","incidence",2023-03-01,2023-04-01,0,0,0,0,0,1,1,1,1,1,1,1,1,1,1,1,1,1,1,1,1,1,1,0,0,0,0,0,0,1,1,1,1,1,5.47090227833328,12,TRUE,2.90467472011162,1.29628791202235,1.60838680808927,0,13.1859
"SARIMA","Mangochi",2,"month","incidence",2023-03-01,2023-05-01,0,0,0,0,0,0,0,0,0,0,1,1,1,1,1,1,1,1,1,1,1,1,1,0,1,1,1,1,1,1,1,1,1,1,1.50429445518447,12,TRUE,1.70531770840279,1.59068267090274,0.114635037500044,0,22.7535
"SARIMA","Mangochi",3,"month","incidence",2023-03-01,2023-06-01,0,0,0,0,0,0,0,0,0,0,0,0,1,1,1,1,1,1,1,1,1,1,1,1,1,1,1,1,1,1,1,1,1,1,0.817491794487733,12,TRUE,1.76143220543285,1.72588908393338,0,0.0355431214994666,26.8686
"SARIMA","Mchinji",1,"month","incidence",2023-03-01,2023-04-01,0,0,0,0,0,0,0,0,0,0,0,0,0,0,0,0,0,1,1,1,1,1,1,0,0,0,0,0,1,1,1,1,1,1,10.478290580705,12,TRUE,5.59291538095936,3.08081797529636,0,2.51209740566299,31.8818
"SARIMA","Mchinji",2,"month","incidence",2023-03-01,2023-05-01,0,0,0,0,0,0,0,0,0,0,0,0,0,0,0,0,0,0,0,1,1,1,1,0,0,0,0,0,0,0,1,1,1,1,24.6660652666567,12,TRUE,12.9685845233011,3.79766585653207,0,9.17091866676901,36.1177
"SARIMA","Mchinji",3,"month","incidence",2023-03-01,2023-06-01,0,0,0,0,0,0,0,0,0,0,0,0,0,0,0,0,0,0,0,1,1,1,1,0,0,0,0,0,0,0,1,1,1,1,29.748047449216,12,TRUE,14.7928020966216,3.86180311324164,0,10.93099898338,36.2575
"SARIMA","Mulanje",1,"month","incidence",2023-03-01,2023-04-01,0,0,0,0,0,0,1,1,1,1,1,1,1,1,1,1,1,1,1,1,1,1,1,0,0,0,0,0,1,1,1,1,1,1,7.21555409286366,12,TRUE,3.87493846635083,2.13313791773269,1.74180054861813,0,33.7203
"SARIMA","Mulanje",2,"month","incidence",2023-03-01,2023-05-01,0,0,0,0,0,0,0,0,0,0,0,0,0,0,0,0,0,0,0,0,1,1,1,0,0,0,0,0,0,0,0,1,1,1,15.7831229961441,12,TRUE,9.01139234757333,2.43364173415338,0,6.57775061341995,48.0053
"SARIMA","Mulanje",3,"month","incidence",2023-03-01,2023-06-01,0,0,0,0,0,0,0,0,0,0,0,0,0,0,0,0,0,0,0,1,1,1,1,0,0,0,0,0,0,0,1,1,1,1,14.2038664325758,12,TRUE,7.61337874626265,2.87860512672804,0,4.7347736195346,38.8703
"SARIMA","Mwanza",1,"month","incidence",2023-03-01,2023-04-01,0,0,0,0,0,0,0,0,0,0,0,0,0,1,1,1,1,1,1,1,1,1,1,0,1,1,1,1,1,1,1,1,1,1,2.57352007964327,12,TRUE,4.0871792705515,3.95429665990794,0,0.132882610643567,52.8429
"SARIMA","Mwanza",2,"month","incidence",2023-03-01,2023-05-01,0,0,0,0,0,0,0,0,0,0,0,0,0,1,1,1,1,1,1,1,1,1,1,0,1,1,1,1,1,1,1,1,1,1,4.50745875806809,12,TRUE,4.95820886307719,4.60658184758635,0,0.351627015490843,53.5514
"SARIMA","Mwanza",3,"month","incidence",2023-03-01,2023-06-01,0,0,0,0,0,0,0,0,0,0,0,0,0,1,1,1,1,1,1,1,1,1,1,0,1,1,1,1,1,1,1,1,1,1,4.60555121208833,12,TRUE,5.80760166039228,5.49052934082078,0,0.317072319571505,46.322
"SARIMA","Mzimba",1,"month","incidence",2023-03-01,2023-04-01,0,0,0,0,0,0,0,0,0,1,1,1,1,1,1,1,1,1,1,1,1,1,1,0,0,1,1,1,1,1,1,1,1,1,2.7860297915276,12,TRUE,2.06557356797223,1.72705498599278,0.338518581979448,0,26.9819
"SARIMA","Mzimba",2,"month","incidence",2023-03-01,2023-05-01,0,0,0,0,0,0,0,0,0,0,0,0,0,0,0,0,0,1,1,1,1,1,1,0,0,0,0,0,1,1,1,1,1,1,7.73819641053297,12,TRUE,4.11024506808618,2.05942375582361,0,2.05082131226257,31.6932
"SARIMA","Mzimba",3,"month","incidence",2023-03-01,2023-06-01,0,0,0,0,0,0,0,0,0,0,0,0,0,0,0,0,0,0,0,1,1,1,1,0,0,0,0,0,0,0,1,1,1,1,12.3353354584025,12,TRUE,6.63780538077194,2.43902002145062,0,4.19878535932131,31.4174
"SARIMA","Neno",1,"month","incidence",2023-03-01,2023-04-01,0,0,0,0,0,0,0,0,0,0,0,0,0,0,0,1,1,1,1,1,1,1,1,0,0,0,1,1,1,1,1,1,1,1,10.7498643731448,12,TRUE,6.3071086118836,4.41151818919922,0,1.89559042268439,97.4519
"SARIMA","Neno",2,"month","incidence",2023-03-01,2023-05-01,0,0,0,0,0,0,0,0,0,0,0,0,0,0,0,0,0,0,0,0,0,0,1,0,0,0,0,0,0,0,0,0,0,1,56.8111211734289,12,TRUE,37.5207416893258,5.60143549462721,0,31.9193061946986,128.1378
"SARIMA","Neno",3,"month","incidence",2023-03-01,2023-06-01,0,0,0,0,0,0,0,0,0,0,0,0,0,0,0,0,0,0,0,0,0,1,1,0,0,0,0,0,0,0,0,0,1,1,49.5483655572738,12,TRUE,29.9052702374975,6.18501895475734,0,23.7202512827401,96.4397
"SARIMA","Nkhatabay",1,"month","incidence",2023-03-01,2023-04-01,0,0,0,0,0,1,1,1,1,1,1,1,1,1,1,1,1,1,1,1,1,1,1,0,0,0,0,0,0,1,1,1,1,1,11.6211166034762,12,TRUE,6.17023755318767,2.75201384394524,3.41822370924244,0,56.0882
"SARIMA","Nkhatabay",2,"month","incidence",2023-03-01,2023-05-01,0,0,0,0,0,0,0,0,0,0,1,1,1,1,1,1,1,1,1,1,1,1,1,0,1,1,1,1,1,1,1,1,1,1,3.62046622487417,12,TRUE,4.16457427326608,3.89193530194587,0.272638971320209,0,62.4433
"SARIMA","Nkhatabay",3,"month","incidence",2023-03-01,2023-06-01,0,0,0,0,0,0,0,0,0,0,0,0,0,0,0,0,0,1,1,1,1,1,1,0,0,0,0,0,1,1,1,1,1,1,15.8017776720167,12,TRUE,8.50487357048444,4.76662780084608,0,3.73824576963836,80.8918
"SARIMA","Nkhotakota",1,"month","incidence",2023-03-01,2023-04-01,0,0,0,0,0,0,0,0,0,0,0,0,0,1,1,1,1,1,1,1,1,1,1,0,1,1,1,1,1,1,1,1,1,1,2.09600433747507,12,TRUE,2.8178000718894,2.68224785824221,0,0.13555221364719,26.3334
"SARIMA","Nkhotakota",2,"month","incidence",2023-03-01,2023-05-01,0,0,0,0,0,0,0,0,0,0,0,0,0,0,0,0,0,1,1,1,1,1,1,0,0,0,0,0,1,1,1,1,1,1,11.3550047691745,12,TRUE,6.01891612824025,3.13874868568059,0,2.88016744255966,32.4913
"SARIMA","Nkhotakota",3,"month","incidence",2023-03-01,2023-06-01,0,0,0,0,0,0,0,0,0,0,0,0,0,0,0,0,0,0,0,0,1,1,1,0,0,0,0,0,0,0,0,1,1,1,26.2028917757253,12,TRUE,15.1407785263115,3.61992900014389,0,11.5208495261676,44.8414
"SARIMA","Nsanje",1,"month","incidence",2023-03-01,2023-04-01,0,0,0,0,0,0,0,0,0,0,0,0,0,0,0,0,0,0,1,1,1,1,1,0,0,0,0,0,0,1,1,1,1,1,8.01281963606344,12,TRUE,4.24103456917868,1.92411283189868,0,2.31692173728,24.0031
"SARIMA","Nsanje",2,"month","incidence",2023-03-01,2023-05-01,0,0,0,0,0,0,0,0,0,0,0,0,0,0,0,0,0,0,0,0,0,0,0,0,0,0,0,0,0,0,0,0,0,0,32.6955105130128,12,TRUE,24.3852683763688,2.36264832668297,0,22.0226200496858,54.8958
"SARIMA","Nsanje",3,"month","incidence",2023-03-01,2023-06-01,0,0,0,0,0,0,0,0,0,0,0,0,0,0,0,0,0,0,0,0,1,1,1,0,0,0,0,0,0,0,0,1,1,1,16.2467428300404,12,TRUE,9.13886863112099,2.62513405327768,0,6.51373457784331,41.4563
"SARIMA","Ntcheu",1,"month","incidence",2023-03-01,2023-04-01,0,0,0,0,0,0,1,1,1,1,1,1,1,1,1,1,1,1,1,1,1,1,1,0,0,0,0,0,1,1,1,1,1,1,6.63577252633927,12,TRUE,3.5721274957374,2.00473281142602,1.56739468431138,0,32.6537
"SARIMA","Ntcheu",2,"month","incidence",2023-03-01,2023-05-01,0,0,0,0,0,0,0,0,0,0,0,0,0,1,1,1,1,1,1,1,1,1,1,0,1,1,1,1,1,1,1,1,1,1,2.29389436478299,12,TRUE,2.47654760309007,2.29504405797132,0,0.181503545118748,46.9125
"SARIMA","Ntcheu",3,"month","incidence",2023-03-01,2023-06-01,0,0,0,0,0,0,0,0,0,0,0,0,0,0,0,0,0,0,0,0,1,1,1,0,0,0,0,0,0,0,0,1,1,1,14.7470898578428,12,TRUE,8.30541312602266,2.37882929674364,0,5.92658382927902,44.7279
"SARIMA","Ntchisi",1,"month","incidence",2023-03-01,2023-04-01,0,0,0,0,0,0,0,0,0,0,0,0,1,1,1,1,1,1,1,1,1,1,1,1,1,1,1,1,1,1,1,1,1,1,1.42077704183859,12,TRUE,2.9513059677723,2.88953305290976,0,0.0617729148625476,25.7251
"SARIMA","Ntchisi",2,"month","incidence",2023-03-01,2023-05-01,0,0,0,0,0,0,0,0,0,0,0,0,0,0,0,0,1,1,1,1,1,1,1,0,0,0,0,1,1,1,1,1,1,1,10.1644267611481,12,TRUE,5.62047438269508,3.5896112374853,0,2.03086314520978,29.7825
"SARIMA","Ntchisi",3,"month","incidence",2023-03-01,2023-06-01,0,0,0,0,0,0,0,0,0,0,0,0,0,0,0,0,0,1,1,1,1,1,1,0,0,0,0,0,1,1,1,1,1,1,17.6373446054899,12,TRUE,8.53845492588014,3.90304458292905,0,4.63541034295109,27.867
"SARIMA","Phalombe",1,"month","incidence",2023-03-01,2023-04-01,0,0,0,0,0,0,0,0,1,1,1,1,1,1,1,1,1,1,1,1,1,1,1,0,0,0,1,1,1,1,1,1,1,1,2.26281645675223,12,TRUE,1.46031564689697,1.12145292303367,0.3388627238633,0,20.6263
"SARIMA","Phalombe",2,"month","incidence",2023-03-01,2023-05-01,0,0,0,0,0,0,0,0,0,0,0,0,0,0,0,0,0,0,0,0,0,1,1,0,0,0,0,0,0,0,0,0,1,1,13.104178816332,12,TRUE,8.29977171454812,1.43326844916594,0,6.86650326538218,36.0705
"SARIMA","Phalombe",3,"month","incidence",2023-03-01,2023-06-01,0,0,0,0,0,0,0,0,0,0,0,0,0,0,0,0,0,0,0,0,0,0,0,0,0,0,0,0,0,0,0,0,0,0,25.2081501160659,12,TRUE,19.5759436527349,1.59853519505244,0,17.9774084576824,39.3376
"SARIMA","Rumphi",1,"month","incidence",2023-03-01,2023-04-01,0,0,0,0,1,1,1,1,1,1,1,1,1,1,1,1,1,1,1,1,1,1,1,0,0,0,0,0,0,0,1,1,1,1,13.5376207650043,12,TRUE,7.49497587001768,2.34972481881251,5.14525105120517,0,12.517
"SARIMA","Rumphi",2,"month","incidence",2023-03-01,2023-05-01,0,0,0,0,1,1,1,1,1,1,1,1,1,1,1,1,1,1,1,1,1,1,1,0,0,0,0,0,0,0,1,1,1,1,16.2903511287914,12,TRUE,8.82941470627294,3.15317387123479,5.67624083503815,0,14.7127
"SARIMA","Rumphi",3,"month","incidence",2023-03-01,2023-06-01,0,0,0,0,0,0,0,0,0,0,1,1,1,1,1,1,1,1,1,1,1,1,1,0,1,1,1,1,1,1,1,1,1,1,2.27227474145361,12,TRUE,3.57612224556276,3.46869873369621,0.107423511866552,0,12.9341
"SARIMA","Salima",1,"month","incidence",2023-03-01,2023-04-01,0,0,0,0,0,0,0,0,0,0,0,1,1,1,1,1,1,1,1,1,1,1,1,1,1,1,1,1,1,1,1,1,1,1,0.885791569565242,12,TRUE,2.81640085809376,2.77788818115614,0.0385126769376192,0,83.0112
"SARIMA","Salima",2,"month","incidence",2023-03-01,2023-05-01,0,0,0,0,0,0,0,0,0,0,0,0,0,0,0,0,0,0,0,0,1,1,1,0,0,0,0,0,0,0,0,1,1,1,25.4386949088351,12,TRUE,14.9367960638974,3.54422547512806,0,11.3925705887693,94.3029
"SARIMA","Salima",3,"month","incidence",2023-03-01,2023-06-01,0,0,0,0,0,0,0,0,0,0,0,0,0,0,0,0,0,0,0,0,0,0,1,0,0,0,0,0,0,0,0,0,0,1,41.6689116895146,12,TRUE,27.9146966352141,3.9544309159723,0,23.9602657192418,92.1107
"SARIMA","Thyolo",1,"month","incidence",2023-03-01,2023-04-01,0,0,0,0,0,0,0,0,0,0,1,1,1,1,1,1,1,1,1,1,1,1,1,0,1,1,1,1,1,1,1,1,1,1,0.735840432263075,12,TRUE,1.12017047052557,1.0799552284388,0.0402152420867771,0,7.5405
"SARIMA","Thyolo",2,"month","incidence",2023-03-01,2023-05-01,0,0,0,0,0,0,0,0,0,0,0,0,0,0,0,0,0,1,1,1,1,1,1,0,0,0,0,0,1,1,1,1,1,1,5.61767428030212,12,TRUE,2.94292534740033,1.48828207435353,0,1.4546432730468,13.5703
"SARIMA","Thyolo",3,"month","incidence",2023-03-01,2023-06-01,0,0,0,0,0,0,0,0,0,0,0,0,0,0,0,0,0,0,1,1,1,1,1,0,0,0,0,0,0,1,1,1,1,1,8.4845357997018,12,TRUE,4.09434722677765,1.45460006926754,0,2.63974715751011,11.6226
"SARIMA","Zomba",1,"month","incidence",2023-03-01,2023-04-01,0,0,0,0,0,0,0,0,1,1,1,1,1,1,1,1,1,1,1,1,1,1,1,0,0,0,1,1,1,1,1,1,1,1,3.25859507218709,12,TRUE,2.01488434114085,1.48697896941677,0.527905371724078,0,23.0257
"SARIMA","Zomba",2,"month","incidence",2023-03-01,2023-05-01,0,0,0,0,0,0,0,0,0,0,0,0,1,1,1,1,1,1,1,1,1,1,1,1,1,1,1,1,1,1,1,1,1,1,0.0265456668747674,12,TRUE,1.83316946396846,1.83201530453912,0,0.00115415942933772,29.3012
"SARIMA","Zomba",3,"month","incidence",2023-03-01,2023-06-01,0,0,0,0,0,0,0,0,0,0,0,0,0,0,0,0,0,0,0,0,1,1,1,0,0,0,0,0,0,0,0,1,1,1,14.343740539828,12,TRUE,8.41457737699059,1.9754129138107,0,6.43916446317989,29.2125
"SARIMA","Balaka",1,"month","incidence",2023-04-01,2023-05-01,0,0,0,1,1,1,1,1,1,1,1,1,1,1,1,1,1,1,1,1,1,1,1,0,0,0,0,0,0,0,0,1,1,1,19.547890546776,12,TRUE,11.429992177515,2.76741962209563,8.66257255541935,0,15.7609
"SARIMA","Balaka",2,"month","incidence",2023-04-01,2023-06-01,0,0,0,0,0,0,0,0,0,0,0,1,1,1,1,1,1,1,1,1,1,1,1,1,1,1,1,1,1,1,1,1,1,1,1.27899618381474,12,TRUE,3.29475966030816,3.23915113057708,0.0556085297310757,0,28.4069
"SARIMA","Balaka",3,"month","incidence",2023-04-01,2023-07-01,0,0,0,0,0,0,0,0,0,0,0,1,1,1,1,1,1,1,1,1,1,1,1,1,1,1,1,1,1,1,1,1,1,1,1.48909771691629,12,TRUE,3.44198273884268,3.37723935984632,0.0647433789963605,0,22.7263
"SARIMA","Blantyre",1,"month","incidence",2023-04-01,2023-05-01,0,0,0,0,0,0,0,0,0,0,0,0,0,0,1,1,1,1,1,1,1,1,1,0,0,1,1,1,1,1,1,1,1,1,1.79406700648828,12,TRUE,1.32796631019389,1.10958126105372,0,0.218385049140169,25.9314
"SARIMA","Blantyre",2,"month","incidence",2023-04-01,2023-06-01,0,0,0,0,0,0,0,0,0,0,0,0,0,0,0,0,0,0,0,0,0,0,0,0,0,0,0,0,0,0,0,0,0,0,17.8091828482733,12,TRUE,13.5748906628384,1.20589953975747,0,12.368991123081,34.8152
"SARIMA","Blantyre",3,"month","incidence",2023-04-01,2023-07-01,0,0,0,0,0,0,0,0,0,0,0,0,0,0,0,0,0,0,0,0,0,0,0,0,0,0,0,0,0,0,0,0,0,0,17.0338085606055,12,TRUE,12.3758796501747,1.32549844367986,0,11.0503812064949,30.575
"SARIMA","Chikwawa",1,"month","incidence",2023-04-01,2023-05-01,0,0,0,0,0,0,1,1,1,1,1,1,1,1,1,1,1,1,1,1,1,1,1,0,0,0,0,0,1,1,1,1,1,1,6.36241800539149,12,TRUE,3.39770334929051,1.7849432266242,1.61276012266631,0,32.5809
"SARIMA","Chikwawa",2,"month","incidence",2023-04-01,2023-06-01,0,0,0,0,0,0,0,0,0,0,0,0,0,0,0,0,0,0,0,0,0,1,1,0,0,0,0,0,0,0,0,0,1,1,18.4245703988093,12,TRUE,11.668839720828,2.01558280272123,0,9.65325691810676,42.9393
"SARIMA","Chikwawa",3,"month","incidence",2023-04-01,2023-07-01,0,0,0,0,0,0,0,0,0,0,0,0,0,0,0,0,0,0,1,1,1,1,1,0,0,0,0,0,0,1,1,1,1,1,9.93761205656147,12,TRUE,5.30169481904817,2.16004456280897,0,3.14165025623919,30.8794
"SARIMA","Chiradzulu",1,"month","incidence",2023-04-01,2023-05-01,0,0,0,0,0,0,0,0,0,0,1,1,1,1,1,1,1,1,1,1,1,1,1,0,1,1,1,1,1,1,1,1,1,1,1.34830739561374,12,TRUE,1.43100109180371,1.32302912879429,0.107971963009423,0,12.133
"SARIMA","Chiradzulu",2,"month","incidence",2023-04-01,2023-06-01,0,0,0,0,0,0,0,0,0,0,0,0,0,0,0,0,0,0,0,0,0,0,1,0,0,0,0,0,0,0,0,0,0,1,16.338850659276,12,TRUE,10.7819593692504,1.51281182295707,0,9.26914754629332,23.5633
"SARIMA","Chiradzulu",3,"month","incidence",2023-04-01,2023-07-01,0,0,0,0,0,0,0,0,0,0,0,0,0,0,0,0,0,0,0,0,0,0,1,0,0,0,0,0,0,0,0,0,0,1,16.9862503256216,12,TRUE,10.8018181537303,1.30304947705459,0,9.49876867667568,19.796
"SARIMA","Chitipa",1,"month","incidence",2023-04-01,2023-05-01,0,0,0,0,0,0,0,0,0,0,0,0,0,0,0,0,1,1,1,1,1,1,1,0,0,0,0,1,1,1,1,1,1,1,5.82940550072115,12,TRUE,3.14775986647124,1.85460871329193,0,1.29315115317931,18.6419
"SARIMA","Chitipa",2,"month","incidence",2023-04-01,2023-06-01,0,0,0,0,0,0,0,0,0,0,0,0,0,0,0,0,0,0,0,1,1,1,1,0,0,0,0,0,0,0,1,1,1,1,12.7202928569252,12,TRUE,6.85655630957981,2.1035277262193,0,4.75302858336052,21.382
"SARIMA","Chitipa",3,"month","incidence",2023-04-01,2023-07-01,0,0,0,0,0,0,0,0,0,0,0,0,0,0,0,0,0,0,0,0,0,1,1,0,0,0,0,0,0,0,0,0,1,1,16.6044,12,TRUE,9.70841341428223,0.732051044139598,0,8.97636237014263,16.6044
"SARIMA","Dedza",1,"month","incidence",2023-04-01,2023-05-01,0,0,0,0,0,1,1,1,1,1,1,1,1,1,1,1,1,1,1,1,1,1,1,0,0,0,0,0,0,1,1,1,1,1,4.98413200771992,12,TRUE,2.65563234786292,1.11599463575941,1.53963771210351,0,23.6722
"SARIMA","Dedza",2,"month","incidence",2023-04-01,2023-06-01,0,0,0,0,0,0,0,0,0,0,0,0,0,0,0,0,0,1,1,1,1,1,1,0,0,0,0,0,1,1,1,1,1,1,4.42156280875862,12,TRUE,2.36968395837807,1.28295506821224,0,1.08672889016583,23.8144
"SARIMA","Dedza",3,"month","incidence",2023-04-01,2023-07-01,0,0,0,0,0,0,0,0,0,0,0,0,0,0,0,0,0,0,0,0,0,0,1,0,0,0,0,0,0,0,0,0,0,1,12.7693167672385,12,TRUE,8.23904634948192,1.32530216095983,0,6.91374418852209,23.4082
"SARIMA","Dowa",1,"month","incidence",2023-04-01,2023-05-01,0,0,0,0,0,0,0,0,0,0,0,0,0,0,0,1,1,1,1,1,1,1,1,0,0,0,1,1,1,1,1,1,1,1,4.8015325321149,12,TRUE,2.6805408331794,1.93810040597496,0,0.742440427204449,10.2117
"SARIMA","Dowa",2,"month","incidence",2023-04-01,2023-06-01,0,0,0,0,0,0,0,0,0,0,0,0,0,0,0,0,0,0,0,0,1,1,1,0,0,0,0,0,0,0,0,1,1,1,13.2888,12,TRUE,8.0510058966023,0.468935880797393,0,7.58207001580491,13.2888
"SARIMA","Dowa",3,"month","incidence",2023-04-01,2023-07-01,0,0,0,0,0,0,0,0,0,0,0,0,0,0,0,0,0,0,0,0,1,1,1,0,0,0,0,0,0,0,0,1,1,1,11.8799,12,TRUE,7.96814693532697,0.270695996863474,0,7.69745093846349,11.8799
"SARIMA","Karonga",1,"month","incidence",2023-04-01,2023-05-01,0,0,0,0,0,0,0,0,0,0,0,0,0,0,0,0,0,0,0,1,1,1,1,0,0,0,0,0,0,0,1,1,1,1,6.87107549319484,12,TRUE,3.70906877207288,1.36002408969978,0,2.3490446823731,35.1965
"SARIMA","Karonga",2,"month","incidence",2023-04-01,2023-06-01,0,0,0,0,0,0,0,0,0,0,0,0,0,0,0,0,0,0,0,0,0,0,1,0,0,0,0,0,0,0,0,0,0,1,16.885347973556,12,TRUE,11.0086186485069,1.72077330661244,0,9.28784534189446,42.8108
"SARIMA","Karonga",3,"month","incidence",2023-04-01,2023-07-01,0,0,0,0,0,0,0,0,0,0,0,0,0,0,0,0,0,0,0,0,1,1,1,0,0,0,0,0,0,0,0,1,1,1,16.0896146983384,12,TRUE,9.55468892506184,2.14322575776138,0,7.41146316730046,41.6765
"SARIMA","Kasungu",1,"month","incidence",2023-04-01,2023-05-01,0,0,0,0,0,0,0,0,0,0,0,0,0,0,1,1,1,1,1,1,1,1,1,0,0,1,1,1,1,1,1,1,1,1,3.36500732271016,12,TRUE,2.53600468649105,2.13492259257719,0,0.401082093913862,25.1107
"SARIMA","Kasungu",2,"month","incidence",2023-04-01,2023-06-01,0,0,0,0,0,0,0,0,0,0,0,0,0,0,0,0,0,0,0,1,1,1,1,0,0,0,0,0,0,0,1,1,1,1,15.195170625649,12,TRUE,8.36816447279638,2.62204847564314,0,5.74611599715324,33.2602
"SARIMA","Kasungu",3,"month","incidence",2023-04-01,2023-07-01,0,0,0,0,0,0,0,0,0,0,0,0,0,0,0,0,0,0,0,0,1,1,1,0,0,0,0,0,0,0,0,1,1,1,19.2263261485377,12,TRUE,10.5936436078141,3.00302002884573,0,7.59062357896836,33.0519
"SARIMA","Likoma",1,"month","incidence",2023-04-01,2023-05-01,0,0,0,0,0,0,0,0,0,0,0,0,0,0,0,0,0,0,0,0,1,1,1,0,0,0,0,0,0,0,0,1,1,1,18.6351502084765,12,TRUE,10.5399255810631,2.89154033941895,0,7.64838524164415,38.4495
"SARIMA","Likoma",2,"month","incidence",2023-04-01,2023-06-01,0,0,0,0,0,0,0,0,0,0,0,0,0,0,1,1,1,1,1,1,1,1,1,0,0,1,1,1,1,1,1,1,1,1,6.87346935787652,12,TRUE,5.25231473304841,4.51291718538428,0,0.739397547664134,24.9453
"SARIMA","Likoma",3,"month","incidence",2023-04-01,2023-07-01,0,0,0,0,0,0,0,0,0,0,0,0,0,1,1,1,1,1,1,1,1,1,1,0,1,1,1,1,1,1,1,1,1,1,4.89982039329522,12,TRUE,5.53217451188642,5.21352243228776,0,0.318652079598662,19.131
"SARIMA","Lilongwe",1,"month","incidence",2023-04-01,2023-05-01,0,0,0,0,0,0,0,0,0,0,0,0,0,0,0,0,0,1,1,1,1,1,1,0,0,0,0,0,1,1,1,1,1,1,5.99725797181584,12,TRUE,3.0976620613832,1.55050567970412,0,1.54715638167908,12.742
"SARIMA","Lilongwe",2,"month","incidence",2023-04-01,2023-06-01,0,0,0,0,0,0,0,0,0,0,0,0,0,0,0,0,0,0,0,0,1,1,1,0,0,0,0,0,0,0,0,1,1,1,12.8032,12,TRUE,6.61414459863251,0.879276861191005,0,5.7348677374415,12.8032
"SARIMA","Lilongwe",3,"month","incidence",2023-04-01,2023-07-01,0,0,0,0,0,0,0,0,0,0,0,0,0,0,0,0,0,0,0,0,1,1,1,0,0,0,0,0,0,0,0,1,1,1,8.4005,12,TRUE,5.0983955015625,0.298880467523819,0,4.79951503403868,8.4005
"SARIMA","Machinga",1,"month","incidence",2023-04-01,2023-05-01,0,0,0,0,0,0,0,0,0,1,1,1,1,1,1,1,1,1,1,1,1,1,1,0,0,1,1,1,1,1,1,1,1,1,2.60754832688457,12,TRUE,1.9603990505733,1.64853541616296,0.311863634410337,0,41.9506
"SARIMA","Machinga",2,"month","incidence",2023-04-01,2023-06-01,0,0,0,0,0,0,0,0,1,1,1,1,1,1,1,1,1,1,1,1,1,1,1,0,0,0,1,1,1,1,1,1,1,1,3.57674229141226,12,TRUE,2.3706786214646,1.8633488018413,0.507329819623297,0,38.3651
"SARIMA","Machinga",3,"month","incidence",2023-04-01,2023-07-01,0,0,0,0,0,0,0,0,0,0,0,0,0,0,0,0,0,0,1,1,1,1,1,0,0,0,0,0,0,1,1,1,1,1,8.58702247066618,12,TRUE,4.55605229909023,2.05583766292556,0,2.50021463616468,45.0867
"SARIMA","Mangochi",1,"month","incidence",2023-04-01,2023-05-01,0,0,0,0,0,0,0,0,0,0,0,1,1,1,1,1,1,1,1,1,1,1,1,1,1,1,1,1,1,1,1,1,1,1,0.313220639887771,12,TRUE,1.34189524793698,1.32827695924621,0.0136182886907726,0,22.7535
"SARIMA","Mangochi",2,"month","incidence",2023-04-01,2023-06-01,0,0,0,0,0,0,0,0,0,0,0,0,0,1,1,1,1,1,1,1,1,1,1,0,1,1,1,1,1,1,1,1,1,1,1.76277862483296,12,TRUE,1.79953642527187,1.65445667594197,0,0.145079749329906,26.8686
"SARIMA","Mangochi",3,"month","incidence",2023-04-01,2023-07-01,0,0,0,0,0,0,0,0,0,0,0,0,0,0,0,0,0,1,1,1,1,1,1,0,0,0,0,0,1,1,1,1,1,1,6.38342810524989,12,TRUE,3.40943100363183,1.80918517252718,0,1.60024583110464,22.6651
"SARIMA","Mchinji",1,"month","incidence",2023-04-01,2023-05-01,0,0,0,0,0,0,0,0,0,0,0,0,0,0,0,0,0,0,1,1,1,1,1,0,0,0,0,0,0,1,1,1,1,1,13.6969759142752,12,TRUE,7.25974600311758,3.08690249626306,0,4.17284350685452,36.1177
"SARIMA","Mchinji",2,"month","incidence",2023-04-01,2023-06-01,0,0,0,0,0,0,0,0,0,0,0,0,0,0,0,0,0,0,1,1,1,1,1,0,0,0,0,0,0,1,1,1,1,1,18.6410146472188,12,TRUE,9.62299125337117,4.1339884116739,0,5.48900284169726,36.2575
"SARIMA","Mchinji",3,"month","incidence",2023-04-01,2023-07-01,0,0,0,0,0,0,0,0,0,0,0,0,0,0,0,0,1,1,1,1,1,1,1,0,0,0,0,1,1,1,1,1,1,1,13.8573131912975,12,TRUE,6.87965581861689,4.29744706564873,0,2.58220875296816,23.9496
"SARIMA","Mulanje",1,"month","incidence",2023-04-01,2023-05-01,0,0,0,0,0,0,0,0,0,0,0,0,0,0,0,0,0,0,0,0,0,0,1,0,0,0,0,0,0,0,0,0,0,1,19.7278114061916,12,TRUE,12.5385199881234,2.1366341922727,0,10.4018857958508,48.0053
"SARIMA","Mulanje",2,"month","incidence",2023-04-01,2023-06-01,0,0,0,0,0,0,0,0,0,0,0,0,0,0,0,0,0,0,0,0,1,1,1,0,0,0,0,0,0,0,0,1,1,1,18.4045262359133,12,TRUE,10.9299134712173,2.43243354971066,0,8.49747992150662,38.8703
"SARIMA","Mulanje",3,"month","incidence",2023-04-01,2023-07-01,0,0,0,0,0,0,0,0,0,0,0,0,0,0,0,0,0,0,0,0,1,1,1,0,0,0,0,0,0,0,0,1,1,1,19.1120499282317,12,TRUE,10.7505716084143,2.67299512369567,0,8.07757648471866,29.7718
"SARIMA","Mwanza",1,"month","incidence",2023-04-01,2023-05-01,0,0,0,0,0,0,0,0,0,0,0,0,0,1,1,1,1,1,1,1,1,1,1,0,1,1,1,1,1,1,1,1,1,1,3.52708846310639,12,TRUE,4.19905729697777,3.94112046779525,0,0.257936829182519,53.5514
"SARIMA","Mwanza",2,"month","incidence",2023-04-01,2023-06-01,0,0,0,0,0,0,0,0,0,0,0,0,0,1,1,1,1,1,1,1,1,1,1,0,1,1,1,1,1,1,1,1,1,1,2.83315305093896,12,TRUE,4.78271530634417,4.65208190880598,0,0.13063339753819,46.322
"SARIMA","Mwanza",3,"month","incidence",2023-04-01,2023-07-01,0,0,0,0,0,0,0,0,0,0,0,1,1,1,1,1,1,1,1,1,1,1,1,1,1,1,1,1,1,1,1,1,1,1,0.956285812417953,12,TRUE,5.54755686620538,5.50597922218721,0.0415776440181719,0,40.5096
"SARIMA","Mzimba",1,"month","incidence",2023-04-01,2023-05-01,0,0,0,0,0,0,0,0,0,0,0,0,0,0,0,0,0,0,0,1,1,1,1,0,0,0,0,0,0,0,1,1,1,1,9.29693301385092,12,TRUE,5.08183543800091,1.72873868424859,0,3.35309675375231,31.6932
"SARIMA","Mzimba",2,"month","incidence",2023-04-01,2023-06-01,0,0,0,0,0,0,0,0,0,0,0,0,0,0,0,0,0,0,0,0,1,1,1,0,0,0,0,0,0,0,0,1,1,1,14.1100350110084,12,TRUE,8.19275143470827,2.0358655520307,0,6.15688588267758,31.4174
"SARIMA","Mzimba",3,"month","incidence",2023-04-01,2023-07-01,0,0,0,0,0,0,0,0,0,0,0,0,0,0,0,0,0,0,0,1,1,1,1,0,0,0,0,0,0,0,1,1,1,1,12.287098586276,12,TRUE,6.2827290421077,2.08766952260924,0,4.19505951949846,18.4765
"SARIMA","Neno",1,"month","incidence",2023-04-01,2023-05-01,0,0,0,0,0,0,0,0,0,0,0,0,0,0,0,0,0,0,0,0,0,0,0,0,0,0,0,0,0,0,0,0,0,0,50.6117250972374,12,TRUE,35.7709989191891,4.22654462281451,0,31.5444542963746,128.1378
"SARIMA","Neno",2,"month","incidence",2023-04-01,2023-06-01,0,0,0,0,0,0,0,0,0,0,0,0,0,0,0,0,0,0,0,0,0,0,1,0,0,0,0,0,0,0,0,0,0,1,45.5097901237076,12,TRUE,29.2415196325455,4.80353844598835,0,24.4379811865571,96.4397
"SARIMA","Neno",3,"month","incidence",2023-04-01,2023-07-01,0,0,0,0,0,0,0,0,0,0,0,0,0,0,0,0,0,0,0,0,1,1,1,0,0,0,0,0,0,0,0,1,1,1,39.209814726488,12,TRUE,23.0385156852332,5.31513244111029,0,17.7233832441229,75.7386
"SARIMA","Nkhatabay",1,"month","incidence",2023-04-01,2023-05-01,0,0,0,0,0,0,0,0,0,0,0,0,0,0,0,1,1,1,1,1,1,1,1,0,0,0,1,1,1,1,1,1,1,1,6.3551,12,TRUE,3.86458404581233,2.80558304311532,0,1.05900100269701,62.4433
"SARIMA","Nkhatabay",2,"month","incidence",2023-04-01,2023-06-01,0,0,0,0,0,0,0,0,0,0,0,0,0,0,0,0,0,0,0,0,1,1,1,0,0,0,0,0,0,0,0,1,1,1,24.8036,12,TRUE,14.0054977303419,3.96769358993766,0,10.0378041404043,80.8918
"SARIMA","Nkhatabay",3,"month","incidence",2023-04-01,2023-07-01,0,0,0,0,0,0,0,0,0,0,0,0,0,0,0,0,1,1,1,1,1,1,1,0,0,0,0,1,1,1,1,1,1,1,14.2957,12,TRUE,7.897566575838,4.85941237552943,0,3.03815420030857,70.3839
"SARIMA","Nkhotakota",1,"month","incidence",2023-04-01,2023-05-01,0,0,0,0,0,0,0,0,0,0,0,0,0,0,0,0,0,1,1,1,1,1,1,0,0,0,0,0,1,1,1,1,1,1,9.31123285317228,12,TRUE,4.95944147699918,2.56835754669569,0,2.39108393030349,32.4913
"SARIMA","Nkhotakota",2,"month","incidence",2023-04-01,2023-06-01,0,0,0,0,0,0,0,0,0,0,0,0,0,0,0,0,0,0,0,0,1,1,1,0,0,0,0,0,0,0,0,1,1,1,22.6691764950291,12,TRUE,13.5301772588499,2.91615308991399,0,10.6140241689359,44.8414
"SARIMA","Nkhotakota",3,"month","incidence",2023-04-01,2023-07-01,0,0,0,0,0,0,0,0,0,0,0,0,0,0,0,0,0,0,0,0,0,1,1,0,0,0,0,0,0,0,0,0,1,1,34.2692789741681,12,TRUE,21.0961941897032,3.38440089159685,0,17.7117932981064,45.4201
"SARIMA","Nsanje",1,"month","incidence",2023-04-01,2023-05-01,0,0,0,0,0,0,0,0,0,0,0,0,0,0,0,0,0,0,0,0,0,0,0,0,0,0,0,0,0,0,0,0,0,0,26.7741798295331,12,TRUE,19.9796248089469,1.93504614546111,0,18.0445786634858,54.8958
"SARIMA","Nsanje",2,"month","incidence",2023-04-01,2023-06-01,0,0,0,0,0,0,0,0,0,0,0,0,0,0,0,0,0,0,1,1,1,1,1,0,0,0,0,0,0,1,1,1,1,1,11.1577076577471,12,TRUE,5.96346656197162,2.37084346756357,0,3.59262309440805,41.4563
"SARIMA","Nsanje",3,"month","incidence",2023-04-01,2023-07-01,0,0,0,0,0,0,0,0,0,0,0,0,0,0,1,1,1,1,1,1,1,1,1,0,0,1,1,1,1,1,1,1,1,1,3.14572762215931,12,TRUE,2.90337734717634,2.62612600196173,0,0.277251345214614,28.9133
"SARIMA","Ntcheu",1,"month","incidence",2023-04-01,2023-05-01,0,0,0,0,0,0,0,0,0,0,0,0,0,0,0,0,1,1,1,1,1,1,1,0,0,0,0,1,1,1,1,1,1,1,5.46657645944731,12,TRUE,3.06337958008189,1.94976779527355,0,1.11361178480834,46.9125
"SARIMA","Ntcheu",2,"month","incidence",2023-04-01,2023-06-01,0,0,0,0,0,0,0,0,0,0,0,0,0,0,0,0,0,0,0,0,1,1,1,0,0,0,0,0,0,0,0,1,1,1,16.8374094332199,12,TRUE,9.98574865024352,2.2547661921753,0,7.73098245806822,44.7279
"SARIMA","Ntcheu",3,"month","incidence",2023-04-01,2023-07-01,0,0,0,0,0,0,0,0,0,0,0,0,0,0,0,0,0,0,1,1,1,1,1,0,0,0,0,0,0,1,1,1,1,1,11.2728216979132,12,TRUE,6.01059924449923,2.32905875377266,0,3.68154049072657,28.487
"SARIMA","Ntchisi",1,"month","incidence",2023-04-01,2023-05-01,0,0,0,0,0,0,0,0,0,0,0,0,0,0,0,0,1,1,1,1,1,1,1,0,0,0,0,1,1,1,1,1,1,1,8.5571320161838,12,TRUE,4.68664970096899,2.84995979413858,0,1.8366899068304,29.7825
"SARIMA","Ntchisi",2,"month","incidence",2023-04-01,2023-06-01,0,0,0,0,0,0,0,0,0,0,0,0,0,0,0,0,0,0,1,1,1,1,1,0,0,0,0,0,0,1,1,1,1,1,15.6565526479195,12,TRUE,8.00041411815656,3.28675512365278,0,4.71365899450378,27.867
"SARIMA","Ntchisi",3,"month","incidence",2023-04-01,2023-07-01,0,0,0,0,0,0,0,0,0,0,0,0,0,0,0,0,1,1,1,1,1,1,1,0,0,0,0,1,1,1,1,1,1,1,13.00341992662,12,TRUE,6.07915017591866,3.39109138385159,0,2.68805879206707,19.5366
"SARIMA","Phalombe",1,"month","incidence",2023-04-01,2023-05-01,0,0,0,0,0,0,0,0,0,0,0,0,0,0,0,0,0,0,0,0,0,0,0,0,0,0,0,0,0,0,0,0,0,0,13.6037846876671,12,TRUE,9.8670088263978,1.06421004832446,0,8.80279877807334,36.0705
"SARIMA","Phalombe",2,"month","incidence",2023-04-01,2023-06-01,0,0,0,0,0,0,0,0,0,0,0,0,0,0,0,0,0,0,0,0,0,0,0,0,0,0,0,0,0,0,0,0,0,0,25.4706822923539,12,TRUE,20.7917041425913,1.33178313078129,0,19.45992101181,39.3376
"SARIMA","Phalombe",3,"month","incidence",2023-04-01,2023-07-01,0,0,0,0,0,0,0,0,0,0,0,0,0,0,0,0,0,0,0,0,0,0,0,0,0,0,0,0,0,0,0,0,0,0,19.5296281324036,12,TRUE,14.3422580979877,1.42150642208316,0,12.9207516759045,27.3338
"SARIMA","Rumphi",1,"month","incidence",2023-04-01,2023-05-01,0,0,0,0,0,0,0,0,0,0,1,1,1,1,1,1,1,1,1,1,1,1,1,0,1,1,1,1,1,1,1,1,1,1,1.87707336356695,12,TRUE,2.49984862981669,2.37849000038062,0.121358629436077,0,14.7127
"SARIMA","Rumphi",2,"month","incidence",2023-04-01,2023-06-01,0,0,0,0,0,0,0,0,0,0,0,0,0,0,0,0,0,1,1,1,1,1,1,0,0,0,0,0,1,1,1,1,1,1,11.9031914379872,12,TRUE,4.87402134911906,1.9039941970894,0,2.97002715202966,12.9341
"SARIMA","Rumphi",3,"month","incidence",2023-04-01,2023-07-01,0,0,0,0,0,0,0,0,0,0,0,0,0,0,0,0,0,1,1,1,1,1,1,0,0,0,0,0,1,1,1,1,1,1,7.1655,12,TRUE,3.60743690026347,0.832316952243446,0,2.77511994802002,7.1655
"SARIMA","Salima",1,"month","incidence",2023-04-01,2023-05-01,0,0,0,0,0,0,0,0,0,0,0,0,0,0,0,0,0,0,0,0,0,0,1,0,0,0,0,0,0,0,0,0,0,1,26.2025488923559,12,TRUE,16.9210154563844,2.7335447512006,0,14.1874707051838,94.3029
"SARIMA","Salima",2,"month","incidence",2023-04-01,2023-06-01,0,0,0,0,0,0,0,0,0,0,0,0,0,0,0,0,0,0,0,0,0,0,0,0,0,0,0,0,0,0,0,0,0,0,42.8233335207633,12,TRUE,30.5289495009554,3.50136253754191,0,27.0275869634135,92.1107
"SARIMA","Salima",3,"month","incidence",2023-04-01,2023-07-01,0,0,0,0,0,0,0,0,0,0,0,0,0,0,0,0,0,0,0,0,1,1,1,0,0,0,0,0,0,0,0,1,1,1,26.2669766622208,12,TRUE,15.1353123282098,3.92103728228619,0,11.2142750459236,67.6071
"SARIMA","Thyolo",1,"month","incidence",2023-04-01,2023-05-01,0,0,0,0,0,0,0,0,0,0,0,0,0,0,0,0,0,0,0,1,1,1,1,0,0,0,0,0,0,0,1,1,1,1,6.3418445575602,12,TRUE,3.50606885303369,1.06850945326957,0,2.43755939976411,13.5703
"SARIMA","Thyolo",2,"month","incidence",2023-04-01,2023-06-01,0,0,0,0,0,0,0,0,0,0,0,0,0,0,0,0,0,0,0,1,1,1,1,0,0,0,0,0,0,0,1,1,1,1,9.19529276599075,12,TRUE,4.76268141582736,1.16768869126889,0,3.59499272455847,11.6226
"SARIMA","Thyolo",3,"month","incidence",2023-04-01,2023-07-01,0,0,0,0,0,0,0,0,0,0,0,0,0,0,0,0,0,0,1,1,1,1,1,0,0,0,0,0,0,1,1,1,1,1,8.954,12,TRUE,3.85173639787314,0.937904320883153,0,2.91383207698999,8.954
"SARIMA","Zomba",1,"month","incidence",2023-04-01,2023-05-01,0,0,0,0,0,0,0,0,0,0,0,0,1,1,1,1,1,1,1,1,1,1,1,1,1,1,1,1,1,1,1,1,1,1,0.0104640604958703,12,TRUE,1.50280956326683,1.50235460411483,0,0.000454959151994363,29.3012
"SARIMA","Zomba",2,"month","incidence",2023-04-01,2023-06-01,0,0,0,0,0,0,0,0,0,0,0,0,0,0,0,0,0,0,0,1,1,1,1,0,0,0,0,0,0,0,1,1,1,1,9.91479352287539,12,TRUE,5.37240772978907,1.92259398911435,0,3.44981374067472,29.2125
"SARIMA","Zomba",3,"month","incidence",2023-04-01,2023-07-01,0,0,0,0,0,0,0,0,0,0,0,0,0,0,0,0,0,0,0,1,1,1,1,0,0,0,0,0,0,0,1,1,1,1,12.9254382875768,12,TRUE,7.13412711317277,2.07879747448717,0,5.05532963868561,23.7843
"SARIMA","Balaka",1,"month","incidence",2023-05-01,2023-06-01,0,0,0,0,0,0,0,0,0,0,0,0,0,0,0,0,0,0,1,1,1,1,1,0,0,0,0,0,0,1,1,1,1,1,11.262471637125,12,TRUE,5.90528869664462,2.77476523737918,0,3.13052345926544,28.4069
"SARIMA","Balaka",2,"month","incidence",2023-05-01,2023-07-01,0,0,0,0,0,0,0,0,0,0,0,0,0,0,0,1,1,1,1,1,1,1,1,0,0,0,1,1,1,1,1,1,1,1,6.48987194833731,12,TRUE,4.15769602408078,3.22966037970978,0,0.928035644370999,22.7263
"SARIMA","Balaka",3,"month","incidence",2023-05-01,2023-08-01,0,0,0,0,0,0,1,1,1,1,1,1,1,1,1,1,1,1,1,1,1,1,1,0,0,0,0,0,1,1,1,1,1,1,11.8333258861996,12,TRUE,6.32977248433576,3.52335683239471,2.80641565194105,0,13.4768
"SARIMA","Blantyre",1,"month","incidence",2023-05-01,2023-06-01,0,0,0,0,0,0,0,0,0,0,0,0,0,0,0,0,0,0,0,0,0,0,0,0,0,0,0,0,0,0,0,0,0,0,16.9266599906933,12,TRUE,13.0074563872972,1.11616431143047,0,11.8912920758667,34.8152
"SARIMA","Blantyre",2,"month","incidence",2023-05-01,2023-07-01,0,0,0,0,0,0,0,0,0,0,0,0,0,0,0,0,0,0,0,0,0,0,0,0,0,0,0,0,0,0,0,0,0,0,16.0501941253844,12,TRUE,11.7764748515451,1.21712812429506,0,10.55934672725,30.575
"SARIMA","Blantyre",3,"month","incidence",2023-05-01,2023-08-01,0,0,0,0,0,0,0,0,0,0,0,0,0,0,0,0,0,0,0,0,0,1,1,0,0,0,0,0,0,0,0,0,1,1,11.7016370168314,12,TRUE,7.30943191822201,1.33550276905323,0,5.97392914916878,24.6411
"SARIMA","Chikwawa",1,"month","incidence",2023-05-01,2023-06-01,0,0,0,0,0,0,0,0,0,0,0,0,0,0,0,0,0,0,0,0,0,0,0,0,0,0,0,0,0,0,0,0,0,0,21.4628840352658,12,TRUE,15.1434427298849,1.79973677487272,0,13.3437059550121,42.9393
"SARIMA","Chikwawa",2,"month","incidence",2023-05-01,2023-07-01,0,0,0,0,0,0,0,0,0,0,0,0,0,0,0,0,0,0,0,0,1,1,1,0,0,0,0,0,0,0,0,1,1,1,12.7211823379459,12,TRUE,7.19501945991537,2.01573734932904,0,5.17928211058633,30.8794
"SARIMA","Chikwawa",3,"month","incidence",2023-05-01,2023-08-01,0,0,0,0,0,0,0,0,0,0,0,0,0,0,0,0,0,0,0,0,0,1,1,0,0,0,0,0,0,0,0,0,1,1,19.0466979618942,12,TRUE,11.8710784270019,2.14383480621516,0,9.72724362078671,33.4022
"SARIMA","Chiradzulu",1,"month","incidence",2023-05-01,2023-06-01,0,0,0,0,0,0,0,0,0,0,0,0,0,0,0,0,0,0,0,0,0,0,0,0,0,0,0,0,0,0,0,0,0,0,17.1063835564399,12,TRUE,12.3963536013115,1.27811059267822,0,11.1182430086332,23.5633
"SARIMA","Chiradzulu",2,"month","incidence",2023-05-01,2023-07-01,0,0,0,0,0,0,0,0,0,0,0,0,0,0,0,0,0,0,0,0,0,0,0,0,0,0,0,0,0,0,0,0,0,0,17.4728408149858,12,TRUE,11.4856722835402,1.18756083749485,0,10.2981114460454,19.796
"SARIMA","Chiradzulu",3,"month","incidence",2023-05-01,2023-08-01,0,0,0,0,0,0,0,0,0,0,0,0,0,0,0,0,0,0,0,0,1,1,1,0,0,0,0,0,0,0,0,1,1,1,10.5722996083799,12,TRUE,5.35639716222694,1.08023574449526,0,4.27616141773169,11.7945
"SARIMA","Chitipa",1,"month","incidence",2023-05-01,2023-06-01,0,0,0,0,0,0,0,0,0,0,0,0,0,0,0,0,1,1,1,1,1,1,1,0,0,0,0,1,1,1,1,1,1,1,4.93588340319764,12,TRUE,2.79069890559305,1.81663913741138,0,0.974059768181671,21.382
"SARIMA","Chitipa",2,"month","incidence",2023-05-01,2023-07-01,0,0,0,0,0,0,0,0,0,0,0,0,0,0,0,0,0,0,1,1,1,1,1,0,0,0,0,0,0,1,1,1,1,1,9.78517644019539,12,TRUE,4.99587430675392,1.94899648471129,0,3.04687782204263,16.6044
"SARIMA","Chitipa",3,"month","incidence",2023-05-01,2023-08-01,0,0,0,0,0,0,0,0,0,0,0,0,0,0,0,0,0,0,1,1,1,1,1,0,0,0,0,0,0,1,1,1,1,1,9.30213733063378,12,TRUE,4.37867967030893,1.755199128951,0,2.62348054135793,12.9588
"SARIMA","Dedza",1,"month","incidence",2023-05-01,2023-06-01,0,0,0,0,0,0,0,0,0,0,0,0,0,0,0,0,0,0,0,0,1,1,1,0,0,0,0,0,0,0,0,1,1,1,7.19834457026133,12,TRUE,4.10304978996231,1.11621532013583,0,2.98683446982648,23.8144
"SARIMA","Dedza",2,"month","incidence",2023-05-01,2023-07-01,0,0,0,0,0,0,0,0,0,0,0,0,0,0,0,0,0,0,0,0,0,0,0,0,0,0,0,0,0,0,0,0,0,0,14.255531534903,12,TRUE,9.76482049862544,1.2625259641294,0,8.50229453449604,23.4082
"SARIMA","Dedza",3,"month","incidence",2023-05-01,2023-08-01,0,0,0,0,0,0,0,0,0,0,0,0,0,0,0,0,0,0,0,1,1,1,1,0,0,0,0,0,0,0,1,1,1,1,7.29122023025475,12,TRUE,3.9746830773713,1.28897032674767,0,2.68571275062364,14.825
"SARIMA","Dowa",1,"month","incidence",2023-05-01,2023-06-01,0,0,0,0,0,0,0,0,0,0,0,0,0,0,0,1,1,1,1,1,1,1,1,0,0,0,1,1,1,1,1,1,1,1,6.06736309989001,12,TRUE,3.26943799907511,2.20314384221795,0,1.06629415685716,13.2888
"SARIMA","Dowa",2,"month","incidence",2023-05-01,2023-07-01,0,0,0,0,0,0,0,0,0,0,0,0,0,0,0,0,0,1,1,1,1,1,1,0,0,0,0,0,1,1,1,1,1,1,11.0641197040689,12,TRUE,4.41309588595383,1.88927705481161,0,2.52381883114221,11.8799
"SARIMA","Dowa",3,"month","incidence",2023-05-01,2023-08-01,0,0,0,0,0,0,0,0,0,0,0,0,0,0,0,1,1,1,1,1,1,1,1,0,0,0,1,1,1,1,1,1,1,1,8.4479,12,TRUE,3.57167454084351,2.06940843419952,0,1.50226610664399,8.4479
"SARIMA","Karonga",1,"month","incidence",2023-05-01,2023-06-01,0,0,0,0,0,0,0,0,0,0,0,0,0,0,0,0,0,0,0,0,0,1,1,0,0,0,0,0,0,0,0,0,1,1,11.5463877299923,12,TRUE,7.15186377179032,1.35440186087742,0,5.7974619109129,42.8108
"SARIMA","Karonga",2,"month","incidence",2023-05-01,2023-07-01,0,0,0,0,0,0,0,0,0,0,0,0,0,0,0,0,0,0,0,1,1,1,1,0,0,0,0,0,0,0,1,1,1,1,9.5970576906542,12,TRUE,5.2807846842805,1.72307400669192,0,3.55771067758858,41.6765
"SARIMA","Karonga",3,"month","incidence",2023-05-01,2023-08-01,0,0,0,0,0,0,0,0,0,0,0,0,0,0,0,0,0,1,1,1,1,1,1,0,0,0,0,0,1,1,1,1,1,1,8.3652675179104,12,TRUE,4.43340412454269,2.17641588416904,0,2.25698824037365,37.1568
"SARIMA","Kasungu",1,"month","incidence",2023-05-01,2023-06-01,0,0,0,0,0,0,0,0,0,0,0,0,0,0,0,0,0,0,0,1,1,1,1,0,0,0,0,0,0,0,1,1,1,1,12.7084941941364,12,TRUE,7.07609052012992,2.1285645366665,0,4.94752598346342,33.2602
"SARIMA","Kasungu",2,"month","incidence",2023-05-01,2023-07-01,0,0,0,0,0,0,0,0,0,0,0,0,0,0,0,0,0,0,0,0,1,1,1,0,0,0,0,0,0,0,0,1,1,1,16.5103880585091,12,TRUE,9.26748214781764,2.60568007957797,0,6.66180206823968,33.0519
"SARIMA","Kasungu",3,"month","incidence",2023-05-01,2023-08-01,0,0,0,0,0,0,0,0,0,0,0,0,0,0,0,1,1,1,1,1,1,1,1,0,0,0,1,1,1,1,1,1,1,1,5.86350874094963,12,TRUE,3.83544371466519,3.03663185996751,0,0.798811854697681,21.0232
"SARIMA","Likoma",1,"month","incidence",2023-05-01,2023-06-01,0,0,0,1,1,1,1,1,1,1,1,1,1,1,1,1,1,1,1,1,1,1,1,0,0,0,0,0,0,0,0,1,1,1,18.5819740024598,12,TRUE,10.7424986859756,2.74317407990992,7.99932460606565,0,24.9453
"SARIMA","Likoma",2,"month","incidence",2023-05-01,2023-07-01,0,0,0,0,1,1,1,1,1,1,1,1,1,1,1,1,1,1,1,1,1,1,1,0,0,0,0,0,0,0,1,1,1,1,20.3097518600738,12,TRUE,11.1054934850636,3.76562286006287,7.33987062500074,0,19.131
"SARIMA","Likoma",3,"month","incidence",2023-05-01,2023-08-01,0,0,0,0,0,0,1,1,1,1,1,1,1,1,1,1,1,1,1,1,1,1,1,0,0,0,0,0,1,1,1,1,1,1,14.7753293235683,12,TRUE,7.85236182714165,3.97485389804921,3.87750792909244,0,22.6321
"SARIMA","Lilongwe",1,"month","incidence",2023-05-01,2023-06-01,0,0,0,0,0,0,0,0,0,0,0,0,0,0,0,0,1,1,1,1,1,1,1,0,0,0,0,1,1,1,1,1,1,1,5.0100445561416,12,TRUE,2.70348871566545,1.66228379541814,0,1.04120492024731,12.8032
"SARIMA","Lilongwe",2,"month","incidence",2023-05-01,2023-07-01,0,0,0,0,0,0,0,0,0,0,0,0,0,0,0,0,0,0,1,1,1,1,1,0,0,0,0,0,0,1,1,1,1,1,8.4005,12,TRUE,3.77750348304125,0.807630677402305,0,2.96987280563894,8.4005
"SARIMA","Lilongwe",3,"month","incidence",2023-05-01,2023-08-01,0,0,0,0,0,0,0,0,0,0,0,0,0,0,0,0,0,0,1,1,1,1,1,0,0,0,0,0,0,1,1,1,1,1,6.8132,12,TRUE,3.42034459460097,0.555025830937566,0,2.8653187636634,6.8132
"SARIMA","Machinga",1,"month","incidence",2023-05-01,2023-06-01,0,0,0,0,0,0,0,0,1,1,1,1,1,1,1,1,1,1,1,1,1,1,1,0,0,0,1,1,1,1,1,1,1,1,3.08543380237438,12,TRUE,2.01005926582027,1.55655987914687,0.453499386673396,0,38.3651
"SARIMA","Machinga",2,"month","incidence",2023-05-01,2023-07-01,0,0,0,0,0,0,0,0,0,0,0,0,0,0,0,0,0,0,0,0,1,1,1,0,0,0,0,0,0,0,0,1,1,1,11.4261861797426,12,TRUE,6.49509965584711,1.78814224286592,0,4.70695741298119,45.0867
"SARIMA","Machinga",3,"month","incidence",2023-05-01,2023-08-01,0,0,0,0,0,0,0,0,0,0,0,0,0,0,0,0,0,0,1,1,1,1,1,0,0,0,0,0,0,1,1,1,1,1,7.65681142289191,12,TRUE,4.05676513884048,1.87281012245701,0,2.18395501638347,41.8094
"SARIMA","Mangochi",1,"month","incidence",2023-05-01,2023-06-01,0,0,0,0,0,0,0,0,0,0,0,0,0,0,0,0,1,1,1,1,1,1,1,0,0,0,0,1,1,1,1,1,1,1,3.84689718846261,12,TRUE,2.11311082084609,1.28215417088463,0,0.830956649961461,26.8686
"SARIMA","Mangochi",2,"month","incidence",2023-05-01,2023-07-01,0,0,0,0,0,0,0,0,0,0,0,0,0,0,0,0,0,0,1,1,1,1,1,0,0,0,0,0,0,1,1,1,1,1,7.67183661277276,12,TRUE,4.06603397041007,1.80539625689309,0,2.26063771351699,22.6651
"SARIMA","Mangochi",3,"month","incidence",2023-05-01,2023-08-01,0,0,0,0,0,0,0,0,0,0,0,0,0,0,0,1,1,1,1,1,1,1,1,0,0,0,1,1,1,1,1,1,1,1,4.46964849830617,12,TRUE,2.86620564715131,2.19860967185021,0,0.667595975301101,20.4189
"SARIMA","Mchinji",1,"month","incidence",2023-05-01,2023-06-01,0,0,0,0,0,0,0,0,0,0,0,0,0,0,1,1,1,1,1,1,1,1,1,0,0,1,1,1,1,1,1,1,1,1,4.8566252499603,12,TRUE,3.71972869941217,3.15188119771942,0,0.56784750169275,36.2575
"SARIMA","Mchinji",2,"month","incidence",2023-05-01,2023-07-01,0,0,0,0,0,0,0,0,0,0,0,1,1,1,1,1,1,1,1,1,1,1,1,1,1,1,1,1,1,1,1,1,1,1,0.15128655764423,12,TRUE,4.3408272697533,4.33424959333399,0.00657767641931435,0,23.9496
"SARIMA","Mchinji",3,"month","incidence",2023-05-01,2023-08-01,0,0,0,0,0,0,0,0,0,0,1,1,1,1,1,1,1,1,1,1,1,1,1,0,1,1,1,1,1,1,1,1,1,1,3.25723649114035,12,TRUE,5.27998124039233,5.13533222097571,0.144649019416615,0,19.0045
"SARIMA","Mulanje",1,"month","incidence",2023-05-01,2023-06-01,0,0,0,0,0,0,0,0,0,0,0,0,0,0,0,0,0,0,1,1,1,1,1,0,0,0,0,0,0,1,1,1,1,1,10.2996795266217,12,TRUE,5.51097277015194,2.14639035971878,0,3.36458241043316,38.8703
"SARIMA","Mulanje",2,"month","incidence",2023-05-01,2023-07-01,0,0,0,0,0,0,0,0,0,0,0,0,0,0,1,1,1,1,1,1,1,1,1,0,0,1,1,1,1,1,1,1,1,1,3.37701810911962,12,TRUE,2.6598324213932,2.27806865887644,0,0.381763762516769,29.7718
"SARIMA","Mulanje",3,"month","incidence",2023-05-01,2023-08-01,0,0,0,0,0,0,0,0,0,0,0,0,0,0,0,0,1,1,1,1,1,1,1,0,0,0,0,1,1,1,1,1,1,1,8.39499222591687,12,TRUE,4.59976422510635,2.79296676226376,0,1.80679746284258,29.9965
"SARIMA","Mwanza",1,"month","incidence",2023-05-01,2023-06-01,0,0,0,0,0,0,0,0,0,0,1,1,1,1,1,1,1,1,1,1,1,1,1,0,1,1,1,1,1,1,1,1,1,1,2.19105532100848,12,TRUE,3.69599353311646,3.59454812508917,0.101445408027289,0,46.322
"SARIMA","Mwanza",2,"month","incidence",2023-05-01,2023-07-01,0,0,0,0,0,0,0,0,0,0,0,0,0,1,1,1,1,1,1,1,1,1,1,0,1,1,1,1,1,1,1,1,1,1,5.12480459534489,12,TRUE,5.39835417728705,4.98864359143537,0,0.409710585851679,40.5096
"SARIMA","Mwanza",3,"month","incidence",2023-05-01,2023-08-01,0,0,0,0,0,0,0,0,0,0,0,0,0,0,1,1,1,1,1,1,1,1,1,0,0,1,1,1,1,1,1,1,1,1,10.8565556717805,12,TRUE,7.69076617347207,6.38912826699266,0,1.30163790647941,37.505
"SARIMA","Mzimba",1,"month","incidence",2023-05-01,2023-06-01,0,0,0,0,0,0,0,0,0,0,0,0,0,0,0,0,0,0,0,1,1,1,1,0,0,0,0,0,0,0,1,1,1,1,8.80607629708399,12,TRUE,4.77259997649931,1.70955823385411,0,3.06304174264521,31.4174
"SARIMA","Mzimba",2,"month","incidence",2023-05-01,2023-07-01,0,0,0,0,0,0,0,0,0,0,0,0,0,0,0,0,0,1,1,1,1,1,1,0,0,0,0,0,1,1,1,1,1,1,6.86216279383964,12,TRUE,3.63826907484928,1.984607714605,0,1.65366136024427,18.4765
"SARIMA","Mzimba",3,"month","incidence",2023-05-01,2023-08-01,0,0,0,0,0,0,0,0,0,0,0,0,0,0,0,0,1,1,1,1,1,1,1,0,0,0,0,1,1,1,1,1,1,1,6.55140788628266,12,TRUE,3.26649284993502,1.97597476571987,0,1.29051808421514,11.6021
"SARIMA","Neno",1,"month","incidence",2023-05-01,2023-06-01,0,0,0,0,0,0,0,0,0,0,0,0,0,0,1,1,1,1,1,1,1,1,1,0,0,1,1,1,1,1,1,1,1,1,7.11331909283727,12,TRUE,5.36239653090274,4.514291312318,0,0.848105218584733,96.4397
"SARIMA","Neno",2,"month","incidence",2023-05-01,2023-07-01,0,0,0,0,0,0,0,0,0,0,0,0,1,1,1,1,1,1,1,1,1,1,1,1,1,1,1,1,1,1,1,1,1,1,0.991330901793503,12,TRUE,5.27812668312058,5.23502533956434,0,0.0431013435562393,75.7386
"SARIMA","Neno",3,"month","incidence",2023-05-01,2023-08-01,0,0,0,0,0,0,0,0,0,1,1,1,1,1,1,1,1,1,1,1,1,1,1,0,0,1,1,1,1,1,1,1,1,1,8.99373262638334,12,TRUE,6.93626426710754,5.89308725207481,1.04317701503273,0,52.0923
"SARIMA","Nkhatabay",1,"month","incidence",2023-05-01,2023-06-01,0,0,0,0,0,0,0,0,0,0,0,0,0,0,0,0,0,0,0,0,1,1,1,0,0,0,0,0,0,0,0,1,1,1,18.4485,12,TRUE,10.6171453732279,2.76765230700262,0,7.84949306622526,80.8918
"SARIMA","Nkhatabay",2,"month","incidence",2023-05-01,2023-07-01,0,0,0,0,0,0,0,0,0,0,0,0,0,0,0,1,1,1,1,1,1,1,1,0,0,0,1,1,1,1,1,1,1,1,7.9406,12,TRUE,5.10982569710628,3.91405142849629,0,1.19577426860999,70.3839
"SARIMA","Nkhatabay",3,"month","incidence",2023-05-01,2023-08-01,0,0,0,0,0,0,0,0,0,0,0,0,0,0,0,0,0,0,0,1,1,1,1,0,0,0,0,0,0,0,1,1,1,1,27.1221,12,TRUE,14.9669987639375,4.79371441341375,0,10.1732843505237,89.5654
"SARIMA","Nkhotakota",1,"month","incidence",2023-05-01,2023-06-01,0,0,0,0,0,0,0,0,0,0,0,0,0,0,0,0,0,0,0,1,1,1,1,0,0,0,0,0,0,0,1,1,1,1,12.0463156742365,12,TRUE,6.57737268628543,2.2528631082262,0,4.32450957805924,44.8414
"SARIMA","Nkhotakota",2,"month","incidence",2023-05-01,2023-07-01,0,0,0,0,0,0,0,0,0,0,0,0,0,0,0,0,0,0,0,1,1,1,1,0,0,0,0,0,0,0,1,1,1,1,15.0951146015839,12,TRUE,8.29851076795767,2.72356129983976,0,5.57494946811791,45.4201
"SARIMA","Nkhotakota",3,"month","incidence",2023-05-01,2023-08-01,0,0,0,0,0,0,0,0,0,0,0,0,0,0,0,0,0,0,0,0,1,1,1,0,0,0,0,0,0,0,0,1,1,1,24.7240115036331,12,TRUE,14.7347769681876,3.24146911718429,0,11.4933078510033,57.9395
"SARIMA","Nsanje",1,"month","incidence",2023-05-01,2023-06-01,0,0,0,0,0,0,0,0,0,0,0,0,1,1,1,1,1,1,1,1,1,1,1,1,1,1,1,1,1,1,1,1,1,1,0.661961246274934,12,TRUE,2.07433290873675,2.04555198498567,0,0.0287809237510841,41.4563
"SARIMA","Nsanje",2,"month","incidence",2023-05-01,2023-07-01,0,0,0,0,0,0,0,0,0,0,1,1,1,1,1,1,1,1,1,1,1,1,1,0,1,1,1,1,1,1,1,1,1,1,2.69657615773046,12,TRUE,2.64837379773083,2.4207956410115,0.227578156719331,0,28.9133
"SARIMA","Nsanje",3,"month","incidence",2023-05-01,2023-08-01,0,0,0,0,0,0,0,0,0,0,0,1,1,1,1,1,1,1,1,1,1,1,1,1,1,1,1,1,1,1,1,1,1,1,1.10045781341636,12,TRUE,2.60353423057607,2.55568823868841,0.0478459918876676,0,27.5794
"SARIMA","Ntcheu",1,"month","incidence",2023-05-01,2023-06-01,0,0,0,0,0,0,0,0,0,0,0,0,0,0,0,0,0,0,0,0,1,1,1,0,0,0,0,0,0,0,0,1,1,1,13.7565583165596,12,TRUE,8.02628310997022,1.96350117818506,0,6.06278193178516,44.7279
"SARIMA","Ntcheu",2,"month","incidence",2023-05-01,2023-07-01,0,0,0,0,0,0,0,0,0,0,0,0,0,0,0,0,0,0,1,1,1,1,1,0,0,0,0,0,0,1,1,1,1,1,9.70348230925712,12,TRUE,5.1465690873953,2.25887103074031,0,2.887698056655,28.487
"SARIMA","Ntcheu",3,"month","incidence",2023-05-01,2023-08-01,0,0,0,0,0,0,0,0,0,0,0,0,0,0,0,1,1,1,1,1,1,1,1,0,0,0,1,1,1,1,1,1,1,1,4.74312059739925,12,TRUE,3.03232975226441,2.32575531406986,0,0.706574438194549,19.9114
"SARIMA","Ntchisi",1,"month","incidence",2023-05-01,2023-06-01,0,0,0,0,0,0,0,0,0,0,0,0,0,0,0,0,0,1,1,1,1,1,1,0,0,0,0,0,1,1,1,1,1,1,10.9375399130438,12,TRUE,5.75136231180508,2.90253418805152,0,2.84882812375356,27.867
"SARIMA","Ntchisi",2,"month","incidence",2023-05-01,2023-07-01,0,0,0,0,0,0,0,0,0,0,0,0,0,0,0,1,1,1,1,1,1,1,1,0,0,0,1,1,1,1,1,1,1,1,6.99182722204572,12,TRUE,4.39251957023108,3.45476049607441,0,0.937759074156671,19.5366
"SARIMA","Ntchisi",3,"month","incidence",2023-05-01,2023-08-01,0,0,0,0,0,0,0,0,0,0,0,0,0,0,1,1,1,1,1,1,1,1,1,0,0,1,1,1,1,1,1,1,1,1,6.33322379327074,12,TRUE,4.63222581364347,4.03014574754438,0,0.602080066099089,16.1641
"SARIMA","Phalombe",1,"month","incidence",2023-05-01,2023-06-01,0,0,0,0,0,0,0,0,0,0,0,0,0,0,0,0,0,0,0,0,0,0,0,0,0,0,0,0,0,0,0,0,0,0,15.5181464696934,12,TRUE,11.5916252221421,1.11824833004142,0,10.4733768921007,39.3376
"SARIMA","Phalombe",2,"month","incidence",2023-05-01,2023-07-01,0,0,0,0,0,0,0,0,0,0,0,0,0,0,0,0,0,0,0,0,0,1,1,0,0,0,0,0,0,0,0,0,1,1,11.8994770726029,12,TRUE,7.40034154176955,1.37892213461578,0,6.02141940715378,27.3338
"SARIMA","Phalombe",3,"month","incidence",2023-05-01,2023-08-01,0,0,0,0,0,0,0,0,0,0,0,0,0,0,0,0,0,0,0,1,1,1,1,0,0,0,0,0,0,0,1,1,1,1,8.57255859757499,12,TRUE,4.7339448609202,1.4951498920423,0,3.2387949688779,21.4176
"SARIMA","Rumphi",1,"month","incidence",2023-05-01,2023-06-01,0,0,0,0,0,0,0,0,0,0,0,0,0,0,0,1,1,1,1,1,1,1,1,0,0,0,1,1,1,1,1,1,1,1,5.43086962567873,12,TRUE,3.03790164092862,2.11853050075209,0,0.919371140176531,12.9341
"SARIMA","Rumphi",2,"month","incidence",2023-05-01,2023-07-01,0,0,0,0,0,0,0,0,0,0,0,0,0,0,0,0,0,0,1,1,1,1,1,0,0,0,0,0,0,1,1,1,1,1,7.1655,12,TRUE,3.85219177997695,0.525445053338482,0,3.32674672663847,7.1655
"SARIMA","Rumphi",3,"month","incidence",2023-05-01,2023-08-01,0,0,0,0,0,0,0,0,0,0,0,0,0,0,0,0,0,0,0,1,1,1,1,0,0,0,0,0,0,0,1,1,1,1,6.4494,12,TRUE,3.85681802965959,0.363721121976193,0,3.4930969076834,6.4494
"SARIMA","Salima",1,"month","incidence",2023-05-01,2023-06-01,0,0,0,0,0,0,0,0,0,0,0,0,0,0,0,0,0,0,0,1,1,1,1,0,0,0,0,0,0,0,1,1,1,1,16.1148578768938,12,TRUE,8.96950109602311,2.71309713500824,0,6.25640396101487,92.1107
"SARIMA","Salima",2,"month","incidence",2023-05-01,2023-07-01,0,0,0,0,0,0,0,0,0,0,0,0,0,1,1,1,1,1,1,1,1,1,1,0,1,1,1,1,1,1,1,1,1,1,3.76452365638029,12,TRUE,3.84317942926294,3.53336107698203,0,0.309818352280908,67.6071
"SARIMA","Salima",3,"month","incidence",2023-05-01,2023-08-01,0,0,0,0,0,0,0,0,0,0,0,0,0,1,1,1,1,1,1,1,1,1,1,0,1,1,1,1,1,1,1,1,1,1,4.56231083145617,12,TRUE,4.40950618891451,4.02061730666485,0,0.38888888224966,61.7144
"SARIMA","Thyolo",1,"month","incidence",2023-05-01,2023-06-01,0,0,0,0,0,0,0,0,0,0,0,0,0,0,0,0,1,1,1,1,1,1,1,0,0,0,0,1,1,1,1,1,1,1,2.99603455874132,12,TRUE,1.68038760808768,1.07800601819254,0,0.602381589895143,11.6226
"SARIMA","Thyolo",2,"month","incidence",2023-05-01,2023-07-01,0,0,0,0,0,0,0,0,0,0,0,0,0,0,0,1,1,1,1,1,1,1,1,0,0,0,1,1,1,1,1,1,1,1,2.89012844055832,12,TRUE,1.83673727475379,1.43520460034354,0,0.401532674410247,8.954
"SARIMA","Thyolo",3,"month","incidence",2023-05-01,2023-08-01,0,0,0,0,0,0,0,0,0,0,0,0,0,0,0,1,1,1,1,1,1,1,1,0,0,0,1,1,1,1,1,1,1,1,3.41144747866661,12,TRUE,2.11569878857313,1.66294794602309,0,0.452750842550047,8.9732
"SARIMA","Zomba",1,"month","incidence",2023-05-01,2023-06-01,0,0,0,0,0,0,0,0,0,0,0,0,0,0,0,0,0,0,0,0,1,1,1,0,0,0,0,0,0,0,0,1,1,1,10.5382847942888,12,TRUE,6.19860780279978,1.45828048998424,0,4.74032731281554,29.2125
"SARIMA","Zomba",2,"month","incidence",2023-05-01,2023-07-01,0,0,0,0,0,0,0,0,0,0,0,0,0,0,0,0,0,0,0,0,1,1,1,0,0,0,0,0,0,0,0,1,1,1,13.6369505919798,12,TRUE,7.98110038177713,1.82212582268207,0,6.15897455909507,23.7843
"SARIMA","Zomba",3,"month","incidence",2023-05-01,2023-08-01,0,0,0,0,0,0,0,0,0,0,0,0,0,0,0,0,0,0,0,0,1,1,1,0,0,0,0,0,0,0,0,1,1,1,13.5233375782931,12,TRUE,7.58654295583267,1.99610016159621,0,5.59044279423646,22.6501
"SARIMA","Balaka",1,"month","incidence",2023-06-01,2023-07-01,0,0,0,0,0,0,0,0,0,0,0,1,1,1,1,1,1,1,1,1,1,1,1,1,1,1,1,1,1,1,1,1,1,1,1.06542536845582,12,TRUE,2.87757028153672,2.83124743942994,0.0463228421067749,0,22.7263
"SARIMA","Balaka",2,"month","incidence",2023-06-01,2023-08-01,0,0,0,0,1,1,1,1,1,1,1,1,1,1,1,1,1,1,1,1,1,1,1,0,0,0,0,0,0,0,1,1,1,1,17.0408098301003,12,TRUE,9.2058509674139,3.34417023201755,5.86168073539635,0,13.4768
"SARIMA","Balaka",3,"month","incidence",2023-06-01,2023-09-01,0,0,0,0,0,0,0,0,1,1,1,1,1,1,1,1,1,1,1,1,1,1,1,0,0,0,1,1,1,1,1,1,1,1,8.65098879044461,12,TRUE,5.01297728413973,3.48278052714832,1.53019675699141,0,14.4325
"SARIMA","Blantyre",1,"month","incidence",2023-06-01,2023-07-01,0,0,0,0,0,0,0,0,0,0,0,0,0,0,0,0,0,0,0,1,1,1,1,0,0,0,0,0,0,0,1,1,1,1,7.36493201684216,12,TRUE,4.08573075958186,1.26387658810226,0,2.8218541714796,30.575
"SARIMA","Blantyre",2,"month","incidence",2023-06-01,2023-08-01,0,0,0,0,0,0,0,0,0,0,0,0,0,0,0,1,1,1,1,1,1,1,1,0,0,0,1,1,1,1,1,1,1,1,3.08592287354892,12,TRUE,1.90610185143859,1.40525690718239,0,0.5008449442562,24.6411
"SARIMA","Blantyre",3,"month","incidence",2023-06-01,2023-09-01,0,0,0,0,0,0,0,0,0,0,0,0,0,0,1,1,1,1,1,1,1,1,1,0,0,1,1,1,1,1,1,1,1,1,2.04808469844444,12,TRUE,1.75610180150605,1.55073260063952,0,0.205369200866522,19.4806
"SARIMA","Chikwawa",1,"month","incidence",2023-06-01,2023-07-01,0,0,0,0,0,0,0,0,0,0,0,0,0,0,0,1,1,1,1,1,1,1,1,0,0,0,1,1,1,1,1,1,1,1,3.69543834330237,12,TRUE,2.43820456826778,1.90898557548287,0,0.529218992784914,30.8794
"SARIMA","Chikwawa",2,"month","incidence",2023-06-01,2023-08-01,0,0,0,0,0,0,0,0,0,0,0,0,0,0,0,0,0,1,1,1,1,1,1,0,0,0,0,0,1,1,1,1,1,1,7.98029340880321,12,TRUE,4.25205565136557,2.1903488967541,0,2.06170675461148,33.4022
"SARIMA","Chikwawa",3,"month","incidence",2023-06-01,2023-09-01,0,0,0,0,0,0,0,0,0,0,0,0,0,0,1,1,1,1,1,1,1,1,1,0,0,1,1,1,1,1,1,1,1,1,3.06983437747124,12,TRUE,2.72949210480874,2.43947342989712,0,0.290018674911618,29.8162
"SARIMA","Chiradzulu",1,"month","incidence",2023-06-01,2023-07-01,0,0,0,0,0,0,0,0,0,0,0,0,0,0,0,0,0,0,1,1,1,1,1,0,0,0,0,0,0,1,1,1,1,1,6.09356560131744,12,TRUE,3.2334541990559,1.44215461158651,0,1.7912995874694,19.796
"SARIMA","Chiradzulu",2,"month","incidence",2023-06-01,2023-08-01,0,0,0,0,0,0,0,0,0,0,0,0,0,0,1,1,1,1,1,1,1,1,1,0,0,1,1,1,1,1,1,1,1,1,2.97230810036744,12,TRUE,2.04763038835883,1.66837696834894,0,0.379253420009893,11.7945
"SARIMA","Chiradzulu",3,"month","incidence",2023-06-01,2023-09-01,0,0,0,0,0,0,0,0,0,0,0,1,1,1,1,1,1,1,1,1,1,1,1,1,1,1,1,1,1,1,1,1,1,1,0.239326515274158,12,TRUE,1.69246690251099,1.6820614018469,0.0104055006640938,0,6.2704
"SARIMA","Chitipa",1,"month","incidence",2023-06-01,2023-07-01,0,0,0,0,0,0,0,0,0,0,0,0,0,0,0,0,0,0,1,1,1,1,1,0,0,0,0,0,0,1,1,1,1,1,7.21165234706391,12,TRUE,3.76187400849811,1.73417222335722,0,2.0277017851409,16.6044
"SARIMA","Chitipa",2,"month","incidence",2023-06-01,2023-08-01,0,0,0,0,0,0,0,0,0,0,0,0,0,0,0,0,0,1,1,1,1,1,1,0,0,0,0,0,1,1,1,1,1,1,7.65028610801551,12,TRUE,3.76901268864015,1.82919139497037,0,1.93982129366978,12.9588
"SARIMA","Chitipa",3,"month","incidence",2023-06-01,2023-09-01,0,0,0,0,0,0,0,0,0,0,0,0,0,1,1,1,1,1,1,1,1,1,1,0,1,1,1,1,1,1,1,1,1,1,2.61702316100306,12,TRUE,2.19768756750529,1.97346141244741,0,0.224226155057872,8.6535
"SARIMA","Dedza",1,"month","incidence",2023-06-01,2023-07-01,0,0,0,0,0,0,0,0,0,0,0,0,0,0,0,0,0,0,0,0,0,1,1,0,0,0,0,0,0,0,0,0,1,1,10.3669565693581,12,TRUE,6.55573130786545,1.13977066735252,0,5.41596064051293,23.4082
"SARIMA","Dedza",2,"month","incidence",2023-06-01,2023-08-01,0,0,0,0,0,0,0,0,0,0,0,0,0,0,0,0,0,0,1,1,1,1,1,0,0,0,0,0,0,1,1,1,1,1,5.186599562597,12,TRUE,2.73403505438814,1.28330128157955,0,1.4507337728086,14.825
"SARIMA","Dedza",3,"month","incidence",2023-06-01,2023-09-01,0,0,0,0,0,0,0,0,0,0,0,0,0,0,1,1,1,1,1,1,1,1,1,0,0,1,1,1,1,1,1,1,1,1,1.66729855045657,12,TRUE,1.47471481380368,1.3187082932543,0,0.156006520549375,10.8911
"SARIMA","Dowa",1,"month","incidence",2023-06-01,2023-07-01,0,0,0,0,0,0,0,0,0,0,0,0,0,0,0,0,0,1,1,1,1,1,1,0,0,0,0,0,1,1,1,1,1,1,7.55321795550433,12,TRUE,3.60828075842328,1.81366137472983,0,1.79461938369345,11.8799
"SARIMA","Dowa",2,"month","incidence",2023-06-01,2023-08-01,0,0,0,0,0,0,0,0,0,0,0,0,0,0,1,1,1,1,1,1,1,1,1,0,0,1,1,1,1,1,1,1,1,1,3.99755358175343,12,TRUE,2.73484247693215,2.36050519672064,0,0.374337280211513,8.4479
"SARIMA","Dowa",3,"month","incidence",2023-06-01,2023-09-01,0,0,0,0,0,0,0,0,0,0,0,0,1,1,1,1,1,1,1,1,1,1,1,1,1,1,1,1,1,1,1,1,1,1,1.19083582734926,12,TRUE,3.36950017834767,3.31772470759335,0,0.0517754707543158,7.5723
"SARIMA","Karonga",1,"month","incidence",2023-06-01,2023-07-01,0,0,0,0,0,0,0,0,0,0,0,0,0,0,1,1,1,1,1,1,1,1,1,0,0,1,1,1,1,1,1,1,1,1,2.30144944893802,12,TRUE,1.76514903554317,1.49627744232993,0,0.268871593213248,41.6765
"SARIMA","Karonga",2,"month","incidence",2023-06-01,2023-08-01,0,0,0,0,0,0,0,0,0,0,0,0,1,1,1,1,1,1,1,1,1,1,1,1,1,1,1,1,1,1,1,1,1,1,0.571036280113134,12,TRUE,1.95211663111154,1.9272889667588,0,0.024827664352745,37.1568
"SARIMA","Karonga",3,"month","incidence",2023-06-01,2023-09-01,0,0,0,0,0,0,0,0,0,0,0,0,0,0,0,0,0,0,0,1,1,1,1,0,0,0,0,0,0,0,1,1,1,1,12.1091973946952,12,TRUE,6.66829192849408,2.16494589016341,0,4.50334603833068,46.4305
"SARIMA","Kasungu",1,"month","incidence",2023-06-01,2023-07-01,0,0,0,0,0,0,0,0,0,0,0,0,0,0,0,0,0,1,1,1,1,1,1,0,0,0,0,0,1,1,1,1,1,1,7.0597461301873,12,TRUE,3.80659420534562,2.16419057371271,0,1.64240363163291,33.0519
"SARIMA","Kasungu",2,"month","incidence",2023-06-01,2023-08-01,0,0,0,0,0,0,0,0,0,1,1,1,1,1,1,1,1,1,1,1,1,1,1,0,0,1,1,1,1,1,1,1,1,1,4.42229475895587,12,TRUE,3.23780399448342,2.6936221328192,0.544181861664223,0,21.0232
"SARIMA","Kasungu",3,"month","incidence",2023-06-01,2023-09-01,0,0,0,0,0,0,1,1,1,1,1,1,1,1,1,1,1,1,1,1,1,1,1,0,0,0,0,0,1,1,1,1,1,1,12.393007145428,12,TRUE,6.54801784601866,3.19767315912211,3.35034468689656,0,12.7421
"SARIMA","Likoma",1,"month","incidence",2023-06-01,2023-07-01,0,0,0,0,0,0,0,0,0,0,1,1,1,1,1,1,1,1,1,1,1,1,1,0,1,1,1,1,1,1,1,1,1,1,2.60493551266462,12,TRUE,2.64855912823699,2.43390366893042,0.214655459306574,0,19.131
"SARIMA","Likoma",2,"month","incidence",2023-06-01,2023-08-01,0,0,0,0,0,0,0,0,0,0,0,1,1,1,1,1,1,1,1,1,1,1,1,1,1,1,1,1,1,1,1,1,1,1,1.25598716246736,12,TRUE,3.24468802922277,3.19007989172419,0.054608137498581,0,22.6321
"SARIMA","Likoma",3,"month","incidence",2023-06-01,2023-09-01,0,0,0,0,0,0,0,0,0,0,0,0,0,0,0,0,0,0,0,1,1,1,1,0,0,0,0,0,0,0,1,1,1,1,17.6579068536589,12,TRUE,9.53855289484482,3.42927308916869,0,6.10927980567614,44.6389
"SARIMA","Lilongwe",1,"month","incidence",2023-06-01,2023-07-01,0,0,0,0,0,0,0,0,0,0,0,0,0,0,0,0,0,1,1,1,1,1,1,0,0,0,0,0,1,1,1,1,1,1,6.41673511004859,12,TRUE,2.90050614394215,1.22845737851801,0,1.67204876542415,8.4005
"SARIMA","Lilongwe",2,"month","incidence",2023-06-01,2023-08-01,0,0,0,0,0,0,0,0,0,0,0,0,0,0,0,0,0,1,1,1,1,1,1,0,0,0,0,0,1,1,1,1,1,1,6.8132,12,TRUE,2.64630054037367,1.01656426096867,0,1.629736279405,6.8132
"SARIMA","Lilongwe",3,"month","incidence",2023-06-01,2023-09-01,0,0,0,0,0,0,0,0,0,0,0,0,0,0,0,0,0,0,1,1,1,1,1,0,0,0,0,0,0,1,1,1,1,1,9.7372,12,TRUE,4.20549019520522,1.06262106534076,0,3.14286912986445,9.7372
"SARIMA","Machinga",1,"month","incidence",2023-06-01,2023-07-01,0,0,0,0,0,0,0,0,0,0,0,0,0,0,0,0,0,0,0,0,0,1,1,0,0,0,0,0,0,0,0,0,1,1,13.1916749086972,12,TRUE,8.17652516862762,1.54423660459272,0,6.6322885640349,45.0867
"SARIMA","Machinga",2,"month","incidence",2023-06-01,2023-08-01,0,0,0,0,0,0,0,0,0,0,0,0,0,0,0,0,0,0,0,1,1,1,1,0,0,0,0,0,0,0,1,1,1,1,8.97906187752054,12,TRUE,4.83776240504491,1.79350288982961,0,3.0442595152153,41.8094
"SARIMA","Machinga",3,"month","incidence",2023-06-01,2023-09-01,0,0,0,0,0,0,0,0,0,0,0,0,0,0,0,0,0,0,0,0,0,0,0,0,0,0,0,0,0,0,0,0,0,0,26.8620342078539,12,TRUE,20.2335718314127,1.887744014583,0,18.3458278168297,58.9075
"SARIMA","Mangochi",1,"month","incidence",2023-06-01,2023-07-01,0,0,0,0,0,0,0,0,0,0,0,0,0,0,0,0,0,1,1,1,1,1,1,0,0,0,0,0,1,1,1,1,1,1,4.15486776679715,12,TRUE,2.23757189447919,1.26000354998067,0,0.977568344498524,22.6651
"SARIMA","Mangochi",2,"month","incidence",2023-06-01,2023-08-01,0,0,0,0,0,0,0,0,0,0,0,0,1,1,1,1,1,1,1,1,1,1,1,1,1,1,1,1,1,1,1,1,1,1,0.913393365497754,12,TRUE,1.82162686404255,1.78191410902091,0,0.0397127550216415,20.4189
"SARIMA","Mangochi",3,"month","incidence",2023-06-01,2023-09-01,0,0,0,0,0,0,0,0,0,0,0,0,0,0,0,0,0,0,0,0,0,1,1,0,0,0,0,0,0,0,0,0,1,1,17.919009478809,12,TRUE,10.9459918239107,2.17109418088222,0,8.77489764302847,35.355
"SARIMA","Mchinji",1,"month","incidence",2023-06-01,2023-07-01,0,0,0,0,0,0,0,0,0,1,1,1,1,1,1,1,1,1,1,1,1,1,1,0,0,1,1,1,1,1,1,1,1,1,5.12886011396133,12,TRUE,3.7405217083798,3.10676220216491,0.633759506214894,0,23.9496
"SARIMA","Mchinji",2,"month","incidence",2023-06-01,2023-08-01,0,0,0,0,0,0,0,0,1,1,1,1,1,1,1,1,1,1,1,1,1,1,1,0,0,0,1,1,1,1,1,1,1,1,8.27798846539753,12,TRUE,5.47085268422182,4.32386617181257,1.14698651240925,0,19.0045
"SARIMA","Mchinji",3,"month","incidence",2023-06-01,2023-09-01,0,0,0,0,0,0,0,0,0,0,0,1,1,1,1,1,1,1,1,1,1,1,1,1,1,1,1,1,1,1,1,1,1,1,0.784862287751857,12,TRUE,5.29639897374474,5.26227452645118,0.034124447293559,0,30.0129
"SARIMA","Mulanje",1,"month","incidence",2023-06-01,2023-07-01,0,0,0,0,0,0,0,0,0,0,0,1,1,1,1,1,1,1,1,1,1,1,1,1,1,1,1,1,1,1,1,1,1,1,0.496243767371368,12,TRUE,2.17757682730815,2.15600101133548,0.0215758159726682,0,29.7718
"SARIMA","Mulanje",2,"month","incidence",2023-06-01,2023-08-01,0,0,0,0,0,0,0,0,0,0,0,0,1,1,1,1,1,1,1,1,1,1,1,1,1,1,1,1,1,1,1,1,1,1,1.14797195316182,12,TRUE,2.37800675620972,2.3280949321592,0,0.0499118240505138,29.9965
"SARIMA","Mulanje",3,"month","incidence",2023-06-01,2023-09-01,0,0,0,0,0,0,0,0,0,0,0,0,0,0,0,0,0,0,1,1,1,1,1,0,0,0,0,0,0,1,1,1,1,1,11.2793177536962,12,TRUE,5.95489279200865,2.84102159476941,0,3.11387119723924,36.2254
"SARIMA","Mwanza",1,"month","incidence",2023-06-01,2023-07-01,0,0,0,0,0,0,0,0,0,0,0,0,0,0,0,1,1,1,1,1,1,1,1,0,0,0,1,1,1,1,1,1,1,1,7.49590052861481,12,TRUE,4.75394893724966,3.59614514266016,0,1.1578037945895,40.5096
"SARIMA","Mwanza",2,"month","incidence",2023-06-01,2023-08-01,0,0,0,0,0,0,0,0,0,0,0,0,0,0,0,0,1,1,1,1,1,1,1,0,0,0,0,1,1,1,1,1,1,1,13.4009511431382,12,TRUE,7.4370955393483,4.84949608870785,0,2.58759945064045,37.505
"SARIMA","Mwanza",3,"month","incidence",2023-06-01,2023-09-01,0,0,0,0,0,0,0,0,0,0,0,0,0,0,0,0,0,1,1,1,1,1,1,0,0,0,0,0,1,1,1,1,1,1,25.6589319513617,12,TRUE,12.8055263298096,6.01177506698818,0,6.79375126282143,45.2527
"SARIMA","Mzimba",1,"month","incidence",2023-06-01,2023-07-01,0,0,0,0,0,0,0,0,0,0,0,0,1,1,1,1,1,1,1,1,1,1,1,1,1,1,1,1,1,1,1,1,1,1,0.492275287419638,12,TRUE,1.76275365830792,1.74135038494184,0,0.0214032733660712,18.4765
"SARIMA","Mzimba",2,"month","incidence",2023-06-01,2023-08-01,0,0,0,0,0,0,0,0,0,0,0,1,1,1,1,1,1,1,1,1,1,1,1,1,1,1,1,1,1,1,1,1,1,1,1.15348721411099,12,TRUE,2.10178369578461,2.05163207777978,0.0501516180048254,0,11.6021
"SARIMA","Mzimba",3,"month","incidence",2023-06-01,2023-09-01,0,0,0,0,0,0,0,0,0,0,0,0,0,1,1,1,1,1,1,1,1,1,1,0,1,1,1,1,1,1,1,1,1,1,2.144796845161,12,TRUE,2.5404476693835,2.38828526353324,0,0.152162405850257,13.9945
"SARIMA","Neno",1,"month","incidence",2023-06-01,2023-07-01,0,0,0,0,0,0,0,0,0,0,0,1,1,1,1,1,1,1,1,1,1,1,1,1,1,1,1,1,1,1,1,1,1,1,1.42144356628943,12,TRUE,4.50798647118995,4.44618457700345,0.0618018941864968,0,75.7386
"SARIMA","Neno",2,"month","incidence",2023-06-01,2023-08-01,0,0,0,0,0,0,0,0,1,1,1,1,1,1,1,1,1,1,1,1,1,1,1,0,0,0,1,1,1,1,1,1,1,1,11.6862325081313,12,TRUE,7.1384698425179,5.2055997294527,1.93287011306521,0,52.0923
"SARIMA","Neno",3,"month","incidence",2023-06-01,2023-09-01,0,0,0,0,0,0,0,0,0,0,0,0,0,1,1,1,1,1,1,1,1,1,1,0,1,1,1,1,1,1,1,1,1,1,6.70410885890809,12,TRUE,6.436201813075,5.8624029297621,0,0.573798883312895,75.0137
"SARIMA","Nkhatabay",1,"month","incidence",2023-06-01,2023-07-01,0,0,0,0,0,0,1,1,1,1,1,1,1,1,1,1,1,1,1,1,1,1,1,0,0,0,0,0,1,1,1,1,1,1,10.5079,12,TRUE,5.58451224267757,2.8121538639131,2.77235837876447,0,70.3839
"SARIMA","Nkhatabay",2,"month","incidence",2023-06-01,2023-08-01,0,0,0,0,0,0,0,0,0,0,0,0,0,0,0,1,1,1,1,1,1,1,1,0,0,0,1,1,1,1,1,1,1,1,8.67359999999999,12,TRUE,5.3762158144653,3.97698613382581,0,1.3992296806395,89.5654
"SARIMA","Nkhatabay",3,"month","incidence",2023-06-01,2023-09-01,0,0,0,0,0,0,0,0,0,0,0,0,0,0,0,0,0,0,0,0,0,1,1,0,0,0,0,0,0,0,0,0,1,1,41.7343,12,TRUE,25.8938213386186,4.87079337099862,0,21.02302796762,122.6261
"SARIMA","Nkhotakota",1,"month","incidence",2023-06-01,2023-07-01,0,0,0,0,0,0,0,0,0,0,0,0,0,0,1,1,1,1,1,1,1,1,1,0,0,1,1,1,1,1,1,1,1,1,3.42541066705453,12,TRUE,2.42342280917069,1.98595490464317,0,0.437467904527512,45.4201
"SARIMA","Nkhotakota",2,"month","incidence",2023-06-01,2023-08-01,0,0,0,0,0,0,0,0,0,0,0,0,0,0,0,0,0,0,0,1,1,1,1,0,0,0,0,0,0,0,1,1,1,1,13.4420999408974,12,TRUE,7.31889761924809,2.55015594734142,0,4.76874167190667,57.9395
"SARIMA","Nkhotakota",3,"month","incidence",2023-06-01,2023-09-01,0,0,0,0,0,0,0,0,0,0,0,0,0,0,0,0,0,0,0,0,0,1,1,0,0,0,0,0,0,0,0,0,1,1,25.3552223044576,12,TRUE,15.3195127010068,3.19302194561324,0,12.1264907553935,75.6514
"SARIMA","Nsanje",1,"month","incidence",2023-06-01,2023-07-01,0,0,0,0,0,0,0,0,0,1,1,1,1,1,1,1,1,1,1,1,1,1,1,0,0,1,1,1,1,1,1,1,1,1,3.19410330008357,12,TRUE,2.42067399946272,2.04218849021593,0.378485509246787,0,28.9133
"SARIMA","Nsanje",2,"month","incidence",2023-06-01,2023-08-01,0,0,0,0,0,0,0,0,0,0,1,1,1,1,1,1,1,1,1,1,1,1,1,0,1,1,1,1,1,1,1,1,1,1,1.48296578073706,12,TRUE,2.48574951608957,2.41623444673424,0.0695150693553296,0,27.5794
"SARIMA","Nsanje",3,"month","incidence",2023-06-01,2023-09-01,0,0,0,0,0,0,0,0,0,0,0,0,0,0,0,0,0,0,0,1,1,1,1,0,0,0,0,0,0,0,1,1,1,1,13.0617437497109,12,TRUE,7.06973651406345,2.54958563996345,0,4.5201508741,39.8625
"SARIMA","Ntcheu",1,"month","incidence",2023-06-01,2023-07-01,0,0,0,0,0,0,0,0,0,0,0,0,0,1,1,1,1,1,1,1,1,1,1,0,1,1,1,1,1,1,1,1,1,1,1.8998558463072,12,TRUE,2.17293571087434,2.02919454892649,0,0.143741161947851,28.487
"SARIMA","Ntcheu",2,"month","incidence",2023-06-01,2023-08-01,0,0,0,0,0,0,0,0,0,0,0,1,1,1,1,1,1,1,1,1,1,1,1,1,1,1,1,1,1,1,1,1,1,1,0.0606239650990581,12,TRUE,2.33316275671242,2.3305269321429,0.00263582456952427,0,19.9114
"SARIMA","Ntcheu",3,"month","incidence",2023-06-01,2023-09-01,0,0,0,0,0,0,0,0,0,0,0,0,0,0,0,1,1,1,1,1,1,1,1,0,0,0,1,1,1,1,1,1,1,1,5.10710829095448,12,TRUE,3.20147154263239,2.40577385604094,0,0.795697686591447,22.3011
"SARIMA","Ntchisi",1,"month","incidence",2023-06-01,2023-07-01,0,0,0,0,0,0,0,0,0,0,1,1,1,1,1,1,1,1,1,1,1,1,1,0,1,1,1,1,1,1,1,1,1,1,2.01171854221135,12,TRUE,3.0519307551264,2.94183904027748,0.110091714848916,0,19.5366
"SARIMA","Ntchisi",2,"month","incidence",2023-06-01,2023-08-01,0,0,0,0,0,0,0,0,0,1,1,1,1,1,1,1,1,1,1,1,1,1,1,0,0,1,1,1,1,1,1,1,1,1,5.7930258403087,12,TRUE,4.40070594613714,3.73215922668532,0.668546719451817,0,16.1641
"SARIMA","Ntchisi",3,"month","incidence",2023-06-01,2023-09-01,0,0,0,0,0,0,0,0,0,0,0,0,0,1,1,1,1,1,1,1,1,1,1,0,1,1,1,1,1,1,1,1,1,1,5.50132911755954,12,TRUE,5.36141903242706,4.90076736413245,0,0.460651668294616,34.6612
"SARIMA","Phalombe",1,"month","incidence",2023-06-01,2023-07-01,0,0,0,0,0,0,1,1,1,1,1,1,1,1,1,1,1,1,1,1,1,1,1,0,0,0,0,0,1,1,1,1,1,1,4.61307851049219,12,TRUE,2.44178548921436,1.18489131514599,1.25689417406837,0,27.3338
"SARIMA","Phalombe",2,"month","incidence",2023-06-01,2023-08-01,0,0,0,0,1,1,1,1,1,1,1,1,1,1,1,1,1,1,1,1,1,1,1,0,0,0,0,0,0,0,1,1,1,1,7.99925942421287,12,TRUE,4.34962377379362,1.52775242991855,2.82187134387508,0,21.4176
"SARIMA","Phalombe",3,"month","incidence",2023-06-01,2023-09-01,0,0,0,0,0,0,0,0,0,0,0,0,0,0,1,1,1,1,1,1,1,1,1,0,0,1,1,1,1,1,1,1,1,1,2.45804256648591,12,TRUE,1.98627882221173,1.71759919323233,0,0.2686796289794,29.4242
"SARIMA","Rumphi",1,"month","incidence",2023-06-01,2023-07-01,0,0,0,0,0,0,0,0,0,0,0,0,0,0,0,0,0,1,1,1,1,1,1,0,0,0,0,0,1,1,1,1,1,1,7.1655,12,TRUE,3.1748115848583,0.793226415897578,0,2.38158516896072,7.1655
"SARIMA","Rumphi",2,"month","incidence",2023-06-01,2023-08-01,0,0,0,0,0,0,0,0,0,0,0,0,0,0,0,0,0,0,1,1,1,1,1,0,0,0,0,0,0,1,1,1,1,1,6.4494,12,TRUE,3.46933173027798,0.514590727217277,0,2.95474100306071,6.4494
"SARIMA","Rumphi",3,"month","incidence",2023-06-01,2023-09-01,0,0,0,0,0,0,0,0,0,0,0,0,0,0,0,0,0,1,1,1,1,1,1,0,0,0,0,0,1,1,1,1,1,1,6.4533,12,TRUE,3.2821829968595,0.79618083640418,0,2.48600216045532,6.4533
"SARIMA","Salima",1,"month","incidence",2023-06-01,2023-07-01,0,0,0,0,0,1,1,1,1,1,1,1,1,1,1,1,1,1,1,1,1,1,1,0,0,0,0,0,0,1,1,1,1,1,11.5803935848362,12,TRUE,6.16805298250349,2.60804274904654,3.56001023345695,0,67.6071
"SARIMA","Salima",2,"month","incidence",2023-06-01,2023-08-01,0,0,0,0,0,0,0,1,1,1,1,1,1,1,1,1,1,1,1,1,1,1,1,0,0,0,0,1,1,1,1,1,1,1,10.191602722514,12,TRUE,5.64219670009673,3.48947068022081,2.15272601987592,0,61.7144
"SARIMA","Salima",3,"month","incidence",2023-06-01,2023-09-01,0,0,0,0,0,0,0,0,0,0,0,0,0,0,0,0,0,0,1,1,1,1,1,0,0,0,0,0,0,1,1,1,1,1,18.9713059177236,12,TRUE,10.1338048379376,4.07119826072265,0,6.06260657721497,93.274
"SARIMA","Thyolo",1,"month","incidence",2023-06-01,2023-07-01,0,0,0,0,0,0,0,0,0,0,0,1,1,1,1,1,1,1,1,1,1,1,1,1,1,1,1,1,1,1,1,1,1,1,0.149812444816067,12,TRUE,1.09077606072876,1.08426247617154,0.00651358455722032,0,8.954
"SARIMA","Thyolo",2,"month","incidence",2023-06-01,2023-08-01,0,0,0,0,0,0,0,0,0,0,0,0,1,1,1,1,1,1,1,1,1,1,1,1,1,1,1,1,1,1,1,1,1,1,0.375292138024326,12,TRUE,1.5166254354957,1.50030838601638,0,0.0163170494793185,8.9732
"SARIMA","Thyolo",3,"month","incidence",2023-06-01,2023-09-01,0,0,0,0,0,0,0,0,0,0,0,0,0,0,0,0,1,1,1,1,1,1,1,0,0,0,0,1,1,1,1,1,1,1,5.23480701448619,12,TRUE,2.85504399719836,1.79838443295584,0,1.05665956424252,13.8144
"SARIMA","Zomba",1,"month","incidence",2023-06-01,2023-07-01,0,0,0,0,0,0,0,0,0,0,0,0,0,0,0,0,0,1,1,1,1,1,1,0,0,0,0,0,1,1,1,1,1,1,5.20239280268878,12,TRUE,2.78976174890255,1.51757516890476,0,1.27218657999779,23.7843
"SARIMA","Zomba",2,"month","incidence",2023-06-01,2023-08-01,0,0,0,0,0,0,0,0,0,0,0,0,0,0,0,0,0,1,1,1,1,1,1,0,0,0,0,0,1,1,1,1,1,1,6.40758068439633,12,TRUE,3.4420197369623,1.93035565568306,0,1.51166408127924,22.6501
"SARIMA","Zomba",3,"month","incidence",2023-06-01,2023-09-01,0,0,0,0,0,0,0,0,0,0,0,0,0,0,0,0,0,0,0,0,1,1,1,0,0,0,0,0,0,0,0,1,1,1,14.096713929015,12,TRUE,8.04992961227699,2.15289876007973,0,5.89703085219725,31.7257
"SARIMA","Balaka",1,"month","incidence",2023-07-01,2023-08-01,0,0,0,0,1,1,1,1,1,1,1,1,1,1,1,1,1,1,1,1,1,1,1,0,0,0,0,0,0,0,1,1,1,1,16.2594000602453,12,TRUE,8.98991892023459,2.84009836243297,6.14982055780162,0,13.4768
"SARIMA","Balaka",2,"month","incidence",2023-07-01,2023-09-01,0,0,0,0,0,0,0,0,1,1,1,1,1,1,1,1,1,1,1,1,1,1,1,0,0,0,1,1,1,1,1,1,1,1,8.00550367717774,12,TRUE,4.69214898094426,3.29871048591308,1.39343849503118,0,14.4325
"SARIMA","Balaka",3,"month","incidence",2023-07-01,2023-10-01,0,0,0,0,0,0,0,0,0,0,0,0,0,1,1,1,1,1,1,1,1,1,1,0,1,1,1,1,1,1,1,1,1,1,3.15079409413394,12,TRUE,3.70204567331702,3.47191917955799,0,0.230126493759034,25.871
"SARIMA","Blantyre",1,"month","incidence",2023-07-01,2023-08-01,0,0,0,0,0,0,0,0,0,0,1,1,1,1,1,1,1,1,1,1,1,1,1,0,1,1,1,1,1,1,1,1,1,1,0.907514357081901,12,TRUE,1.33734729072784,1.28486968543396,0.052477605293874,0,24.6411
"SARIMA","Blantyre",2,"month","incidence",2023-07-01,2023-09-01,0,0,0,0,0,0,0,0,0,1,1,1,1,1,1,1,1,1,1,1,1,1,1,0,0,1,1,1,1,1,1,1,1,1,2.19666123826387,12,TRUE,1.71989082837779,1.46968615252587,0.25020467585192,0,19.4806
"SARIMA","Blantyre",3,"month","incidence",2023-07-01,2023-10-01,0,0,0,0,0,0,0,0,0,0,0,0,0,0,1,1,1,1,1,1,1,1,1,0,0,1,1,1,1,1,1,1,1,1,2.03638508984497,12,TRUE,1.82128620931504,1.6308534590295,0,0.190432750285542,22.9584
"SARIMA","Chikwawa",1,"month","incidence",2023-07-01,2023-08-01,0,0,0,0,0,0,0,0,0,0,0,0,0,0,0,0,0,1,1,1,1,1,1,0,0,0,0,0,1,1,1,1,1,1,6.58281948551329,12,TRUE,3.51744311656531,1.85703546085306,0,1.66040765571226,33.4022
"SARIMA","Chikwawa",2,"month","incidence",2023-07-01,2023-09-01,0,0,0,0,0,0,0,0,0,0,0,0,0,1,1,1,1,1,1,1,1,1,1,0,1,1,1,1,1,1,1,1,1,1,1.69046517866778,12,TRUE,2.19788165516266,2.08427720293455,0,0.113604452228107,29.8162
"SARIMA","Chikwawa",3,"month","incidence",2023-07-01,2023-10-01,0,0,0,0,0,0,0,0,0,0,0,0,0,0,0,0,0,0,1,1,1,1,1,0,0,0,0,0,0,1,1,1,1,1,10.0235910129507,12,TRUE,5.32909348085777,2.24515533228799,0,3.08393814856977,28.5652
"SARIMA","Chiradzulu",1,"month","incidence",2023-07-01,2023-08-01,0,0,0,0,0,0,0,0,0,0,1,1,1,1,1,1,1,1,1,1,1,1,1,0,1,1,1,1,1,1,1,1,1,1,1.49268877129333,12,TRUE,1.57398157945019,1.45397850774761,0.120003071702578,0,11.7945
"SARIMA","Chiradzulu",2,"month","incidence",2023-07-01,2023-09-01,0,0,0,0,0,0,0,0,1,1,1,1,1,1,1,1,1,1,1,1,1,1,1,0,0,0,1,1,1,1,1,1,1,1,3.46015370086675,12,TRUE,2.21902798677373,1.71572741847757,0.503300568296159,0,6.2704
"SARIMA","Chiradzulu",3,"month","incidence",2023-07-01,2023-10-01,0,0,0,0,0,0,0,0,0,0,0,0,1,1,1,1,1,1,1,1,1,1,1,1,1,1,1,1,1,1,1,1,1,1,0.37333939288108,12,TRUE,1.80560332258354,1.78937117506697,0,0.0162321475165687,8.5811
"SARIMA","Chitipa",1,"month","incidence",2023-07-01,2023-08-01,0,0,0,0,0,0,0,0,0,0,0,0,0,0,1,1,1,1,1,1,1,1,1,0,0,1,1,1,1,1,1,1,1,1,2.92546631687793,12,TRUE,2.11836103722618,1.76230769077271,0,0.356053346453472,12.9588
"SARIMA","Chitipa",2,"month","incidence",2023-07-01,2023-09-01,0,0,0,0,0,0,0,0,0,0,0,1,1,1,1,1,1,1,1,1,1,1,1,1,1,1,1,1,1,1,1,1,1,1,0.406262301994115,12,TRUE,2.05619674673862,2.03853316839105,0.0176635783475702,0,8.6535
"SARIMA","Chitipa",3,"month","incidence",2023-07-01,2023-10-01,0,0,0,0,0,0,0,0,0,0,0,0,0,1,1,1,1,1,1,1,1,1,1,0,1,1,1,1,1,1,1,1,1,1,1.99893829286486,12,TRUE,2.26744388861253,2.12438093758912,0,0.143062951023406,10.5505
"SARIMA","Dedza",1,"month","incidence",2023-07-01,2023-08-01,0,0,0,0,0,0,0,0,0,0,1,1,1,1,1,1,1,1,1,1,1,1,1,0,1,1,1,1,1,1,1,1,1,1,0.700780825720942,12,TRUE,1.21396825482203,1.18324407965265,0.030724175169381,0,14.825
"SARIMA","Dedza",2,"month","incidence",2023-07-01,2023-09-01,0,0,0,0,0,0,0,0,0,1,1,1,1,1,1,1,1,1,1,1,1,1,1,0,0,1,1,1,1,1,1,1,1,1,1.66568459106776,12,TRUE,1.50679293304123,1.35450489011059,0.152288042930638,0,10.8911
"SARIMA","Dedza",3,"month","incidence",2023-07-01,2023-10-01,0,0,0,0,0,0,0,0,0,0,0,0,0,0,0,1,1,1,1,1,1,1,1,0,0,0,1,1,1,1,1,1,1,1,2.70653442580961,12,TRUE,1.7900254574296,1.40503474669461,0,0.38499071073499,16.3766
"SARIMA","Dowa",1,"month","incidence",2023-07-01,2023-08-01,0,0,0,0,0,0,0,0,1,1,1,1,1,1,1,1,1,1,1,1,1,1,1,0,0,0,1,1,1,1,1,1,1,1,4.63973278908173,12,TRUE,2.91898519623294,2.21297470284784,0.7060104933851,0,8.4479
"SARIMA","Dowa",2,"month","incidence",2023-07-01,2023-09-01,0,0,0,0,0,0,1,1,1,1,1,1,1,1,1,1,1,1,1,1,1,1,1,0,0,0,0,0,1,1,1,1,1,1,10.3016905421382,12,TRUE,5.48390370725204,3.1451850603484,2.33871864690364,0,7.5723
"SARIMA","Dowa",3,"month","incidence",2023-07-01,2023-10-01,0,0,0,0,0,0,0,0,1,1,1,1,1,1,1,1,1,1,1,1,1,1,1,0,0,0,1,1,1,1,1,1,1,1,9.60535630005289,12,TRUE,5.90830119244845,4.41013509565682,1.49816609679162,0,13.2882
"SARIMA","Karonga",1,"month","incidence",2023-07-01,2023-08-01,0,0,0,0,0,0,0,0,0,1,1,1,1,1,1,1,1,1,1,1,1,1,1,0,0,1,1,1,1,1,1,1,1,1,1.88099287869496,12,TRUE,1.66671189060937,1.48795687867609,0.178755011933279,0,37.1568
"SARIMA","Karonga",2,"month","incidence",2023-07-01,2023-09-01,0,0,0,0,0,0,0,0,0,0,0,0,0,0,0,0,0,0,0,1,1,1,1,0,0,0,0,0,0,0,1,1,1,1,9.59911988411977,12,TRUE,5.15921498937063,1.93959243222351,0,3.21962255714712,46.4305
"SARIMA","Karonga",3,"month","incidence",2023-07-01,2023-10-01,0,0,0,0,0,0,0,0,0,0,0,0,0,0,0,0,0,0,0,1,1,1,1,0,0,0,0,0,0,0,1,1,1,1,11.3824602492725,12,TRUE,6.17387116304064,2.20099000045953,0,3.97288116258112,46.3689
"SARIMA","Kasungu",1,"month","incidence",2023-07-01,2023-08-01,0,0,0,0,1,1,1,1,1,1,1,1,1,1,1,1,1,1,1,1,1,1,1,0,0,0,0,0,0,0,1,1,1,1,12.3472014147768,12,TRUE,6.83642823186894,2.14219338760691,4.69423484426203,0,21.0232
"SARIMA","Kasungu",2,"month","incidence",2023-07-01,2023-09-01,0,0,1,1,1,1,1,1,1,1,1,1,1,1,1,1,1,1,1,1,1,1,1,0,0,0,0,0,0,0,0,0,1,1,21.8895470991982,12,TRUE,13.2277553573607,2.75534226673918,10.4724130906215,0,12.7421
"SARIMA","Kasungu",3,"month","incidence",2023-07-01,2023-10-01,0,0,0,0,0,1,1,1,1,1,1,1,1,1,1,1,1,1,1,1,1,1,1,0,0,0,0,0,0,1,1,1,1,1,16.2477470991982,12,TRUE,8.65872006911003,3.60323199914111,5.05548806996893,0,19.713
"SARIMA","Likoma",1,"month","incidence",2023-07-01,2023-08-01,0,0,0,0,0,0,0,0,0,0,0,0,1,1,1,1,1,1,1,1,1,1,1,1,1,1,1,1,1,1,1,1,1,1,1.24536925872222,12,TRUE,2.4647519318397,2.41060544233004,0,0.0541464895096618,22.6321
"SARIMA","Likoma",2,"month","incidence",2023-07-01,2023-09-01,0,0,0,0,0,0,0,0,0,0,0,0,0,0,0,0,0,0,0,0,1,1,1,0,0,0,0,0,0,0,0,1,1,1,19.3433107962124,12,TRUE,10.7783755563894,3.19231697817659,0,7.58605857821282,44.6389
"SARIMA","Likoma",3,"month","incidence",2023-07-01,2023-10-01,0,0,0,0,0,0,0,0,0,0,0,0,1,1,1,1,1,1,1,1,1,1,1,1,1,1,1,1,1,1,1,1,1,1,1.23446322319375,12,TRUE,3.4711086843534,3.4174363703015,0,0.0536723140519023,27.2585
"SARIMA","Lilongwe",1,"month","incidence",2023-07-01,2023-08-01,0,0,0,0,0,0,0,0,0,0,0,0,0,1,1,1,1,1,1,1,1,1,1,0,1,1,1,1,1,1,1,1,1,1,1.20530879840063,12,TRUE,1.69299485603403,1.62928221192907,0,0.0637126441049585,6.8132
"SARIMA","Lilongwe",2,"month","incidence",2023-07-01,2023-09-01,0,0,0,0,0,0,0,0,0,0,0,0,0,0,1,1,1,1,1,1,1,1,1,0,0,1,1,1,1,1,1,1,1,1,3.25262806310002,12,TRUE,2.24467117226128,1.85773662669534,0,0.386934545565938,9.7372
"SARIMA","Lilongwe",3,"month","incidence",2023-07-01,2023-10-01,0,0,0,0,0,0,0,0,0,0,0,0,0,0,0,1,1,1,1,1,1,1,1,0,0,0,1,1,1,1,1,1,1,1,5.06240314039142,12,TRUE,3.01454793007284,2.24807654992901,0,0.766471380143826,13.2368
"SARIMA","Machinga",1,"month","incidence",2023-07-01,2023-08-01,0,0,0,0,0,0,0,0,0,0,0,0,0,1,1,1,1,1,1,1,1,1,1,0,1,1,1,1,1,1,1,1,1,1,1.13410779030675,12,TRUE,1.65273368022279,1.58615148027028,0,0.0665821999525086,41.8094
"SARIMA","Machinga",2,"month","incidence",2023-07-01,2023-09-01,0,0,0,0,0,0,0,0,0,0,0,0,0,0,0,0,0,0,0,0,0,0,0,0,0,0,0,0,0,0,0,0,0,0,21.4163849896466,12,TRUE,15.0058528618954,1.82567886293887,0,13.1801739989566,58.9075
"SARIMA","Machinga",3,"month","incidence",2023-07-01,2023-10-01,0,0,0,0,0,0,0,0,0,0,0,0,0,0,0,0,0,0,0,0,0,1,1,0,0,0,0,0,0,0,0,0,1,1,16.0722058026716,12,TRUE,9.89840071451071,1.91750183161418,0,7.98089888289653,51.5774
"SARIMA","Mangochi",1,"month","incidence",2023-07-01,2023-08-01,0,0,0,0,0,0,0,0,1,1,1,1,1,1,1,1,1,1,1,1,1,1,1,0,0,0,1,1,1,1,1,1,1,1,2.43764989214304,12,TRUE,1.55965588732895,1.1884961124094,0.37115977491955,0,20.4189
"SARIMA","Mangochi",2,"month","incidence",2023-07-01,2023-09-01,0,0,0,0,0,0,0,0,0,0,0,0,0,0,0,0,0,0,0,0,0,0,1,0,0,0,0,0,0,0,0,0,0,1,14.709067173307,12,TRUE,9.67756180351626,1.46471968468063,0,8.21284211883563,35.355
"SARIMA","Mangochi",3,"month","incidence",2023-07-01,2023-10-01,0,0,0,0,0,0,0,0,0,0,0,0,0,0,0,0,0,0,0,0,0,1,1,0,0,0,0,0,0,0,0,0,1,1,13.5129282148808,12,TRUE,8.36262807266039,1.58923106944,0,6.77339700322039,34.5768
"SARIMA","Mchinji",1,"month","incidence",2023-07-01,2023-08-01,0,0,0,0,0,0,0,0,0,0,1,1,1,1,1,1,1,1,1,1,1,1,1,0,1,1,1,1,1,1,1,1,1,1,3.13992329394181,12,TRUE,3.32152822437511,3.07111419135282,0.25041403302229,0,19.0045
"SARIMA","Mchinji",2,"month","incidence",2023-07-01,2023-09-01,0,0,0,0,0,0,0,0,0,0,0,0,0,1,1,1,1,1,1,1,1,1,1,0,1,1,1,1,1,1,1,1,1,1,4.33121826673686,12,TRUE,4.63523424499822,4.2953523459461,0,0.33988189905212,30.0129
"SARIMA","Mchinji",3,"month","incidence",2023-07-01,2023-10-01,0,0,0,0,0,0,0,0,0,0,0,0,0,0,0,1,1,1,1,1,1,1,1,0,0,0,1,1,1,1,1,1,1,1,11.0073745919965,12,TRUE,6.88959726650292,5.21609708017371,0,1.67350018632922,39.6876
"SARIMA","Mulanje",1,"month","incidence",2023-07-01,2023-08-01,0,0,0,0,0,0,0,0,0,0,0,0,0,1,1,1,1,1,1,1,1,1,1,0,1,1,1,1,1,1,1,1,1,1,1.30866885597574,12,TRUE,2.21469485397871,2.15449078700375,0,0.0602040669749556,29.9965
"SARIMA","Mulanje",2,"month","incidence",2023-07-01,2023-09-01,0,0,0,0,0,0,0,0,0,0,0,0,0,0,0,0,0,0,0,1,1,1,1,0,0,0,0,0,0,0,1,1,1,1,11.6989300678195,12,TRUE,6.30914061562858,2.32421632462281,0,3.98492429100577,36.2254
"SARIMA","Mulanje",3,"month","incidence",2023-07-01,2023-10-01,0,0,0,0,0,0,0,0,0,0,0,0,0,0,0,0,0,0,0,0,1,1,1,0,0,0,0,0,0,0,0,1,1,1,20.3648913323093,12,TRUE,11.9310819735949,2.83635850737081,0,9.09472346622407,43.6416
"SARIMA","Mwanza",1,"month","incidence",2023-07-01,2023-08-01,0,0,0,0,0,0,0,0,0,0,0,0,0,0,1,1,1,1,1,1,1,1,1,0,0,1,1,1,1,1,1,1,1,1,5.64342462388622,12,TRUE,4.25089364580565,3.57903305475361,0,0.671860591052049,37.505
"SARIMA","Mwanza",2,"month","incidence",2023-07-01,2023-09-01,0,0,0,0,0,0,0,0,0,0,0,0,0,0,0,0,1,1,1,1,1,1,1,0,0,0,0,1,1,1,1,1,1,1,15.7137349945818,12,TRUE,8.44312590252637,4.96161277917844,0,3.48151312334794,45.2527
"SARIMA","Mwanza",3,"month","incidence",2023-07-01,2023-10-01,0,0,0,0,0,0,0,0,0,0,0,0,0,0,1,1,1,1,1,1,1,1,1,0,0,1,1,1,1,1,1,1,1,1,10.886782033889,12,TRUE,7.60179879883992,6.2932396526573,0,1.30855914618262,35.5107
"SARIMA","Mzimba",1,"month","incidence",2023-07-01,2023-08-01,0,0,0,0,0,0,0,0,0,0,0,0,1,1,1,1,1,1,1,1,1,1,1,1,1,1,1,1,1,1,1,1,1,1,0.231143330147177,12,TRUE,1.61919488436998,1.60914517436358,0,0.010049710006399,11.6021
"SARIMA","Mzimba",2,"month","incidence",2023-07-01,2023-09-01,0,0,0,0,0,0,0,0,0,0,0,0,0,0,0,1,1,1,1,1,1,1,1,0,0,0,1,1,1,1,1,1,1,1,3.79703892102916,12,TRUE,2.46214327726911,1.92879355477092,0,0.533349722498195,13.9945
"SARIMA","Mzimba",3,"month","incidence",2023-07-01,2023-10-01,0,0,0,0,0,0,0,0,0,0,0,0,0,0,1,1,1,1,1,1,1,1,1,0,0,1,1,1,1,1,1,1,1,1,3.58033371107225,12,TRUE,2.53170451109625,2.08720366850117,0,0.444500842595081,14.6422
"SARIMA","Neno",1,"month","incidence",2023-07-01,2023-08-01,0,0,0,0,0,0,0,1,1,1,1,1,1,1,1,1,1,1,1,1,1,1,1,0,0,0,0,1,1,1,1,1,1,1,11.0859355039437,12,TRUE,6.44695086729201,4.44886173080474,1.99808913648727,0,52.0923
"SARIMA","Neno",2,"month","incidence",2023-07-01,2023-09-01,0,0,0,0,0,0,0,0,0,0,0,0,0,0,1,1,1,1,1,1,1,1,1,0,0,1,1,1,1,1,1,1,1,1,7.41082175377124,12,TRUE,6.01648931210464,5.2115633134136,0,0.804925998691039,75.0137
"SARIMA","Neno",3,"month","incidence",2023-07-01,2023-10-01,0,0,0,0,0,0,0,0,0,0,0,1,1,1,1,1,1,1,1,1,1,1,1,1,1,1,1,1,1,1,1,1,1,1,1.73312958310876,12,TRUE,5.94159412001206,5.8662406598769,0.0753534601351633,0,63.7293
"SARIMA","Nkhatabay",1,"month","incidence",2023-07-01,2023-08-01,0,0,0,0,0,0,0,0,0,0,0,0,0,0,0,0,0,0,0,0,1,1,1,0,0,0,0,0,0,0,0,1,1,1,19.1815,12,TRUE,11.095019516469,2.8262458300856,0,8.26877368638339,89.5654
"SARIMA","Nkhatabay",2,"month","incidence",2023-07-01,2023-09-01,0,0,0,0,0,0,0,0,0,0,0,0,0,0,0,0,0,0,0,0,0,0,0,0,0,0,0,0,0,0,0,0,0,0,52.2422,12,TRUE,38.2077749343969,3.99691518350746,0,34.2108597508895,122.6261
"SARIMA","Nkhatabay",3,"month","incidence",2023-07-01,2023-10-01,0,0,0,0,0,0,0,0,0,0,0,0,0,0,0,0,0,0,0,0,0,1,1,0,0,0,0,0,0,0,0,0,1,1,44.6633,12,TRUE,28.2704231277487,4.89520137238793,0,23.3752217553608,115.0472
"SARIMA","Nkhotakota",1,"month","incidence",2023-07-01,2023-08-01,0,0,0,0,0,0,0,0,0,0,0,0,0,0,0,0,0,0,1,1,1,1,1,0,0,0,0,0,0,1,1,1,1,1,9.50421993604184,12,TRUE,5.08804622212476,1.96200315439261,0,3.12604306773215,57.9395
"SARIMA","Nkhotakota",2,"month","incidence",2023-07-01,2023-09-01,0,0,0,0,0,0,0,0,0,0,0,0,0,0,0,0,0,0,0,0,0,1,1,0,0,0,0,0,0,0,0,0,1,1,20.7531111773314,12,TRUE,12.7225446340197,2.50926730236069,0,10.2132773316591,75.6514
"SARIMA","Nkhotakota",3,"month","incidence",2023-07-01,2023-10-01,0,0,0,0,0,0,0,0,0,0,0,0,0,0,0,0,0,0,0,0,0,0,1,0,0,0,0,0,0,0,0,0,0,1,30.8852320848696,12,TRUE,20.1297772675043,3.14992875725786,0,16.9798485102464,83.47
"SARIMA","Nsanje",1,"month","incidence",2023-07-01,2023-08-01,0,0,0,0,0,0,0,0,0,0,0,0,1,1,1,1,1,1,1,1,1,1,1,1,1,1,1,1,1,1,1,1,1,1,0.603984843723836,12,TRUE,2.06943691341481,2.04317670281813,0,0.0262602105966885,27.5794
"SARIMA","Nsanje",2,"month","incidence",2023-07-01,2023-09-01,0,0,0,0,0,0,0,0,0,0,0,0,0,0,0,0,0,0,0,1,1,1,1,0,0,0,0,0,0,0,1,1,1,1,14.4534152006378,12,TRUE,8.0544263539956,2.41402436274595,0,5.64040199124965,39.8625
"SARIMA","Nsanje",3,"month","incidence",2023-07-01,2023-10-01,0,0,0,0,0,0,0,0,0,0,0,0,0,0,0,1,1,1,1,1,1,1,1,0,0,0,1,1,1,1,1,1,1,1,4.93641670408583,12,TRUE,3.25285802425559,2.54509160495169,0,0.707766419303902,30.1033
"SARIMA","Ntcheu",1,"month","incidence",2023-07-01,2023-08-01,0,0,0,0,0,0,0,0,0,0,1,1,1,1,1,1,1,1,1,1,1,1,1,0,1,1,1,1,1,1,1,1,1,1,1.23874852672066,12,TRUE,2.08431211463153,2.02671945188033,0.0575926627511982,0,19.9114
"SARIMA","Ntcheu",2,"month","incidence",2023-07-01,2023-09-01,0,0,0,0,0,0,0,0,0,0,0,0,0,0,0,1,1,1,1,1,1,1,1,0,0,0,1,1,1,1,1,1,1,1,4.40958847567331,12,TRUE,2.93713427221853,2.32517522153275,0,0.611959050685784,22.3011
"SARIMA","Ntcheu",3,"month","incidence",2023-07-01,2023-10-01,0,0,0,0,0,0,0,0,0,0,0,0,0,0,0,0,0,1,1,1,1,1,1,0,0,0,0,0,1,1,1,1,1,1,7.81716585017179,12,TRUE,4.21411273202946,2.42722717089893,0,1.78688556113053,28.5466
"SARIMA","Ntchisi",1,"month","incidence",2023-07-01,2023-08-01,0,0,0,0,0,0,0,0,0,1,1,1,1,1,1,1,1,1,1,1,1,1,1,0,0,1,1,1,1,1,1,1,1,1,4.14160066800219,12,TRUE,3.3736878959898,2.93272415813258,0.440963737857219,0,16.1641
"SARIMA","Ntchisi",2,"month","incidence",2023-07-01,2023-09-01,0,0,0,0,0,0,0,0,0,0,0,0,0,0,0,1,1,1,1,1,1,1,1,0,0,0,1,1,1,1,1,1,1,1,7.74292817728232,12,TRUE,4.93837063984559,3.77108999690893,0,1.16728064293666,34.6612
"SARIMA","Ntchisi",3,"month","incidence",2023-07-01,2023-10-01,0,0,0,0,0,0,0,0,0,0,0,0,0,0,1,1,1,1,1,1,1,1,1,0,0,1,1,1,1,1,1,1,1,1,8.32716413568036,12,TRUE,6.01113058329127,4.97312067576446,0,1.0380099075268,50.3259
"SARIMA","Phalombe",1,"month","incidence",2023-07-01,2023-08-01,0,0,0,0,0,0,1,1,1,1,1,1,1,1,1,1,1,1,1,1,1,1,1,0,0,0,0,0,1,1,1,1,1,1,3.77490437178771,12,TRUE,2.03996746182602,1.18010137832873,0.859866083497296,0,21.4176
"SARIMA","Phalombe",2,"month","incidence",2023-07-01,2023-09-01,0,0,0,0,0,0,0,0,0,0,0,0,0,0,0,0,0,0,1,1,1,1,1,0,0,0,0,0,0,1,1,1,1,1,6.31215087845226,12,TRUE,3.35008201809573,1.50417177789031,0,1.84591024020542,29.4242
"SARIMA","Phalombe",3,"month","incidence",2023-07-01,2023-10-01,0,0,0,0,0,0,0,0,0,0,0,0,0,0,0,0,0,0,0,1,1,1,1,0,0,0,0,0,0,0,1,1,1,1,9.78857636494469,12,TRUE,5.43293252697872,1.67508210305421,0,3.75785042392451,31.6084
"SARIMA","Rumphi",1,"month","incidence",2023-07-01,2023-08-01,0,0,0,0,0,0,0,0,0,0,0,0,0,0,0,1,1,1,1,1,1,1,1,0,0,0,1,1,1,1,1,1,1,1,4.79899132428765,12,TRUE,2.22548974761209,1.50594295473012,0,0.719546792881962,6.4494
"SARIMA","Rumphi",2,"month","incidence",2023-07-01,2023-09-01,0,0,0,0,0,0,0,0,0,0,0,0,0,0,1,1,1,1,1,1,1,1,1,0,0,1,1,1,1,1,1,1,1,1,4.94866399187915,12,TRUE,2.53487471440493,1.97872834685453,0,0.5561463675504,6.4533
"SARIMA","Rumphi",3,"month","incidence",2023-07-01,2023-10-01,0,0,0,0,0,0,0,0,0,0,0,0,0,0,1,1,1,1,1,1,1,1,1,0,0,1,1,1,1,1,1,1,1,1,5.10475063826379,12,TRUE,2.77271186401928,2.29942232349504,0,0.473289540524235,6.3234
"SARIMA","Salima",1,"month","incidence",2023-07-01,2023-08-01,0,0,0,0,0,0,0,0,0,0,0,0,0,1,1,1,1,1,1,1,1,1,1,0,1,1,1,1,1,1,1,1,1,1,1.77939975001141,12,TRUE,2.76405879984189,2.66883279711474,0,0.095226002727153,61.7144
"SARIMA","Salima",2,"month","incidence",2023-07-01,2023-09-01,0,0,0,0,0,0,0,0,0,0,0,0,0,0,0,0,0,0,0,0,0,1,1,0,0,0,0,0,0,0,0,0,1,1,31.3867283627002,12,TRUE,19.7204206780773,3.5231243273547,0,16.1972963507226,93.274
"SARIMA","Salima",3,"month","incidence",2023-07-01,2023-10-01,0,0,0,0,0,0,0,0,0,0,0,0,0,0,1,1,1,1,1,1,1,1,1,0,0,1,1,1,1,1,1,1,1,1,5.30211099894242,12,TRUE,4.57838451079177,4.05260707781743,0,0.525777432974343,66.3458
"SARIMA","Thyolo",1,"month","incidence",2023-07-01,2023-08-01,0,0,0,0,0,0,0,0,0,0,0,0,1,1,1,1,1,1,1,1,1,1,1,1,1,1,1,1,1,1,1,1,1,1,0.525260346956328,12,TRUE,1.10509481978827,1.08225741339886,0,0.0228374063894056,8.9732
"SARIMA","Thyolo",2,"month","incidence",2023-07-01,2023-09-01,0,0,0,0,0,0,0,0,0,0,0,0,0,0,0,0,0,1,1,1,1,1,1,0,0,0,0,0,1,1,1,1,1,1,5.38516506251495,12,TRUE,2.8395465779201,1.4975834427792,0,1.34196313514089,13.8144
"SARIMA","Thyolo",3,"month","incidence",2023-07-01,2023-10-01,0,0,0,0,0,0,0,0,0,0,0,0,0,1,1,1,1,1,1,1,1,1,1,0,1,1,1,1,1,1,1,1,1,1,1.51719486945202,12,TRUE,1.91958608273568,1.81839311329914,0,0.101192969436542,10.8609
"SARIMA","Zomba",1,"month","incidence",2023-07-01,2023-08-01,0,0,0,0,0,0,0,0,0,0,0,0,0,0,1,1,1,1,1,1,1,1,1,0,0,1,1,1,1,1,1,1,1,1,2.26178217535555,12,TRUE,1.78462407731859,1.52951733584032,0,0.255106741478271,22.6501
"SARIMA","Zomba",2,"month","incidence",2023-07-01,2023-09-01,0,0,0,0,0,0,0,0,0,0,0,0,0,0,0,0,0,0,0,1,1,1,1,0,0,0,0,0,0,0,1,1,1,1,10.8264731000828,12,TRUE,5.94947611512082,1.95641745643397,0,3.99305865868685,31.7257
"SARIMA","Zomba",3,"month","incidence",2023-07-01,2023-10-01,0,0,0,0,0,0,0,0,0,0,0,0,0,0,0,0,0,0,0,0,0,1,1,0,0,0,0,0,0,0,0,0,1,1,17.9625420432193,12,TRUE,10.9815766082708,2.18338210075164,0,8.79819450751918,37.9738
"SARIMA","Balaka",1,"month","incidence",2023-08-01,2023-09-01,0,0,0,0,0,0,0,0,0,0,0,0,0,1,1,1,1,1,1,1,1,1,1,0,1,1,1,1,1,1,1,1,1,1,2.4318063559139,12,TRUE,2.88394538985037,2.71444105832536,0,0.169504331525008,14.4325
"SARIMA","Balaka",2,"month","incidence",2023-08-01,2023-10-01,0,0,0,0,0,0,0,0,0,0,0,0,0,0,0,0,1,1,1,1,1,1,1,0,0,0,0,1,1,1,1,1,1,1,10.3240121402629,12,TRUE,5.49200727797115,3.23232754038025,0,2.2596797375909,25.871
"SARIMA","Balaka",3,"month","incidence",2023-08-01,2023-11-01,0,0,0,0,0,0,0,0,0,0,0,0,0,0,0,0,0,0,1,1,1,1,1,0,0,0,0,0,0,1,1,1,1,1,14.6942512834598,12,TRUE,7.40911953650963,3.19130025237925,0,4.21781928413038,25.6806
"SARIMA","Blantyre",1,"month","incidence",2023-08-01,2023-09-01,0,0,0,0,0,0,0,0,0,1,1,1,1,1,1,1,1,1,1,1,1,1,1,0,0,1,1,1,1,1,1,1,1,1,1.62823847055568,12,TRUE,1.44040681657497,1.28524267572934,0.155164140845627,0,19.4806
"SARIMA","Blantyre",2,"month","incidence",2023-08-01,2023-10-01,0,0,0,0,0,0,0,0,0,0,0,0,0,0,1,1,1,1,1,1,1,1,1,0,0,1,1,1,1,1,1,1,1,1,2.62503118944446,12,TRUE,1.81240921141926,1.46896983319287,0,0.343439378226395,22.9584
"SARIMA","Blantyre",3,"month","incidence",2023-08-01,2023-11-01,0,0,0,0,0,0,0,0,0,0,0,0,0,0,0,0,0,1,1,1,1,1,1,0,0,0,0,0,1,1,1,1,1,1,5.87329008904608,12,TRUE,3.13129698125343,1.62640948895302,0,1.5048874923004,22.2625
"SARIMA","Chikwawa",1,"month","incidence",2023-08-01,2023-09-01,0,0,0,0,0,0,0,0,0,0,1,1,1,1,1,1,1,1,1,1,1,1,1,0,1,1,1,1,1,1,1,1,1,1,1.57547686108261,12,TRUE,1.98937636308854,1.88031004390346,0.109066319185077,0,29.8162
"SARIMA","Chikwawa",2,"month","incidence",2023-08-01,2023-10-01,0,0,0,0,0,0,0,0,0,0,0,0,0,0,0,0,0,1,1,1,1,1,1,0,0,0,0,0,1,1,1,1,1,1,6.8590518245793,12,TRUE,3.70047433165729,2.11823063468359,0,1.5822436969737,28.5652
"SARIMA","Chikwawa",3,"month","incidence",2023-08-01,2023-11-01,0,0,0,0,0,0,0,0,0,0,0,0,0,0,1,1,1,1,1,1,1,1,1,0,0,1,1,1,1,1,1,1,1,1,4.02716618032047,12,TRUE,2.7795993224541,2.25956965019316,0,0.520029672260942,18.4424
"SARIMA","Chiradzulu",1,"month","incidence",2023-08-01,2023-09-01,0,0,0,0,0,0,0,0,0,1,1,1,1,1,1,1,1,1,1,1,1,1,1,0,0,1,1,1,1,1,1,1,1,1,2.38320300298567,12,TRUE,1.72085020331911,1.42813018092963,0.292720022389479,0,6.2704
"SARIMA","Chiradzulu",2,"month","incidence",2023-08-01,2023-10-01,0,0,0,0,0,0,0,0,0,0,0,0,0,1,1,1,1,1,1,1,1,1,1,0,1,1,1,1,1,1,1,1,1,1,1.14833179622638,12,TRUE,1.71998223261403,1.66036982812821,0,0.0596124044858214,8.5811
"SARIMA","Chiradzulu",3,"month","incidence",2023-08-01,2023-11-01,0,0,0,0,0,0,0,0,0,0,0,0,0,0,0,0,0,0,0,1,1,1,1,0,0,0,0,0,0,0,1,1,1,1,9.16647302962106,12,TRUE,4.71012252328092,1.67878249969122,0,3.0313400235897,14.9335
"SARIMA","Chitipa",1,"month","incidence",2023-08-01,2023-09-01,0,0,0,0,0,0,0,0,0,1,1,1,1,1,1,1,1,1,1,1,1,1,1,0,0,1,1,1,1,1,1,1,1,1,2.29214918951943,12,TRUE,1.98796587426725,1.76823299473707,0.21973287953018,0,8.6535
"SARIMA","Chitipa",2,"month","incidence",2023-08-01,2023-10-01,0,0,0,0,0,0,0,0,0,0,0,0,1,1,1,1,1,1,1,1,1,1,1,1,1,1,1,1,1,1,1,1,1,1,0.766269295002358,12,TRUE,2.07805854088871,2.04474248458426,0,0.0333160563044503,10.5505
"SARIMA","Chitipa",3,"month","incidence",2023-08-01,2023-11-01,0,0,0,0,0,0,0,0,0,0,0,0,0,0,1,1,1,1,1,1,1,1,1,0,0,1,1,1,1,1,1,1,1,1,3.09977201098101,12,TRUE,2.43817821373939,2.11543615919924,0,0.322742054540145,11.8542
"SARIMA","Dedza",1,"month","incidence",2023-08-01,2023-09-01,0,0,0,0,0,0,0,0,0,0,1,1,1,1,1,1,1,1,1,1,1,1,1,0,1,1,1,1,1,1,1,1,1,1,1.23588038529076,12,TRUE,1.28318936305806,1.1826758329797,0.100513530078362,0,10.8911
"SARIMA","Dedza",2,"month","incidence",2023-08-01,2023-10-01,0,0,0,0,0,0,0,0,0,0,0,0,0,0,0,1,1,1,1,1,1,1,1,0,0,0,1,1,1,1,1,1,1,1,2.9703505552632,12,TRUE,1.83383917955101,1.35189326291895,0,0.481945916632059,16.3766
"SARIMA","Dedza",3,"month","incidence",2023-08-01,2023-11-01,0,0,0,0,0,0,0,0,0,0,0,0,0,0,0,0,0,0,0,1,1,1,1,0,0,0,0,0,0,0,1,1,1,1,7.08131715252414,12,TRUE,3.82158499406977,1.39987374387261,0,2.42171125019716,20.93
"SARIMA","Dowa",1,"month","incidence",2023-08-01,2023-09-01,0,0,0,0,0,0,0,0,1,1,1,1,1,1,1,1,1,1,1,1,1,1,1,0,0,0,1,1,1,1,1,1,1,1,5.49538424587493,12,TRUE,3.18444726523141,2.22094452000315,0.963502745228257,0,7.5723
"SARIMA","Dowa",2,"month","incidence",2023-08-01,2023-10-01,0,0,0,0,0,0,0,0,0,0,1,1,1,1,1,1,1,1,1,1,1,1,1,0,1,1,1,1,1,1,1,1,1,1,2.9692043198058,12,TRUE,3.34173573414821,3.1201691203152,0.221566613833014,0,13.2882
"SARIMA","Dowa",3,"month","incidence",2023-08-01,2023-11-01,0,0,0,0,0,0,0,0,0,0,0,0,1,1,1,1,1,1,1,1,1,1,1,1,1,1,1,1,1,1,1,1,1,1,2.31922185803241,12,TRUE,4.37109039046159,4.27025465750366,0,0.100835732957931,20.5757
"SARIMA","Karonga",1,"month","incidence",2023-08-01,2023-09-01,0,0,0,0,0,0,0,0,0,0,0,0,0,0,0,0,0,0,0,0,1,1,1,0,0,0,0,0,0,0,0,1,1,1,10.7686691359487,12,TRUE,6.3836695892326,1.4447317690473,0,4.9389378201853,46.4305
"SARIMA","Karonga",2,"month","incidence",2023-08-01,2023-10-01,0,0,0,0,0,0,0,0,0,0,0,0,0,0,0,0,0,0,0,1,1,1,1,0,0,0,0,0,0,0,1,1,1,1,10.2328451847271,12,TRUE,5.51374052887946,2.04312415560499,0,3.47061637327447,46.3689
"SARIMA","Karonga",3,"month","incidence",2023-08-01,2023-11-01,0,0,0,0,0,0,0,0,0,0,1,1,1,1,1,1,1,1,1,1,1,1,1,0,1,1,1,1,1,1,1,1,1,1,2.31425340778345,12,TRUE,2.67582200084583,2.50229149899421,0.173530501851628,0,34.474
"SARIMA","Kasungu",1,"month","incidence",2023-08-01,2023-09-01,0,0,0,0,1,1,1,1,1,1,1,1,1,1,1,1,1,1,1,1,1,1,1,0,0,0,0,0,0,0,1,1,1,1,10.8128776479743,12,TRUE,5.80513851525318,2.19517305962958,3.6099654556236,0,12.7421
"SARIMA","Kasungu",2,"month","incidence",2023-08-01,2023-10-01,0,0,0,0,0,0,0,0,0,1,1,1,1,1,1,1,1,1,1,1,1,1,1,0,0,1,1,1,1,1,1,1,1,1,4.52135233265185,12,TRUE,3.29901695791852,2.74126080187255,0.557756156045964,0,19.713
"SARIMA","Kasungu",3,"month","incidence",2023-08-01,2023-11-01,0,0,0,0,0,0,0,0,0,0,1,1,1,1,1,1,1,1,1,1,1,1,1,0,1,1,1,1,1,1,1,1,1,1,2.0665423670033,12,TRUE,3.36818894282333,3.26678096001144,0.101407982811884,0,25.821
"SARIMA","Likoma",1,"month","incidence",2023-08-01,2023-09-01,0,0,0,0,0,0,0,0,0,0,0,0,0,0,0,0,0,0,0,0,1,1,1,0,0,0,0,0,0,0,0,1,1,1,18.118709384498,12,TRUE,10.7676191449796,2.40620653107868,0,8.36141261390097,44.6389
"SARIMA","Likoma",2,"month","incidence",2023-08-01,2023-10-01,0,0,0,0,0,0,0,0,0,0,0,0,1,1,1,1,1,1,1,1,1,1,1,1,1,1,1,1,1,1,1,1,1,1,0.257936251704852,12,TRUE,3.21200693842387,3.20079231878453,0,0.0112146196393414,27.2585
"SARIMA","Likoma",3,"month","incidence",2023-08-01,2023-11-01,0,0,0,0,0,1,1,1,1,1,1,1,1,1,1,1,1,1,1,1,1,1,1,0,0,0,0,0,0,1,1,1,1,1,16.0134292088924,12,TRUE,8.53519828519263,3.4407509479861,5.09444733720654,0,12.3163
"SARIMA","Lilongwe",1,"month","incidence",2023-08-01,2023-09-01,0,0,0,0,0,0,0,0,0,0,0,0,0,0,0,1,1,1,1,1,1,1,1,0,0,0,1,1,1,1,1,1,1,1,3.50257053386146,12,TRUE,2.11994607606388,1.59481671941306,0,0.52512935665082,9.7372
"SARIMA","Lilongwe",2,"month","incidence",2023-08-01,2023-10-01,0,0,0,0,0,0,0,0,0,0,0,0,0,0,0,0,0,1,1,1,1,1,1,0,0,0,0,0,1,1,1,1,1,1,7.01912533261278,12,TRUE,3.54504075643201,1.79919093834671,0,1.7458498180853,13.2368
"SARIMA","Lilongwe",3,"month","incidence",2023-08-01,2023-11-01,0,0,0,0,0,0,0,0,0,0,0,0,0,0,0,0,0,1,1,1,1,1,1,0,0,0,0,0,1,1,1,1,1,1,9.47138642658697,12,TRUE,4.59599006963047,2.08269901352737,0,2.5132910561031,15.0212
"SARIMA","Machinga",1,"month","incidence",2023-08-01,2023-09-01,0,0,0,0,0,0,0,0,0,0,0,0,0,0,0,0,0,0,0,0,0,0,0,0,0,0,0,0,0,0,0,0,0,0,20.7895252428807,12,TRUE,15.2533697235723,1.57666195444049,0,13.6767077691318,58.9075
"SARIMA","Machinga",2,"month","incidence",2023-08-01,2023-10-01,0,0,0,0,0,0,0,0,0,0,0,0,0,0,0,0,0,0,0,0,0,1,1,0,0,0,0,0,0,0,0,0,1,1,15.6450140071895,12,TRUE,9.74672061260738,1.8033035169144,0,7.94341709569297,51.5774
"SARIMA","Machinga",3,"month","incidence",2023-08-01,2023-11-01,0,0,0,0,0,0,0,0,0,0,0,0,1,1,1,1,1,1,1,1,1,1,1,1,1,1,1,1,1,1,1,1,1,1,0.973820746483696,12,TRUE,1.93160127438158,1.88926124192576,0,0.0423400324558129,34.2442
"SARIMA","Mangochi",1,"month","incidence",2023-08-01,2023-09-01,0,0,0,0,0,0,0,0,0,0,0,0,0,0,0,0,0,0,0,0,0,0,0,0,0,0,0,0,0,0,0,0,0,0,16.4470312100425,12,TRUE,12.2995673690434,1.1811713783535,0,11.1183959906899,35.355
"SARIMA","Mangochi",2,"month","incidence",2023-08-01,2023-10-01,0,0,0,0,0,0,0,0,0,0,0,0,0,0,0,0,0,0,0,0,0,0,1,0,0,0,0,0,0,0,0,0,0,1,14.7295137683237,12,TRUE,9.71240232222061,1.45840721011333,0,8.25399511210728,34.5768
"SARIMA","Mangochi",3,"month","incidence",2023-08-01,2023-11-01,0,0,0,0,0,0,0,0,0,0,0,0,0,0,0,0,0,1,1,1,1,1,1,0,0,0,0,0,1,1,1,1,1,1,5.29070714979031,12,TRUE,2.84531128331584,1.58454548421688,0,1.26076579909896,22.945
"SARIMA","Mchinji",1,"month","incidence",2023-08-01,2023-09-01,0,0,0,0,0,0,0,0,0,0,0,0,0,0,0,1,1,1,1,1,1,1,1,0,0,0,1,1,1,1,1,1,1,1,7.45970402230151,12,TRUE,4.37719488562846,3.07515938250929,0,1.30203550311918,30.0129
"SARIMA","Mchinji",2,"month","incidence",2023-08-01,2023-10-01,0,0,0,0,0,0,0,0,0,0,0,0,0,0,0,0,0,1,1,1,1,1,1,0,0,0,0,0,1,1,1,1,1,1,14.1269917177938,12,TRUE,7.53379313399387,4.29477172831948,0,3.23902140567438,39.6876
"SARIMA","Mchinji",3,"month","incidence",2023-08-01,2023-11-01,0,0,0,0,0,0,0,0,0,0,0,0,0,0,0,0,1,1,1,1,1,1,1,0,0,0,0,1,1,1,1,1,1,1,13.8660437580917,12,TRUE,7.73274429651563,5.13474960147886,0,2.59799469503677,38.565
"SARIMA","Mulanje",1,"month","incidence",2023-08-01,2023-09-01,0,0,0,0,0,0,0,0,0,0,0,0,0,0,0,0,0,0,0,1,1,1,1,0,0,0,0,0,0,0,1,1,1,1,11.1565304550987,12,TRUE,6.05282598752807,2.15466101625288,0,3.89816497127519,36.2254
"SARIMA","Mulanje",2,"month","incidence",2023-08-01,2023-10-01,0,0,0,0,0,0,0,0,0,0,0,0,0,0,0,0,0,0,0,0,0,1,1,0,0,0,0,0,0,0,0,0,1,1,19.3722875834789,12,TRUE,11.9048960509778,2.32440825249215,0,9.58048779848566,43.6416
"SARIMA","Mulanje",3,"month","incidence",2023-08-01,2023-11-01,0,0,0,0,0,0,0,0,0,0,0,0,0,0,0,0,0,0,0,0,1,1,1,0,0,0,0,0,0,0,0,1,1,1,19.6526454386896,12,TRUE,11.4035836273428,2.84517693185391,0,8.55840669548894,44.3208
"SARIMA","Mwanza",1,"month","incidence",2023-08-01,2023-09-01,0,0,0,0,0,0,0,0,0,0,0,0,0,0,1,1,1,1,1,1,1,1,1,0,0,1,1,1,1,1,1,1,1,1,5.45613234987015,12,TRUE,4.04537742150922,3.38245887069474,0,0.662918550814481,45.2527
"SARIMA","Mwanza",2,"month","incidence",2023-08-01,2023-10-01,0,0,0,0,0,0,0,0,0,0,0,0,0,0,1,1,1,1,1,1,1,1,1,0,0,1,1,1,1,1,1,1,1,1,8.78148616763043,12,TRUE,5.89109214983445,4.73476227541194,0,1.15632987442251,35.5107
"SARIMA","Mwanza",3,"month","incidence",2023-08-01,2023-11-01,0,0,0,0,0,0,0,0,0,0,0,0,0,1,1,1,1,1,1,1,1,1,1,0,1,1,1,1,1,1,1,1,1,1,6.78069323696151,12,TRUE,7.14884352681489,6.62303347951848,0,0.525810047296405,37.0064
"SARIMA","Mzimba",1,"month","incidence",2023-08-01,2023-09-01,0,0,0,0,0,0,0,0,0,0,0,0,0,0,0,1,1,1,1,1,1,1,1,0,0,0,1,1,1,1,1,1,1,1,3.54405398870353,12,TRUE,2.17317803976028,1.60228157166996,0,0.570896468090319,13.9945
"SARIMA","Mzimba",2,"month","incidence",2023-08-01,2023-10-01,0,0,0,0,0,0,0,0,0,0,0,0,0,0,1,1,1,1,1,1,1,1,1,0,0,1,1,1,1,1,1,1,1,1,3.40255412249116,12,TRUE,2.37657221345749,1.9454299172154,0,0.431142296242093,14.6422
"SARIMA","Mzimba",3,"month","incidence",2023-08-01,2023-11-01,0,0,0,0,0,0,0,0,0,0,0,0,0,0,1,1,1,1,1,1,1,1,1,0,0,1,1,1,1,1,1,1,1,1,3.77791899480945,12,TRUE,2.58892752973197,2.10143866412876,0,0.487488865603215,15.737
"SARIMA","Neno",1,"month","incidence",2023-08-01,2023-09-01,0,0,0,0,0,0,0,0,0,0,0,0,0,0,0,0,0,1,1,1,1,1,1,0,0,0,0,0,1,1,1,1,1,1,15.2725911924891,12,TRUE,8.18907724930121,4.45116494379454,0,3.73791230550667,75.0137
"SARIMA","Neno",2,"month","incidence",2023-08-01,2023-10-01,0,0,0,0,0,0,0,0,0,0,0,0,0,1,1,1,1,1,1,1,1,1,1,0,1,1,1,1,1,1,1,1,1,1,6.05176090690423,12,TRUE,5.73713822253199,5.21523874450935,0,0.521899478022643,63.7293
"SARIMA","Neno",3,"month","incidence",2023-08-01,2023-11-01,0,0,0,0,0,0,0,0,0,0,0,1,1,1,1,1,1,1,1,1,1,1,1,1,1,1,1,1,1,1,1,1,1,1,0.472301417021185,12,TRUE,5.8565999062056,5.83606506198729,0.0205348442183124,0,50.5316
"SARIMA","Nkhatabay",1,"month","incidence",2023-08-01,2023-09-01,0,0,0,0,0,0,0,0,0,0,0,0,0,0,0,0,0,0,0,0,0,0,0,0,0,0,0,0,0,0,0,0,0,0,33.0607,12,TRUE,22.9728281178365,2.87296188526585,0,20.0998662325707,122.6261
"SARIMA","Nkhatabay",2,"month","incidence",2023-08-01,2023-10-01,0,0,0,0,0,0,0,0,0,0,0,0,0,0,0,0,0,0,0,0,1,1,1,0,0,0,0,0,0,0,0,1,1,1,25.4818,12,TRUE,14.402844461549,4.06298166232394,0,10.3398627992251,115.0472
"SARIMA","Nkhatabay",3,"month","incidence",2023-08-01,2023-11-01,0,0,0,0,0,0,0,0,0,0,0,0,1,1,1,1,1,1,1,1,1,1,1,1,1,1,1,1,1,1,1,1,1,1,2.4898,12,TRUE,5.08436812740236,4.97611595348931,0,0.108252173913044,92.0552
"SARIMA","Nkhotakota",1,"month","incidence",2023-08-01,2023-09-01,0,0,0,0,0,0,0,0,0,0,0,0,0,0,0,0,0,0,0,0,1,1,1,0,0,0,0,0,0,0,0,1,1,1,13.2028123648631,12,TRUE,7.59427618620789,1.98432840520082,0,5.60994778100707,75.6514
"SARIMA","Nkhotakota",2,"month","incidence",2023-08-01,2023-10-01,0,0,0,0,0,0,0,0,0,0,0,0,0,0,0,0,0,0,0,0,0,1,1,0,0,0,0,0,0,0,0,0,1,1,21.6156214755888,12,TRUE,13.3906684255094,2.53445726117662,0,10.8562111643328,83.47
"SARIMA","Nkhotakota",3,"month","incidence",2023-08-01,2023-11-01,0,0,0,0,0,0,0,0,0,0,0,0,0,0,0,0,0,1,1,1,1,1,1,0,0,0,0,0,1,1,1,1,1,1,10.4080646812371,12,TRUE,5.61061650849027,3.18368150819847,0,2.4269350002918,50.0248
"SARIMA","Nsanje",1,"month","incidence",2023-08-01,2023-09-01,0,0,0,0,0,0,0,0,0,0,0,0,0,0,0,0,0,0,0,0,1,1,1,0,0,0,0,0,0,0,0,1,1,1,14.0283748990624,12,TRUE,8.14099853637028,2.0425254697486,0,6.09847306662168,39.8625
"SARIMA","Nsanje",2,"month","incidence",2023-08-01,2023-10-01,0,0,0,0,0,0,0,0,0,0,0,0,0,0,0,1,1,1,1,1,1,1,1,0,0,0,1,1,1,1,1,1,1,1,4.6276726270228,12,TRUE,3.06789891526764,2.41214546102564,0,0.655753454242007,30.1033
"SARIMA","Nsanje",3,"month","incidence",2023-08-01,2023-11-01,0,0,0,0,0,0,0,0,1,1,1,1,1,1,1,1,1,1,1,1,1,1,1,0,0,0,1,1,1,1,1,1,1,1,5.19100703681893,12,TRUE,3.32287756981029,2.53674533520384,0.786132234606454,0,16.8964
"SARIMA","Ntcheu",1,"month","incidence",2023-08-01,2023-09-01,0,0,0,0,0,0,0,0,0,0,0,0,0,0,0,0,1,1,1,1,1,1,1,0,0,0,0,1,1,1,1,1,1,1,5.05596937558552,12,TRUE,2.93194408491854,2.01952944154064,0,0.912414643377896,22.3011
"SARIMA","Ntcheu",2,"month","incidence",2023-08-01,2023-10-01,0,0,0,0,0,0,0,0,0,0,0,0,0,0,0,0,0,1,1,1,1,1,1,0,0,0,0,0,1,1,1,1,1,1,8.1932487165592,12,TRUE,4.37629588145285,2.33127155607859,0,2.04502432537426,28.5466
"SARIMA","Ntcheu",3,"month","incidence",2023-08-01,2023-11-01,0,0,0,0,0,0,0,0,0,0,0,0,0,0,0,0,1,1,1,1,1,1,1,0,0,0,0,1,1,1,1,1,1,1,6.58436608850165,12,TRUE,3.69469176624226,2.39778634298363,0,1.29690542325863,22.5895
"SARIMA","Ntchisi",1,"month","incidence",2023-08-01,2023-09-01,0,0,0,0,0,0,0,0,0,0,0,0,0,0,0,0,0,1,1,1,1,1,1,0,0,0,0,0,1,1,1,1,1,1,11.0890318562518,12,TRUE,5.87844780567459,2.95687496884554,0,2.92157283682905,34.6612
"SARIMA","Ntchisi",2,"month","incidence",2023-08-01,2023-10-01,0,0,0,0,0,0,0,0,0,0,0,0,0,0,0,0,0,1,1,1,1,1,1,0,0,0,0,0,1,1,1,1,1,1,12.8386284107721,12,TRUE,6.89531948473017,3.81341740868576,0,3.08190207604441,50.3259
"SARIMA","Ntchisi",3,"month","incidence",2023-08-01,2023-11-01,0,0,0,0,0,0,0,0,0,0,0,0,0,0,0,0,1,1,1,1,1,1,1,0,0,0,0,1,1,1,1,1,1,1,13.9613947152298,12,TRUE,7.82132291938565,4.9871344639305,0,2.83418845545515,58.6645
"SARIMA","Phalombe",1,"month","incidence",2023-08-01,2023-09-01,0,0,0,0,0,0,0,0,0,0,0,0,0,0,0,0,0,0,0,0,0,0,1,0,0,0,0,0,0,0,0,0,0,1,11.3624407274259,12,TRUE,7.36366238670639,1.17520101729777,0,6.18846136940862,29.4242
"SARIMA","Phalombe",2,"month","incidence",2023-08-01,2023-10-01,0,0,0,0,0,0,0,0,0,0,0,0,0,0,0,0,0,0,0,0,0,0,1,0,0,0,0,0,0,0,0,0,0,1,14.9948167051928,12,TRUE,9.55029754770263,1.61499066277509,0,7.93530688492753,31.6084
"SARIMA","Phalombe",3,"month","incidence",2023-08-01,2023-11-01,0,0,0,0,0,0,0,0,0,0,0,0,0,0,0,0,0,1,1,1,1,1,1,0,0,0,0,0,1,1,1,1,1,1,6.07352551717386,12,TRUE,3.25625887047338,1.79338628282697,0,1.46287258764641,21.4788
"SARIMA","Rumphi",1,"month","incidence",2023-08-01,2023-09-01,0,0,0,0,0,0,0,0,0,0,0,0,1,1,1,1,1,1,1,1,1,1,1,1,1,1,1,1,1,1,1,1,1,1,0.159597204532612,12,TRUE,2.06207587056161,2.05513686166889,0,0.00693900889272226,6.4533
"SARIMA","Rumphi",2,"month","incidence",2023-08-01,2023-10-01,0,0,0,0,0,0,0,0,0,0,0,0,1,1,1,1,1,1,1,1,1,1,1,1,1,1,1,1,1,1,1,1,1,1,0.309772454515037,12,TRUE,2.66174898845473,2.64828062086712,0,0.0134683675876103,6.3234
"SARIMA","Rumphi",3,"month","incidence",2023-08-01,2023-11-01,0,0,0,0,0,0,0,0,0,0,0,1,1,1,1,1,1,1,1,1,1,1,1,1,1,1,1,1,1,1,1,1,1,1,0.0600930534894326,12,TRUE,3.12751660262801,3.12490386117195,0.00261274145606229,0,6.3549
"SARIMA","Salima",1,"month","incidence",2023-08-01,2023-09-01,0,0,0,0,0,0,0,0,0,0,0,0,0,0,0,0,0,0,0,0,0,0,0,0,0,0,0,0,0,0,0,0,0,0,29.7227026431812,12,TRUE,20.3559720209847,2.667585431443,0,17.6883865895417,93.274
"SARIMA","Salima",2,"month","incidence",2023-08-01,2023-10-01,0,0,0,0,0,0,0,0,0,0,0,0,0,1,1,1,1,1,1,1,1,1,1,0,1,1,1,1,1,1,1,1,1,1,3.79313577941928,12,TRUE,3.8398291088623,3.5258958926764,0,0.313933216185903,66.3458
"SARIMA","Salima",3,"month","incidence",2023-08-01,2023-11-01,0,0,0,0,0,0,1,1,1,1,1,1,1,1,1,1,1,1,1,1,1,1,1,0,0,0,0,0,1,1,1,1,1,1,13.4674995922555,12,TRUE,7.24819610330289,4.06089844554954,3.18729765775335,0,32.8825
"SARIMA","Thyolo",1,"month","incidence",2023-08-01,2023-09-01,0,0,0,0,0,0,0,0,0,0,0,0,0,0,0,0,0,0,1,1,1,1,1,0,0,0,0,0,0,1,1,1,1,1,4.85896312243307,12,TRUE,2.58426876900634,1.08225342833478,0,1.50201534067156,13.8144
"SARIMA","Thyolo",2,"month","incidence",2023-08-01,2023-10-01,0,0,0,0,0,0,0,0,0,0,0,0,0,1,1,1,1,1,1,1,1,1,1,0,1,1,1,1,1,1,1,1,1,1,0.990993317762744,12,TRUE,1.56376262021053,1.51334376143207,0,0.05041885877846,10.8609
"SARIMA","Thyolo",3,"month","incidence",2023-08-01,2023-11-01,0,0,0,0,0,0,0,0,0,0,0,0,1,1,1,1,1,1,1,1,1,1,1,1,1,1,1,1,1,1,1,1,1,1,0.709008606316885,12,TRUE,1.86913055022457,1.83830408908036,0,0.0308264611442124,11.4424
"SARIMA","Zomba",1,"month","incidence",2023-08-01,2023-09-01,0,0,0,0,0,0,0,0,0,0,0,0,0,0,0,0,0,0,0,1,1,1,1,0,0,0,0,0,0,0,1,1,1,1,9.03565599985554,12,TRUE,5.02320597178806,1.53185436275366,0,3.4913516090344,31.7257
"SARIMA","Zomba",2,"month","incidence",2023-08-01,2023-10-01,0,0,0,0,0,0,0,0,0,0,0,0,0,0,0,0,0,0,0,0,0,1,1,0,0,0,0,0,0,0,0,0,1,1,16.513313315625,12,TRUE,10.1829993150471,1.96278818085228,0,8.2202111341948,37.9738
"SARIMA","Zomba",3,"month","incidence",2023-08-01,2023-11-01,0,0,0,0,0,0,0,0,0,0,0,0,0,0,0,0,0,0,0,0,1,1,1,0,0,0,0,0,0,0,0,1,1,1,13.5065062004401,12,TRUE,7.58057903058551,2.18943793174696,0,5.39114109883856,32.5181
"SARIMA","Balaka",1,"month","incidence",2023-09-01,2023-10-01,0,0,0,0,0,0,0,0,0,0,0,0,0,0,0,0,1,1,1,1,1,1,1,0,0,0,0,1,1,1,1,1,1,1,8.79078252935273,12,TRUE,4.74806090546856,2.82350638243009,0,1.92455452303847,25.871
"SARIMA","Balaka",2,"month","incidence",2023-09-01,2023-11-01,0,0,0,0,0,0,0,0,0,0,0,0,0,0,0,0,0,0,1,1,1,1,1,0,0,0,0,0,0,1,1,1,1,1,13.6720718534516,12,TRUE,6.96054007935061,3.10241452019919,0,3.85812555915142,25.6806
"SARIMA","Balaka",3,"month","incidence",2023-09-01,2023-12-01,0,0,0,0,0,0,0,0,0,0,0,0,0,1,1,1,1,1,1,1,1,1,1,0,1,1,1,1,1,1,1,1,1,1,3.79953169809218,12,TRUE,3.37064927846697,3.05778170371576,0,0.312867574751214,12.9097
"SARIMA","Blantyre",1,"month","incidence",2023-09-01,2023-10-01,0,0,0,0,0,0,0,0,0,0,0,0,0,0,0,0,1,1,1,1,1,1,1,0,0,0,0,1,1,1,1,1,1,1,3.6187272736325,12,TRUE,2.0259349165464,1.28660092167425,0,0.739333994872143,22.9584
"SARIMA","Blantyre",2,"month","incidence",2023-09-01,2023-11-01,0,0,0,0,0,0,0,0,0,0,0,0,0,0,0,0,0,0,1,1,1,1,1,0,0,0,0,0,0,1,1,1,1,1,6.88373788739688,12,TRUE,3.67744970713775,1.46982927065486,0,2.20762043648289,22.2625
"SARIMA","Blantyre",3,"month","incidence",2023-09-01,2023-12-01,0,0,0,0,0,0,0,0,0,0,0,0,0,0,0,1,1,1,1,1,1,1,1,0,0,0,1,1,1,1,1,1,1,1,3.40723670695128,12,TRUE,2.15307408415292,1.62299000663531,0,0.530084077517607,18.8145
"SARIMA","Chikwawa",1,"month","incidence",2023-09-01,2023-10-01,0,0,0,0,0,0,0,0,0,0,0,0,0,0,0,0,0,1,1,1,1,1,1,0,0,0,0,0,1,1,1,1,1,1,7.11887710986483,12,TRUE,3.7823298046588,1.8998535516624,0,1.8824762529964,28.5652
"SARIMA","Chikwawa",2,"month","incidence",2023-09-01,2023-11-01,0,0,0,0,0,0,0,0,0,0,0,0,0,0,0,1,1,1,1,1,1,1,1,0,0,0,1,1,1,1,1,1,1,1,4.49717150115605,12,TRUE,2.79857668566165,2.09206328826388,0,0.706513397397771,18.4424
"SARIMA","Chikwawa",3,"month","incidence",2023-09-01,2023-12-01,0,0,0,0,0,0,0,0,0,0,0,1,1,1,1,1,1,1,1,1,1,1,1,1,1,1,1,1,1,1,1,1,1,1,0.819848383131491,12,TRUE,2.28126725413823,2.24562167226295,0.0356455818752822,0,12.8446
"SARIMA","Chiradzulu",1,"month","incidence",2023-09-01,2023-10-01,0,0,0,0,0,0,0,0,0,0,0,0,0,0,0,1,1,1,1,1,1,1,1,0,0,0,1,1,1,1,1,1,1,1,2.77846640449116,12,TRUE,1.75700605646216,1.36609742033668,0,0.390908636125479,8.5811
"SARIMA","Chiradzulu",2,"month","incidence",2023-09-01,2023-11-01,0,0,0,0,0,0,0,0,0,0,0,0,0,0,0,0,0,0,0,1,1,1,1,0,0,0,0,0,0,0,1,1,1,1,10.2875992289234,12,TRUE,5.47638352770055,1.51592718563767,0,3.96045634206288,14.9335
"SARIMA","Chiradzulu",3,"month","incidence",2023-09-01,2023-12-01,0,0,0,0,0,0,0,0,0,0,0,0,0,0,0,0,0,1,1,1,1,1,1,0,0,0,0,0,1,1,1,1,1,1,7.11999620272108,12,TRUE,3.56710383694782,1.66061832134923,0,1.90648551559859,12.7126
"SARIMA","Chitipa",1,"month","incidence",2023-09-01,2023-10-01,0,0,0,0,0,0,0,0,0,0,0,0,0,0,1,1,1,1,1,1,1,1,1,0,0,1,1,1,1,1,1,1,1,1,2.27453810372762,12,TRUE,1.92592755207076,1.70771710816051,0,0.218210443910256,10.5505
"SARIMA","Chitipa",2,"month","incidence",2023-09-01,2023-11-01,0,0,0,0,0,0,0,0,0,0,0,0,0,0,0,1,1,1,1,1,1,1,1,0,0,0,1,1,1,1,1,1,1,1,4.09012519204231,12,TRUE,2.53841698880514,1.9537692094829,0,0.584647779322238,11.8542
"SARIMA","Chitipa",3,"month","incidence",2023-09-01,2023-12-01,0,0,0,0,0,0,0,0,0,0,0,0,0,0,1,1,1,1,1,1,1,1,1,0,0,1,1,1,1,1,1,1,1,1,3.51117275844755,12,TRUE,2.55620749240109,2.13879111943302,0,0.417416372968078,13.8956
"SARIMA","Dedza",1,"month","incidence",2023-09-01,2023-10-01,0,0,0,0,0,0,0,0,0,0,0,0,0,0,0,0,1,1,1,1,1,1,1,0,0,0,0,1,1,1,1,1,1,1,3.67257968086563,12,TRUE,1.99745200175592,1.1822629573211,0,0.815189044434823,16.3766
"SARIMA","Dedza",2,"month","incidence",2023-09-01,2023-11-01,0,0,0,0,0,0,0,0,0,0,0,0,0,0,0,0,0,0,0,1,1,1,1,0,0,0,0,0,0,0,1,1,1,1,7.49381813056141,12,TRUE,4.12168140608434,1.3455730179471,0,2.77610838813724,20.93
"SARIMA","Dedza",3,"month","incidence",2023-09-01,2023-12-01,0,0,0,0,0,0,0,0,0,0,0,0,0,0,0,0,0,1,1,1,1,1,1,0,0,0,0,0,1,1,1,1,1,1,5.00135857382194,12,TRUE,2.66860170057257,1.39174021998419,0,1.27686148058838,21.0507
"SARIMA","Dowa",1,"month","incidence",2023-09-01,2023-10-01,0,0,0,0,0,0,0,0,0,0,0,0,0,0,1,1,1,1,1,1,1,1,1,0,0,1,1,1,1,1,1,1,1,1,3.13255513654061,12,TRUE,2.49782409091213,2.16981482878386,0,0.328009262128267,13.2882
"SARIMA","Dowa",2,"month","incidence",2023-09-01,2023-11-01,0,0,0,0,0,0,0,0,0,0,0,0,0,0,0,0,0,1,1,1,1,1,1,0,0,0,0,0,1,1,1,1,1,1,10.5980289535481,12,TRUE,5.36666239234311,2.90906656833448,0,2.45759582400863,20.5757
"SARIMA","Dowa",3,"month","incidence",2023-09-01,2023-12-01,0,0,0,0,0,0,0,0,0,0,0,0,1,1,1,1,1,1,1,1,1,1,1,1,1,1,1,1,1,1,1,1,1,1,2.54922545180619,12,TRUE,4.37473943285047,4.26390354364151,0,0.110835889208965,19.6376
"SARIMA","Karonga",1,"month","incidence",2023-09-01,2023-10-01,0,0,0,0,0,0,0,0,0,0,0,0,0,0,1,1,1,1,1,1,1,1,1,0,0,1,1,1,1,1,1,1,1,1,1.83431710411536,12,TRUE,1.62564044521195,1.45137366640115,0,0.174266778810797,46.3689
"SARIMA","Karonga",2,"month","incidence",2023-09-01,2023-11-01,0,0,0,1,1,1,1,1,1,1,1,1,1,1,1,1,1,1,1,1,1,1,1,0,0,0,0,0,0,0,0,1,1,1,11.1580766552708,12,TRUE,6.24203368589444,1.83847471065061,4.40355897524383,0,34.474
"SARIMA","Karonga",3,"month","incidence",2023-09-01,2023-12-01,0,1,1,1,1,1,1,1,1,1,1,1,1,1,1,1,1,1,1,1,1,1,1,0,0,0,0,0,0,0,0,0,0,1,23.6760996243526,12,TRUE,15.9923673928764,2.19561845318811,13.7967489396883,0,21.2279
"SARIMA","Kasungu",1,"month","incidence",2023-09-01,2023-10-01,0,0,0,0,0,0,0,0,0,0,0,0,0,0,1,1,1,1,1,1,1,1,1,0,0,1,1,1,1,1,1,1,1,1,3.75925987869555,12,TRUE,2.66930446947169,2.19497389478443,0,0.474330574687266,19.713
"SARIMA","Kasungu",2,"month","incidence",2023-09-01,2023-11-01,0,0,0,0,0,0,0,0,0,0,0,0,0,0,0,1,1,1,1,1,1,1,1,0,0,0,1,1,1,1,1,1,1,1,6.80765883092831,12,TRUE,3.96103097501806,2.76184286163736,0,1.19918811338071,25.821
"SARIMA","Kasungu",3,"month","incidence",2023-09-01,2023-12-01,0,0,0,0,0,0,0,0,0,0,0,0,0,0,1,1,1,1,1,1,1,1,1,0,0,1,1,1,1,1,1,1,1,1,5.35327366082658,12,TRUE,3.9197589235591,3.27261028119891,0,0.647148642360184,25.1233
"SARIMA","Likoma",1,"month","incidence",2023-09-01,2023-10-01,0,0,0,1,1,1,1,1,1,1,1,1,1,1,1,1,1,1,1,1,1,1,1,0,0,0,0,0,0,0,0,1,1,1,16.0455010244509,12,TRUE,9.19928731992996,2.43917631343852,6.76011100649144,0,27.2585
"SARIMA","Likoma",2,"month","incidence",2023-09-01,2023-11-01,0,0,1,1,1,1,1,1,1,1,1,1,1,1,1,1,1,1,1,1,1,1,1,0,0,0,0,0,0,0,0,0,1,1,25.6637016315576,12,TRUE,15.4678446858354,3.25346391136313,12.2143807744722,0,12.3163
"SARIMA","Likoma",3,"month","incidence",2023-09-01,2023-12-01,0,0,0,1,1,1,1,1,1,1,1,1,1,1,1,1,1,1,1,1,1,1,1,0,0,0,0,0,0,0,0,1,1,1,22.4003795705063,12,TRUE,12.7516745118477,3.47431865720241,9.27735585464533,0,8.8778
"SARIMA","Lilongwe",1,"month","incidence",2023-09-01,2023-10-01,0,0,0,0,0,0,0,0,0,0,0,0,0,0,0,0,1,1,1,1,1,1,1,0,0,0,0,1,1,1,1,1,1,1,4.90142174949352,12,TRUE,2.6714991133907,1.66339247789321,0,1.00810663549749,13.2368
"SARIMA","Lilongwe",2,"month","incidence",2023-09-01,2023-11-01,0,0,0,0,0,0,0,0,0,0,0,0,0,0,0,0,1,1,1,1,1,1,1,0,0,0,0,1,1,1,1,1,1,1,6.33785100067429,12,TRUE,3.32970623883843,1.91270241317212,0,1.41700382566631,15.0212
"SARIMA","Lilongwe",3,"month","incidence",2023-09-01,2023-12-01,0,0,0,0,0,0,0,0,0,0,0,0,0,0,0,0,0,1,1,1,1,1,1,0,0,0,0,0,1,1,1,1,1,1,8.70373561227177,12,TRUE,4.46343154374161,2.32851119487965,0,2.13492034886196,17.8196
"SARIMA","Machinga",1,"month","incidence",2023-09-01,2023-10-01,0,0,0,0,0,0,0,0,0,0,0,0,0,0,1,1,1,1,1,1,1,1,1,0,0,1,1,1,1,1,1,1,1,1,3.02066366832784,12,TRUE,2.07116268012625,1.67332595133531,0,0.397836728790933,51.5774
"SARIMA","Machinga",2,"month","incidence",2023-09-01,2023-11-01,0,0,0,0,0,1,1,1,1,1,1,1,1,1,1,1,1,1,1,1,1,1,1,0,0,0,0,0,0,1,1,1,1,1,8.26063730526153,12,TRUE,4.38942232090714,1.9324897174624,2.45693260344474,0,34.2442
"SARIMA","Machinga",3,"month","incidence",2023-09-01,2023-12-01,0,0,0,0,0,0,1,1,1,1,1,1,1,1,1,1,1,1,1,1,1,1,1,0,0,0,0,0,1,1,1,1,1,1,7.98106761676117,12,TRUE,4.22313748218247,2.0430065613198,2.18013092086267,0,30.0548
"SARIMA","Mangochi",1,"month","incidence",2023-09-01,2023-10-01,0,0,0,0,0,0,0,0,0,0,0,0,0,0,0,1,1,1,1,1,1,1,1,0,0,0,1,1,1,1,1,1,1,1,2.84363959127206,12,TRUE,1.73465315707898,1.26324950916846,0,0.471403647910518,34.5768
"SARIMA","Mangochi",2,"month","incidence",2023-09-01,2023-11-01,0,0,0,0,0,0,0,0,1,1,1,1,1,1,1,1,1,1,1,1,1,1,1,0,0,0,1,1,1,1,1,1,1,1,3.6625795709909,12,TRUE,2.18491632778668,1.55540301434574,0.629513313440937,0,22.945
"SARIMA","Mangochi",3,"month","incidence",2023-09-01,2023-12-01,0,0,0,0,0,0,0,0,1,1,1,1,1,1,1,1,1,1,1,1,1,1,1,0,0,0,1,1,1,1,1,1,1,1,3.84501470165452,12,TRUE,2.33063017759105,1.68648093481867,0.644149242772385,0,18.7193
"SARIMA","Mchinji",1,"month","incidence",2023-09-01,2023-10-01,0,0,0,0,0,0,0,0,0,0,0,0,0,0,0,1,1,1,1,1,1,1,1,0,0,0,1,1,1,1,1,1,1,1,6.63078519766835,12,TRUE,4.15746090134133,3.10965010171108,0,1.04781079963025,39.6876
"SARIMA","Mchinji",2,"month","incidence",2023-09-01,2023-11-01,0,0,0,0,0,0,0,0,0,0,0,0,0,0,1,1,1,1,1,1,1,1,1,0,0,1,1,1,1,1,1,1,1,1,6.38764480306109,12,TRUE,5.06749188201447,4.35928105084289,0,0.70821083117158,38.565
"SARIMA","Mchinji",3,"month","incidence",2023-09-01,2023-12-01,0,0,0,0,0,0,0,0,0,0,0,0,0,0,0,0,1,1,1,1,1,1,1,0,0,0,0,1,1,1,1,1,1,1,16.1756555186356,12,TRUE,8.79584948547395,5.299774020145,0,3.49607546532896,50.2767
"SARIMA","Mulanje",1,"month","incidence",2023-09-01,2023-10-01,0,0,0,0,0,0,0,0,0,0,0,0,0,0,0,0,0,0,0,0,1,1,1,0,0,0,0,0,0,0,0,1,1,1,13.4053161229256,12,TRUE,7.5902977043881,2.12520485773771,0,5.46509284665039,43.6416
"SARIMA","Mulanje",2,"month","incidence",2023-09-01,2023-11-01,0,0,0,0,0,0,0,0,0,0,0,0,0,0,0,0,0,0,0,0,1,1,1,0,0,0,0,0,0,0,0,1,1,1,14.8208856930345,12,TRUE,8.38006515205839,2.36039423863409,0,6.0196709134243,44.3208
"SARIMA","Mulanje",3,"month","incidence",2023-09-01,2023-12-01,0,0,0,0,0,0,0,0,0,0,0,0,0,0,0,0,0,1,1,1,1,1,1,0,0,0,0,0,1,1,1,1,1,1,10.7896686573944,12,TRUE,5.71076674622945,2.76937039956016,0,2.94139634666929,46.8129
"SARIMA","Mwanza",1,"month","incidence",2023-09-01,2023-10-01,0,0,0,0,0,0,0,0,0,1,1,1,1,1,1,1,1,1,1,1,1,1,1,0,0,1,1,1,1,1,1,1,1,1,4.98899715264815,12,TRUE,4.08152500646975,3.54535415251685,0.536170853952905,0,35.5107
"SARIMA","Mwanza",2,"month","incidence",2023-09-01,2023-11-01,0,0,0,0,0,0,0,0,0,0,0,1,1,1,1,1,1,1,1,1,1,1,1,1,1,1,1,1,1,1,1,1,1,1,1.72719335872956,12,TRUE,5.1654573715688,5.09036200814578,0.0750953634230246,0,37.0064
"SARIMA","Mwanza",3,"month","incidence",2023-09-01,2023-12-01,0,0,0,0,0,0,0,0,0,0,0,1,1,1,1,1,1,1,1,1,1,1,1,1,1,1,1,1,1,1,1,1,1,1,1.1196204839172,12,TRUE,6.9023358601217,6.85365670864704,0.0486791514746607,0,41.0541
"SARIMA","Mzimba",1,"month","incidence",2023-09-01,2023-10-01,0,0,0,0,0,0,0,0,0,0,0,0,1,1,1,1,1,1,1,1,1,1,1,1,1,1,1,1,1,1,1,1,1,1,0.854091556124301,12,TRUE,1.66200469151586,1.62487027603219,0,0.0371344154836653,14.6422
"SARIMA","Mzimba",2,"month","incidence",2023-09-01,2023-11-01,0,0,0,0,0,0,0,0,0,0,0,0,0,1,1,1,1,1,1,1,1,1,1,0,1,1,1,1,1,1,1,1,1,1,1.95335475195282,12,TRUE,2.12784484275241,1.97562031409082,0,0.152224528661588,15.737
"SARIMA","Mzimba",3,"month","incidence",2023-09-01,2023-12-01,0,0,0,0,0,0,0,0,0,0,0,0,0,0,0,0,0,1,1,1,1,1,1,0,0,0,0,0,1,1,1,1,1,1,7.55555599883496,12,TRUE,4.01717594971806,2.13778925383639,0,1.87938669588167,22.4239
"SARIMA","Neno",1,"month","incidence",2023-09-01,2023-10-01,0,0,0,0,0,0,0,0,0,0,1,1,1,1,1,1,1,1,1,1,1,1,1,0,1,1,1,1,1,1,1,1,1,1,4.56326675401956,12,TRUE,4.84531050528851,4.47984834794993,0.365462157338574,0,63.7293
"SARIMA","Neno",2,"month","incidence",2023-09-01,2023-11-01,0,0,0,0,0,0,0,0,1,1,1,1,1,1,1,1,1,1,1,1,1,1,1,0,0,0,1,1,1,1,1,1,1,1,11.2344835669358,12,TRUE,7.0109148242385,5.22003701598645,1.79087780825205,0,50.5316
"SARIMA","Neno",3,"month","incidence",2023-09-01,2023-12-01,0,0,0,0,0,0,0,0,0,0,0,0,0,0,0,0,0,1,1,1,1,1,1,0,0,0,0,0,1,1,1,1,1,1,22.0506283002385,12,TRUE,11.7151691141978,5.88201581168954,0,5.83315330250829,95.336
"SARIMA","Nkhatabay",1,"month","incidence",2023-09-01,2023-10-01,0,0,0,0,0,0,0,0,0,0,0,0,1,1,1,1,1,1,1,1,1,1,1,1,1,1,1,1,1,1,1,1,1,1,0.413418233360076,12,TRUE,2.9332191619304,2.91524445613214,0,0.0179747057982642,115.0472
"SARIMA","Nkhatabay",2,"month","incidence",2023-09-01,2023-11-01,0,0,0,0,0,1,1,1,1,1,1,1,1,1,1,1,1,1,1,1,1,1,1,0,0,0,0,0,0,1,1,1,1,1,16.0294056037033,12,TRUE,8.51472210484022,3.76898588681281,4.74573621802741,0,92.0552
"SARIMA","Nkhatabay",3,"month","incidence",2023-09-01,2023-12-01,0,0,1,1,1,1,1,1,1,1,1,1,1,1,1,1,1,1,1,1,1,1,1,0,0,0,0,0,0,0,0,0,1,1,33.4868889149249,12,TRUE,20.1798522634058,4.24700821725636,15.9328440461495,0,69.2311
"SARIMA","Nkhotakota",1,"month","incidence",2023-09-01,2023-10-01,0,0,0,0,0,0,0,0,0,0,0,0,0,0,0,0,0,0,0,0,1,1,1,0,0,0,0,0,0,0,0,1,1,1,16.9601730522186,12,TRUE,10.1333688913616,2.20261485793289,0,7.93075403342871,83.47
"SARIMA","Nkhotakota",2,"month","incidence",2023-09-01,2023-11-01,0,0,0,0,0,0,0,0,0,0,0,1,1,1,1,1,1,1,1,1,1,1,1,1,1,1,1,1,1,1,1,1,1,1,0.201368762264742,12,TRUE,2.80912236775728,2.80036720418055,0.00875516357672793,0,50.0248
"SARIMA","Nkhotakota",3,"month","incidence",2023-09-01,2023-12-01,0,0,0,0,0,0,0,0,0,0,0,0,0,0,0,0,0,1,1,1,1,1,1,0,0,0,0,0,1,1,1,1,1,1,13.0497755176212,12,TRUE,6.93277943791577,3.52032583971228,0,3.41245359820349,43.9058
"SARIMA","Nsanje",1,"month","incidence",2023-09-01,2023-10-01,0,0,0,0,0,0,0,0,1,1,1,1,1,1,1,1,1,1,1,1,1,1,1,0,0,0,1,1,1,1,1,1,1,1,4.42151859833101,12,TRUE,2.77806323783284,2.08175666848679,0.696306569346049,0,30.1033
"SARIMA","Nsanje",2,"month","incidence",2023-09-01,2023-11-01,0,0,0,0,0,1,1,1,1,1,1,1,1,1,1,1,1,1,1,1,1,1,1,0,0,0,0,0,0,1,1,1,1,1,11.2150797178143,12,TRUE,5.98285052273528,2.46098596077621,3.52186456195907,0,16.8964
"SARIMA","Nsanje",3,"month","incidence",2023-09-01,2023-12-01,0,0,0,0,0,1,1,1,1,1,1,1,1,1,1,1,1,1,1,1,1,1,1,0,0,0,0,0,0,1,1,1,1,1,11.3140330445358,12,TRUE,6.01841486345428,2.59562539778804,3.42278946566624,0,16.1469
"SARIMA","Ntcheu",1,"month","incidence",2023-09-01,2023-10-01,0,0,0,0,0,0,0,0,0,0,0,0,0,0,0,0,1,1,1,1,1,1,1,0,0,0,0,1,1,1,1,1,1,1,5.309503699227,12,TRUE,3.04080170244431,2.03179606595102,0,1.00900563649329,28.5466
"SARIMA","Ntcheu",2,"month","incidence",2023-09-01,2023-11-01,0,0,0,0,0,0,0,0,0,0,0,0,0,0,0,1,1,1,1,1,1,1,1,0,0,0,1,1,1,1,1,1,1,1,4.90270128682182,12,TRUE,3.09009205125002,2.33024771801612,0,0.759844333233895,22.5895
"SARIMA","Ntcheu",3,"month","incidence",2023-09-01,2023-12-01,0,0,0,0,0,0,0,0,0,0,0,0,0,0,0,0,1,1,1,1,1,1,1,0,0,0,0,1,1,1,1,1,1,1,7.24351760593448,12,TRUE,3.9825375262815,2.43381331274293,0,1.54872421353856,27.4152
"SARIMA","Ntchisi",1,"month","incidence",2023-09-01,2023-10-01,0,0,0,0,0,0,0,0,0,0,0,0,0,0,1,1,1,1,1,1,1,1,1,0,0,1,1,1,1,1,1,1,1,1,3.87580417887506,12,TRUE,3.36868139160158,2.98835220615045,0,0.380329185451134,50.3259
"SARIMA","Ntchisi",2,"month","incidence",2023-09-01,2023-11-01,0,0,0,0,0,0,0,0,0,0,0,0,1,1,1,1,1,1,1,1,1,1,1,1,1,1,1,1,1,1,1,1,1,1,1.91353301187636,12,TRUE,3.9129859582584,3.82978887078552,0,0.0831970874728852,58.6645
"SARIMA","Ntchisi",3,"month","incidence",2023-09-01,2023-12-01,0,0,0,0,0,0,0,0,0,0,0,0,0,0,0,0,0,0,1,1,1,1,1,0,0,0,0,0,0,1,1,1,1,1,23.0295659748557,12,TRUE,12.2922745843164,5.00643191956923,0,7.28584266474715,86.3023
"SARIMA","Phalombe",1,"month","incidence",2023-09-01,2023-10-01,0,0,0,0,0,0,0,0,0,0,0,0,0,0,1,1,1,1,1,1,1,1,1,0,0,1,1,1,1,1,1,1,1,1,1.89056115353948,12,TRUE,1.51897447070803,1.31072530025171,0,0.208249170456318,31.6084
"SARIMA","Phalombe",2,"month","incidence",2023-09-01,2023-11-01,0,0,0,0,0,1,1,1,1,1,1,1,1,1,1,1,1,1,1,1,1,1,1,0,0,0,0,0,0,1,1,1,1,1,7.80064551472524,12,TRUE,4.14095091522633,1.85285004908851,2.28810086613783,0,21.4788
"SARIMA","Phalombe",3,"month","incidence",2023-09-01,2023-12-01,0,0,0,0,0,1,1,1,1,1,1,1,1,1,1,1,1,1,1,1,1,1,1,0,0,0,0,0,0,1,1,1,1,1,9.74153830110303,12,TRUE,5.17776802062387,2.2689437608363,2.90882425978757,0,22.266
"SARIMA","Rumphi",1,"month","incidence",2023-09-01,2023-10-01,0,0,0,0,0,0,0,0,0,0,0,1,1,1,1,1,1,1,1,1,1,1,1,1,1,1,1,1,1,1,1,1,1,1,1.11625016913636,12,TRUE,1.95719879010321,1.9086661740538,0.0485326160494068,0,6.3234
"SARIMA","Rumphi",2,"month","incidence",2023-09-01,2023-11-01,0,0,0,0,0,0,0,0,0,0,1,1,1,1,1,1,1,1,1,1,1,1,1,0,1,1,1,1,1,1,1,1,1,1,1.85271895923479,12,TRUE,2.49010921691686,2.38535486595807,0.104754350958795,0,6.3549
"SARIMA","Rumphi",3,"month","incidence",2023-09-01,2023-12-01,0,0,0,0,0,0,0,0,0,0,0,0,0,0,1,1,1,1,1,1,1,1,1,0,0,1,1,1,1,1,1,1,1,1,4.80494478516141,12,TRUE,3.29528444415607,2.71382541619584,0,0.581459027960227,14.7127
"SARIMA","Salima",1,"month","incidence",2023-09-01,2023-10-01,0,0,1,1,1,1,1,1,1,1,1,1,1,1,1,1,1,1,1,1,1,1,1,0,0,0,0,0,0,0,0,0,1,1,24.6641851145891,12,TRUE,15.44968939856,2.79515964427206,12.654529754288,0,66.3458
"SARIMA","Salima",2,"month","incidence",2023-09-01,2023-11-01,0,1,1,1,1,1,1,1,1,1,1,1,1,1,1,1,1,1,1,1,1,1,1,0,0,0,0,0,0,0,0,0,0,1,40.5047618931697,12,TRUE,27.3290859622409,3.76812001761682,23.560965944624,0,32.8825
"SARIMA","Salima",3,"month","incidence",2023-09-01,2023-12-01,0,1,1,1,1,1,1,1,1,1,1,1,1,1,1,1,1,1,1,1,1,1,1,0,0,0,0,0,0,0,0,0,0,1,42.097217445552,12,TRUE,27.1076328728425,4.42210276583453,22.685530107008,0,24.7649
"SARIMA","Thyolo",1,"month","incidence",2023-09-01,2023-10-01,0,0,0,0,0,0,1,1,1,1,1,1,1,1,1,1,1,1,1,1,1,1,1,0,0,0,0,0,1,1,1,1,1,1,3.8679701365088,12,TRUE,2.06778207829199,1.09611280188225,0.971669276409745,0,10.8609
"SARIMA","Thyolo",2,"month","incidence",2023-09-01,2023-11-01,0,0,0,0,0,0,0,1,1,1,1,1,1,1,1,1,1,1,1,1,1,1,1,0,0,0,0,1,1,1,1,1,1,1,4.15024697642152,12,TRUE,2.35769154067203,1.54897908874202,0.808712451930014,0,11.4424
"SARIMA","Thyolo",3,"month","incidence",2023-09-01,2023-12-01,0,0,0,0,0,0,0,1,1,1,1,1,1,1,1,1,1,1,1,1,1,1,1,0,0,0,0,1,1,1,1,1,1,1,4.81823201854975,12,TRUE,2.78380563252561,1.8969416014407,0.88686403108491,0,14.0918
"SARIMA","Zomba",1,"month","incidence",2023-09-01,2023-10-01,0,0,0,0,0,0,0,0,0,0,0,0,0,0,0,0,0,0,0,1,1,1,1,0,0,0,0,0,0,0,1,1,1,1,9.03650007330174,12,TRUE,5.01187883223488,1.55277721478462,0,3.45910161745026,37.9738
"SARIMA","Zomba",2,"month","incidence",2023-09-01,2023-11-01,0,0,0,0,0,0,0,0,0,0,0,0,0,0,0,0,0,1,1,1,1,1,1,0,0,0,0,0,1,1,1,1,1,1,7.31520026222928,12,TRUE,3.89639957803375,2.0013540831985,0,1.89504549483525,32.5181
"SARIMA","Zomba",3,"month","incidence",2023-09-01,2023-12-01,0,0,0,0,0,0,0,0,0,0,0,0,0,0,0,0,0,1,1,1,1,1,1,0,0,0,0,0,1,1,1,1,1,1,8.53026890690709,12,TRUE,4.52709868640044,2.25077441502439,0,2.27632427137606,34.4193
"SARIMA","Balaka",1,"month","incidence",2023-10-01,2023-11-01,0,0,0,0,0,0,0,0,0,0,0,0,0,0,0,0,1,1,1,1,1,1,1,0,0,0,0,1,1,1,1,1,1,1,8.2330020177434,12,TRUE,4.53802662959646,2.83601873864275,0,1.7020078909537,25.6806
"SARIMA","Balaka",2,"month","incidence",2023-10-01,2023-12-01,0,0,0,0,0,0,0,0,0,0,0,0,1,1,1,1,1,1,1,1,1,1,1,1,1,1,1,1,1,1,1,1,1,1,0.283936163273626,12,TRUE,3.14197214054706,3.12962708996994,0,0.0123450505771142,12.9097
"SARIMA","Balaka",3,"month","incidence",2023-10-01,2024-01-01,0,0,0,0,0,0,0,0,0,0,0,0,0,0,1,1,1,1,1,1,1,1,1,0,0,1,1,1,1,1,1,1,1,1,4.66632163377819,12,TRUE,3.84068955507294,3.3759133547672,0,0.464776200305741,20.3841
"SARIMA","Blantyre",1,"month","incidence",2023-10-01,2023-11-01,0,0,0,0,0,0,0,0,0,0,0,0,0,0,0,1,1,1,1,1,1,1,1,0,0,0,1,1,1,1,1,1,1,1,2.68604172473644,12,TRUE,1.73469885319039,1.33302528929648,0,0.40167356389391,22.2625
"SARIMA","Blantyre",2,"month","incidence",2023-10-01,2023-12-01,0,0,0,0,0,0,0,0,0,1,1,1,1,1,1,1,1,1,1,1,1,1,1,0,0,1,1,1,1,1,1,1,1,1,2.22415471677897,12,TRUE,1.83250371790392,1.59583481594848,0.236668901955442,0,18.8145
"SARIMA","Blantyre",3,"month","incidence",2023-10-01,2024-01-01,0,0,0,0,0,0,0,0,0,0,0,0,0,0,0,0,0,0,0,1,1,1,1,0,0,0,0,0,0,0,1,1,1,1,10.8290431418297,12,TRUE,5.98322849604995,1.90103305127281,0,4.08219544477713,40.8281
"SARIMA","Chikwawa",1,"month","incidence",2023-10-01,2023-11-01,0,0,0,0,0,0,0,0,0,0,0,0,1,1,1,1,1,1,1,1,1,1,1,1,1,1,1,1,1,1,1,1,1,1,0.993548473924289,12,TRUE,1.93568470175668,1.89248694202084,0,0.0431977597358386,18.4424
"SARIMA","Chikwawa",2,"month","incidence",2023-10-01,2023-12-01,0,0,0,0,0,0,0,0,0,1,1,1,1,1,1,1,1,1,1,1,1,1,1,0,0,1,1,1,1,1,1,1,1,1,3.24911549091476,12,TRUE,2.48200567945803,2.10326510433766,0.378740575120367,0,12.8446
"SARIMA","Chikwawa",3,"month","incidence",2023-10-01,2024-01-01,0,0,0,0,0,0,0,0,0,0,1,1,1,1,1,1,1,1,1,1,1,1,1,0,1,1,1,1,1,1,1,1,1,1,2.07236680512693,12,TRUE,2.43820647352929,2.28508873291681,0.153117740612481,0,22.8446
"SARIMA","Chiradzulu",1,"month","incidence",2023-10-01,2023-11-01,0,0,0,0,0,0,0,0,0,0,0,0,0,0,0,0,0,0,0,1,1,1,1,0,0,0,0,0,0,0,1,1,1,1,8.40148791039156,12,TRUE,4.58070656207761,1.38804154582582,0,3.19266501625179,14.9335
"SARIMA","Chiradzulu",2,"month","incidence",2023-10-01,2023-12-01,0,0,0,0,0,0,0,0,0,0,0,0,0,0,0,0,0,1,1,1,1,1,1,0,0,0,0,0,1,1,1,1,1,1,5.8455871434648,12,TRUE,3.02957738400782,1.64153982818361,0,1.38803755582421,12.7126
"SARIMA","Chiradzulu",3,"month","incidence",2023-10-01,2024-01-01,0,0,0,0,0,0,0,0,0,0,0,0,0,0,0,0,0,0,0,0,0,0,0,0,0,0,0,0,0,0,0,0,0,0,31.2274531036874,12,TRUE,24.6247279754094,1.86051596684301,0,22.7642120085664,45.1365
"SARIMA","Chitipa",1,"month","incidence",2023-10-01,2023-11-01,0,0,0,0,0,0,0,0,0,0,0,0,0,0,1,1,1,1,1,1,1,1,1,0,0,1,1,1,1,1,1,1,1,1,2.64133086629496,12,TRUE,2.02637456946867,1.7284834358332,0,0.297891133635475,11.8542
"SARIMA","Chitipa",2,"month","incidence",2023-10-01,2023-12-01,0,0,0,0,0,0,0,0,0,0,0,0,0,0,1,1,1,1,1,1,1,1,1,0,0,1,1,1,1,1,1,1,1,1,2.58628282912263,12,TRUE,2.28902672735199,2.05414810956042,0,0.234878617791568,13.8956
"SARIMA","Chitipa",3,"month","incidence",2023-10-01,2024-01-01,0,0,0,0,0,0,0,0,0,0,0,0,0,0,0,0,0,0,0,0,1,1,1,0,0,0,0,0,0,0,0,1,1,1,15.1445376146575,12,TRUE,8.75518911104513,2.23579362501234,0,6.51939548603279,45.4402
"SARIMA","Dedza",1,"month","incidence",2023-10-01,2023-11-01,0,0,0,0,0,0,0,0,0,0,0,0,0,0,0,0,0,0,1,1,1,1,1,0,0,0,0,0,0,1,1,1,1,1,5.4275434134637,12,TRUE,2.89704053874757,1.17968207068754,0,1.71735846806003,20.93
"SARIMA","Dedza",2,"month","incidence",2023-10-01,2023-12-01,0,0,0,0,0,0,0,0,0,0,0,0,0,0,0,0,1,1,1,1,1,1,1,0,0,0,0,1,1,1,1,1,1,1,3.79336542371184,12,TRUE,2.12111820872108,1.34323357919257,0,0.777884629528514,21.0507
"SARIMA","Dedza",3,"month","incidence",2023-10-01,2024-01-01,0,0,0,0,0,0,0,0,0,0,0,0,0,0,0,0,0,0,0,0,0,1,1,0,0,0,0,0,0,0,0,0,1,1,12.5424002921483,12,TRUE,7.91539678362706,1.3880340760685,0,6.52736270755855,43.6542
"SARIMA","Dowa",1,"month","incidence",2023-10-01,2023-11-01,0,0,0,0,0,0,0,0,0,0,0,0,0,0,0,0,1,1,1,1,1,1,1,0,0,0,0,1,1,1,1,1,1,1,7.13279867348909,12,TRUE,3.82409282621543,2.23059647322564,0,1.59349635298979,20.5757
"SARIMA","Dowa",2,"month","incidence",2023-10-01,2023-12-01,0,0,0,0,0,0,0,0,0,0,1,1,1,1,1,1,1,1,1,1,1,1,1,0,1,1,1,1,1,1,1,1,1,1,2.15165155567502,12,TRUE,3.29955018823956,3.18438482401079,0.115165364228771,0,19.6376
"SARIMA","Dowa",3,"month","incidence",2023-10-01,2024-01-01,0,0,0,0,0,0,0,0,0,0,0,0,0,0,0,0,1,1,1,1,1,1,1,0,0,0,0,1,1,1,1,1,1,1,13.2225091481515,12,TRUE,7.31046493991474,4.52051553431424,0,2.7899494056005,53.0834
"SARIMA","Karonga",1,"month","incidence",2023-10-01,2023-11-01,0,0,1,1,1,1,1,1,1,1,1,1,1,1,1,1,1,1,1,1,1,1,1,0,0,0,0,0,0,0,0,0,1,1,12.6581779264915,12,TRUE,7.96786402342392,1.41253756397162,6.5553264594523,0,34.474
"SARIMA","Karonga",2,"month","incidence",2023-10-01,2023-12-01,1,1,1,1,1,1,1,1,1,1,1,1,1,1,1,1,1,1,1,1,1,1,1,0,0,0,0,0,0,0,0,0,0,0,25.2721204114062,12,TRUE,19.0871403198863,1.76144307457777,17.3256972453086,0,21.2279
"SARIMA","Karonga",3,"month","incidence",2023-10-01,2024-01-01,0,0,0,0,0,0,0,0,0,0,0,0,1,1,1,1,1,1,1,1,1,1,1,1,1,1,1,1,1,1,1,1,1,1,0.663443445949191,12,TRUE,2.12928029961066,2.10043493239547,0,0.0288453672151822,52.7819
"SARIMA","Kasungu",1,"month","incidence",2023-10-01,2023-11-01,0,0,0,0,0,0,0,0,0,0,0,0,0,0,1,1,1,1,1,1,1,1,1,0,0,1,1,1,1,1,1,1,1,1,3.97751638162468,12,TRUE,2.73002034699021,2.20703151690529,0,0.522988830084913,25.821
"SARIMA","Kasungu",2,"month","incidence",2023-10-01,2023-12-01,0,0,0,0,0,0,0,0,0,0,0,0,0,1,1,1,1,1,1,1,1,1,1,0,1,1,1,1,1,1,1,1,1,1,2.29386003371391,12,TRUE,2.91733093493413,2.76032364066308,0,0.157007294271053,25.1233
"SARIMA","Kasungu",3,"month","incidence",2023-10-01,2024-01-01,0,0,0,0,0,0,0,0,0,0,0,0,0,0,0,0,0,0,0,0,1,1,1,0,0,0,0,0,0,0,0,1,1,1,23.4870925945275,12,TRUE,13.7518970364232,3.30805825709485,0,10.4438387793284,71.8524
"SARIMA","Likoma",1,"month","incidence",2023-10-01,2023-11-01,0,0,0,0,0,1,1,1,1,1,1,1,1,1,1,1,1,1,1,1,1,1,1,0,0,0,0,0,0,1,1,1,1,1,11.7365437200567,12,TRUE,6.27273488176095,2.47399549028433,3.79873939147662,0,12.3163
"SARIMA","Likoma",2,"month","incidence",2023-10-01,2023-12-01,0,0,0,0,0,1,1,1,1,1,1,1,1,1,1,1,1,1,1,1,1,1,1,0,0,0,0,0,0,1,1,1,1,1,14.0626652761935,12,TRUE,7.44499296590316,3.20479054314136,4.2402024227618,0,8.8778
"SARIMA","Likoma",3,"month","incidence",2023-10-01,2024-01-01,0,0,0,0,0,0,0,0,1,1,1,1,1,1,1,1,1,1,1,1,1,1,1,0,0,0,1,1,1,1,1,1,1,1,8.1204782366285,12,TRUE,4.82321035525361,3.42673648681265,1.39647386844096,0,18.8934
"SARIMA","Lilongwe",1,"month","incidence",2023-10-01,2023-11-01,0,0,0,0,0,0,0,0,0,0,0,0,0,0,1,1,1,1,1,1,1,1,1,0,0,1,1,1,1,1,1,1,1,1,3.08698388319181,12,TRUE,2.11514851698077,1.71216257766476,0,0.402985939316016,15.0212
"SARIMA","Lilongwe",2,"month","incidence",2023-10-01,2023-12-01,0,0,0,0,0,0,0,0,0,0,0,0,0,0,0,1,1,1,1,1,1,1,1,0,0,0,1,1,1,1,1,1,1,1,4.03734125047364,12,TRUE,2.60947796394016,2.01898366082205,0,0.590494303118111,17.8196
"SARIMA","Lilongwe",3,"month","incidence",2023-10-01,2024-01-01,0,0,0,0,0,0,0,0,0,0,0,0,0,0,0,0,0,0,0,0,0,1,1,0,0,0,0,0,0,0,0,0,1,1,19.9219758377525,12,TRUE,11.8977283664573,2.5676994620173,0,9.33002890443998,40.7313
"SARIMA","Machinga",1,"month","incidence",2023-10-01,2023-11-01,0,0,0,1,1,1,1,1,1,1,1,1,1,1,1,1,1,1,1,1,1,1,1,0,0,0,0,0,0,0,0,1,1,1,10.3763575636382,12,TRUE,5.84363629261637,1.67399910078548,4.16963719183089,0,34.2442
"SARIMA","Machinga",2,"month","incidence",2023-10-01,2023-12-01,0,0,0,0,1,1,1,1,1,1,1,1,1,1,1,1,1,1,1,1,1,1,1,0,0,0,0,0,0,0,1,1,1,1,9.71562154296345,12,TRUE,5.23222867321377,1.94481654532557,3.2874121278882,0,30.0548
"SARIMA","Machinga",3,"month","incidence",2023-10-01,2024-01-01,0,0,1,1,1,1,1,1,1,1,1,1,1,1,1,1,1,1,1,1,1,1,1,0,0,0,0,0,0,0,0,0,1,1,17.4830477907563,12,TRUE,10.8051203268,2.06435682775574,8.74076349904422,0,33.464
"SARIMA","Mangochi",1,"month","incidence",2023-10-01,2023-11-01,0,0,0,0,0,1,1,1,1,1,1,1,1,1,1,1,1,1,1,1,1,1,1,0,0,0,0,0,0,1,1,1,1,1,5.91807154747177,12,TRUE,3.16204351565572,1.26435349593564,1.89769001972008,0,22.945
"SARIMA","Mangochi",2,"month","incidence",2023-10-01,2023-12-01,0,0,0,0,0,0,1,1,1,1,1,1,1,1,1,1,1,1,1,1,1,1,1,0,0,0,0,0,1,1,1,1,1,1,5.63456020765435,12,TRUE,3.0061245667728,1.5662427769439,1.43988178982889,0,18.7193
"SARIMA","Mangochi",3,"month","incidence",2023-10-01,2024-01-01,0,0,0,0,0,0,1,1,1,1,1,1,1,1,1,1,1,1,1,1,1,1,1,0,0,0,0,0,1,1,1,1,1,1,5.91465179490271,12,TRUE,3.16783110236309,1.70584405663416,1.46198704572893,0,19.0843
"SARIMA","Mchinji",1,"month","incidence",2023-10-01,2023-11-01,0,0,0,0,0,0,0,0,0,0,0,1,1,1,1,1,1,1,1,1,1,1,1,1,1,1,1,1,1,1,1,1,1,1,0.171987688359451,12,TRUE,3.04963290325065,3.0421551776698,0.00747772558084569,0,38.565
"SARIMA","Mchinji",2,"month","incidence",2023-10-01,2023-12-01,0,0,0,0,0,0,0,0,0,0,0,0,0,0,0,1,1,1,1,1,1,1,1,0,0,0,1,1,1,1,1,1,1,1,9.76941584920619,12,TRUE,5.9279097354947,4.29663432279125,0,1.63127541270345,50.2767
"SARIMA","Mchinji",3,"month","incidence",2023-10-01,2024-01-01,0,0,0,0,0,0,0,0,0,0,0,0,0,0,0,0,0,0,0,0,1,1,1,0,0,0,0,0,0,0,0,1,1,1,36.4134535034745,12,TRUE,21.1671650631568,5.26916733223282,0,15.897997730924,95.2758
"SARIMA","Mulanje",1,"month","incidence",2023-10-01,2023-11-01,0,0,0,0,0,0,0,0,0,0,0,0,0,0,0,0,0,1,1,1,1,1,1,0,0,0,0,0,1,1,1,1,1,1,8.29961661336076,12,TRUE,4.39575877141175,2.14498841984513,0,2.25077035156663,44.3208
"SARIMA","Mulanje",2,"month","incidence",2023-10-01,2023-12-01,0,0,0,0,0,0,0,0,0,0,0,0,0,1,1,1,1,1,1,1,1,1,1,0,1,1,1,1,1,1,1,1,1,1,2.81186712995964,12,TRUE,2.62962540060438,2.38518291182713,0,0.244442488777252,46.8129
"SARIMA","Mulanje",3,"month","incidence",2023-10-01,2024-01-01,0,0,0,0,0,0,0,0,0,0,0,0,0,0,0,0,0,0,0,0,1,1,1,0,0,0,0,0,0,0,0,1,1,1,17.7852738675725,12,TRUE,10.1237845200328,2.77054055165643,0,7.35324396837633,75.5844
"SARIMA","Mwanza",1,"month","incidence",2023-10-01,2023-11-01,0,0,0,0,0,0,0,0,0,0,0,0,0,1,1,1,1,1,1,1,1,1,1,0,1,1,1,1,1,1,1,1,1,1,3.47069930814587,12,TRUE,3.73156979249959,3.4563142118575,0,0.275255580642086,37.0064
"SARIMA","Mwanza",2,"month","incidence",2023-10-01,2023-12-01,0,0,0,0,0,0,0,0,0,0,0,0,0,1,1,1,1,1,1,1,1,1,1,0,1,1,1,1,1,1,1,1,1,1,4.59813302218121,12,TRUE,5.38378086493731,5.04544212560052,0,0.33833873933679,41.0541
"SARIMA","Mwanza",3,"month","incidence",2023-10-01,2024-01-01,0,0,0,0,0,0,0,0,0,0,0,0,0,0,0,0,0,0,1,1,1,1,1,0,0,0,0,0,0,1,1,1,1,1,29.8314657390486,12,TRUE,15.8467428502875,6.95414332367551,0,8.89259952661196,97.552
"SARIMA","Mzimba",1,"month","incidence",2023-10-01,2023-11-01,0,0,0,0,0,0,0,0,0,0,0,0,0,1,1,1,1,1,1,1,1,1,1,0,1,1,1,1,1,1,1,1,1,1,1.17550235606998,12,TRUE,1.69613756757676,1.62641366252456,0,0.0697239050522065,15.737
"SARIMA","Mzimba",2,"month","incidence",2023-10-01,2023-12-01,0,0,0,0,0,0,0,0,0,0,0,0,0,0,0,0,0,1,1,1,1,1,1,0,0,0,0,0,1,1,1,1,1,1,6.99711562569392,12,TRUE,3.73194157652213,1.98809667102964,0,1.74384490549249,22.4239
"SARIMA","Mzimba",3,"month","incidence",2023-10-01,2024-01-01,0,0,0,0,0,0,0,0,0,0,0,0,0,0,0,0,0,0,0,1,1,1,1,0,0,0,0,0,0,0,1,1,1,1,12.8997901333116,12,TRUE,7.18338746512164,2.1658414958742,0,5.01754596924744,42.5472
"SARIMA","Neno",1,"month","incidence",2023-10-01,2023-11-01,0,0,0,0,0,0,0,0,1,1,1,1,1,1,1,1,1,1,1,1,1,1,1,0,0,0,1,1,1,1,1,1,1,1,10.4450168427907,12,TRUE,6.24854629006881,4.46124803596386,1.78729825410495,0,50.5316
"SARIMA","Neno",2,"month","incidence",2023-10-01,2023-12-01,0,0,0,0,0,0,0,0,0,0,0,0,0,0,0,0,0,0,1,1,1,1,1,0,0,0,0,0,0,1,1,1,1,1,22.8999700830593,12,TRUE,12.1940662126467,5.1789150973409,0,7.01515111530582,95.336
"SARIMA","Neno",3,"month","incidence",2023-10-01,2024-01-01,0,0,0,0,0,0,0,0,0,0,0,0,0,0,0,0,0,0,0,0,0,0,0,0,0,0,0,0,0,0,0,0,0,0,83.591125857872,12,TRUE,63.0710000252454,5.84400159782283,0,57.2269984274225,209.6918
"SARIMA","Nkhatabay",1,"month","incidence",2023-10-01,2023-11-01,0,0,0,0,1,1,1,1,1,1,1,1,1,1,1,1,1,1,1,1,1,1,1,0,0,0,0,0,0,0,1,1,1,1,16.5453914845177,12,TRUE,9.13646315798033,2.91359637240315,6.22286678557718,0,92.0552
"SARIMA","Nkhatabay",2,"month","incidence",2023-10-01,2023-12-01,0,0,1,1,1,1,1,1,1,1,1,1,1,1,1,1,1,1,1,1,1,1,1,0,0,0,0,0,0,0,0,0,1,1,34.0669488322987,12,TRUE,21.4949692908972,3.77258316685391,17.7223861240433,0,69.2311
"SARIMA","Nkhatabay",3,"month","incidence",2023-10-01,2024-01-01,0,0,0,0,0,0,0,0,0,0,0,0,1,1,1,1,1,1,1,1,1,1,1,1,1,1,1,1,1,1,1,1,1,1,1.62566288523082,12,TRUE,4.32721628794623,4.2565352929362,0,0.0706809950100358,100.5622
"SARIMA","Nkhotakota",1,"month","incidence",2023-10-01,2023-11-01,0,0,0,0,1,1,1,1,1,1,1,1,1,1,1,1,1,1,1,1,1,1,1,0,0,0,0,0,0,0,1,1,1,1,12.5486862148788,12,TRUE,6.95838889488517,2.15882662834149,4.79956226654367,0,50.0248
"SARIMA","Nkhotakota",2,"month","incidence",2023-10-01,2023-12-01,0,0,0,0,0,0,0,0,0,0,1,1,1,1,1,1,1,1,1,1,1,1,1,0,1,1,1,1,1,1,1,1,1,1,2.6924454165564,12,TRUE,2.98592290749557,2.77715946511428,0.208763442381295,0,43.9058
"SARIMA","Nkhotakota",3,"month","incidence",2023-10-01,2024-01-01,0,0,0,0,0,0,0,0,0,0,0,0,0,0,0,0,1,1,1,1,1,1,1,0,0,0,0,1,1,1,1,1,1,1,9.35873599388056,12,TRUE,5.31388702113557,3.48439671198738,0,1.82949030914819,75.3353
"SARIMA","Nsanje",1,"month","incidence",2023-10-01,2023-11-01,0,0,0,0,0,1,1,1,1,1,1,1,1,1,1,1,1,1,1,1,1,1,1,0,0,0,0,0,0,1,1,1,1,1,8.32735759906492,12,TRUE,4.40500357454457,2.08542707699858,2.31957649754599,0,16.8964
"SARIMA","Nsanje",2,"month","incidence",2023-10-01,2023-12-01,0,0,0,0,0,0,1,1,1,1,1,1,1,1,1,1,1,1,1,1,1,1,1,0,0,0,0,0,1,1,1,1,1,1,9.41828294568595,12,TRUE,4.99172230880346,2.45603298716567,2.53568932163779,0,16.1469
"SARIMA","Nsanje",3,"month","incidence",2023-10-01,2024-01-01,0,0,0,0,0,0,0,0,0,0,0,0,1,1,1,1,1,1,1,1,1,1,1,1,1,1,1,1,1,1,1,1,1,1,1.2771426832778,12,TRUE,2.64243379862979,2.58690585587858,0,0.0555279427512086,29.3107
"SARIMA","Ntcheu",1,"month","incidence",2023-10-01,2023-11-01,0,0,0,0,0,0,0,0,0,0,0,0,0,1,1,1,1,1,1,1,1,1,1,0,1,1,1,1,1,1,1,1,1,1,1.74239105783831,12,TRUE,2.16212325539432,2.03951419299669,0,0.12260906239763,22.5895
"SARIMA","Ntcheu",2,"month","incidence",2023-10-01,2023-12-01,0,0,0,0,0,0,0,0,0,0,0,0,0,0,0,1,1,1,1,1,1,1,1,0,0,0,1,1,1,1,1,1,1,1,5.42632943656665,12,TRUE,3.27513945210457,2.36123995450369,0,0.913899497600882,27.4152
"SARIMA","Ntcheu",3,"month","incidence",2023-10-01,2024-01-01,0,0,0,0,0,0,0,0,0,0,0,0,0,0,0,1,1,1,1,1,1,1,1,0,0,0,1,1,1,1,1,1,1,1,5.47550028201043,12,TRUE,3.36322864223255,2.46600585149453,0,0.897222790738018,40.8064
"SARIMA","Ntchisi",1,"month","incidence",2023-10-01,2023-11-01,0,0,0,0,0,0,0,0,0,0,0,0,1,1,1,1,1,1,1,1,1,1,1,1,1,1,1,1,1,1,1,1,1,1,1.65278656908333,12,TRUE,3.03000227226044,2.95814198664812,0,0.0718602856123185,58.6645
"SARIMA","Ntchisi",2,"month","incidence",2023-10-01,2023-12-01,0,0,0,0,0,0,0,0,0,0,0,0,0,0,0,0,0,0,0,1,1,1,1,0,0,0,0,0,0,0,1,1,1,1,21.4506986255034,12,TRUE,11.9485555099739,3.59534756574418,0,8.35320794422975,86.3023
"SARIMA","Ntchisi",3,"month","incidence",2023-10-01,2024-01-01,0,0,0,0,0,0,0,0,0,0,0,0,0,0,0,0,0,0,0,0,0,1,1,0,0,0,0,0,0,0,0,0,1,1,36.3638437098604,12,TRUE,22.4942569827668,4.28231474368007,0,18.2119422390867,115.499
"SARIMA","Phalombe",1,"month","incidence",2023-10-01,2023-11-01,0,0,0,1,1,1,1,1,1,1,1,1,1,1,1,1,1,1,1,1,1,1,1,0,0,0,0,0,0,0,0,1,1,1,9.82537331418214,12,TRUE,5.83474137493194,1.30877389466606,4.52596748026587,0,21.4788
"SARIMA","Phalombe",2,"month","incidence",2023-10-01,2023-12-01,0,0,0,1,1,1,1,1,1,1,1,1,1,1,1,1,1,1,1,1,1,1,1,0,0,0,0,0,0,0,0,1,1,1,11.7691233371607,12,TRUE,6.68094569254025,1.8501471150233,4.83079857751695,0,22.266
"SARIMA","Phalombe",3,"month","incidence",2023-10-01,2024-01-01,0,0,0,1,1,1,1,1,1,1,1,1,1,1,1,1,1,1,1,1,1,1,1,0,0,0,0,0,0,0,0,1,1,1,16.0256981304112,12,TRUE,9.37390991913794,2.26565654532891,7.10825337380903,0,30.7005
"SARIMA","Rumphi",1,"month","incidence",2023-10-01,2023-11-01,0,0,0,0,0,0,0,0,0,0,0,1,1,1,1,1,1,1,1,1,1,1,1,1,1,1,1,1,1,1,1,1,1,1,0.371584696386241,12,TRUE,2.09954335957099,2.08338750320637,0.0161558563646192,0,6.3549
"SARIMA","Rumphi",2,"month","incidence",2023-10-01,2023-12-01,0,0,0,0,0,0,0,0,0,0,0,0,0,0,1,1,1,1,1,1,1,1,1,0,0,1,1,1,1,1,1,1,1,1,4.0562873682679,12,TRUE,3.38609042438034,3.02397688271578,0,0.362113541664555,14.7127
"SARIMA","Rumphi",3,"month","incidence",2023-10-01,2024-01-01,0,0,0,0,0,0,0,0,0,0,0,0,0,0,0,0,0,0,1,1,1,1,1,0,0,0,0,0,0,1,1,1,1,1,16.951289178525,12,TRUE,8.91228445531296,4.04141085224923,0,4.87087360306373,42.1179
"SARIMA","Salima",1,"month","incidence",2023-10-01,2023-11-01,0,0,0,1,1,1,1,1,1,1,1,1,1,1,1,1,1,1,1,1,1,1,1,0,0,0,0,0,0,0,0,1,1,1,20.8976868931387,12,TRUE,12.3560370295256,2.83309316836184,9.52294386116372,0,32.8825
"SARIMA","Salima",2,"month","incidence",2023-10-01,2023-12-01,0,0,0,1,1,1,1,1,1,1,1,1,1,1,1,1,1,1,1,1,1,1,1,0,0,0,0,0,0,0,0,1,1,1,25.1744634451763,12,TRUE,14.7822484380016,3.50686087843912,11.2753875595625,0,24.7649
"SARIMA","Salima",3,"month","incidence",2023-10-01,2024-01-01,0,0,0,0,0,1,1,1,1,1,1,1,1,1,1,1,1,1,1,1,1,1,1,0,0,0,0,0,0,1,1,1,1,1,15.3066265712005,12,TRUE,8.09817465997736,3.82441159573668,4.27376306424068,0,66.5724
"SARIMA","Thyolo",1,"month","incidence",2023-10-01,2023-11-01,0,0,0,0,0,0,0,0,0,0,0,0,1,1,1,1,1,1,1,1,1,1,1,1,1,1,1,1,1,1,1,1,1,1,0.227663891682074,12,TRUE,0.985797041805563,0.975898611732429,0,0.00989843007313364,11.4424
"SARIMA","Thyolo",2,"month","incidence",2023-10-01,2023-12-01,0,0,0,0,0,0,0,1,1,1,1,1,1,1,1,1,1,1,1,1,1,1,1,0,0,0,0,1,1,1,1,1,1,1,3.57850697653879,12,TRUE,2.04873766748633,1.36790300438032,0.680834663106012,0,14.0918
"SARIMA","Thyolo",3,"month","incidence",2023-10-01,2024-01-01,0,0,0,0,0,0,0,0,0,0,0,0,0,0,0,1,1,1,1,1,1,1,1,0,0,0,1,1,1,1,1,1,1,1,3.52073646140633,12,TRUE,2.22081086599626,1.67031104393035,0,0.55049982206591,31.089
"SARIMA","Zomba",1,"month","incidence",2023-10-01,2023-11-01,0,0,0,0,0,0,0,0,0,0,0,1,1,1,1,1,1,1,1,1,1,1,1,1,1,1,1,1,1,1,1,1,1,1,0.759398501948944,12,TRUE,1.60592244953127,1.57290512335958,0.0330173261716932,0,32.5181
"SARIMA","Zomba",2,"month","incidence",2023-10-01,2023-12-01,0,0,0,0,0,0,0,0,0,0,0,0,0,1,1,1,1,1,1,1,1,1,1,0,1,1,1,1,1,1,1,1,1,1,1.53736322188272,12,TRUE,2.14439696007497,2.04895062420684,0,0.0954463358681283,34.4193
"SARIMA","Zomba",3,"month","incidence",2023-10-01,2024-01-01,0,0,0,0,0,0,0,0,0,0,0,0,0,0,0,0,0,0,0,1,1,1,1,0,0,0,0,0,0,0,1,1,1,1,11.8061466209926,12,TRUE,6.37961742752681,2.32530319969709,0,4.05431422782971,60.1061
"SARIMA","Balaka",1,"month","incidence",2023-11-01,2023-12-01,0,0,0,0,0,0,0,0,0,1,1,1,1,1,1,1,1,1,1,1,1,1,1,0,0,1,1,1,1,1,1,1,1,1,4.88491259208432,12,TRUE,3.46289457516486,2.8496987695112,0.61319580565366,0,12.9097
"SARIMA","Balaka",2,"month","incidence",2023-11-01,2024-01-01,0,0,0,0,0,0,0,0,0,0,0,0,1,1,1,1,1,1,1,1,1,1,1,1,1,1,1,1,1,1,1,1,1,1,1.3782183547205,12,TRUE,3.36518819388544,3.30526565672368,0,0.0599225371617607,20.3841
"SARIMA","Balaka",3,"month","incidence",2023-11-01,2024-02-01,0,0,0,0,0,0,0,0,0,0,0,0,0,0,0,0,1,1,1,1,1,1,1,0,0,0,0,1,1,1,1,1,1,1,9.50494737704632,12,TRUE,5.28910424444976,3.44499322954694,0,1.84411101490282,27.5886
"SARIMA","Blantyre",1,"month","incidence",2023-11-01,2023-12-01,0,0,0,0,0,0,0,1,1,1,1,1,1,1,1,1,1,1,1,1,1,1,1,0,0,0,0,1,1,1,1,1,1,1,3.98768469117591,12,TRUE,2.19304247089813,1.3345557491974,0.858486721700724,0,18.8145
"SARIMA","Blantyre",2,"month","incidence",2023-11-01,2024-01-01,0,0,0,0,0,0,0,0,0,0,0,0,0,0,0,0,0,0,0,1,1,1,1,0,0,0,0,0,0,0,1,1,1,1,8.74164991447696,12,TRUE,4.80043805685277,1.58650567400819,0,3.21393238284458,40.8281
"SARIMA","Blantyre",3,"month","incidence",2023-11-01,2024-02-01,0,0,0,0,0,0,0,0,1,1,1,1,1,1,1,1,1,1,1,1,1,1,1,0,0,0,1,1,1,1,1,1,1,1,4.59808886052874,12,TRUE,2.70020437470485,1.8904990686737,0.809705306031152,0,32.8736
"SARIMA","Chikwawa",1,"month","incidence",2023-11-01,2023-12-01,0,0,0,0,0,0,0,0,1,1,1,1,1,1,1,1,1,1,1,1,1,1,1,0,0,0,1,1,1,1,1,1,1,1,3.42243126632962,12,TRUE,2.33278219893847,1.87929047615735,0.453491722781118,0,12.8446
"SARIMA","Chikwawa",2,"month","incidence",2023-11-01,2024-01-01,0,0,0,0,0,0,0,0,0,0,1,1,1,1,1,1,1,1,1,1,1,1,1,0,1,1,1,1,1,1,1,1,1,1,2.40002961136377,12,TRUE,2.30921771663209,2.1040767929218,0.205140923710289,0,22.8446
"SARIMA","Chikwawa",3,"month","incidence",2023-11-01,2024-02-01,0,0,0,0,0,0,0,0,0,0,1,1,1,1,1,1,1,1,1,1,1,1,1,0,1,1,1,1,1,1,1,1,1,1,2.30605947108621,12,TRUE,2.45365432544207,2.269240717241,0.184413608201072,0,35.8079
"SARIMA","Chiradzulu",1,"month","incidence",2023-11-01,2023-12-01,0,0,0,0,0,0,0,0,0,0,0,0,1,1,1,1,1,1,1,1,1,1,1,1,1,1,1,1,1,1,1,1,1,1,0.0588792392337147,12,TRUE,1.47954586319097,1.47698589626777,0,0.00255996692320499,12.7126
"SARIMA","Chiradzulu",2,"month","incidence",2023-11-01,2024-01-01,0,0,0,0,0,0,0,0,0,0,0,0,0,0,0,0,0,0,0,0,0,0,0,0,0,0,0,0,0,0,0,0,0,0,27.2362722757632,12,TRUE,20.932590829008,1.79335332676273,0,19.1392375022453,45.1365
"SARIMA","Chiradzulu",3,"month","incidence",2023-11-01,2024-02-01,0,0,0,0,0,0,0,0,0,0,0,0,0,0,0,0,0,0,0,0,1,1,1,0,0,0,0,0,0,0,0,1,1,1,12.8180127745314,12,TRUE,7.37311991486052,1.92007762570745,0,5.45304228915307,30.3838
"SARIMA","Chitipa",1,"month","incidence",2023-11-01,2023-12-01,0,0,0,0,0,0,0,0,0,0,0,0,1,1,1,1,1,1,1,1,1,1,1,1,1,1,1,1,1,1,1,1,1,1,0.875805140707824,12,TRUE,1.80790061886169,1.76982213448309,0,0.038078484378601,13.8956
"SARIMA","Chitipa",2,"month","incidence",2023-11-01,2024-01-01,0,0,0,0,0,0,0,0,0,0,0,0,0,0,0,0,0,0,0,0,1,1,1,0,0,0,0,0,0,0,0,1,1,1,14.0358586628439,12,TRUE,8.05883637786706,2.12292607166244,0,5.93591030620462,45.4402
"SARIMA","Chitipa",3,"month","incidence",2023-11-01,2024-02-01,0,0,0,0,0,0,0,0,1,1,1,1,1,1,1,1,1,1,1,1,1,1,1,0,0,0,1,1,1,1,1,1,1,1,4.98254346511279,12,TRUE,3.06263015066858,2.24717742544449,0.815452725224086,0,24.6869
"SARIMA","Dedza",1,"month","incidence",2023-11-01,2023-12-01,0,0,0,0,0,0,0,0,0,0,0,0,1,1,1,1,1,1,1,1,1,1,1,1,1,1,1,1,1,1,1,1,1,1,0.681799513237237,12,TRUE,1.21286021032111,1.18321675322384,0,0.0296434570972712,21.0507
"SARIMA","Dedza",2,"month","incidence",2023-11-01,2024-01-01,0,0,0,0,0,0,0,0,0,0,0,0,0,0,0,0,0,0,0,0,0,1,1,0,0,0,0,0,0,0,0,0,1,1,10.9184184201094,12,TRUE,6.62022442440943,1.36171292158809,0,5.25851150282134,43.6542
"SARIMA","Dedza",3,"month","incidence",2023-11-01,2024-02-01,0,0,0,0,0,1,1,1,1,1,1,1,1,1,1,1,1,1,1,1,1,1,1,0,0,0,0,0,0,1,1,1,1,1,6.30999787985142,12,TRUE,3.36179666816825,1.41480442026522,1.94699224790303,0,35.4321
"SARIMA","Dowa",1,"month","incidence",2023-11-01,2023-12-01,0,0,0,0,0,1,1,1,1,1,1,1,1,1,1,1,1,1,1,1,1,1,1,0,0,0,0,0,0,1,1,1,1,1,9.47504731372189,12,TRUE,5.02967674323967,2.25143137243888,2.77824537080079,0,19.6376
"SARIMA","Dowa",2,"month","incidence",2023-11-01,2024-01-01,0,0,0,0,0,0,0,0,0,0,0,0,0,0,0,1,1,1,1,1,1,1,1,0,0,0,1,1,1,1,1,1,1,1,5.70806222212869,12,TRUE,3.79674155962278,2.99318461610657,0,0.803556943516204,53.0834
"SARIMA","Dowa",3,"month","incidence",2023-11-01,2024-02-01,0,0,0,0,0,0,0,0,0,1,1,1,1,1,1,1,1,1,1,1,1,1,1,0,0,1,1,1,1,1,1,1,1,1,6.26257861463883,12,TRUE,4.87507809748874,4.1598169731014,0.715261124387339,0,28.4174
"SARIMA","Karonga",1,"month","incidence",2023-11-01,2023-12-01,1,1,1,1,1,1,1,1,1,1,1,1,1,1,1,1,1,1,1,1,1,1,1,0,0,0,0,0,0,0,0,0,0,0,17.3597496003492,12,TRUE,12.4168131198568,1.40771693729115,11.0090961825656,0,21.2279
"SARIMA","Karonga",2,"month","incidence",2023-11-01,2024-01-01,0,0,0,0,0,0,0,0,0,0,0,0,0,0,0,0,0,0,0,0,1,1,1,0,0,0,0,0,0,0,0,1,1,1,11.0709651871441,12,TRUE,6.38015096457245,1.65281192480751,0,4.72733903976493,52.7819
"SARIMA","Karonga",3,"month","incidence",2023-11-01,2024-02-01,0,0,0,0,0,0,0,0,0,0,0,0,0,0,0,0,0,0,0,0,0,1,1,0,0,0,0,0,0,0,0,0,1,1,15.3816480627725,12,TRUE,9.23302164508096,1.97137147403984,0,7.26165017104112,62.3448
"SARIMA","Kasungu",1,"month","incidence",2023-11-01,2023-12-01,0,0,0,0,0,0,0,0,0,0,0,1,1,1,1,1,1,1,1,1,1,1,1,1,1,1,1,1,1,1,1,1,1,1,0.634230721285217,12,TRUE,2.21922261699599,2.19164736824446,0.0275752487515312,0,25.1233
"SARIMA","Kasungu",2,"month","incidence",2023-11-01,2024-01-01,0,0,0,0,0,0,0,0,0,0,0,0,0,0,0,0,0,0,0,0,1,1,1,0,0,0,0,0,0,0,0,1,1,1,20.2810850398146,12,TRUE,12.0384673504477,2.70640533987162,0,9.3320620105761,71.8524
"SARIMA","Kasungu",3,"month","incidence",2023-11-01,2024-02-01,0,0,0,0,0,0,0,0,0,0,0,0,0,0,0,0,0,0,0,0,1,1,1,0,0,0,0,0,0,0,0,1,1,1,24.4602660571122,12,TRUE,14.5615836189345,3.22519061525676,0,11.3363930036778,72.0715
"SARIMA","Likoma",1,"month","incidence",2023-11-01,2023-12-01,0,0,0,0,0,0,0,1,1,1,1,1,1,1,1,1,1,1,1,1,1,1,1,0,0,0,0,1,1,1,1,1,1,1,7.55969927712803,12,TRUE,4.11330909179417,2.47796671388759,1.63534237790658,0,8.8778
"SARIMA","Likoma",2,"month","incidence",2023-11-01,2024-01-01,0,0,0,0,0,0,0,1,1,1,1,1,1,1,1,1,1,1,1,1,1,1,1,0,0,0,0,1,1,1,1,1,1,1,8.60656066247482,12,TRUE,4.95860362934248,3.3738840092472,1.58471962009528,0,18.8934
"SARIMA","Likoma",3,"month","incidence",2023-11-01,2024-02-01,0,0,0,1,1,1,1,1,1,1,1,1,1,1,1,1,1,1,1,1,1,1,1,0,0,0,0,0,0,0,0,1,1,1,23.6943679509211,12,TRUE,13.6616077170191,3.51228801720061,10.1493196998185,0,7.177
"SARIMA","Lilongwe",1,"month","incidence",2023-11-01,2023-12-01,0,0,0,0,0,0,0,0,0,0,0,0,0,1,1,1,1,1,1,1,1,1,1,0,1,1,1,1,1,1,1,1,1,1,1.56718437664443,12,TRUE,1.63314817273066,1.50597445670495,0,0.127173716025717,17.8196
"SARIMA","Lilongwe",2,"month","incidence",2023-11-01,2024-01-01,0,0,0,0,0,0,0,0,0,0,0,0,0,0,0,0,0,0,1,1,1,1,1,0,0,0,0,0,0,1,1,1,1,1,8.39917659440959,12,TRUE,4.49602710554792,1.73691447373181,0,2.75911263181611,40.7313
"SARIMA","Lilongwe",3,"month","incidence",2023-11-01,2024-02-01,0,0,0,0,0,0,0,0,0,0,0,0,0,0,0,0,1,1,1,1,1,1,1,0,0,0,0,1,1,1,1,1,1,1,6.60831069513637,12,TRUE,3.64065422510004,2.22507524226688,0,1.41557898283316,40.9069
"SARIMA","Machinga",1,"month","incidence",2023-11-01,2023-12-01,0,0,0,0,0,0,0,0,0,1,1,1,1,1,1,1,1,1,1,1,1,1,1,0,0,1,1,1,1,1,1,1,1,1,2.95201245948203,12,TRUE,2.06997630973766,1.68957754593713,0.38039876380053,0,30.0548
"SARIMA","Machinga",2,"month","incidence",2023-11-01,2024-01-01,0,0,0,1,1,1,1,1,1,1,1,1,1,1,1,1,1,1,1,1,1,1,1,0,0,0,0,0,0,0,0,1,1,1,13.5472871807567,12,TRUE,7.90288166528353,1.93482512483067,5.96805654045286,0,33.464
"SARIMA","Machinga",3,"month","incidence",2023-11-01,2024-02-01,0,0,0,0,0,0,1,1,1,1,1,1,1,1,1,1,1,1,1,1,1,1,1,0,0,0,0,0,1,1,1,1,1,1,6.88320318733646,12,TRUE,3.69640342302045,2.03461297200463,1.66179045101582,0,37.8948
"SARIMA","Mangochi",1,"month","incidence",2023-11-01,2023-12-01,0,0,0,0,0,0,0,0,0,0,1,1,1,1,1,1,1,1,1,1,1,1,1,0,1,1,1,1,1,1,1,1,1,1,1.01944827479176,12,TRUE,1.3366497796271,1.26874516076297,0.0679046188641261,0,18.7193
"SARIMA","Mangochi",2,"month","incidence",2023-11-01,2024-01-01,0,0,0,0,0,0,0,0,0,1,1,1,1,1,1,1,1,1,1,1,1,1,1,0,0,1,1,1,1,1,1,1,1,1,2.56987155832329,12,TRUE,1.87508901715536,1.55730441552193,0.317784601633435,0,19.0843
"SARIMA","Mangochi",3,"month","incidence",2023-11-01,2024-02-01,0,0,0,0,0,0,0,0,0,0,0,0,0,1,1,1,1,1,1,1,1,1,1,0,1,1,1,1,1,1,1,1,1,1,1.2435521319579,12,TRUE,1.76053374891212,1.68473183934888,0,0.0758019095632389,20.8076
"SARIMA","Mchinji",1,"month","incidence",2023-11-01,2023-12-01,0,0,0,0,0,0,0,0,0,0,0,0,0,0,0,0,0,1,1,1,1,1,1,0,0,0,0,0,1,1,1,1,1,1,9.90353690125175,12,TRUE,5.34042406099559,3.03831066590333,0,2.30211339509226,50.2767
"SARIMA","Mchinji",2,"month","incidence",2023-11-01,2024-01-01,0,0,0,0,0,0,0,0,0,0,0,0,0,0,0,0,0,0,0,0,0,1,1,0,0,0,0,0,0,0,0,0,1,1,36.485771618821,12,TRUE,22.5694215065152,4.29682015042332,0,18.2726013560919,95.2758
"SARIMA","Mchinji",3,"month","incidence",2023-11-01,2024-02-01,0,0,0,0,0,0,0,0,0,0,0,0,0,0,0,0,0,0,0,0,1,1,1,0,0,0,0,0,0,0,0,1,1,1,33.638784731542,12,TRUE,19.1235858363267,5.262508442523,0,13.8610773938037,94.274
"SARIMA","Mulanje",1,"month","incidence",2023-11-01,2023-12-01,0,0,0,0,0,1,1,1,1,1,1,1,1,1,1,1,1,1,1,1,1,1,1,0,0,0,0,0,0,1,1,1,1,1,10.480446422429,12,TRUE,5.60842445557666,2.17901557933434,3.42940887624232,0,46.8129
"SARIMA","Mulanje",2,"month","incidence",2023-11-01,2024-01-01,0,0,0,0,0,0,0,0,0,0,0,0,0,1,1,1,1,1,1,1,1,1,1,0,1,1,1,1,1,1,1,1,1,1,2.41822553092437,12,TRUE,2.62439604480503,2.43379094876716,0,0.190605096037874,75.5844
"SARIMA","Mulanje",3,"month","incidence",2023-11-01,2024-02-01,0,0,0,0,0,0,0,0,0,0,0,0,0,0,0,1,1,1,1,1,1,1,1,0,0,0,1,1,1,1,1,1,1,1,6.88031613189349,12,TRUE,4.28096305794909,3.17841216061898,0,1.10255089733011,71.1155
"SARIMA","Mwanza",1,"month","incidence",2023-11-01,2023-12-01,0,0,0,0,0,0,0,0,0,0,0,0,1,1,1,1,1,1,1,1,1,1,1,1,1,1,1,1,1,1,1,1,1,1,0.9154811746115,12,TRUE,3.50109499161846,3.46129146228753,0,0.0398035293309348,41.0541
"SARIMA","Mwanza",2,"month","incidence",2023-11-01,2024-01-01,0,0,0,0,0,0,0,0,0,0,0,0,0,0,0,0,0,0,0,1,1,1,1,0,0,0,0,0,0,0,1,1,1,1,24.9226855494969,12,TRUE,13.3575070642554,5.10214335714571,0,8.25536370710972,97.552
"SARIMA","Mwanza",3,"month","incidence",2023-11-01,2024-02-01,0,0,0,0,0,0,0,0,0,0,0,0,0,0,0,1,1,1,1,1,1,1,1,0,0,0,1,1,1,1,1,1,1,1,15.3024295909954,12,TRUE,9.45298929836871,6.97347105197349,0,2.47951824639522,82.4126
"SARIMA","Mzimba",1,"month","incidence",2023-11-01,2023-12-01,0,0,0,0,0,0,0,0,0,0,0,0,0,0,0,0,0,1,1,1,1,1,1,0,0,0,0,0,1,1,1,1,1,1,6.31444857445407,12,TRUE,3.34219753705172,1.62697723363014,0,1.71522030342158,22.4239
"SARIMA","Mzimba",2,"month","incidence",2023-11-01,2024-01-01,0,0,0,0,0,0,0,0,0,0,0,0,0,0,0,0,0,0,0,0,1,1,1,0,0,0,0,0,0,0,0,1,1,1,12.3911717943143,12,TRUE,6.97858791893218,1.99879608063323,0,4.97979183829895,42.5472
"SARIMA","Mzimba",3,"month","incidence",2023-11-01,2024-02-01,0,0,0,0,0,0,0,0,0,0,0,0,0,0,0,0,0,0,0,0,1,1,1,0,0,0,0,0,0,0,0,1,1,1,13.7573338261109,12,TRUE,7.80710730114951,2.16497478090917,0,5.64213252024034,45.0465
"SARIMA","Neno",1,"month","incidence",2023-11-01,2023-12-01,0,0,0,0,0,0,0,0,0,0,0,0,0,0,0,0,0,0,1,1,1,1,1,0,0,0,0,0,0,1,1,1,1,1,21.6495907392978,12,TRUE,11.5687132242058,4.61649286294521,0,6.95222036126062,95.336
"SARIMA","Neno",2,"month","incidence",2023-11-01,2024-01-01,0,0,0,0,0,0,0,0,0,0,0,0,0,0,0,0,0,0,0,0,0,0,0,0,0,0,0,0,0,0,0,0,0,0,79.2373167557825,12,TRUE,60.1480890232007,5.43649090070574,0,54.711598122495,209.6918
"SARIMA","Neno",3,"month","incidence",2023-11-01,2024-02-01,0,0,0,0,0,0,0,0,0,0,0,0,0,0,0,0,0,0,0,0,0,0,0,0,0,0,0,0,0,0,0,0,0,0,76.7378061490847,12,TRUE,54.001800334353,6.47507015274443,0,47.5267301816086,179.2167
"SARIMA","Nkhatabay",1,"month","incidence",2023-11-01,2023-12-01,0,0,0,1,1,1,1,1,1,1,1,1,1,1,1,1,1,1,1,1,1,1,1,0,0,0,0,0,0,0,0,1,1,1,19.6168977062075,12,TRUE,11.2951947797777,2.93777004591096,8.35742473386675,0,69.2311
"SARIMA","Nkhatabay",2,"month","incidence",2023-11-01,2024-01-01,0,0,0,0,0,0,0,0,0,0,0,0,0,0,0,0,0,1,1,1,1,1,1,0,0,0,0,0,1,1,1,1,1,1,14.2689335012557,12,TRUE,7.57085911210666,3.75587770954858,0,3.81498140255808,100.5622
"SARIMA","Nkhatabay",3,"month","incidence",2023-11-01,2024-02-01,0,0,0,0,0,0,0,0,0,0,1,1,1,1,1,1,1,1,1,1,1,1,1,0,1,1,1,1,1,1,1,1,1,1,3.53336809686031,12,TRUE,4.43884045930349,4.19300216106119,0.245838298242301,0,80.7249
"SARIMA","Nkhotakota",1,"month","incidence",2023-11-01,2023-12-01,0,0,0,0,0,0,0,0,0,0,0,0,0,0,0,0,0,1,1,1,1,1,1,0,0,0,0,0,1,1,1,1,1,1,7.08209700364741,12,TRUE,3.82004224329181,2.17806779931705,0,1.64197444397476,43.9058
"SARIMA","Nkhotakota",2,"month","incidence",2023-11-01,2024-01-01,0,0,0,0,0,0,0,0,0,0,0,0,0,0,0,0,0,0,0,0,1,1,1,0,0,0,0,0,0,0,0,1,1,1,21.2717285039891,12,TRUE,12.687259198658,2.78289036845505,0,9.90436883020295,75.3353
"SARIMA","Nkhotakota",3,"month","incidence",2023-11-01,2024-02-01,0,0,0,0,0,0,0,0,0,0,0,0,1,1,1,1,1,1,1,1,1,1,1,1,1,1,1,1,1,1,1,1,1,1,1.25425053324869,12,TRUE,3.55397593155541,3.49944329967503,0,0.054532631880378,66.8982
"SARIMA","Nsanje",1,"month","incidence",2023-11-01,2023-12-01,0,0,0,0,0,0,0,0,0,0,1,1,1,1,1,1,1,1,1,1,1,1,1,0,1,1,1,1,1,1,1,1,1,1,1.58977581856977,12,TRUE,2.11784970769277,2.01406403871298,0.103785668979798,0,16.1469
"SARIMA","Nsanje",2,"month","incidence",2023-11-01,2024-01-01,0,0,0,0,0,0,0,0,0,0,0,0,0,0,0,0,0,1,1,1,1,1,1,0,0,0,0,0,1,1,1,1,1,1,7.45278524329377,12,TRUE,4.02809175040463,2.34613011832091,0,1.68196163208372,29.3107
"SARIMA","Nsanje",3,"month","incidence",2023-11-01,2024-02-01,0,0,0,0,0,0,0,0,0,0,0,0,0,0,0,0,0,0,1,1,1,1,1,0,0,0,0,0,0,1,1,1,1,1,10.7587460185998,12,TRUE,5.71980336280788,2.44978460802749,0,3.2700187547804,32.6197
"SARIMA","Ntcheu",1,"month","incidence",2023-11-01,2023-12-01,0,0,0,0,0,0,0,0,0,0,0,0,0,0,0,1,1,1,1,1,1,1,1,0,0,0,1,1,1,1,1,1,1,1,4.37945319943793,12,TRUE,2.73650595933583,2.03996589208967,0,0.696540067246158,27.4152
"SARIMA","Ntcheu",2,"month","incidence",2023-11-01,2024-01-01,0,0,0,0,0,0,0,0,0,0,0,0,0,0,0,1,1,1,1,1,1,1,1,0,0,0,1,1,1,1,1,1,1,1,4.86845307355253,12,TRUE,3.10970606840371,2.36606022569852,0,0.743645842705194,40.8064
"SARIMA","Ntcheu",3,"month","incidence",2023-11-01,2024-02-01,0,0,0,0,0,0,0,0,0,0,0,0,0,0,0,0,0,0,1,1,1,1,1,0,0,0,0,0,0,1,1,1,1,1,10.459346751799,12,TRUE,5.55390202342403,2.46832930889037,0,3.08557271453366,36.6805
"SARIMA","Ntchisi",1,"month","incidence",2023-11-01,2023-12-01,0,0,0,0,0,0,0,0,0,0,0,0,0,0,0,0,0,0,0,0,1,1,1,0,0,0,0,0,0,0,0,1,1,1,20.763970306787,12,TRUE,12.2281308417257,2.85974757128614,0,9.36838327043959,86.3023
"SARIMA","Ntchisi",2,"month","incidence",2023-11-01,2024-01-01,0,0,0,0,0,0,0,0,0,0,0,0,0,0,0,0,0,0,0,0,0,0,1,0,0,0,0,0,0,0,0,0,0,1,33.6796183574289,12,TRUE,22.2124683498385,3.33288134807753,0,18.879587001761,115.499
"SARIMA","Ntchisi",3,"month","incidence",2023-11-01,2024-02-01,0,0,0,0,0,0,0,0,0,0,0,0,0,0,0,0,1,1,1,1,1,1,1,0,0,0,0,1,1,1,1,1,1,1,11.3342210541629,12,TRUE,6.32111784277385,3.97847050908083,0,2.34264733369302,73.8749
"SARIMA","Phalombe",1,"month","incidence",2023-11-01,2023-12-01,0,0,0,0,0,0,0,0,0,1,1,1,1,1,1,1,1,1,1,1,1,1,1,0,0,1,1,1,1,1,1,1,1,1,2.12067811879797,12,TRUE,1.59536422660686,1.34191386112571,0.253450365481154,0,22.266
"SARIMA","Phalombe",2,"month","incidence",2023-11-01,2024-01-01,0,0,0,0,0,0,1,1,1,1,1,1,1,1,1,1,1,1,1,1,1,1,1,0,0,0,0,0,1,1,1,1,1,1,6.9272980503288,12,TRUE,3.69020912046912,1.89735872771429,1.79285039275482,0,30.7005
"SARIMA","Phalombe",3,"month","incidence",2023-11-01,2024-02-01,0,0,0,0,0,0,0,1,1,1,1,1,1,1,1,1,1,1,1,1,1,1,1,0,0,0,0,1,1,1,1,1,1,1,7.19496184924858,12,TRUE,3.91692811583511,2.32361947613657,1.59330863969854,0,27.8924
"SARIMA","Rumphi",1,"month","incidence",2023-11-01,2023-12-01,0,0,0,0,0,0,0,0,0,0,0,0,0,0,0,1,1,1,1,1,1,1,1,0,0,0,1,1,1,1,1,1,1,1,4.42357410495129,12,TRUE,2.8551155606492,2.24940771204644,0,0.605707848602766,14.7127
"SARIMA","Rumphi",2,"month","incidence",2023-11-01,2024-01-01,0,0,0,0,0,0,0,0,0,0,0,0,0,0,0,0,0,0,0,1,1,1,1,0,0,0,0,0,0,0,1,1,1,1,17.325860506111,12,TRUE,9.3649190158043,3.32915659357533,0,6.03576242222897,42.1179
"SARIMA","Rumphi",3,"month","incidence",2023-11-01,2024-02-01,0,0,0,0,0,0,0,0,0,0,0,0,0,0,0,0,0,0,0,1,1,1,1,0,0,0,0,0,0,0,1,1,1,1,20.2196605412736,12,TRUE,10.5354192573003,3.79538817880161,0,6.74003107849868,35.2865
"SARIMA","Salima",1,"month","incidence",2023-11-01,2023-12-01,0,0,0,0,0,1,1,1,1,1,1,1,1,1,1,1,1,1,1,1,1,1,1,0,0,0,0,0,0,1,1,1,1,1,11.7347419574779,12,TRUE,6.20704248264254,2.94149465015899,3.26554783248355,0,24.7649
"SARIMA","Salima",2,"month","incidence",2023-11-01,2024-01-01,0,0,0,0,0,0,0,1,1,1,1,1,1,1,1,1,1,1,1,1,1,1,1,0,0,0,0,1,1,1,1,1,1,1,10.481790577299,12,TRUE,5.80428808337734,3.59186445828612,2.21242362509122,0,66.5724
"SARIMA","Salima",3,"month","incidence",2023-11-01,2024-02-01,0,0,0,0,0,1,1,1,1,1,1,1,1,1,1,1,1,1,1,1,1,1,1,0,0,0,0,0,0,1,1,1,1,1,17.9002919739971,12,TRUE,9.55609831988685,3.88012042158278,5.67597789830407,0,64.9796
"SARIMA","Thyolo",1,"month","incidence",2023-11-01,2023-12-01,0,0,0,0,0,0,1,1,1,1,1,1,1,1,1,1,1,1,1,1,1,1,1,0,0,0,0,0,1,1,1,1,1,1,3.74021961835414,12,TRUE,1.98448514011473,0.984436242074465,1.00004889804027,0,14.0918
"SARIMA","Thyolo",2,"month","incidence",2023-11-01,2024-01-01,0,0,0,0,0,0,0,0,0,0,0,0,0,0,0,1,1,1,1,1,1,1,1,0,0,0,1,1,1,1,1,1,1,1,3.29219161918102,12,TRUE,1.9539642014272,1.38358003536206,0,0.570384166065143,31.089
"SARIMA","Thyolo",3,"month","incidence",2023-11-01,2024-02-01,0,0,0,0,0,0,0,0,0,0,0,0,0,0,0,0,0,0,1,1,1,1,1,0,0,0,0,0,0,1,1,1,1,1,7.18044200082441,12,TRUE,3.81382135555201,1.69099751874974,0,2.12282383680227,27.6586
"SARIMA","Zomba",1,"month","incidence",2023-11-01,2023-12-01,0,0,0,0,0,0,0,0,0,1,1,1,1,1,1,1,1,1,1,1,1,1,1,0,0,1,1,1,1,1,1,1,1,1,2.18777570082688,12,TRUE,1.84807623515788,1.62361244591795,0.22446378923993,0,34.4193
"SARIMA","Zomba",2,"month","incidence",2023-11-01,2024-01-01,0,0,0,0,0,0,0,0,0,0,0,0,0,0,0,0,1,1,1,1,1,1,1,0,0,0,0,1,1,1,1,1,1,1,6.40545319910439,12,TRUE,3.46704410195325,2.02629577442844,0,1.4407483275248,60.1061
"SARIMA","Zomba",3,"month","incidence",2023-11-01,2024-02-01,0,0,0,0,0,0,0,0,0,0,0,1,1,1,1,1,1,1,1,1,1,1,1,1,1,1,1,1,1,1,1,1,1,1,1.00953628461606,12,TRUE,2.46010359906714,2.41621071712731,0.0438928819398287,0,44.046
"SARIMA","Balaka",1,"month","incidence",2023-12-01,2024-01-01,0,0,0,0,0,0,0,0,0,0,0,0,0,0,0,1,1,1,1,1,1,1,1,0,0,0,1,1,1,1,1,1,1,1,5.33449368417779,12,TRUE,3.43756662268196,2.6702015592284,0,0.767365063453561,20.3841
"SARIMA","Balaka",2,"month","incidence",2023-12-01,2024-02-01,0,0,0,0,0,0,0,0,0,0,0,0,0,0,0,0,1,1,1,1,1,1,1,0,0,0,0,1,1,1,1,1,1,1,12.2861732647207,12,TRUE,6.39889783136974,3.63281355673775,0,2.76608427463199,27.5886
"SARIMA","Balaka",3,"month","incidence",2023-12-01,2024-03-01,0,0,0,0,0,0,0,0,0,0,0,0,0,0,0,0,0,0,1,1,1,1,1,0,0,0,0,0,0,1,1,1,1,1,19.1110810173301,12,TRUE,9.58239277933265,4.22239290805933,0,5.35999987127332,33.3531
"SARIMA","Blantyre",1,"month","incidence",2023-12-01,2024-01-01,0,0,0,0,0,0,0,0,0,0,0,0,0,0,0,0,0,0,0,0,0,1,1,0,0,0,0,0,0,0,0,0,1,1,10.6111379608251,12,TRUE,6.69947882459932,1.17266938182445,0,5.52680944277487,40.8281
"SARIMA","Blantyre",2,"month","incidence",2023-12-01,2024-02-01,0,0,0,0,0,0,0,0,1,1,1,1,1,1,1,1,1,1,1,1,1,1,1,0,0,0,1,1,1,1,1,1,1,1,2.88035830883236,12,TRUE,1.85229339732234,1.41798052446914,0.434312872853205,0,32.8736
"SARIMA","Blantyre",3,"month","incidence",2023-12-01,2024-03-01,0,0,0,0,0,0,0,0,0,0,0,0,0,0,0,0,0,1,1,1,1,1,1,0,0,0,0,0,1,1,1,1,1,1,5.52554063723808,12,TRUE,2.97836271404761,1.68888169413575,0,1.28948101991186,40.0125
"SARIMA","Chikwawa",1,"month","incidence",2023-12-01,2024-01-01,0,0,0,0,0,0,0,0,0,0,0,1,1,1,1,1,1,1,1,1,1,1,1,1,1,1,1,1,1,1,1,1,1,1,0.898159168824584,12,TRUE,1.90960770654998,1.87055730790544,0.0390503986445471,0,22.8446
"SARIMA","Chikwawa",2,"month","incidence",2023-12-01,2024-02-01,0,0,0,0,0,0,0,0,0,0,1,1,1,1,1,1,1,1,1,1,1,1,1,0,1,1,1,1,1,1,1,1,1,1,1.23648525845947,12,TRUE,2.13605588340963,2.081525061319,0.0545308220906329,0,35.8079
"SARIMA","Chikwawa",3,"month","incidence",2023-12-01,2024-03-01,0,0,1,1,1,1,1,1,1,1,1,1,1,1,1,1,1,1,1,1,1,1,1,0,0,0,0,0,0,0,0,0,1,1,17.7463787843928,12,TRUE,10.7100484149414,2.24177235117288,8.4682760637685,0,22.7385
"SARIMA","Chiradzulu",1,"month","incidence",2023-12-01,2024-01-01,0,0,0,0,0,0,0,0,0,0,0,0,0,0,0,0,0,0,0,0,0,0,0,0,0,0,0,0,0,0,0,0,0,0,22.1360178924075,12,TRUE,16.5669532250382,1.58603427093695,0,14.9809189541013,45.1365
"SARIMA","Chiradzulu",2,"month","incidence",2023-12-01,2024-02-01,0,0,0,0,0,0,0,0,0,0,0,0,0,0,0,1,1,1,1,1,1,1,1,0,0,0,1,1,1,1,1,1,1,1,4.59821789240749,12,TRUE,2.73887303958799,1.94664114932174,0,0.792231890266244,30.3838
"SARIMA","Chiradzulu",3,"month","incidence",2023-12-01,2024-03-01,0,0,0,0,0,0,0,0,0,0,0,0,0,0,0,0,0,0,0,0,0,1,1,0,0,0,0,0,0,0,0,0,1,1,17.9337178924075,12,TRUE,10.8468172083721,2.24701007299413,0,8.599807135378,38.8543
"SARIMA","Chitipa",1,"month","incidence",2023-12-01,2024-01-01,0,0,0,0,0,0,0,0,0,0,0,0,0,0,0,0,0,0,0,0,1,1,1,0,0,0,0,0,0,0,0,1,1,1,13.4927064935787,12,TRUE,8.0333726363664,1.77819923750109,0,6.2551733988653,45.4402
"SARIMA","Chitipa",2,"month","incidence",2023-12-01,2024-02-01,0,0,0,0,0,0,0,1,1,1,1,1,1,1,1,1,1,1,1,1,1,1,1,0,0,0,0,1,1,1,1,1,1,1,5.20646256970147,12,TRUE,3.03460454409758,2.103778754788,0.930825789309573,0,24.6869
"SARIMA","Chitipa",3,"month","incidence",2023-12-01,2024-03-01,0,0,0,0,0,0,0,0,0,0,0,0,0,0,0,0,0,0,0,0,1,1,1,0,0,0,0,0,0,0,0,1,1,1,16.4351891782189,12,TRUE,9.71506582800463,2.20995265398678,0,7.50511317401785,34.4534
"SARIMA","Dedza",1,"month","incidence",2023-12-01,2024-01-01,0,0,0,0,0,0,0,0,0,0,0,0,0,0,0,0,0,0,0,0,0,1,1,0,0,0,0,0,0,0,0,0,1,1,10.3311122744717,12,TRUE,6.45813664062683,1.17835418040811,0,5.27978246021872,43.6542
"SARIMA","Dedza",2,"month","incidence",2023-12-01,2024-02-01,0,0,0,0,0,1,1,1,1,1,1,1,1,1,1,1,1,1,1,1,1,1,1,0,0,0,0,0,0,1,1,1,1,1,6.45495903011547,12,TRUE,3.45252530624908,1.35403038417077,2.09849492207831,0,35.4321
"SARIMA","Dedza",3,"month","incidence",2023-12-01,2024-03-01,0,0,0,0,0,0,0,0,0,0,0,0,0,0,0,0,0,0,0,1,1,1,1,0,0,0,0,0,0,0,1,1,1,1,8.4029037201808,12,TRUE,4.68216422222898,1.40568829919654,0,3.27647592303244,44.4445
"SARIMA","Dowa",1,"month","incidence",2023-12-01,2024-01-01,0,0,0,0,0,0,0,0,0,0,0,0,0,0,0,0,0,0,0,0,1,1,1,0,0,0,0,0,0,0,0,1,1,1,13.979869645902,12,TRUE,7.84545756910487,2.28061769194006,0,5.5648398771648,53.0834
"SARIMA","Dowa",2,"month","incidence",2023-12-01,2024-02-01,0,0,0,0,0,0,0,0,0,0,0,0,1,1,1,1,1,1,1,1,1,1,1,1,1,1,1,1,1,1,1,1,1,1,1.59611506600187,12,TRUE,3.21431580227135,3.14491949505388,0,0.0693963072174727,28.4174
"SARIMA","Dowa",3,"month","incidence",2023-12-01,2024-03-01,0,0,0,0,0,0,0,0,0,0,0,0,0,0,0,1,1,1,1,1,1,1,1,0,0,0,1,1,1,1,1,1,1,1,9.61908358426876,12,TRUE,5.79062354747493,4.22792424447389,0,1.56269930300104,31.8261
"SARIMA","Karonga",1,"month","incidence",2023-12-01,2024-01-01,0,0,0,0,0,0,0,0,0,0,0,0,0,0,0,0,0,0,0,0,0,0,0,0,0,0,0,0,0,0,0,0,0,0,22.5513295055971,12,TRUE,17.6237328243136,1.4033482598367,0,16.2203845644769,52.7819
"SARIMA","Karonga",2,"month","incidence",2023-12-01,2024-02-01,0,0,0,0,0,0,0,0,0,0,0,0,0,0,0,0,0,0,0,0,0,0,0,0,0,0,0,0,0,0,0,0,0,0,27.3936894441572,12,TRUE,21.235629439611,1.75377640466693,0,19.4818530349441,62.3448
"SARIMA","Karonga",3,"month","incidence",2023-12-01,2024-03-01,0,0,0,0,0,0,0,0,0,0,0,0,0,0,0,0,1,1,1,1,1,1,1,0,0,0,0,1,1,1,1,1,1,1,6.3301561032293,12,TRUE,3.4685676944071,2.09166392829826,0,1.37690376610884,39.6643
"SARIMA","Kasungu",1,"month","incidence",2023-12-01,2024-01-01,0,0,0,0,0,0,0,0,0,0,0,0,0,0,0,0,0,0,0,0,0,0,1,0,0,0,0,0,0,0,0,0,0,1,20.7995055884177,12,TRUE,13.55267869078,2.12271662822046,0,11.4299620625595,71.8524
"SARIMA","Kasungu",2,"month","incidence",2023-12-01,2024-02-01,0,0,0,0,0,0,0,0,0,0,0,0,0,0,0,0,0,0,0,0,0,0,1,0,0,0,0,0,0,0,0,0,0,1,24.9969228226038,12,TRUE,15.9663899039588,2.67649184889638,0,13.2898980550624,72.0715
"SARIMA","Kasungu",3,"month","incidence",2023-12-01,2024-03-01,0,0,0,0,0,0,0,0,0,0,0,0,0,0,0,0,0,0,0,0,0,0,0,0,0,0,0,0,0,0,0,0,0,0,42.4995058083477,12,TRUE,31.2814887183768,3.19482006752402,0,28.0866686508528,82.879
"SARIMA","Likoma",1,"month","incidence",2023-12-01,2024-01-01,0,0,0,0,0,0,0,0,0,0,1,1,1,1,1,1,1,1,1,1,1,1,1,0,1,1,1,1,1,1,1,1,1,1,2.06524684971677,12,TRUE,2.62875630493659,2.48744954488817,0.141306760048417,0,18.8934
"SARIMA","Likoma",2,"month","incidence",2023-12-01,2024-02-01,0,0,0,1,1,1,1,1,1,1,1,1,1,1,1,1,1,1,1,1,1,1,1,0,0,0,0,0,0,0,0,1,1,1,21.0338340324149,12,TRUE,11.8535782126547,3.35989728071192,8.49368093194277,0,7.177
"SARIMA","Likoma",3,"month","incidence",2023-12-01,2024-03-01,0,0,0,0,0,1,1,1,1,1,1,1,1,1,1,1,1,1,1,1,1,1,1,0,0,0,0,0,0,1,1,1,1,1,14.5034831636345,12,TRUE,7.67887830676551,3.51147675663863,4.16740155012689,0,16.5624
"SARIMA","Lilongwe",1,"month","incidence",2023-12-01,2024-01-01,0,0,0,0,0,0,0,0,0,0,0,0,0,0,0,0,0,0,0,0,1,1,1,0,0,0,0,0,0,0,0,1,1,1,9.97557419042008,12,TRUE,5.75332339143629,1.48520599084405,0,4.26811740059223,40.7313
"SARIMA","Lilongwe",2,"month","incidence",2023-12-01,2024-02-01,0,0,0,0,0,0,0,0,0,0,0,0,0,0,0,0,0,0,0,1,1,1,1,0,0,0,0,0,0,0,1,1,1,1,9.47324613453375,12,TRUE,5.1555043306864,1.80152167204059,0,3.35398265864581,40.9069
"SARIMA","Lilongwe",3,"month","incidence",2023-12-01,2024-03-01,0,0,0,0,0,0,0,0,0,0,0,0,0,0,1,1,1,1,1,1,1,1,1,0,0,1,1,1,1,1,1,1,1,1,3.54979023368659,12,TRUE,2.82467683825231,2.42864499667406,0,0.396031841578244,34.8457
"SARIMA","Machinga",1,"month","incidence",2023-12-01,2024-01-01,0,0,0,0,1,1,1,1,1,1,1,1,1,1,1,1,1,1,1,1,1,1,1,0,0,0,0,0,0,0,1,1,1,1,8.89627557311091,12,TRUE,4.92002189325334,1.55349271168817,3.36652918156516,0,33.464
"SARIMA","Machinga",2,"month","incidence",2023-12-01,2024-02-01,0,0,0,0,1,1,1,1,1,1,1,1,1,1,1,1,1,1,1,1,1,1,1,0,0,0,0,0,0,0,1,1,1,1,9.50884060925919,12,TRUE,5.18860395165741,1.78410742706875,3.40449652458866,0,37.8948
"SARIMA","Machinga",3,"month","incidence",2023-12-01,2024-03-01,0,0,0,0,0,1,1,1,1,1,1,1,1,1,1,1,1,1,1,1,1,1,1,0,0,0,0,0,0,1,1,1,1,1,8.06314271849748,12,TRUE,4.289495824448,1.85162736052594,2.43786846392206,0,38.7099
"SARIMA","Mangochi",1,"month","incidence",2023-12-01,2024-01-01,0,0,0,0,0,0,0,1,1,1,1,1,1,1,1,1,1,1,1,1,1,1,1,0,0,0,0,1,1,1,1,1,1,1,2.67914036178272,12,TRUE,1.56086868917855,1.08113293814897,0.479735751029583,0,19.0843
"SARIMA","Mangochi",2,"month","incidence",2023-12-01,2024-02-01,0,0,0,0,0,0,0,0,0,0,0,0,1,1,1,1,1,1,1,1,1,1,1,1,1,1,1,1,1,1,1,1,1,1,0.809586564929258,12,TRUE,1.45057004366622,1.41537062779973,0,0.0351994158664895,20.8076
"SARIMA","Mangochi",3,"month","incidence",2023-12-01,2024-03-01,0,0,0,0,0,0,0,0,0,0,0,1,1,1,1,1,1,1,1,1,1,1,1,1,1,1,1,1,1,1,1,1,1,1,0.115549944164268,12,TRUE,1.61715278538707,1.61212887477123,0.00502391061583775,0,20.2005
"SARIMA","Mchinji",1,"month","incidence",2023-12-01,2024-01-01,0,0,0,0,0,0,0,0,0,0,0,0,0,0,0,0,0,0,0,0,0,1,1,0,0,0,0,0,0,0,0,0,1,1,26.065328774061,12,TRUE,16.5210608930489,2.8440217275017,0,13.6770391655472,95.2758
"SARIMA","Mchinji",2,"month","incidence",2023-12-01,2024-02-01,0,0,0,0,0,0,0,0,0,0,0,0,0,0,0,0,0,0,0,1,1,1,1,0,0,0,0,0,0,0,1,1,1,1,22.9511560162014,12,TRUE,12.6848791070406,4.02205409871666,0,8.66282500832396,94.274
"SARIMA","Mchinji",3,"month","incidence",2023-12-01,2024-03-01,0,0,0,0,0,0,0,0,0,0,0,1,1,1,1,1,1,1,1,1,1,1,1,1,1,1,1,1,1,1,1,1,1,1,1.90901424393356,12,TRUE,5.00899074916421,4.92599012986275,0.0830006193014589,0,67.805
"SARIMA","Mulanje",1,"month","incidence",2023-12-01,2024-01-01,0,0,0,0,0,0,0,0,0,0,0,0,0,0,0,0,0,0,1,1,1,1,1,0,0,0,0,0,0,1,1,1,1,1,9.04233154360689,12,TRUE,4.79935743342021,2.15288919956282,0,2.64646823385739,75.5844
"SARIMA","Mulanje",2,"month","incidence",2023-12-01,2024-02-01,0,0,0,0,0,0,0,0,0,0,0,0,0,0,0,0,0,0,0,1,1,1,1,0,0,0,0,0,0,0,1,1,1,1,15.0530471514727,12,TRUE,8.38060050913888,2.53062907401623,0,5.84997143512265,71.1155
"SARIMA","Mulanje",3,"month","incidence",2023-12-01,2024-03-01,0,0,0,0,0,0,0,0,0,0,0,0,1,1,1,1,1,1,1,1,1,1,1,1,1,1,1,1,1,1,1,1,1,1,0.695287852028024,12,TRUE,3.04828114393984,3.01805123732992,0,0.0302299066099141,59.2218
"SARIMA","Mwanza",1,"month","incidence",2023-12-01,2024-01-01,0,0,0,0,0,0,0,0,0,0,0,0,0,0,0,0,0,0,0,0,1,1,1,0,0,0,0,0,0,0,0,1,1,1,24.2569462602691,12,TRUE,14.3464884247332,3.284615596735,0,11.0618728279982,97.552
"SARIMA","Mwanza",2,"month","incidence",2023-12-01,2024-02-01,0,0,0,0,0,0,0,0,0,0,0,0,0,0,0,0,1,1,1,1,1,1,1,0,0,0,0,1,1,1,1,1,1,1,12.0610404078894,12,TRUE,6.8825191673622,4.56278575920842,0,2.31973340815378,82.4126
"SARIMA","Mwanza",3,"month","incidence",2023-12-01,2024-03-01,0,0,0,0,0,0,0,0,0,0,0,0,0,0,0,0,0,0,1,1,1,1,1,0,0,0,0,0,0,1,1,1,1,1,26.1916909356959,12,TRUE,13.9149895867741,6.12150159671398,0,7.79348799006008,89.823
"SARIMA","Mzimba",1,"month","incidence",2023-12-01,2024-01-01,0,0,0,0,0,0,0,0,0,0,0,0,0,0,0,0,0,0,1,1,1,1,1,0,0,0,0,0,0,1,1,1,1,1,7.54009515587878,12,TRUE,4.02355328808162,1.64642487363369,0,2.37712841444793,42.5472
"SARIMA","Mzimba",2,"month","incidence",2023-12-01,2024-02-01,0,0,0,0,0,0,0,0,0,0,0,0,0,0,0,0,0,0,0,1,1,1,1,0,0,0,0,0,0,0,1,1,1,1,10.4216651324104,12,TRUE,5.64328245453884,2.03185300390716,0,3.61142945063168,45.0465
"SARIMA","Mzimba",3,"month","incidence",2023-12-01,2024-03-01,0,0,0,0,0,0,0,0,0,0,0,0,0,0,0,0,0,1,1,1,1,1,1,0,0,0,0,0,1,1,1,1,1,1,7.47602179356004,12,TRUE,4.01454185411812,2.20875928664648,0,1.80578256747164,49.775
"SARIMA","Neno",1,"month","incidence",2023-12-01,2024-01-01,0,0,0,0,0,0,0,0,0,0,0,0,0,0,0,0,0,0,0,0,0,0,0,0,0,0,0,0,0,0,0,0,0,0,60.4464766248315,12,TRUE,44.2293825450166,4.61852546555997,0,39.6108570794566,209.6918
"SARIMA","Neno",2,"month","incidence",2023-12-01,2024-02-01,0,0,0,0,0,0,0,0,0,0,0,0,0,0,0,0,0,0,0,0,0,0,1,0,0,0,0,0,0,0,0,0,0,1,58.9735470726114,12,TRUE,39.7343517996153,5.50805876668143,0,34.2262930329339,179.2167
"SARIMA","Neno",3,"month","incidence",2023-12-01,2024-03-01,0,0,0,0,0,0,0,0,0,0,0,0,0,0,0,0,0,0,0,0,0,1,1,0,0,0,0,0,0,0,0,0,1,1,53.3990571026217,12,TRUE,32.5546501624122,6.55937130011267,0,25.9952788622995,176.6979
"SARIMA","Nkhatabay",1,"month","incidence",2023-12-01,2024-01-01,0,0,0,0,0,0,0,0,0,0,0,0,0,0,0,0,0,0,0,0,0,0,1,0,0,0,0,0,0,0,0,0,0,1,29.9931039209242,12,TRUE,19.8174957349609,2.95387445558801,0,16.8636212793729,100.5622
"SARIMA","Nkhatabay",2,"month","incidence",2023-12-01,2024-02-01,0,0,0,0,0,0,0,0,0,0,0,0,0,0,0,1,1,1,1,1,1,1,1,0,0,0,1,1,1,1,1,1,1,1,9.07639466843759,12,TRUE,5.3737703100704,3.79526608289992,0,1.57850422717048,80.7249
"SARIMA","Nkhatabay",3,"month","incidence",2023-12-01,2024-03-01,0,0,0,0,0,0,0,0,0,0,0,0,0,1,1,1,1,1,1,1,1,1,1,0,1,1,1,1,1,1,1,1,1,1,3.94269664998721,12,TRUE,4.5504726412312,4.2543920064823,0,0.296080634748902,76.462
"SARIMA","Nkhotakota",1,"month","incidence",2023-12-01,2024-01-01,0,0,0,0,0,0,0,0,0,0,0,0,0,0,0,0,0,0,0,0,1,1,1,0,0,0,0,0,0,0,0,1,1,1,15.7348271883574,12,TRUE,9.27769671980714,2.1567563720603,0,7.12094034774684,75.3353
"SARIMA","Nkhotakota",2,"month","incidence",2023-12-01,2024-02-01,0,0,0,0,0,0,0,0,1,1,1,1,1,1,1,1,1,1,1,1,1,1,1,0,0,0,1,1,1,1,1,1,1,1,6.08063858589551,12,TRUE,3.7315074656203,2.73357697728502,0.997930488335283,0,66.8982
"SARIMA","Nkhotakota",3,"month","incidence",2023-12-01,2024-03-01,0,0,0,0,0,0,0,0,0,0,0,0,0,1,1,1,1,1,1,1,1,1,1,0,1,1,1,1,1,1,1,1,1,1,3.4478542030986,12,TRUE,3.71358955115629,3.44030350390425,0,0.273286047252039,65.1538
"SARIMA","Nsanje",1,"month","incidence",2023-12-01,2024-01-01,0,0,0,0,0,0,0,0,0,0,0,0,0,0,0,0,0,0,1,1,1,1,1,0,0,0,0,0,0,1,1,1,1,1,8.26063676407685,12,TRUE,4.37779057670975,2.00688704923167,0,2.37090352747808,29.3107
"SARIMA","Nsanje",2,"month","incidence",2023-12-01,2024-02-01,0,0,0,0,0,0,0,0,0,0,0,0,0,0,0,0,0,0,0,1,1,1,1,0,0,0,0,0,0,0,1,1,1,1,11.4343769943483,12,TRUE,6.11803138852982,2.34562618531378,0,3.77240520321605,32.6197
"SARIMA","Nsanje",3,"month","incidence",2023-12-01,2024-03-01,0,0,0,0,0,0,0,0,0,0,0,0,0,0,0,0,0,1,1,1,1,1,1,0,0,0,0,0,1,1,1,1,1,1,9.3321242689163,12,TRUE,4.95333702012881,2.46579947039381,0,2.487537549735,36.314
"SARIMA","Ntcheu",1,"month","incidence",2023-12-01,2024-01-01,0,0,0,0,0,0,0,0,0,0,0,0,0,1,1,1,1,1,1,1,1,1,1,0,1,1,1,1,1,1,1,1,1,1,1.74572390682265,12,TRUE,2.14476959283447,2.02069679424832,0,0.124072798586149,40.8064
"SARIMA","Ntcheu",2,"month","incidence",2023-12-01,2024-02-01,0,0,0,0,0,0,0,0,0,0,0,0,0,0,0,0,0,1,1,1,1,1,1,0,0,0,0,0,1,1,1,1,1,1,8.21250535217413,12,TRUE,4.4004536017366,2.37819679222979,0,2.0222568095068,36.6805
"SARIMA","Ntcheu",3,"month","incidence",2023-12-01,2024-03-01,0,0,0,0,0,0,0,0,0,0,0,0,0,1,1,1,1,1,1,1,1,1,1,0,1,1,1,1,1,1,1,1,1,1,1.94461575434379,12,TRUE,2.62804542491954,2.50275215450173,0,0.12529327041781,38.7364
"SARIMA","Ntchisi",1,"month","incidence",2023-12-01,2024-01-01,0,0,0,0,0,0,0,0,0,0,0,0,0,0,0,0,0,0,0,0,1,1,1,0,0,0,0,0,0,0,0,1,1,1,21.1559976044698,12,TRUE,12.5418363156289,2.83779288540516,0,9.70404343022375,115.499
"SARIMA","Ntchisi",2,"month","incidence",2023-12-01,2024-02-01,0,0,0,0,0,0,0,0,0,1,1,1,1,1,1,1,1,1,1,1,1,1,1,0,0,1,1,1,1,1,1,1,1,1,4.33922657561887,12,TRUE,3.79954771502834,3.37888140685608,0.42066630817226,0,73.8749
"SARIMA","Ntchisi",3,"month","incidence",2023-12-01,2024-03-01,0,0,0,0,0,0,0,0,0,0,0,0,0,0,0,1,1,1,1,1,1,1,1,0,0,0,1,1,1,1,1,1,1,1,8.12294236395199,12,TRUE,5.24236985010226,4.02603018589316,0,1.2163396642091,78.3745
"SARIMA","Phalombe",1,"month","incidence",2023-12-01,2024-01-01,0,0,0,0,0,0,1,1,1,1,1,1,1,1,1,1,1,1,1,1,1,1,1,0,0,0,0,0,1,1,1,1,1,1,4.95341227637136,12,TRUE,2.63104576646226,1.31816526542864,1.31288050103362,0,30.7005
"SARIMA","Phalombe",2,"month","incidence",2023-12-01,2024-02-01,0,0,0,0,0,0,0,1,1,1,1,1,1,1,1,1,1,1,1,1,1,1,1,0,0,0,0,1,1,1,1,1,1,1,5.25523517463557,12,TRUE,2.93989434659047,1.86372918890103,1.07616515768944,0,27.8924
"SARIMA","Phalombe",3,"month","incidence",2023-12-01,2024-03-01,0,0,0,0,0,0,0,0,0,1,1,1,1,1,1,1,1,1,1,1,1,1,1,0,0,1,1,1,1,1,1,1,1,1,3.65098361165283,12,TRUE,2.72306327875045,2.28241392151105,0.440649357239397,0,26.8682
"SARIMA","Rumphi",1,"month","incidence",2023-12-01,2024-01-01,0,0,0,0,0,0,0,0,0,0,0,0,0,0,0,0,0,0,0,1,1,1,1,0,0,0,0,0,0,0,1,1,1,1,13.4689485408457,12,TRUE,7.50397243218594,2.25498452097512,0,5.24898791121082,42.1179
"SARIMA","Rumphi",2,"month","incidence",2023-12-01,2024-02-01,0,0,0,0,0,0,0,0,0,0,0,0,0,0,0,0,0,0,0,1,1,1,1,0,0,0,0,0,0,0,1,1,1,1,16.1524620070219,12,TRUE,8.66377229452261,3.1289569824172,0,5.5348153121054,35.2865
"SARIMA","Rumphi",3,"month","incidence",2023-12-01,2024-03-01,0,0,0,0,0,0,0,0,0,0,0,0,0,0,0,0,0,0,0,1,1,1,1,0,0,0,0,0,0,0,1,1,1,1,19.7799162538231,12,TRUE,10.4582819095816,3.68132486130121,0,6.77695704828038,36.0498
"SARIMA","Salima",1,"month","incidence",2023-12-01,2024-01-01,0,0,0,0,0,0,0,0,0,0,0,0,0,1,1,1,1,1,1,1,1,1,1,0,1,1,1,1,1,1,1,1,1,1,1.9468613937939,12,TRUE,2.90185379829161,2.7910529663792,0,0.110800831912409,66.5724
"SARIMA","Salima",2,"month","incidence",2023-12-01,2024-02-01,0,0,0,0,0,0,1,1,1,1,1,1,1,1,1,1,1,1,1,1,1,1,1,0,0,0,0,0,1,1,1,1,1,1,13.1248321873492,12,TRUE,6.96162882789074,3.44371370721697,3.51791512067377,0,64.9796
"SARIMA","Salima",3,"month","incidence",2023-12-01,2024-03-01,0,0,1,1,1,1,1,1,1,1,1,1,1,1,1,1,1,1,1,1,1,1,1,0,0,0,0,0,0,0,0,0,1,1,33.2801937379483,12,TRUE,20.8977368347698,3.74267643847742,17.1550603962924,0,56.3799
"SARIMA","Thyolo",1,"month","incidence",2023-12-01,2024-01-01,0,0,0,0,0,0,0,0,0,0,0,0,0,0,0,0,0,0,0,0,1,1,1,0,0,0,0,0,0,0,0,1,1,1,6.29407046874676,12,TRUE,3.56718774383659,0.994721411124091,0,2.5724663327125,31.089
"SARIMA","Thyolo",2,"month","incidence",2023-12-01,2024-02-01,0,0,0,0,0,0,0,0,0,0,0,0,0,0,0,0,0,0,0,0,1,1,1,0,0,0,0,0,0,0,0,1,1,1,9.77118696677319,12,TRUE,5.69149717745316,1.40338524126605,0,4.2881119361871,27.6586
"SARIMA","Thyolo",3,"month","incidence",2023-12-01,2024-03-01,0,0,0,0,0,0,0,0,0,0,0,0,0,0,0,0,1,1,1,1,1,1,1,0,0,0,0,1,1,1,1,1,1,1,5.31555295585652,12,TRUE,2.89171650147266,1.71499383855041,0,1.17672266292224,21.2841
"SARIMA","Zomba",1,"month","incidence",2023-12-01,2024-01-01,0,0,0,0,0,0,0,0,0,0,0,0,0,0,0,0,0,0,0,1,1,1,1,0,0,0,0,0,0,0,1,1,1,1,8.11857294760213,12,TRUE,4.39139736248322,1.59123742365274,0,2.80015993883048,60.1061
"SARIMA","Zomba",2,"month","incidence",2023-12-01,2024-02-01,0,0,0,0,0,0,0,0,0,0,0,0,0,1,1,1,1,1,1,1,1,1,1,0,1,1,1,1,1,1,1,1,1,1,1.49877319966316,12,TRUE,2.3253846254299,2.24502746317553,0,0.0803571622543725,44.046
"SARIMA","Zomba",3,"month","incidence",2023-12-01,2024-03-01,0,0,0,0,0,0,0,0,0,0,0,0,0,0,0,0,0,0,0,1,1,1,1,0,0,0,0,0,0,0,1,1,1,1,15.660339172839,12,TRUE,8.65359707735804,2.74740969004134,0,5.9061873873167,61.0412
"SARIMA","Balaka",1,"month","incidence",2024-01-01,2024-02-01,0,0,0,0,0,0,0,0,0,0,0,0,0,0,0,0,0,0,1,1,1,1,1,0,0,0,0,0,0,1,1,1,1,1,9.53989205843132,12,TRUE,5.05572755765109,2.23513491677908,0,2.820592640872,27.5886
"SARIMA","Balaka",2,"month","incidence",2024-01-01,2024-03-01,0,0,0,0,0,0,0,0,0,0,0,0,0,0,0,0,0,0,0,1,1,1,1,0,0,0,0,0,0,0,1,1,1,1,15.2183445162855,12,TRUE,8.27776537738176,2.7800641414751,0,5.49770123590666,33.3531
"SARIMA","Balaka",3,"month","incidence",2024-01-01,2024-04-01,0,0,0,0,0,0,0,0,0,0,0,0,0,0,0,0,0,0,0,0,0,1,1,0,0,0,0,0,0,0,0,0,1,1,27.229528192603,12,TRUE,16.9516739088383,3.06328067146472,0,13.8883932373736,46.7179
"SARIMA","Blantyre",1,"month","incidence",2024-01-01,2024-02-01,0,0,1,1,1,1,1,1,1,1,1,1,1,1,1,1,1,1,1,1,1,1,1,0,0,0,0,0,0,0,0,0,1,1,9.38590808922113,12,TRUE,5.62864684232333,1.2059755995234,4.42267124279993,0,32.8736
"SARIMA","Blantyre",2,"month","incidence",2024-01-01,2024-03-01,0,0,0,0,0,0,0,0,0,1,1,1,1,1,1,1,1,1,1,1,1,1,1,0,0,1,1,1,1,1,1,1,1,1,2.56219227018651,12,TRUE,1.75755679433898,1.42024064191047,0.337316152428519,0,40.0125
"SARIMA","Blantyre",3,"month","incidence",2024-01-01,2024-04-01,0,0,0,0,0,0,0,0,0,0,0,0,0,0,0,0,0,0,1,1,1,1,1,0,0,0,0,0,0,1,1,1,1,1,7.7414850774106,12,TRUE,4.13056925231359,1.69350895224013,0,2.43706030007347,51.7175
"SARIMA","Chikwawa",1,"month","incidence",2024-01-01,2024-02-01,0,0,0,0,0,0,0,0,0,0,0,1,1,1,1,1,1,1,1,1,1,1,1,1,1,1,1,1,1,1,1,1,1,1,0.473223627036724,12,TRUE,1.88164916041837,1.86107422011243,0.0205749403059445,0,35.8079
"SARIMA","Chikwawa",2,"month","incidence",2024-01-01,2024-03-01,0,0,1,1,1,1,1,1,1,1,1,1,1,1,1,1,1,1,1,1,1,1,1,0,0,0,0,0,0,0,0,0,1,1,17.1170610496201,12,TRUE,10.490291572881,2.07144642960663,8.41884514327433,0,22.7385
"SARIMA","Chikwawa",3,"month","incidence",2024-01-01,2024-04-01,0,0,0,0,0,1,1,1,1,1,1,1,1,1,1,1,1,1,1,1,1,1,1,0,0,0,0,0,0,1,1,1,1,1,10.1238558326935,12,TRUE,5.3991775515238,2.23219898133536,3.16697857018844,0,33.6684
"SARIMA","Chiradzulu",1,"month","incidence",2024-01-01,2024-02-01,0,0,0,1,1,1,1,1,1,1,1,1,1,1,1,1,1,1,1,1,1,1,1,0,0,0,0,0,0,0,0,1,1,1,11.0614319347699,12,TRUE,6.30063300371631,1.71925647027686,4.58137653343945,0,30.3838
"SARIMA","Chiradzulu",2,"month","incidence",2024-01-01,2024-03-01,0,0,0,0,0,0,0,0,0,0,0,0,0,1,1,1,1,1,1,1,1,1,1,0,1,1,1,1,1,1,1,1,1,1,2.27406806523013,12,TRUE,2.29453781163075,2.10592124659603,0,0.188616565034722,38.8543
"SARIMA","Chiradzulu",3,"month","incidence",2024-01-01,2024-04-01,0,0,0,0,0,0,0,0,0,0,0,0,0,0,0,1,1,1,1,1,1,1,1,0,0,0,1,1,1,1,1,1,1,1,4.82616806523012,12,TRUE,3.14211444690717,2.43186467204495,0,0.71024977486222,43.453
"SARIMA","Chitipa",1,"month","incidence",2024-01-01,2024-02-01,0,0,0,1,1,1,1,1,1,1,1,1,1,1,1,1,1,1,1,1,1,1,1,0,0,0,0,0,0,0,0,1,1,1,13.3981422664122,12,TRUE,7.96818074906854,1.77388698525823,6.19429376381031,0,24.6869
"SARIMA","Chitipa",2,"month","incidence",2024-01-01,2024-03-01,0,0,0,0,0,0,0,0,0,0,0,0,0,0,0,0,1,1,1,1,1,1,1,0,0,0,0,1,1,1,1,1,1,1,5.5433407467895,12,TRUE,3.17081543974016,2.11303730221746,0,1.0577781375227,34.4534
"SARIMA","Chitipa",3,"month","incidence",2024-01-01,2024-04-01,0,0,0,0,0,0,0,0,0,0,0,0,0,0,0,0,0,0,1,1,1,1,1,0,0,0,0,0,0,1,1,1,1,1,10.3760839623827,12,TRUE,5.54177735420894,2.23194965919453,0,3.30982769501441,46.4572
"SARIMA","Dedza",1,"month","incidence",2024-01-01,2024-02-01,0,0,1,1,1,1,1,1,1,1,1,1,1,1,1,1,1,1,1,1,1,1,1,0,0,0,0,0,0,0,0,0,1,1,10.1492918701035,12,TRUE,6.31804949321948,1.17261506850558,5.1454344247139,0,35.4321
"SARIMA","Dedza",2,"month","incidence",2024-01-01,2024-03-01,0,0,0,0,0,0,0,0,0,0,0,0,0,0,0,0,1,1,1,1,1,1,1,0,0,0,0,1,1,1,1,1,1,1,3.37504786924736,12,TRUE,1.95945367822109,1.34750518316192,0,0.611948495059178,44.4445
"SARIMA","Dedza",3,"month","incidence",2024-01-01,2024-04-01,0,0,0,0,0,0,0,0,0,0,0,1,1,1,1,1,1,1,1,1,1,1,1,1,1,1,1,1,1,1,1,1,1,1,0.223645851987349,12,TRUE,1.4089528850847,1.3992291523896,0.00972373269510215,0,34.6873
"SARIMA","Dowa",1,"month","incidence",2024-01-01,2024-02-01,0,0,0,0,0,0,0,0,1,1,1,1,1,1,1,1,1,1,1,1,1,1,1,0,0,0,1,1,1,1,1,1,1,1,5.52448710153971,12,TRUE,3.27011760372229,2.30901474096774,0.961102862754553,0,28.4174
"SARIMA","Dowa",2,"month","incidence",2024-01-01,2024-03-01,0,0,0,0,0,0,0,0,0,1,1,1,1,1,1,1,1,1,1,1,1,1,1,0,0,1,1,1,1,1,1,1,1,1,4.29928626490875,12,TRUE,3.51306842692696,3.05025265061299,0.462815776313965,0,31.8261
"SARIMA","Dowa",3,"month","incidence",2024-01-01,2024-04-01,0,0,0,0,0,0,0,0,0,0,0,0,0,0,0,1,1,1,1,1,1,1,1,0,0,0,1,1,1,1,1,1,1,1,10.517169336403,12,TRUE,6.1617228518356,4.31876330091073,0,1.84295955092486,42.9949
"SARIMA","Karonga",1,"month","incidence",2024-01-01,2024-02-01,0,0,0,0,0,0,0,0,0,0,0,0,0,0,0,0,0,0,0,0,1,1,1,0,0,0,0,0,0,0,0,1,1,1,9.88373807998784,12,TRUE,5.81105984494129,1.37003746086791,0,4.44102238407338,62.3448
"SARIMA","Karonga",2,"month","incidence",2024-01-01,2024-03-01,0,0,0,0,1,1,1,1,1,1,1,1,1,1,1,1,1,1,1,1,1,1,1,0,0,0,0,0,0,0,1,1,1,1,7.6240437955223,12,TRUE,4.10228171592787,1.53239621255795,2.56988550336991,0,39.6643
"SARIMA","Karonga",3,"month","incidence",2024-01-01,2024-04-01,0,0,0,0,0,0,0,0,0,0,0,0,0,0,0,0,0,1,1,1,1,1,1,0,0,0,0,0,1,1,1,1,1,1,6.03707488365813,12,TRUE,3.22893751103063,1.71870379643467,0,1.51023371459595,48.2033
"SARIMA","Kasungu",1,"month","incidence",2024-01-01,2024-02-01,0,0,0,0,0,0,0,0,0,0,0,0,0,0,0,0,0,0,1,1,1,1,1,0,0,0,0,0,0,1,1,1,1,1,8.83214545337009,12,TRUE,4.67450954331275,2.19467915864209,0,2.47983038467066,72.0715
"SARIMA","Kasungu",2,"month","incidence",2024-01-01,2024-03-01,0,0,0,0,0,0,0,0,0,0,0,0,0,0,0,0,0,0,0,0,0,1,1,0,0,0,0,0,0,0,0,0,1,1,25.3020037159928,12,TRUE,16.0044330301145,2.77935374241095,0,13.2250792877035,82.879
"SARIMA","Kasungu",3,"month","incidence",2024-01-01,2024-04-01,0,0,0,0,0,0,0,0,0,0,0,0,0,1,1,1,1,1,1,1,1,1,1,0,1,1,1,1,1,1,1,1,1,1,2.75103743577002,12,TRUE,3.50779858550775,3.31919046655253,0,0.188608118955225,65.3948
"SARIMA","Likoma",1,"month","incidence",2024-01-01,2024-02-01,0,0,0,1,1,1,1,1,1,1,1,1,1,1,1,1,1,1,1,1,1,1,1,0,0,0,0,0,0,0,0,1,1,1,19.0886272008695,12,TRUE,11.3887857158214,2.49238078211373,8.89640493370769,0,7.177
"SARIMA","Likoma",2,"month","incidence",2024-01-01,2024-03-01,0,0,0,0,0,1,1,1,1,1,1,1,1,1,1,1,1,1,1,1,1,1,1,0,0,0,0,0,0,1,1,1,1,1,13.46068275868,12,TRUE,7.11567919169562,3.3445936282669,3.77108556342872,0,16.5624
"SARIMA","Likoma",3,"month","incidence",2024-01-01,2024-04-01,0,0,0,0,0,0,0,0,0,0,1,1,1,1,1,1,1,1,1,1,1,1,1,0,1,1,1,1,1,1,1,1,1,1,3.23289615132143,12,TRUE,3.72657511862558,3.48405073247634,0.24252438614924,0,27.5426
"SARIMA","Lilongwe",1,"month","incidence",2024-01-01,2024-02-01,0,0,0,0,0,0,0,0,0,0,0,0,0,0,1,1,1,1,1,1,1,1,1,0,0,1,1,1,1,1,1,1,1,1,2.00381955899947,12,TRUE,1.60173671713842,1.37950496026621,0,0.222231756872214,40.9069
"SARIMA","Lilongwe",2,"month","incidence",2024-01-01,2024-03-01,0,0,0,0,0,0,0,1,1,1,1,1,1,1,1,1,1,1,1,1,1,1,1,0,0,0,0,1,1,1,1,1,1,1,5.23965841844254,12,TRUE,2.84746658411395,1.68161171530273,1.16585486881123,0,34.8457
"SARIMA","Lilongwe",3,"month","incidence",2024-01-01,2024-04-01,0,0,0,0,0,0,0,0,0,0,0,0,0,0,0,0,0,0,0,0,0,0,1,0,0,0,0,0,0,0,0,0,0,1,18.5183854636027,12,TRUE,11.7872232485186,1.99886042849953,0,9.78836282001907,49.5771
"SARIMA","Machinga",1,"month","incidence",2024-01-01,2024-02-01,0,0,0,0,0,0,0,0,0,0,0,0,0,1,1,1,1,1,1,1,1,1,1,0,1,1,1,1,1,1,1,1,1,1,1.83468054540345,12,TRUE,1.8696541518012,1.71847925365071,0,0.151174898150491,37.8948
"SARIMA","Machinga",2,"month","incidence",2024-01-01,2024-03-01,0,0,0,0,0,0,0,0,0,0,0,1,1,1,1,1,1,1,1,1,1,1,1,1,1,1,1,1,1,1,1,1,1,1,0.963146372053053,12,TRUE,2.03695736319362,1.99508143397392,0.041875929219698,0,38.7099
"SARIMA","Machinga",3,"month","incidence",2024-01-01,2024-04-01,0,0,0,0,0,0,0,0,0,0,0,0,0,0,0,0,0,0,0,0,0,0,1,0,0,0,0,0,0,0,0,0,0,1,19.7797770169901,12,TRUE,12.663979713789,2.10618294234824,0,10.5577967714408,57.4361
"SARIMA","Mangochi",1,"month","incidence",2024-01-01,2024-02-01,0,0,0,0,0,0,0,0,0,0,0,0,0,0,0,0,1,1,1,1,1,1,1,0,0,0,0,1,1,1,1,1,1,1,3.05745555527161,12,TRUE,1.7059614108427,1.07492332336981,0,0.631038087472888,20.8076
"SARIMA","Mangochi",2,"month","incidence",2024-01-01,2024-03-01,0,0,0,0,0,0,0,0,0,0,0,0,0,0,1,1,1,1,1,1,1,1,1,0,0,1,1,1,1,1,1,1,1,1,1.88318903243552,12,TRUE,1.57815362632444,1.38262914431295,0,0.195524482011491,20.2005
"SARIMA","Mangochi",3,"month","incidence",2024-01-01,2024-04-01,0,0,0,0,0,0,0,0,0,0,0,0,0,0,0,0,0,0,0,0,0,0,0,0,0,0,0,0,0,0,0,0,0,0,17.3269396087479,12,TRUE,11.8797961230512,1.5513118922189,0,10.3284842308323,35.6503
"SARIMA","Mchinji",1,"month","incidence",2024-01-01,2024-02-01,0,0,0,0,0,0,0,0,0,1,1,1,1,1,1,1,1,1,1,1,1,1,1,0,0,1,1,1,1,1,1,1,1,1,3.68374623753087,12,TRUE,3.30370823195097,2.960881638086,0.34282659386497,0,94.274
"SARIMA","Mchinji",2,"month","incidence",2024-01-01,2024-03-01,0,0,0,1,1,1,1,1,1,1,1,1,1,1,1,1,1,1,1,1,1,1,1,0,0,0,0,0,0,0,0,1,1,1,29.9580148016379,12,TRUE,17.575735271624,4.18731896916269,13.3884163024613,0,67.805
"SARIMA","Mchinji",3,"month","incidence",2024-01-01,2024-04-01,0,0,0,0,0,0,0,0,0,0,0,0,1,1,1,1,1,1,1,1,1,1,1,1,1,1,1,1,1,1,1,1,1,1,0.659593963221823,12,TRUE,5.15707543076367,5.12839743236272,0,0.0286779984009488,87.8526
"SARIMA","Mulanje",1,"month","incidence",2024-01-01,2024-02-01,0,0,0,0,0,0,0,0,0,0,0,0,0,0,0,0,0,0,1,1,1,1,1,0,0,0,0,0,0,1,1,1,1,1,8.69268574267905,12,TRUE,4.61973198171488,2.02849190394476,0,2.59124007777012,71.1155
"SARIMA","Mulanje",2,"month","incidence",2024-01-01,2024-03-01,0,0,0,0,0,0,0,1,1,1,1,1,1,1,1,1,1,1,1,1,1,1,1,0,0,0,0,1,1,1,1,1,1,1,6.63404110553984,12,TRUE,3.76789262677675,2.4722440175647,1.29564860921205,0,59.2218
"SARIMA","Mulanje",3,"month","incidence",2024-01-01,2024-04-01,0,0,0,0,0,0,0,0,0,0,0,0,0,0,0,0,0,1,1,1,1,1,1,0,0,0,0,0,1,1,1,1,1,1,10.0341971594488,12,TRUE,5.38431386127993,2.94473959283149,0,2.43957426844845,70.0309
"SARIMA","Mwanza",1,"month","incidence",2024-01-01,2024-02-01,0,0,0,0,0,0,0,1,1,1,1,1,1,1,1,1,1,1,1,1,1,1,1,0,0,0,0,1,1,1,1,1,1,1,9.86566207384257,12,TRUE,5.47321133734215,3.40204635072972,2.07116498661243,0,82.4126
"SARIMA","Mwanza",2,"month","incidence",2024-01-01,2024-03-01,0,0,0,0,0,0,0,0,0,0,1,1,1,1,1,1,1,1,1,1,1,1,1,0,1,1,1,1,1,1,1,1,1,1,3.51719172496057,12,TRUE,4.94418125215308,4.72788403723474,0.216297214918335,0,89.823
"SARIMA","Mwanza",3,"month","incidence",2024-01-01,2024-04-01,0,0,0,0,0,0,0,0,0,0,0,0,0,0,0,0,0,0,1,1,1,1,1,0,0,0,0,0,0,1,1,1,1,1,29.642260438824,12,TRUE,15.831903916679,6.37463485084439,0,9.45726906583463,108.1036
"SARIMA","Mzimba",1,"month","incidence",2024-01-01,2024-02-01,0,0,0,0,0,0,0,0,0,0,0,0,0,0,0,0,0,1,1,1,1,1,1,0,0,0,0,0,1,1,1,1,1,1,5.21200115829314,12,TRUE,2.81991560834507,1.6461534556128,0,1.17376215273227,45.0465
"SARIMA","Mzimba",2,"month","incidence",2024-01-01,2024-03-01,0,0,0,0,0,0,0,0,0,0,0,0,0,0,1,1,1,1,1,1,1,1,1,0,0,1,1,1,1,1,1,1,1,1,3.25213927886331,12,TRUE,2.43057601902245,2.03897728489177,0,0.391598734130676,49.775
"SARIMA","Mzimba",3,"month","incidence",2024-01-01,2024-04-01,0,0,0,0,0,0,0,0,0,0,0,0,0,0,0,1,1,1,1,1,1,1,1,0,0,0,1,1,1,1,1,1,1,1,4.22081134626639,12,TRUE,2.81412548022987,2.2229454723968,0,0.591180007833071,47.2507
"SARIMA","Neno",1,"month","incidence",2024-01-01,2024-02-01,0,0,0,0,0,0,0,0,0,0,0,0,0,0,0,0,0,0,1,1,1,1,1,0,0,0,0,0,0,1,1,1,1,1,20.2470165919472,12,TRUE,10.7302018142949,4.93267624475545,0,5.79752556953944,179.2167
"SARIMA","Neno",2,"month","incidence",2024-01-01,2024-03-01,0,0,0,0,0,0,0,0,0,0,0,0,0,0,1,1,1,1,1,1,1,1,1,0,0,1,1,1,1,1,1,1,1,1,10.8241124024048,12,TRUE,7.47782630867948,6.0625036646624,0,1.41532264401708,176.6979
"SARIMA","Neno",3,"month","incidence",2024-01-01,2024-04-01,0,0,0,0,0,0,0,0,0,0,0,0,0,0,0,0,0,0,0,0,1,1,1,0,0,0,0,0,0,0,0,1,1,1,43.5607517986551,12,TRUE,24.3202346932164,7.22176573383726,0,17.0984689593792,210.0251
"SARIMA","Nkhatabay",1,"month","incidence",2024-01-01,2024-02-01,0,0,0,0,1,1,1,1,1,1,1,1,1,1,1,1,1,1,1,1,1,1,1,0,0,0,0,0,0,0,1,1,1,1,14.5824873196666,12,TRUE,7.82903715754549,2.96163539860873,4.86740175893677,0,80.7249
"SARIMA","Nkhatabay",2,"month","incidence",2024-01-01,2024-03-01,0,0,0,0,0,0,1,1,1,1,1,1,1,1,1,1,1,1,1,1,1,1,1,0,0,0,0,0,1,1,1,1,1,1,14.711838006797,12,TRUE,7.78511637227746,3.76811932535358,4.01699704692388,0,76.462
"SARIMA","Nkhatabay",3,"month","incidence",2024-01-01,2024-04-01,0,0,0,0,0,0,0,0,0,0,1,1,1,1,1,1,1,1,1,1,1,1,1,0,1,1,1,1,1,1,1,1,1,1,3.92559871104407,12,TRUE,4.48726362862635,4.19011684357594,0.297146785050408,0,83.9967
"SARIMA","Nkhotakota",1,"month","incidence",2024-01-01,2024-02-01,0,0,1,1,1,1,1,1,1,1,1,1,1,1,1,1,1,1,1,1,1,1,1,0,0,0,0,0,0,0,0,0,1,1,18.8963805661513,12,TRUE,11.7498309892008,2.19081827312722,9.55901271607356,0,66.8982
"SARIMA","Nkhotakota",2,"month","incidence",2024-01-01,2024-03-01,0,0,0,0,0,1,1,1,1,1,1,1,1,1,1,1,1,1,1,1,1,1,1,0,0,0,0,0,0,1,1,1,1,1,12.1090046577815,12,TRUE,6.43848431248099,2.80395574158473,3.63452857089626,0,65.1538
"SARIMA","Nkhotakota",3,"month","incidence",2024-01-01,2024-04-01,0,0,0,0,0,0,0,0,0,0,0,1,1,1,1,1,1,1,1,1,1,1,1,1,1,1,1,1,1,1,1,1,1,1,1.27197486405753,12,TRUE,3.57557916581605,3.52027591085702,0.0553032549590229,0,76.86
"SARIMA","Nsanje",1,"month","incidence",2024-01-01,2024-02-01,0,0,0,0,0,0,0,0,0,0,0,0,0,0,1,1,1,1,1,1,1,1,1,0,0,1,1,1,1,1,1,1,1,1,3.62065580122555,12,TRUE,2.480026641099,2.00270504638195,0,0.477321594717048,32.6197
"SARIMA","Nsanje",2,"month","incidence",2024-01-01,2024-03-01,0,0,0,0,0,0,0,0,0,0,0,0,0,0,0,0,0,1,1,1,1,1,1,0,0,0,0,0,1,1,1,1,1,1,9.25952291427545,12,TRUE,4.92003905642968,2.47296536375689,0,2.4470736926728,36.314
"SARIMA","Nsanje",3,"month","incidence",2024-01-01,2024-04-01,0,0,0,0,0,0,0,0,0,0,0,0,0,0,0,0,0,0,0,0,1,1,1,0,0,0,0,0,0,0,0,1,1,1,15.7828113887057,12,TRUE,8.80753758117361,2.61718178595764,0,6.19035579521597,42.4862
"SARIMA","Ntcheu",1,"month","incidence",2024-01-01,2024-02-01,0,0,0,0,0,0,0,0,0,0,0,0,0,0,0,0,0,0,1,1,1,1,1,0,0,0,0,0,0,1,1,1,1,1,8.27927100462317,12,TRUE,4.40044239810271,1.92911734521489,0,2.47132505288782,36.6805
"SARIMA","Ntcheu",2,"month","incidence",2024-01-01,2024-03-01,0,0,0,0,0,0,0,0,0,0,0,0,0,0,1,1,1,1,1,1,1,1,1,0,0,1,1,1,1,1,1,1,1,1,2.70443166821599,12,TRUE,2.50293696322502,2.26543319696456,0,0.237503766260464,38.7364
"SARIMA","Ntcheu",3,"month","incidence",2024-01-01,2024-04-01,0,0,0,0,0,0,0,0,0,0,0,0,0,0,0,0,0,0,0,0,1,1,1,0,0,0,0,0,0,0,0,1,1,1,14.3264221706575,12,TRUE,7.99235167183211,2.38078505602214,0,5.61156661580997,52.3153
"SARIMA","Ntchisi",1,"month","incidence",2024-01-01,2024-02-01,0,0,0,1,1,1,1,1,1,1,1,1,1,1,1,1,1,1,1,1,1,1,1,0,0,0,0,0,0,0,0,1,1,1,18.1732575832594,12,TRUE,10.2477669822321,2.91979040186955,7.32797658036254,0,73.8749
"SARIMA","Ntchisi",2,"month","incidence",2024-01-01,2024-03-01,0,0,0,0,0,0,0,1,1,1,1,1,1,1,1,1,1,1,1,1,1,1,1,0,0,0,0,1,1,1,1,1,1,1,9.3121099583897,12,TRUE,5.32819559071383,3.55306804397571,1.77512754673812,0,78.3745
"SARIMA","Ntchisi",3,"month","incidence",2024-01-01,2024-04-01,0,0,0,0,0,0,0,0,0,0,0,0,0,0,0,0,0,0,0,1,1,1,1,0,0,0,0,0,0,0,1,1,1,1,23.6593145290247,12,TRUE,13.0275250924193,4.23202299346357,0,8.79550209895574,96.5269
"SARIMA","Phalombe",1,"month","incidence",2024-01-01,2024-02-01,0,0,0,0,0,0,0,0,0,0,0,1,1,1,1,1,1,1,1,1,1,1,1,1,1,1,1,1,1,1,1,1,1,1,0.472124112452381,12,TRUE,1.33532637428998,1.31479923896596,0.0205271353240166,0,27.8924
"SARIMA","Phalombe",2,"month","incidence",2024-01-01,2024-03-01,0,0,0,0,0,0,0,0,0,0,0,0,1,1,1,1,1,1,1,1,1,1,1,1,1,1,1,1,1,1,1,1,1,1,0.325771274675809,12,TRUE,1.87256458266444,1.85840061420027,0,0.0141639684641656,26.8682
"SARIMA","Phalombe",3,"month","incidence",2024-01-01,2024-04-01,0,0,0,0,0,0,0,0,0,0,0,0,0,0,0,0,0,0,0,1,1,1,1,0,0,0,0,0,0,0,1,1,1,1,11.5701473081578,12,TRUE,6.25388907955987,2.27565565026101,0,3.97823342929885,37.5996
"SARIMA","Rumphi",1,"month","incidence",2024-01-01,2024-02-01,0,0,0,0,0,0,0,0,0,0,0,0,0,1,1,1,1,1,1,1,1,1,1,0,1,1,1,1,1,1,1,1,1,1,2.71644466358634,12,TRUE,2.53071612582748,2.29404614703135,0,0.236669978796126,35.2865
"SARIMA","Rumphi",2,"month","incidence",2024-01-01,2024-03-01,0,0,0,0,0,0,0,0,0,0,0,0,0,0,0,1,1,1,1,1,1,1,1,0,0,0,1,1,1,1,1,1,1,1,6.12435639790941,12,TRUE,4.0914239779615,3.23949152108742,0,0.851932456874082,36.0498
"SARIMA","Rumphi",3,"month","incidence",2024-01-01,2024-04-01,0,0,0,0,0,0,0,0,0,0,0,0,0,0,0,0,0,0,0,0,0,1,1,0,0,0,0,0,0,0,0,0,1,1,33.0434668488855,12,TRUE,20.2404167701653,3.91818430052038,0,16.3222324696449,59.4701
"SARIMA","Salima",1,"month","incidence",2024-01-01,2024-02-01,0,0,0,0,0,0,0,1,1,1,1,1,1,1,1,1,1,1,1,1,1,1,1,0,0,0,0,1,1,1,1,1,1,1,8.80592076278144,12,TRUE,4.7837398337888,2.82237963457654,1.96136019921225,0,64.9796
"SARIMA","Salima",2,"month","incidence",2024-01-01,2024-03-01,0,0,0,1,1,1,1,1,1,1,1,1,1,1,1,1,1,1,1,1,1,1,1,0,0,0,0,0,0,0,0,1,1,1,24.6290081129422,12,TRUE,14.1066502130208,3.75663938285389,10.3500108301669,0,56.3799
"SARIMA","Salima",3,"month","incidence",2024-01-01,2024-04-01,0,0,0,0,0,0,0,0,0,0,0,0,0,0,0,0,1,1,1,1,1,1,1,0,0,0,0,1,1,1,1,1,1,1,13.5591799236659,12,TRUE,7.36955040944485,4.35353022947863,0,3.01602017996622,85.029
"SARIMA","Thyolo",1,"month","incidence",2024-01-01,2024-02-01,0,0,0,0,0,0,0,0,0,0,0,0,0,0,0,0,0,1,1,1,1,1,1,0,0,0,0,0,1,1,1,1,1,1,3.52178451270397,12,TRUE,1.88525785575842,1.01080573085076,0,0.874452124907663,27.6586
"SARIMA","Thyolo",2,"month","incidence",2024-01-01,2024-03-01,0,0,0,0,0,0,0,0,0,0,0,1,1,1,1,1,1,1,1,1,1,1,1,1,1,1,1,1,1,1,1,1,1,1,0.142750624109862,12,TRUE,1.43460348001242,1.42839693113808,0.00620654887434182,0,21.2841
"SARIMA","Thyolo",3,"month","incidence",2024-01-01,2024-04-01,0,0,0,0,0,0,0,0,0,0,0,0,0,0,0,0,0,0,0,1,1,1,1,0,0,0,0,0,0,0,1,1,1,1,8.61366168263493,12,TRUE,4.62473682132727,1.74897322810435,0,2.87576359322291,28.2419
"SARIMA","Zomba",1,"month","incidence",2024-01-01,2024-02-01,0,0,0,0,0,1,1,1,1,1,1,1,1,1,1,1,1,1,1,1,1,1,1,0,0,0,0,0,0,1,1,1,1,1,6.8915454703027,12,TRUE,3.66518436467299,1.589738135749,2.07544622892399,0,44.046
"SARIMA","Zomba",2,"month","incidence",2024-01-01,2024-03-01,0,0,0,0,0,0,0,0,0,0,0,0,0,0,0,0,1,1,1,1,1,1,1,0,0,0,0,1,1,1,1,1,1,1,6.87280148508741,12,TRUE,3.75113868787424,2.23981649157289,0,1.51132219630135,61.0412
"SARIMA","Zomba",3,"month","incidence",2024-01-01,2024-04-01,0,0,0,0,0,0,0,0,0,0,0,0,0,0,0,0,0,1,1,1,1,1,1,0,0,0,0,0,1,1,1,1,1,1,9.10940780375358,12,TRUE,4.90127795443567,2.73976063767396,0,2.16151731676171,62.6197
"SARIMA","Balaka",1,"month","incidence",2024-02-01,2024-03-01,0,0,0,0,0,0,0,0,0,0,0,0,0,0,0,0,1,1,1,1,1,1,1,0,0,0,0,1,1,1,1,1,1,1,6.68246015135989,12,TRUE,3.6815018016845,2.25003592177193,0,1.43146587991256,33.3531
"SARIMA","Balaka",2,"month","incidence",2024-02-01,2024-04-01,0,0,0,0,0,0,0,0,0,0,0,0,0,0,0,0,0,0,0,0,1,1,1,0,0,0,0,0,0,0,0,1,1,1,20.6813261370914,12,TRUE,12.0742733779727,2.93061089311325,0,9.14366248485944,46.7179
"SARIMA","Balaka",3,"month","incidence",2024-02-01,2024-05-01,0,0,0,0,0,0,0,0,0,0,0,0,0,0,0,0,0,0,0,0,0,0,1,0,0,0,0,0,0,0,0,0,0,1,32.5012662797763,12,TRUE,20.841219723259,3.34606790339464,0,17.4951518198644,52.4572
"SARIMA","Blantyre",1,"month","incidence",2024-02-01,2024-03-01,0,0,0,0,0,0,0,0,0,0,0,0,0,0,1,1,1,1,1,1,1,1,1,0,0,1,1,1,1,1,1,1,1,1,1.87639571998679,12,TRUE,1.42193304322235,1.19956983945491,0,0.222363203767437,40.0125
"SARIMA","Blantyre",2,"month","incidence",2024-02-01,2024-04-01,0,0,0,0,0,0,0,0,0,0,0,0,0,0,0,0,0,0,0,0,0,0,1,0,0,0,0,0,0,0,0,0,0,1,14.718859797442,12,TRUE,9.97205494313451,1.35325836438367,0,8.61879657875084,51.7175
"SARIMA","Blantyre",3,"month","incidence",2024-02-01,2024-05-01,0,0,0,0,0,0,0,0,0,0,0,0,0,0,0,1,1,1,1,1,1,1,1,0,0,0,1,1,1,1,1,1,1,1,3.66910697806738,12,TRUE,2.23503639799866,1.62535785298022,0,0.609678545018444,41.2057
"SARIMA","Chikwawa",1,"month","incidence",2024-02-01,2024-03-01,0,0,1,1,1,1,1,1,1,1,1,1,1,1,1,1,1,1,1,1,1,1,1,0,0,0,0,0,0,0,0,0,1,1,17.4145001273448,12,TRUE,11.0281767212494,1.90562659359788,9.12255012765155,0,22.7385
"SARIMA","Chikwawa",2,"month","incidence",2024-02-01,2024-04-01,0,0,0,0,1,1,1,1,1,1,1,1,1,1,1,1,1,1,1,1,1,1,1,0,0,0,0,0,0,0,1,1,1,1,10.9289261782072,12,TRUE,5.89129116731475,2.17773228281927,3.71355888449549,0,33.6684
"SARIMA","Chikwawa",3,"month","incidence",2024-02-01,2024-05-01,0,0,0,0,0,0,0,0,0,0,0,0,1,1,1,1,1,1,1,1,1,1,1,1,1,1,1,1,1,1,1,1,1,1,1.41912658501968,12,TRUE,2.48112733901445,2.41942618314403,0,0.0617011558704207,45.3225
"SARIMA","Chiradzulu",1,"month","incidence",2024-02-01,2024-03-01,0,0,0,0,0,0,0,0,0,0,0,0,0,0,0,0,0,0,0,1,1,1,1,0,0,0,0,0,0,0,1,1,1,1,9.86726263584881,12,TRUE,5.44401962332026,1.74594873710491,0,3.69807088621535,38.8543
"SARIMA","Chiradzulu",2,"month","incidence",2024-02-01,2024-04-01,0,0,0,0,0,0,0,0,0,0,0,0,0,0,0,0,0,0,0,0,1,1,1,0,0,0,0,0,0,0,0,1,1,1,12.4193626358488,12,TRUE,6.93045755733062,2.06202751033805,0,4.86843004699257,43.453
"SARIMA","Chiradzulu",3,"month","incidence",2024-02-01,2024-05-01,0,0,0,0,0,0,0,0,0,0,0,0,0,0,0,0,0,0,0,0,0,0,0,0,0,0,0,0,0,0,0,0,0,0,43.8110626358488,12,TRUE,35.6096233374184,2.33571785842889,0,33.2739054789895,72.8802
"SARIMA","Chitipa",1,"month","incidence",2024-02-01,2024-03-01,0,0,0,0,0,0,0,0,0,0,0,0,0,0,0,0,0,0,0,1,1,1,1,0,0,0,0,0,0,0,1,1,1,1,11.1040279152136,12,TRUE,6.17924272051443,1.87165710779255,0,4.30758561272189,34.4534
"SARIMA","Chitipa",2,"month","incidence",2024-02-01,2024-04-01,0,0,0,0,0,0,0,0,0,0,0,0,0,0,0,0,0,0,0,0,0,1,1,0,0,0,0,0,0,0,0,0,1,1,16.3902512320349,12,TRUE,9.89484641927875,2.06862976919509,0,7.82621665008366,46.4572
"SARIMA","Chitipa",3,"month","incidence",2024-02-01,2024-05-01,0,0,0,0,0,0,0,0,0,0,0,0,0,0,0,0,0,0,0,0,1,1,1,0,0,0,0,0,0,0,0,1,1,1,16.6664706246404,12,TRUE,9.86633280946712,2.24841230949039,0,7.61792049997672,44.9183
"SARIMA","Dedza",1,"month","incidence",2024-02-01,2024-03-01,0,0,0,0,0,0,0,0,0,0,0,0,0,0,0,0,0,0,0,1,1,1,1,0,0,0,0,0,0,0,1,1,1,1,6.92385591347779,12,TRUE,3.8512620204074,1.17018124400037,0,2.68108077640703,44.4445
"SARIMA","Dedza",2,"month","incidence",2024-02-01,2024-04-01,0,0,0,0,0,0,0,0,0,0,0,0,0,0,0,1,1,1,1,1,1,1,1,0,0,0,1,1,1,1,1,1,1,1,2.58317511111221,12,TRUE,1.69308924253759,1.31805231126562,0,0.375036931271973,34.6873
"SARIMA","Dedza",3,"month","incidence",2024-02-01,2024-05-01,0,0,0,0,0,0,0,0,0,0,0,0,0,0,0,0,0,0,0,0,0,0,1,0,0,0,0,0,0,0,0,0,0,1,13.5101690063524,12,TRUE,8.86179827207078,1.35586168362804,0,7.50593658844274,38.227
"SARIMA","Dowa",1,"month","incidence",2024-02-01,2024-03-01,0,0,0,0,0,0,0,0,0,0,0,0,1,1,1,1,1,1,1,1,1,1,1,1,1,1,1,1,1,1,1,1,1,1,0.924741349646478,12,TRUE,2.32388700015657,2.28368085451977,0,0.0402061456368034,31.8261
"SARIMA","Dowa",2,"month","incidence",2024-02-01,2024-04-01,0,0,0,0,0,0,0,0,0,0,0,0,0,0,0,0,0,0,0,1,1,1,1,0,0,0,0,0,0,0,1,1,1,1,17.9692538297583,12,TRUE,9.9997411916599,2.99413911511373,0,7.00560207654617,42.9949
"SARIMA","Dowa",3,"month","incidence",2024-02-01,2024-05-01,0,0,0,0,0,0,0,0,0,0,0,0,0,0,0,0,0,0,0,1,1,1,1,0,0,0,0,0,0,0,1,1,1,1,24.165224796923,12,TRUE,13.1981284543544,4.19492823598132,0,9.00320021837308,47.9188
"SARIMA","Karonga",1,"month","incidence",2024-02-01,2024-03-01,0,0,0,0,1,1,1,1,1,1,1,1,1,1,1,1,1,1,1,1,1,1,1,0,0,0,0,0,0,0,1,1,1,1,7.35535966203948,12,TRUE,4.00091681156897,1.40228237609698,2.59863443547199,0,39.6643
"SARIMA","Karonga",2,"month","incidence",2024-02-01,2024-04-01,0,0,0,0,0,0,0,0,0,0,0,0,0,0,0,0,1,1,1,1,1,1,1,0,0,0,0,1,1,1,1,1,1,1,4.08268307158716,12,TRUE,2.30219769458294,1.4864008635067,0,0.815796831076244,48.2033
"SARIMA","Karonga",3,"month","incidence",2024-02-01,2024-05-01,0,0,0,0,0,0,0,1,1,1,1,1,1,1,1,1,1,1,1,1,1,1,1,0,0,0,0,1,1,1,1,1,1,1,4.7564968689552,12,TRUE,2.65420402318875,1.67275324162768,0.981450781561072,0,42.3352
"SARIMA","Kasungu",1,"month","incidence",2024-02-01,2024-03-01,0,0,0,0,0,0,0,0,0,0,0,0,0,0,0,0,0,0,0,0,0,1,1,0,0,0,0,0,0,0,0,0,1,1,17.5195,12,TRUE,10.5627296125964,2.21901253583544,0,8.343717076761,82.879
"SARIMA","Kasungu",2,"month","incidence",2024-02-01,2024-04-01,0,0,0,0,0,0,0,0,0,1,1,1,1,1,1,1,1,1,1,1,1,1,1,0,0,1,1,1,1,1,1,1,1,1,5.26549999999997,12,TRUE,3.79742276311069,3.13815762325439,0.659265139856307,0,65.3948
"SARIMA","Kasungu",3,"month","incidence",2024-02-01,2024-05-01,0,0,0,0,0,0,0,0,0,0,0,0,0,0,0,0,0,0,0,0,0,0,1,0,0,0,0,0,0,0,0,0,0,1,38.458,12,TRUE,25.26733529132,3.84344245469923,0,21.4238928366208,105.0846
"SARIMA","Likoma",1,"month","incidence",2024-02-01,2024-03-01,0,0,0,0,0,0,0,0,0,0,0,0,0,0,0,0,1,1,1,1,1,1,1,0,0,0,0,1,1,1,1,1,1,1,7.76928822081495,12,TRUE,4.03010133549921,2.33850594180161,0,1.6915953936976,16.5624
"SARIMA","Likoma",2,"month","incidence",2024-02-01,2024-04-01,0,0,0,0,0,0,0,0,0,0,0,0,0,0,0,0,0,1,1,1,1,1,1,0,0,0,0,0,1,1,1,1,1,1,12.4310334698783,12,TRUE,6.45659983947743,3.36431333347433,0,3.09228650600309,27.5426
"SARIMA","Likoma",3,"month","incidence",2024-02-01,2024-05-01,0,0,0,0,0,0,0,0,0,0,0,0,0,0,0,0,0,0,0,1,1,1,1,0,0,0,0,0,0,0,1,1,1,1,19.0221073084419,12,TRUE,10.1296062429135,3.71999749752919,0,6.40960874538431,39.9338
"SARIMA","Lilongwe",1,"month","incidence",2024-02-01,2024-03-01,0,0,0,0,0,0,1,1,1,1,1,1,1,1,1,1,1,1,1,1,1,1,1,0,0,0,0,0,1,1,1,1,1,1,5.90329844283898,12,TRUE,3.12649488860028,1.52520879695202,1.60128609164826,0,34.8457
"SARIMA","Lilongwe",2,"month","incidence",2024-02-01,2024-04-01,0,0,0,0,0,0,0,0,0,0,0,0,0,0,0,0,0,0,0,0,0,1,1,0,0,0,0,0,0,0,0,0,1,1,16.707046126474,12,TRUE,10.2391616192129,2.02174267825569,0,8.21741894095725,49.5771
"SARIMA","Lilongwe",3,"month","incidence",2024-02-01,2024-05-01,0,0,0,0,0,0,0,0,0,0,0,0,0,0,0,0,0,0,0,1,1,1,1,0,0,0,0,0,0,0,1,1,1,1,13.615113859118,12,TRUE,7.55769821718705,2.32826337643135,0,5.2294348407557,44.2959
"SARIMA","Machinga",1,"month","incidence",2024-02-01,2024-03-01,0,0,0,0,0,0,0,0,0,1,1,1,1,1,1,1,1,1,1,1,1,1,1,0,0,1,1,1,1,1,1,1,1,1,2.11152595667375,12,TRUE,1.9099043062932,1.71636319081552,0.193541115477674,0,38.7099
"SARIMA","Machinga",2,"month","incidence",2024-02-01,2024-04-01,0,0,0,0,0,0,0,0,0,0,0,0,0,0,0,0,0,0,0,0,0,0,1,0,0,0,0,0,0,0,0,0,0,1,19.0155215567489,12,TRUE,12.2785457748562,1.98425573998313,0,10.294290034873,57.4361
"SARIMA","Machinga",3,"month","incidence",2024-02-01,2024-05-01,0,0,0,0,0,0,0,0,0,0,0,0,0,0,0,0,0,0,0,1,1,1,1,0,0,0,0,0,0,0,1,1,1,1,11.8603836987267,12,TRUE,6.54854455777152,2.0900411226866,0,4.45850343508492,53.0065
"SARIMA","Mangochi",1,"month","incidence",2024-02-01,2024-03-01,0,0,0,0,0,0,0,0,0,0,0,1,1,1,1,1,1,1,1,1,1,1,1,1,1,1,1,1,1,1,1,1,1,1,0.384536312040726,12,TRUE,1.06971808297032,1.05299911288159,0.0167189700887272,0,20.2005
"SARIMA","Mangochi",2,"month","incidence",2024-02-01,2024-04-01,0,0,0,0,0,0,0,0,0,0,0,0,0,0,0,0,0,0,0,0,0,0,0,0,0,0,0,0,0,0,0,0,0,0,15.6898095297473,12,TRUE,11.0224503695484,1.32923426553493,0,9.69321610401342,35.6503
"SARIMA","Mangochi",3,"month","incidence",2024-02-01,2024-05-01,0,0,0,0,0,0,0,0,0,0,0,0,0,0,0,0,0,0,0,0,0,0,0,0,0,0,0,0,0,0,0,0,0,0,16.6365075729848,12,TRUE,11.4790477187931,1.46881183256104,0,10.010235886232,40.2268
"SARIMA","Mchinji",1,"month","incidence",2024-02-01,2024-03-01,0,0,1,1,1,1,1,1,1,1,1,1,1,1,1,1,1,1,1,1,1,1,1,0,0,0,0,0,0,0,0,0,1,1,26.5507847944427,12,TRUE,16.7119960953851,2.96325762115839,13.7487384742267,0,67.805
"SARIMA","Mchinji",2,"month","incidence",2024-02-01,2024-04-01,0,0,0,0,0,0,0,0,0,0,0,0,0,1,1,1,1,1,1,1,1,1,1,0,1,1,1,1,1,1,1,1,1,1,4.1022669851609,12,TRUE,4.51084075376221,4.19067911664763,0,0.320161637114574,87.8526
"SARIMA","Mchinji",3,"month","incidence",2024-02-01,2024-05-01,0,0,0,0,0,0,0,1,1,1,1,1,1,1,1,1,1,1,1,1,1,1,1,0,0,0,0,1,1,1,1,1,1,1,14.4031388621734,12,TRUE,8.06907068763789,5.13251275576202,2.93655793187587,0,71.6505
"SARIMA","Mulanje",1,"month","incidence",2024-02-01,2024-03-01,0,0,0,1,1,1,1,1,1,1,1,1,1,1,1,1,1,1,1,1,1,1,1,0,0,0,0,0,0,0,0,1,1,1,11.4674470428601,12,TRUE,6.52274760819356,1.7907544961158,4.73199311207776,0,59.2218
"SARIMA","Mulanje",2,"month","incidence",2024-02-01,2024-04-01,0,0,0,0,0,0,0,0,0,0,0,0,1,1,1,1,1,1,1,1,1,1,1,1,1,1,1,1,1,1,1,1,1,1,0.593494262399531,12,TRUE,2.24821649003677,2.22241239167157,0,0.025804098365197,70.0309
"SARIMA","Mulanje",3,"month","incidence",2024-02-01,2024-05-01,0,0,0,0,0,0,0,0,0,0,0,0,0,0,1,1,1,1,1,1,1,1,1,0,0,1,1,1,1,1,1,1,1,1,4.29249614573385,12,TRUE,3.16924715043009,2.64526403474339,0,0.523983115686701,78.6324
"SARIMA","Mwanza",1,"month","incidence",2024-02-01,2024-03-01,0,0,0,0,0,0,0,0,0,0,0,0,0,1,1,1,1,1,1,1,1,1,1,0,1,1,1,1,1,1,1,1,1,1,3.09870019856371,12,TRUE,3.48405573827915,3.24636551499561,0,0.237690223283543,89.823
"SARIMA","Mwanza",2,"month","incidence",2024-02-01,2024-04-01,0,0,0,0,0,0,0,0,0,0,0,0,0,0,0,0,0,0,0,0,0,0,1,0,0,0,0,0,0,0,0,0,0,1,41.3301581419072,12,TRUE,26.7591083802743,4.28476919506242,0,22.4743391852119,108.1036
"SARIMA","Mwanza",3,"month","incidence",2024-02-01,2024-05-01,0,0,0,0,0,0,0,0,0,0,0,0,0,0,0,0,0,0,0,0,0,0,1,0,0,0,0,0,0,0,0,0,0,1,61.6175741342257,12,TRUE,41.2555698198261,5.85658753829729,0,35.3989822815288,132.7242
"SARIMA","Mzimba",1,"month","incidence",2024-02-01,2024-03-01,0,0,0,0,0,0,0,0,0,0,1,1,1,1,1,1,1,1,1,1,1,1,1,0,1,1,1,1,1,1,1,1,1,1,1.14815571652851,12,TRUE,1.68879958192205,1.62223559781713,0.0665639841049136,0,49.775
"SARIMA","Mzimba",2,"month","incidence",2024-02-01,2024-04-01,0,0,0,0,0,0,0,0,0,0,0,1,1,1,1,1,1,1,1,1,1,1,1,1,1,1,1,1,1,1,1,1,1,1,0.742905465631502,12,TRUE,1.9242836813709,1.89198344373475,0.0323002376361523,0,47.2507
"SARIMA","Mzimba",3,"month","incidence",2024-02-01,2024-05-01,0,0,0,0,0,0,0,0,0,0,0,0,0,0,0,0,0,0,0,0,0,0,0,0,0,0,0,0,0,0,0,0,0,0,35.4284088014775,12,TRUE,28.057367264465,2.09922584643361,0,25.9581414180313,78.6811
"SARIMA","Neno",1,"month","incidence",2024-02-01,2024-03-01,0,0,0,0,0,0,0,0,0,0,1,1,1,1,1,1,1,1,1,1,1,1,1,0,1,1,1,1,1,1,1,1,1,1,5.55708513343683,12,TRUE,5.39702905498152,4.92475521654427,0.47227383843725,0,176.6979
"SARIMA","Neno",2,"month","incidence",2024-02-01,2024-04-01,0,0,0,0,0,0,0,0,0,0,0,0,0,0,0,0,0,0,1,1,1,1,1,0,0,0,0,0,0,1,1,1,1,1,26.390404241548,12,TRUE,14.0220494596999,6.18008758277155,0,7.84196187692833,210.0251
"SARIMA","Neno",3,"month","incidence",2024-02-01,2024-05-01,0,0,0,0,0,0,0,1,1,1,1,1,1,1,1,1,1,1,1,1,1,1,1,0,0,0,0,1,1,1,1,1,1,1,23.1760556571692,12,TRUE,12.5634104248883,7.37164928994444,5.19176113494391,0,172.3269
"SARIMA","Nkhatabay",1,"month","incidence",2024-02-01,2024-03-01,0,0,0,0,0,0,0,0,0,0,1,1,1,1,1,1,1,1,1,1,1,1,1,0,1,1,1,1,1,1,1,1,1,1,2.83206906159566,12,TRUE,3.20211520887025,2.98584216370853,0.216273045161714,0,76.462
"SARIMA","Nkhatabay",2,"month","incidence",2024-02-01,2024-04-01,0,0,0,0,0,0,0,0,0,0,0,0,0,0,1,1,1,1,1,1,1,1,1,0,0,1,1,1,1,1,1,1,1,1,5.8060112255516,12,TRUE,4.44947841498161,3.77052515241825,0,0.678953262563353,83.9967
"SARIMA","Nkhatabay",3,"month","incidence",2024-02-01,2024-05-01,0,0,0,0,0,0,0,0,0,0,0,0,0,0,0,0,0,1,1,1,1,1,1,0,0,0,0,0,1,1,1,1,1,1,15.6622790851905,12,TRUE,8.31909894036042,4.16767921663366,0,4.15141972372676,93.0021
"SARIMA","Nkhotakota",1,"month","incidence",2024-02-01,2024-03-01,0,0,0,0,0,0,0,0,0,0,0,0,1,1,1,1,1,1,1,1,1,1,1,1,1,1,1,1,1,1,1,1,1,1,0.971878447978767,12,TRUE,2.35997226951452,2.31771668481979,0,0.042255584694729,65.1538
"SARIMA","Nkhotakota",2,"month","incidence",2024-02-01,2024-04-01,0,0,0,0,0,0,0,0,0,0,0,0,0,0,0,0,0,0,0,1,1,1,1,0,0,0,0,0,0,0,1,1,1,1,14.453883140643,12,TRUE,7.77943690612845,2.90126398825224,0,4.87817291787621,76.86
"SARIMA","Nkhotakota",3,"month","incidence",2024-02-01,2024-05-01,0,0,0,0,0,0,0,0,0,0,0,0,0,0,0,0,0,0,0,0,0,1,1,0,0,0,0,0,0,0,0,0,1,1,27.214520231362,12,TRUE,16.3837751878745,3.46071728629596,0,12.9230579015785,90.0795
"SARIMA","Nsanje",1,"month","incidence",2024-02-01,2024-03-01,0,0,0,0,0,0,0,0,0,0,1,1,1,1,1,1,1,1,1,1,1,1,1,0,1,1,1,1,1,1,1,1,1,1,2.01973862975051,12,TRUE,2.07244827132778,1.90679292485663,0.165655346471146,0,36.314
"SARIMA","Nsanje",2,"month","incidence",2024-02-01,2024-04-01,0,0,0,0,0,0,0,0,0,0,0,0,0,0,0,1,1,1,1,1,1,1,1,0,0,0,1,1,1,1,1,1,1,1,5.73426775821376,12,TRUE,3.43498295773303,2.4558309341456,0,0.979152023587421,42.4862
"SARIMA","Nsanje",3,"month","incidence",2024-02-01,2024-05-01,0,0,0,0,0,0,0,0,0,0,0,0,0,1,1,1,1,1,1,1,1,1,1,0,1,1,1,1,1,1,1,1,1,1,1.7445774667009,12,TRUE,2.62968888343953,2.53198684874072,0,0.0977020346988124,52.133
"SARIMA","Ntcheu",1,"month","incidence",2024-02-01,2024-03-01,0,0,0,0,0,0,0,0,1,1,1,1,1,1,1,1,1,1,1,1,1,1,1,0,0,0,1,1,1,1,1,1,1,1,4.06905911496919,12,TRUE,2.66206901019999,2.06907770423849,0.592991305961503,0,38.7364
"SARIMA","Ntcheu",2,"month","incidence",2024-02-01,2024-04-01,0,0,0,0,0,0,0,0,0,0,0,0,0,0,0,1,1,1,1,1,1,1,1,0,0,0,1,1,1,1,1,1,1,1,5.4538165132384,12,TRUE,3.35682615495584,2.46629204632075,0,0.89053410863509,52.3153
"SARIMA","Ntcheu",3,"month","incidence",2024-02-01,2024-05-01,0,0,0,0,0,0,0,0,0,0,0,0,0,0,0,1,1,1,1,1,1,1,1,0,0,0,1,1,1,1,1,1,1,1,5.82628959813662,12,TRUE,3.79498750183327,2.93834051137367,0,0.856646990459605,63.7379
"SARIMA","Ntchisi",1,"month","incidence",2024-02-01,2024-03-01,0,0,0,0,0,0,0,0,0,0,0,0,0,1,1,1,1,1,1,1,1,1,1,0,1,1,1,1,1,1,1,1,1,1,2.46957202126269,12,TRUE,3.08984914665904,2.91734551113128,0,0.172503635527764,78.3745
"SARIMA","Ntchisi",2,"month","incidence",2024-02-01,2024-04-01,0,0,0,0,0,0,0,0,0,0,0,0,0,0,0,0,0,0,0,0,0,0,1,0,0,0,0,0,0,0,0,0,0,1,37.6378394284839,12,TRUE,25.3144248457054,3.53276140156104,0,21.7816634441444,96.5269
"SARIMA","Ntchisi",3,"month","incidence",2024-02-01,2024-05-01,0,0,0,0,0,0,0,0,0,0,0,0,0,0,0,0,0,0,0,0,0,1,1,0,0,0,0,0,0,0,0,0,1,1,35.0412986471629,12,TRUE,21.5332301971101,4.20767773155737,0,17.3255524655528,95.3542
"SARIMA","Phalombe",1,"month","incidence",2024-02-01,2024-03-01,0,0,0,0,0,0,0,0,0,0,0,0,0,0,0,1,1,1,1,1,1,1,1,0,0,0,1,1,1,1,1,1,1,1,2.46938586697726,12,TRUE,1.62712827392748,1.2725196003676,0,0.354608673559877,26.8682
"SARIMA","Phalombe",2,"month","incidence",2024-02-01,2024-04-01,0,0,0,0,0,0,0,0,0,0,0,0,0,0,0,0,0,0,0,0,0,1,1,0,0,0,0,0,0,0,0,0,1,1,14.0353537378039,12,TRUE,8.42350134878895,1.79961447722545,0,6.62388687156351,37.5996
"SARIMA","Phalombe",3,"month","incidence",2024-02-01,2024-05-01,0,0,0,0,0,0,0,0,0,0,0,0,0,0,0,1,1,1,1,1,1,1,1,0,0,0,1,1,1,1,1,1,1,1,5.29124912154919,12,TRUE,3.1269223780553,2.20406860146392,0,0.922853776591372,36.1199
"SARIMA","Rumphi",1,"month","incidence",2024-02-01,2024-03-01,0,0,0,0,0,0,0,0,0,0,0,0,0,0,1,1,1,1,1,1,1,1,1,0,0,1,1,1,1,1,1,1,1,1,3.59922231002832,12,TRUE,2.71091750272168,2.28135713985883,0,0.429560362862859,36.0498
"SARIMA","Rumphi",2,"month","incidence",2024-02-01,2024-04-01,0,0,0,0,0,0,0,0,0,0,0,0,0,0,0,0,0,0,0,0,0,0,1,0,0,0,0,0,0,0,0,0,0,1,30.4902806323485,12,TRUE,19.5664974034068,3.21937633463351,0,16.3471210687733,59.4701
"SARIMA","Rumphi",3,"month","incidence",2024-02-01,2024-05-01,0,0,0,0,0,0,0,0,0,0,0,0,0,0,0,0,0,0,0,0,1,1,1,0,0,0,0,0,0,0,0,1,1,1,28.8578839804779,12,TRUE,16.9916873729793,3.92322875563246,0,13.0684586173469,58.753
"SARIMA","Salima",1,"month","incidence",2024-02-01,2024-03-01,0,0,0,1,1,1,1,1,1,1,1,1,1,1,1,1,1,1,1,1,1,1,1,0,0,0,0,0,0,0,0,1,1,1,17.754300280527,12,TRUE,10.1020723834861,2.76945741707439,7.33261496641171,0,56.3799
"SARIMA","Salima",2,"month","incidence",2024-02-01,2024-04-01,0,0,0,0,0,0,0,0,0,0,0,0,0,0,0,0,0,0,0,1,1,1,1,0,0,0,0,0,0,0,1,1,1,1,20.0163178850905,12,TRUE,10.9425258682549,3.71964844654351,0,7.22287742171142,85.029
"SARIMA","Salima",3,"month","incidence",2024-02-01,2024-05-01,0,0,0,0,0,0,0,0,0,0,0,0,0,0,0,0,0,0,0,0,0,1,1,0,0,0,0,0,0,0,0,0,1,1,36.206564580787,12,TRUE,22.2295009076019,4.3588356362972,0,17.8706652713047,88.9686
"SARIMA","Thyolo",1,"month","incidence",2024-02-01,2024-03-01,0,0,0,0,0,0,0,1,1,1,1,1,1,1,1,1,1,1,1,1,1,1,1,0,0,0,0,1,1,1,1,1,1,1,3.1187473839842,12,TRUE,1.70538781436291,1.02311985389265,0.682267960470261,0,21.2841
"SARIMA","Thyolo",2,"month","incidence",2024-02-01,2024-04-01,0,0,0,0,0,0,0,0,0,0,0,0,0,0,0,0,0,0,1,1,1,1,1,0,0,0,0,0,0,1,1,1,1,1,5.91678499121284,12,TRUE,3.1349404257995,1.44663193643104,0,1.68830848936846,28.2419
"SARIMA","Thyolo",3,"month","incidence",2024-02-01,2024-05-01,0,0,0,0,0,0,0,0,0,0,0,0,0,0,0,0,0,0,0,0,0,1,1,0,0,0,0,0,0,0,0,0,1,1,14.689583682852,12,TRUE,9.01324052948437,1.77164152190656,0,7.24159900757781,40.5601
"SARIMA","Zomba",1,"month","incidence",2024-02-01,2024-03-01,0,0,0,0,0,0,0,0,0,0,0,0,0,0,0,0,0,0,0,0,0,1,1,0,0,0,0,0,0,0,0,0,1,1,13.2685366282675,12,TRUE,8.10640951147837,1.62006526296852,0,6.48634424850985,61.0412
"SARIMA","Zomba",2,"month","incidence",2024-02-01,2024-04-01,0,0,0,0,0,0,0,0,0,0,0,0,0,0,0,0,0,0,0,0,0,1,1,0,0,0,0,0,0,0,0,0,1,1,16.6358639697923,12,TRUE,10.1580946890974,2.03437847551097,0,8.12371621358642,62.6197
"SARIMA","Zomba",3,"month","incidence",2024-02-01,2024-05-01,0,0,0,0,0,0,0,0,0,0,0,0,0,0,0,0,0,0,0,0,0,0,0,0,0,0,0,0,0,0,0,0,0,0,40.6368348100877,12,TRUE,32.1157247372644,2.42675806605566,0,29.6889666712087,92.1489
"SARIMA","Balaka",1,"month","incidence",2024-03-01,2024-04-01,0,0,0,0,0,0,0,0,0,0,0,0,0,0,0,0,0,0,0,0,1,1,1,0,0,0,0,0,0,0,0,1,1,1,15.1812977729809,12,TRUE,8.81034175489356,2.21013866139457,0,6.60020309349899,46.7179
"SARIMA","Balaka",2,"month","incidence",2024-03-01,2024-05-01,0,0,0,0,0,0,0,0,0,0,0,0,0,0,0,0,0,0,0,0,0,0,1,0,0,0,0,0,0,0,0,0,0,1,28.0835728231993,12,TRUE,18.2931312004175,2.85403339729356,0,15.4390978031239,52.4572
"SARIMA","Balaka",3,"month","incidence",2024-03-01,2024-06-01,0,0,0,0,0,0,0,0,0,0,0,1,1,1,1,1,1,1,1,1,1,1,1,1,1,1,1,1,1,1,1,1,1,1,1.64220804004611,12,TRUE,3.43055401255192,3.3591536629847,0.0714003495672224,0,25.7489
"SARIMA","Blantyre",1,"month","incidence",2024-03-01,2024-04-01,0,0,0,0,0,0,0,0,0,0,0,0,0,0,0,0,0,0,0,0,0,0,0,0,0,0,0,0,0,0,0,0,0,0,14.0429278517357,12,TRUE,9.92412926953818,1.17300769458252,0,8.75112157495567,51.7175
"SARIMA","Blantyre",2,"month","incidence",2024-03-01,2024-05-01,0,0,0,0,0,0,0,0,0,0,0,0,0,0,1,1,1,1,1,1,1,1,1,0,0,1,1,1,1,1,1,1,1,1,2.26358882903771,12,TRUE,1.59486633518149,1.30457247573323,0,0.290293859448258,41.2057
"SARIMA","Blantyre",3,"month","incidence",2024-03-01,2024-06-01,1,1,1,1,1,1,1,1,1,1,1,1,1,1,1,1,1,1,1,1,1,1,1,0,0,0,0,0,0,0,0,0,0,0,18.3704034635122,12,TRUE,12.8449699623379,1.57360839172756,11.2713615706103,0,28.2961
"SARIMA","Chikwawa",1,"month","incidence",2024-03-01,2024-04-01,0,0,0,0,0,0,0,0,1,1,1,1,1,1,1,1,1,1,1,1,1,1,1,0,0,0,1,1,1,1,1,1,1,1,4.70670463996995,12,TRUE,2.77463856116594,1.95063469099878,0.824003870167152,0,33.6684
"SARIMA","Chikwawa",2,"month","incidence",2024-03-01,2024-05-01,0,0,0,0,0,0,0,0,0,0,0,0,0,0,0,0,0,0,0,0,0,1,1,0,0,0,0,0,0,0,0,0,1,1,16.9631866423706,12,TRUE,10.3623276047921,2.07192902163727,0,8.29039858315478,45.3225
"SARIMA","Chikwawa",3,"month","incidence",2024-03-01,2024-06-01,0,0,0,0,0,0,0,1,1,1,1,1,1,1,1,1,1,1,1,1,1,1,1,0,0,0,0,1,1,1,1,1,1,1,7.66351464508467,12,TRUE,4.16809417564882,2.46668356693494,1.70141060871388,0,29.4597
"SARIMA","Chiradzulu",1,"month","incidence",2024-03-01,2024-04-01,0,0,0,0,0,0,0,0,0,0,0,0,0,0,0,0,0,0,1,1,1,1,1,0,0,0,0,0,0,1,1,1,1,1,7.96840895521511,12,TRUE,4.24895773464629,1.76173811066247,0,2.48721962398383,43.453
"SARIMA","Chiradzulu",2,"month","incidence",2024-03-01,2024-05-01,0,0,0,0,0,0,0,0,0,0,0,0,0,0,0,0,0,0,0,0,0,0,0,0,0,0,0,0,0,0,0,0,0,0,37.1602362321569,12,TRUE,29.9656859893349,2.04896224602177,0,27.9167237433132,72.8802
"SARIMA","Chiradzulu",3,"month","incidence",2024-03-01,2024-06-01,0,0,1,1,1,1,1,1,1,1,1,1,1,1,1,1,1,1,1,1,1,1,1,0,0,0,0,0,0,0,0,0,1,1,19.8103696858639,12,TRUE,12.054366013787,2.4464932907404,9.60787272304664,0,26.4464
"SARIMA","Chitipa",1,"month","incidence",2024-03-01,2024-04-01,0,0,0,0,0,0,0,0,0,0,0,0,0,0,0,0,0,0,0,0,1,1,1,0,0,0,0,0,0,0,0,1,1,1,10.8878853999889,12,TRUE,6.16982828160458,1.72157715993626,0,4.44825112166832,46.4572
"SARIMA","Chitipa",2,"month","incidence",2024-03-01,2024-05-01,0,0,0,0,0,0,0,0,0,0,0,0,0,0,0,0,0,0,0,0,1,1,1,0,0,0,0,0,0,0,0,1,1,1,13.1238199748141,12,TRUE,7.63108271040075,1.89705285335222,0,5.73402985704853,44.9183
"SARIMA","Chitipa",3,"month","incidence",2024-03-01,2024-06-01,0,0,0,0,0,0,0,0,0,1,1,1,1,1,1,1,1,1,1,1,1,1,1,0,0,1,1,1,1,1,1,1,1,1,2.87225557770036,12,TRUE,2.30798437267622,1.9916482128104,0.316336159865815,0,24.6562
"SARIMA","Dedza",1,"month","incidence",2024-03-01,2024-04-01,0,0,0,0,0,0,0,0,0,0,0,0,0,1,1,1,1,1,1,1,1,1,1,0,1,1,1,1,1,1,1,1,1,1,1.07383722065072,12,TRUE,1.33736509612868,1.26202144487733,0,0.0753436512513483,34.6873
"SARIMA","Dedza",2,"month","incidence",2024-03-01,2024-05-01,0,0,0,0,0,0,0,0,0,0,0,0,0,0,0,0,0,0,0,0,1,1,1,0,0,0,0,0,0,0,0,1,1,1,10.5642133616333,12,TRUE,6.24222353187671,1.43586283089913,0,4.80636070097759,38.227
"SARIMA","Dedza",3,"month","incidence",2024-03-01,2024-06-01,0,0,0,0,0,0,0,0,0,0,0,0,1,1,1,1,1,1,1,1,1,1,1,1,1,1,1,1,1,1,1,1,1,1,0.52225964232202,12,TRUE,1.74114779274131,1.71844085177079,0,0.0227069409705226,21.7965
"SARIMA","Dowa",1,"month","incidence",2024-03-01,2024-04-01,0,0,0,0,0,0,0,0,0,0,0,0,0,0,0,0,0,0,0,0,1,1,1,0,0,0,0,0,0,0,0,1,1,1,17.1648759303074,12,TRUE,10.1945130495884,2.28527484676906,0,7.90923820281935,42.9949
"SARIMA","Dowa",2,"month","incidence",2024-03-01,2024-05-01,0,0,0,0,0,0,0,0,0,0,0,0,0,0,0,0,0,0,0,0,1,1,1,0,0,0,0,0,0,0,0,1,1,1,22.7745578480153,12,TRUE,13.5459899788284,2.99091391477942,0,10.555076064049,47.9188
"SARIMA","Dowa",3,"month","incidence",2024-03-01,2024-06-01,0,0,0,0,0,0,0,0,0,0,0,1,1,1,1,1,1,1,1,1,1,1,1,1,1,1,1,1,1,1,1,1,1,1,1.05520344369301,12,TRUE,4.2702369184694,4.22435850787405,0.0458784105953481,0,26.6626
"SARIMA","Karonga",1,"month","incidence",2024-03-01,2024-04-01,0,0,0,0,0,0,0,0,0,0,0,0,0,0,0,0,0,0,0,1,1,1,1,0,0,0,0,0,0,0,1,1,1,1,7.25436663028952,12,TRUE,3.91771031686388,1.43282999642685,0,2.48488032043704,48.2033
"SARIMA","Karonga",2,"month","incidence",2024-03-01,2024-05-01,0,0,0,0,1,1,1,1,1,1,1,1,1,1,1,1,1,1,1,1,1,1,1,0,0,0,0,0,0,0,1,1,1,1,9.08826172727004,12,TRUE,4.99827196803485,1.63621139588582,3.36206057214903,0,42.3352
"SARIMA","Karonga",3,"month","incidence",2024-03-01,2024-06-01,1,1,1,1,1,1,1,1,1,1,1,1,1,1,1,1,1,1,1,1,1,1,1,0,0,0,0,0,0,0,0,0,0,0,22.5673496313845,12,TRUE,16.2861836013896,1.78883621937237,14.4973473820172,0,34.2526
"SARIMA","Kasungu",1,"month","incidence",2024-03-01,2024-04-01,0,1,1,1,1,1,1,1,1,1,1,1,1,1,1,1,1,1,1,1,1,1,1,0,0,0,0,0,0,0,0,0,0,1,22.785,12,TRUE,15.1224416381571,2.21759948052552,12.9048421576316,0,65.3948
"SARIMA","Kasungu",2,"month","incidence",2024-03-01,2024-05-01,0,0,0,0,0,0,0,0,0,0,0,0,0,0,0,0,0,0,0,0,1,1,1,0,0,0,0,0,0,0,0,1,1,1,20.9385,12,TRUE,12.0556464144016,3.13615926127072,0,8.91948715313084,105.0846
"SARIMA","Kasungu",3,"month","incidence",2024-03-01,2024-06-01,0,0,1,1,1,1,1,1,1,1,1,1,1,1,1,1,1,1,1,1,1,1,1,0,0,0,0,0,0,0,0,0,1,1,30.6213,12,TRUE,18.5280221120538,3.84099497110854,14.6870271409452,0,61.6743
"SARIMA","Likoma",1,"month","incidence",2024-03-01,2024-04-01,0,0,0,0,0,0,0,0,0,0,0,0,0,0,0,1,1,1,1,1,1,1,1,0,0,0,1,1,1,1,1,1,1,1,5.85774142594535,12,TRUE,3.50099196944795,2.50077202222269,0,1.00021994722526,27.5426
"SARIMA","Likoma",2,"month","incidence",2024-03-01,2024-05-01,0,0,0,0,0,0,0,0,0,0,0,0,0,0,0,0,1,1,1,1,1,1,1,0,0,0,0,1,1,1,1,1,1,1,10.5090570433516,12,TRUE,5.70579115251785,3.37291853779267,0,2.33287261472518,39.9338
"SARIMA","Likoma",3,"month","incidence",2024-03-01,2024-06-01,0,0,0,0,0,0,0,0,0,0,0,0,0,0,1,1,1,1,1,1,1,1,1,0,0,1,1,1,1,1,1,1,1,1,5.08542394982173,12,TRUE,4.18152611097021,3.64512897043723,0,0.536397140532978,31.8366
"SARIMA","Lilongwe",1,"month","incidence",2024-03-01,2024-04-01,0,0,0,0,0,0,0,0,0,0,0,0,0,0,0,0,0,0,0,0,0,0,0,0,0,0,0,0,0,0,0,0,0,0,17.4453473714283,12,TRUE,12.5654439195622,1.38976553080311,0,11.1756783887591,49.5771
"SARIMA","Lilongwe",2,"month","incidence",2024-03-01,2024-05-01,0,0,0,0,0,0,0,0,0,0,0,0,0,0,0,0,0,0,0,0,1,1,1,0,0,0,0,0,0,0,0,1,1,1,12.1369296589639,12,TRUE,7.04937913816624,1.76160230101503,0,5.28777683715121,44.2959
"SARIMA","Lilongwe",3,"month","incidence",2024-03-01,2024-06-01,0,0,0,0,0,0,0,0,0,1,1,1,1,1,1,1,1,1,1,1,1,1,1,0,0,1,1,1,1,1,1,1,1,1,3.40410202555472,12,TRUE,2.51855989324886,2.10398043697356,0.414579456275305,0,28.9181
"SARIMA","Machinga",1,"month","incidence",2024-03-01,2024-04-01,0,0,0,0,0,0,0,0,0,0,0,0,0,0,0,0,0,0,0,0,0,0,0,0,0,0,0,0,0,0,0,0,0,0,20.3394884623957,12,TRUE,14.3345419435268,1.71017065574291,0,12.6243712877839,57.4361
"SARIMA","Machinga",2,"month","incidence",2024-03-01,2024-05-01,0,0,0,0,0,0,0,0,0,0,0,0,0,0,0,0,0,0,0,0,1,1,1,0,0,0,0,0,0,0,0,1,1,1,12.7223049431247,12,TRUE,7.24803661559816,1.97615198841136,0,5.2718846271868,53.0065
"SARIMA","Machinga",3,"month","incidence",2024-03-01,2024-06-01,0,0,0,0,0,0,0,1,1,1,1,1,1,1,1,1,1,1,1,1,1,1,1,0,0,0,0,1,1,1,1,1,1,1,6.29795417549633,12,TRUE,3.45007987142307,2.0792452221879,1.37083464923516,0,33.0559
"SARIMA","Mangochi",1,"month","incidence",2024-03-01,2024-04-01,0,0,0,0,0,0,0,0,0,0,0,0,0,0,0,0,0,0,0,0,0,0,0,0,0,0,0,0,0,0,0,0,0,0,16.0827938621513,12,TRUE,12.3973061125683,1.04960351963703,0,11.3477025929312,35.6503
"SARIMA","Mangochi",2,"month","incidence",2024-03-01,2024-05-01,0,0,0,0,0,0,0,0,0,0,0,0,0,0,0,0,0,0,0,0,0,0,0,0,0,0,0,0,0,0,0,0,0,0,17.0697874881246,12,TRUE,12.4649023611342,1.31144205739394,0,11.1534603037403,40.2268
"SARIMA","Mangochi",3,"month","incidence",2024-03-01,2024-06-01,0,0,0,0,0,0,0,0,0,0,0,0,1,1,1,1,1,1,1,1,1,1,1,1,1,1,1,1,1,1,1,1,1,1,0.675921729695926,12,TRUE,1.46702382856469,1.43763592727357,0,0.0293879012911272,25.2581
"SARIMA","Mchinji",1,"month","incidence",2024-03-01,2024-04-01,0,0,0,0,0,0,0,0,0,0,0,0,0,0,0,0,0,0,0,0,0,0,1,0,0,0,0,0,0,0,0,0,0,1,30.4575231012166,12,TRUE,20.3852049593854,2.89779315767085,0,17.4874118017146,87.8526
"SARIMA","Mchinji",2,"month","incidence",2024-03-01,2024-05-01,0,0,0,0,0,0,0,0,0,0,0,0,0,0,0,0,1,1,1,1,1,1,1,0,0,0,0,1,1,1,1,1,1,1,12.6720922215858,12,TRUE,6.9013420589628,4.09809838453007,0,2.80324367443273,71.6505
"SARIMA","Mchinji",3,"month","incidence",2024-03-01,2024-06-01,0,0,0,0,0,0,0,0,1,1,1,1,1,1,1,1,1,1,1,1,1,1,1,0,0,0,1,1,1,1,1,1,1,1,10.0561605115781,12,TRUE,6.51405424606035,5.01912497891136,1.494929267149,0,47.9262
"SARIMA","Mulanje",1,"month","incidence",2024-03-01,2024-04-01,0,0,0,0,0,0,0,0,0,0,0,0,0,0,0,0,0,0,0,1,1,1,1,0,0,0,0,0,0,0,1,1,1,1,9.31337674073463,12,TRUE,5.04246825583084,1.81697637379377,0,3.22549188203706,70.0309
"SARIMA","Mulanje",2,"month","incidence",2024-03-01,2024-05-01,0,0,0,0,0,0,0,0,0,0,0,0,0,0,0,0,0,0,0,0,1,1,1,0,0,0,0,0,0,0,0,1,1,1,14.0946861427909,12,TRUE,8.03905686732617,2.18092569274149,0,5.85813117458468,78.6324
"SARIMA","Mulanje",3,"month","incidence",2024-03-01,2024-06-01,0,0,0,0,0,0,0,0,1,1,1,1,1,1,1,1,1,1,1,1,1,1,1,0,0,0,1,1,1,1,1,1,1,1,5.36077805667944,12,TRUE,3.41645871484257,2.5941122762063,0.82234643863627,0,48.3321
"SARIMA","Mwanza",1,"month","incidence",2024-03-01,2024-04-01,0,0,0,0,0,0,0,0,0,0,0,0,0,0,0,0,0,0,0,0,0,0,0,0,0,0,0,0,0,0,0,0,0,0,40.0127992343886,12,TRUE,28.7801079577077,3.19899918276337,0,25.5811087749443,108.1036
"SARIMA","Mwanza",2,"month","incidence",2024-03-01,2024-05-01,0,0,0,0,0,0,0,0,0,0,0,0,0,0,0,0,0,0,0,0,0,0,0,0,0,0,0,0,0,0,0,0,0,0,59.5110286963004,12,TRUE,44.6166863650402,4.24181416295258,0,40.3748722020877,132.7242
"SARIMA","Mwanza",3,"month","incidence",2024-03-01,2024-06-01,0,0,0,0,0,0,0,0,0,0,0,0,0,0,0,0,0,0,1,1,1,1,1,0,0,0,0,0,0,1,1,1,1,1,23.7965836489354,12,TRUE,12.6098709257352,5.8058549622281,0,6.80401596350714,86.9302
"SARIMA","Mzimba",1,"month","incidence",2024-03-01,2024-04-01,0,0,0,0,0,0,0,0,0,0,0,1,1,1,1,1,1,1,1,1,1,1,1,1,1,1,1,1,1,1,1,1,1,1,0.75147521168018,12,TRUE,1.73944107822274,1.7067682429323,0.0326728352904426,0,47.2507
"SARIMA","Mzimba",2,"month","incidence",2024-03-01,2024-05-01,0,0,0,0,0,0,0,0,0,0,0,0,0,0,0,0,0,0,0,0,0,0,0,0,0,0,0,0,0,0,0,0,0,0,32.5566938690513,12,TRUE,25.3012919831108,2.06629240776228,0,23.2349995753485,78.6811
"SARIMA","Mzimba",3,"month","incidence",2024-03-01,2024-06-01,0,0,1,1,1,1,1,1,1,1,1,1,1,1,1,1,1,1,1,1,1,1,1,0,0,0,0,0,0,0,0,0,1,1,19.7010003937445,12,TRUE,11.9400320191035,2.46010591532415,9.47992610377937,0,23.7437
"SARIMA","Neno",1,"month","incidence",2024-03-01,2024-04-01,0,0,0,0,0,0,0,0,0,0,0,0,0,0,0,0,0,0,0,0,1,1,1,0,0,0,0,0,0,0,0,1,1,1,29.7810557254045,12,TRUE,16.6440858513173,4.92156962705694,0,11.7225162242604,210.0251
"SARIMA","Neno",2,"month","incidence",2024-03-01,2024-05-01,0,0,0,0,0,0,1,1,1,1,1,1,1,1,1,1,1,1,1,1,1,1,1,0,0,0,0,0,1,1,1,1,1,1,19.985709599994,12,TRUE,10.7756811058149,6.12390253525583,4.65177857055912,0,172.3269
"SARIMA","Neno",3,"month","incidence",2024-03-01,2024-06-01,0,0,0,1,1,1,1,1,1,1,1,1,1,1,1,1,1,1,1,1,1,1,1,0,0,0,0,0,0,0,0,1,1,1,54.4457686472949,12,TRUE,32.2807742680502,7.29961205617056,24.9811622118797,0,112.5111
"SARIMA","Nkhatabay",1,"month","incidence",2024-03-01,2024-04-01,0,0,0,0,0,0,0,0,0,0,0,0,0,0,0,0,1,1,1,1,1,1,1,0,0,0,0,1,1,1,1,1,1,1,8.17669121799129,12,TRUE,4.6102740064099,2.97585429719274,0,1.63441970921716,83.9967
"SARIMA","Nkhatabay",2,"month","incidence",2024-03-01,2024-05-01,0,0,0,0,0,0,0,0,0,0,0,0,0,0,0,0,0,0,1,1,1,1,1,0,0,0,0,0,0,1,1,1,1,1,17.6755570187519,12,TRUE,9.44741396656553,3.75337818284976,0,5.69403578371576,93.0021
"SARIMA","Nkhatabay",3,"month","incidence",2024-03-01,2024-06-01,0,0,0,0,0,0,0,0,0,0,0,0,0,0,0,0,0,1,1,1,1,1,1,0,0,0,0,0,1,1,1,1,1,1,14.7131589308283,12,TRUE,7.86061774977666,4.14476845229498,0,3.71584929748169,89.6604
"SARIMA","Nkhotakota",1,"month","incidence",2024-03-01,2024-04-01,0,0,0,0,0,0,0,0,0,0,0,0,0,0,0,0,0,0,0,0,1,1,1,0,0,0,0,0,0,0,0,1,1,1,14.7205512051998,12,TRUE,8.38726031455544,2.28580472079841,0,6.10145559375703,76.86
"SARIMA","Nkhotakota",2,"month","incidence",2024-03-01,2024-05-01,0,0,0,0,0,0,0,0,0,0,0,0,0,0,0,0,0,0,0,0,0,0,1,0,0,0,0,0,0,0,0,0,0,1,29.1210493657821,12,TRUE,18.8348010039425,3.02666085216522,0,15.8081401517773,90.0795
"SARIMA","Nkhotakota",3,"month","incidence",2024-03-01,2024-06-01,0,0,0,0,0,0,0,0,0,0,0,0,0,0,0,0,0,0,0,0,1,1,1,0,0,0,0,0,0,0,0,1,1,1,25.7166837464411,12,TRUE,15.2099701109558,3.48215203921811,0,11.7278180717377,91.658
"SARIMA","Nsanje",1,"month","incidence",2024-03-01,2024-04-01,0,0,0,0,0,0,0,0,0,0,0,0,0,0,0,0,0,0,1,1,1,1,1,0,0,0,0,0,0,1,1,1,1,1,8.01997407591654,12,TRUE,4.2571455441216,1.90657240412083,0,2.35057314000077,42.4862
"SARIMA","Nsanje",2,"month","incidence",2024-03-01,2024-05-01,0,0,0,0,0,0,0,0,0,0,0,0,1,1,1,1,1,1,1,1,1,1,1,1,1,1,1,1,1,1,1,1,1,1,1.43960752288967,12,TRUE,2.50777743130507,2.44518579987508,0,0.0625916314299858,52.133
"SARIMA","Nsanje",3,"month","incidence",2024-03-01,2024-06-01,0,0,0,0,0,0,0,0,0,0,0,0,0,0,0,1,1,1,1,1,1,1,1,0,0,0,1,1,1,1,1,1,1,1,5.94559621768649,12,TRUE,3.53127769104653,2.50230529541768,0,1.02897239562886,42.682
"SARIMA","Ntcheu",1,"month","incidence",2024-03-01,2024-04-01,0,0,0,0,0,0,0,0,0,0,0,0,0,0,0,0,0,0,1,1,1,1,1,0,0,0,0,0,0,1,1,1,1,1,8.5671341195448,12,TRUE,4.55099691424181,2.01308848159259,0,2.53790843264922,52.3153
"SARIMA","Ntcheu",2,"month","incidence",2024-03-01,2024-05-01,0,0,0,0,0,0,0,0,0,0,0,0,0,0,0,0,0,0,1,1,1,1,1,0,0,0,0,0,0,1,1,1,1,1,10.1529138718236,12,TRUE,5.37808818570197,2.49144686201961,0,2.88664132368236,63.7379
"SARIMA","Ntcheu",3,"month","incidence",2024-03-01,2024-06-01,0,0,0,0,0,1,1,1,1,1,1,1,1,1,1,1,1,1,1,1,1,1,1,0,0,0,0,0,0,1,1,1,1,1,12.3384857815752,12,TRUE,6.55549031355829,2.89172780292937,3.66376251062891,0,32.0172
"SARIMA","Ntchisi",1,"month","incidence",2024-03-01,2024-04-01,0,0,0,0,0,0,0,0,0,0,0,0,0,0,0,0,0,0,0,0,0,0,0,0,0,0,0,0,0,0,0,0,0,0,35.6264052064756,12,TRUE,25.5551781614063,2.86822154130462,0,22.6869566201017,96.5269
"SARIMA","Ntchisi",2,"month","incidence",2024-03-01,2024-05-01,0,0,0,0,0,0,0,0,0,0,0,0,0,0,0,0,0,0,0,0,0,0,1,0,0,0,0,0,0,0,0,0,0,1,33.1328643925718,12,TRUE,21.3563174092215,3.47220828681754,0,17.884109122404,95.3542
"SARIMA","Ntchisi",3,"month","incidence",2024-03-01,2024-06-01,0,0,0,0,0,0,0,0,0,0,0,0,0,0,0,0,0,0,1,1,1,1,1,0,0,0,0,0,0,1,1,1,1,1,18.4356676281499,12,TRUE,9.82174015198824,4.13555578063361,0,5.68618437135463,77.629
"SARIMA","Phalombe",1,"month","incidence",2024-03-01,2024-04-01,0,0,0,0,0,0,0,0,0,0,0,0,0,0,0,0,0,0,0,0,0,0,1,0,0,0,0,0,0,0,0,0,0,1,12.7025049656379,12,TRUE,8.41691553785564,1.24166894519245,0,7.17524659266319,37.5996
"SARIMA","Phalombe",2,"month","incidence",2024-03-01,2024-05-01,0,0,0,0,0,0,0,0,0,0,0,0,0,0,0,0,1,1,1,1,1,1,1,0,0,0,0,1,1,1,1,1,1,1,4.8555036374732,12,TRUE,2.6637215841805,1.6111050775051,0,1.05261650667541,36.1199
"SARIMA","Phalombe",3,"month","incidence",2024-03-01,2024-06-01,0,0,1,1,1,1,1,1,1,1,1,1,1,1,1,1,1,1,1,1,1,1,1,0,0,0,0,0,0,0,0,0,1,1,14.2281487945953,12,TRUE,8.54243312687622,1.82250533763277,6.71992778924345,0,17.8313
"SARIMA","Rumphi",1,"month","incidence",2024-03-01,2024-04-01,0,0,0,0,0,0,0,0,0,0,0,0,0,0,0,0,0,0,0,0,0,1,1,0,0,0,0,0,0,0,0,0,1,1,17.5651874189105,12,TRUE,10.9640258590774,2.01268200383309,0,8.95134385524426,59.4701
"SARIMA","Rumphi",2,"month","incidence",2024-03-01,2024-05-01,0,0,0,0,0,0,0,0,0,0,0,0,0,0,0,0,0,0,1,1,1,1,1,0,0,0,0,0,0,1,1,1,1,1,12.5220135305095,12,TRUE,6.66931829402359,2.82196399860977,0,3.84735429541381,58.753
"SARIMA","Rumphi",3,"month","incidence",2024-03-01,2024-06-01,0,0,0,0,0,0,0,0,0,0,0,0,1,1,1,1,1,1,1,1,1,1,1,1,1,1,1,1,1,1,1,1,1,1,0.461542480258728,12,TRUE,3.46291709478421,3.44285003042513,0,0.0200670643590752,34.2726
"SARIMA","Salima",1,"month","incidence",2024-03-01,2024-04-01,0,0,0,0,0,0,0,0,0,0,0,0,0,0,0,0,0,0,0,0,0,0,0,0,0,0,0,0,0,0,0,0,0,0,38.0585285574688,12,TRUE,28.2871279916452,2.78283286298595,0,25.5042951286593,85.029
"SARIMA","Salima",2,"month","incidence",2024-03-01,2024-05-01,0,0,0,0,0,0,0,0,0,0,0,0,0,0,0,0,0,0,0,0,0,0,0,0,0,0,0,0,0,0,0,0,0,0,52.275372281213,12,TRUE,39.4049153228438,3.66171739111732,0,35.7431979317265,88.9686
"SARIMA","Salima",3,"month","incidence",2024-03-01,2024-06-01,0,0,0,0,0,0,0,0,0,0,0,0,0,0,0,0,0,0,0,0,1,1,1,0,0,0,0,0,0,0,0,1,1,1,31.6069471697544,12,TRUE,18.6912082170917,4.14645587197783,0,14.5447523451138,58.0151
"SARIMA","Thyolo",1,"month","incidence",2024-03-01,2024-04-01,0,0,0,0,0,0,0,0,0,0,0,0,0,0,0,0,0,0,0,0,0,1,1,0,0,0,0,0,0,0,0,0,1,1,9.20162687034007,12,TRUE,5.79461536256784,1.02538492315841,0,4.76923043940943,28.2419
"SARIMA","Thyolo",2,"month","incidence",2024-03-01,2024-05-01,0,0,0,0,0,0,0,0,0,0,0,0,0,0,0,0,0,0,0,0,0,0,0,0,0,0,0,0,0,0,0,0,0,0,17.4280181737147,12,TRUE,12.3363808232217,1.45006600127688,0,10.8863148219448,40.5601
"SARIMA","Thyolo",3,"month","incidence",2024-03-01,2024-06-01,0,0,0,0,0,0,0,0,0,0,0,0,1,1,1,1,1,1,1,1,1,1,1,1,1,1,1,1,1,1,1,1,1,1,0.603783531243383,12,TRUE,1.80219306032871,1.77594160244857,0,0.0262514578801471,20.5471
"SARIMA","Zomba",1,"month","incidence",2024-03-01,2024-04-01,0,0,0,0,0,0,0,0,0,0,0,0,0,0,0,0,0,0,1,1,1,1,1,0,0,0,0,0,0,1,1,1,1,1,7.28477787915771,12,TRUE,3.87912002645502,1.64727833261206,0,2.23184169384296,62.6197
"SARIMA","Zomba",2,"month","incidence",2024-03-01,2024-05-01,0,0,0,0,0,0,0,0,0,0,0,0,0,0,0,0,0,0,0,0,0,0,0,0,0,0,0,0,0,0,0,0,0,0,30.2256980303333,12,TRUE,23.1273017398548,2.02157821067443,0,21.1057235291804,92.1489
"SARIMA","Zomba",3,"month","incidence",2024-03-01,2024-06-01,0,0,0,0,0,0,0,0,0,0,0,0,0,1,1,1,1,1,1,1,1,1,1,0,1,1,1,1,1,1,1,1,1,1,1.91133666224569,12,TRUE,2.53290947648423,2.40704886693367,0,0.125860609550556,57.127
"SARIMA","Balaka",1,"month","incidence",2024-04-01,2024-05-01,0,0,0,0,0,0,0,0,0,0,0,0,0,0,0,0,0,0,0,0,1,1,1,0,0,0,0,0,0,0,0,1,1,1,14.750210112683,12,TRUE,8.45987827281425,2.23932470553443,0,6.22055356727982,52.4572
"SARIMA","Balaka",2,"month","incidence",2024-04-01,2024-06-01,0,0,0,0,1,1,1,1,1,1,1,1,1,1,1,1,1,1,1,1,1,1,1,0,0,0,0,0,0,0,1,1,1,1,15.1450260924366,12,TRUE,8.19160233015079,2.96922398754287,5.22237834260791,0,25.7489
"SARIMA","Balaka",3,"month","incidence",2024-04-01,2024-07-01,0,0,0,0,0,0,0,1,1,1,1,1,1,1,1,1,1,1,1,1,1,1,1,0,0,0,0,1,1,1,1,1,1,1,10.8528771706093,12,TRUE,5.9204259860717,3.53697647338313,2.38344951268857,0,21.5713
"SARIMA","Blantyre",1,"month","incidence",2024-04-01,2024-05-01,0,0,0,0,0,0,0,0,0,0,1,1,1,1,1,1,1,1,1,1,1,1,1,0,1,1,1,1,1,1,1,1,1,1,1.3053339317044,12,TRUE,1.29255448034403,1.1829610365089,0.109593443835137,0,41.2057
"SARIMA","Blantyre",2,"month","incidence",2024-04-01,2024-06-01,1,1,1,1,1,1,1,1,1,1,1,1,1,1,1,1,1,1,1,1,1,1,1,0,0,0,0,0,0,0,0,0,0,0,28.0260220715813,12,TRUE,23.4481162353641,1.30375852661676,22.1443577087473,0,28.2961
"SARIMA","Blantyre",3,"month","incidence",2024-04-01,2024-07-01,1,1,1,1,1,1,1,1,1,1,1,1,1,1,1,1,1,1,1,1,1,1,1,0,0,0,0,0,0,0,0,0,0,0,25.2068544333953,12,TRUE,20.2408880489425,1.41427570777045,18.8266123411721,0,26.2211
"SARIMA","Chikwawa",1,"month","incidence",2024-04-01,2024-05-01,0,0,0,0,0,0,0,0,0,0,0,0,0,0,0,0,0,0,0,0,0,0,1,0,0,0,0,0,0,0,0,0,0,1,18.9951135946365,12,TRUE,12.3375533817558,1.95394965612446,0,10.3836037256313,45.3225
"SARIMA","Chikwawa",2,"month","incidence",2024-04-01,2024-06-01,0,0,0,0,0,0,0,0,1,1,1,1,1,1,1,1,1,1,1,1,1,1,1,0,0,0,1,1,1,1,1,1,1,1,4.1852921809583,12,TRUE,2.70171937007768,2.07529089577395,0.626428474303736,0,29.4597
"SARIMA","Chikwawa",3,"month","incidence",2024-04-01,2024-07-01,0,0,0,0,0,0,0,0,0,0,0,0,0,0,0,0,0,1,1,1,1,1,1,0,0,0,0,0,1,1,1,1,1,1,9.61454457273247,12,TRUE,5.07577861782865,2.45520165212834,0,2.62057696570031,29.2178
"SARIMA","Chiradzulu",1,"month","incidence",2024-04-01,2024-05-01,0,0,0,0,0,0,0,0,0,0,0,0,0,0,0,0,0,0,0,0,0,0,0,0,0,0,0,0,0,0,0,0,0,0,32.1492542472045,12,TRUE,26.3294148618924,1.65745331896351,0,24.6719615429289,72.8802
"SARIMA","Chiradzulu",2,"month","incidence",2024-04-01,2024-06-01,1,1,1,1,1,1,1,1,1,1,1,1,1,1,1,1,1,1,1,1,1,1,1,0,0,0,0,0,0,0,0,0,0,0,25.9397148556745,12,TRUE,18.8251186385862,2.02619184695353,16.7989267916327,0,26.4464
"SARIMA","Chiradzulu",3,"month","incidence",2024-04-01,2024-07-01,1,1,1,1,1,1,1,1,1,1,1,1,1,1,1,1,1,1,1,1,1,1,1,0,0,0,0,0,0,0,0,0,0,0,35.3591656906924,12,TRUE,26.884237659082,2.41360571383128,24.4706319452507,0,13.1929
"SARIMA","Chitipa",1,"month","incidence",2024-04-01,2024-05-01,0,0,0,0,0,0,0,0,0,0,0,0,0,0,0,0,0,0,0,1,1,1,1,0,0,0,0,0,0,0,1,1,1,1,9.57481523582136,12,TRUE,5.26923123818,1.71787306866221,0,3.5513581695178,44.9183
"SARIMA","Chitipa",2,"month","incidence",2024-04-01,2024-06-01,0,0,0,0,0,0,0,1,1,1,1,1,1,1,1,1,1,1,1,1,1,1,1,0,0,0,0,1,1,1,1,1,1,1,5.19844410519739,12,TRUE,2.96585887507564,1.96537938658612,1.00047948848952,0,24.6562
"SARIMA","Chitipa",3,"month","incidence",2024-04-01,2024-07-01,0,0,0,0,0,0,0,0,0,0,0,0,0,0,0,1,1,1,1,1,1,1,1,0,0,0,1,1,1,1,1,1,1,1,3.76357853073219,12,TRUE,2.5315146146476,2.0193503176865,0,0.512164296961094,19.8899
"SARIMA","Dedza",1,"month","incidence",2024-04-01,2024-05-01,0,0,0,0,0,0,0,0,0,0,0,0,0,0,0,0,0,0,0,0,1,1,1,0,0,0,0,0,0,0,0,1,1,1,9.72543456654572,12,TRUE,5.7994664608442,1.27339061050817,0,4.52607585033603,38.227
"SARIMA","Dedza",2,"month","incidence",2024-04-01,2024-06-01,0,0,0,0,0,0,0,0,0,0,1,1,1,1,1,1,1,1,1,1,1,1,1,0,1,1,1,1,1,1,1,1,1,1,0.89154546164006,12,TRUE,1.49250138139556,1.45060639096587,0.0418949904296865,0,21.7965
"SARIMA","Dedza",3,"month","incidence",2024-04-01,2024-07-01,0,0,0,0,0,0,0,1,1,1,1,1,1,1,1,1,1,1,1,1,1,1,1,0,0,0,0,1,1,1,1,1,1,1,4.87581035356789,12,TRUE,2.73080475201782,1.73642656264232,0.994378189375497,0,13.4953
"SARIMA","Dowa",1,"month","incidence",2024-04-01,2024-05-01,0,0,0,0,0,0,0,0,0,0,0,0,0,0,0,0,0,0,0,1,1,1,1,0,0,0,0,0,0,0,1,1,1,1,11.9297527463912,12,TRUE,6.50910561143075,2.23920728785295,0,4.26989832357779,47.9188
"SARIMA","Dowa",2,"month","incidence",2024-04-01,2024-06-01,0,0,0,0,0,0,1,1,1,1,1,1,1,1,1,1,1,1,1,1,1,1,1,0,0,0,0,0,1,1,1,1,1,1,11.1400390821837,12,TRUE,5.90158816645348,2.88634981439492,3.01523835205856,0,26.6626
"SARIMA","Dowa",3,"month","incidence",2024-04-01,2024-07-01,0,0,0,0,0,0,1,1,1,1,1,1,1,1,1,1,1,1,1,1,1,1,1,0,0,0,0,0,1,1,1,1,1,1,11.8924239600192,12,TRUE,6.40435410347525,3.72250878399962,2.68184531947563,0,16.1815
"SARIMA","Karonga",1,"month","incidence",2024-04-01,2024-05-01,0,0,1,1,1,1,1,1,1,1,1,1,1,1,1,1,1,1,1,1,1,1,1,0,0,0,0,0,0,0,0,0,1,1,12.3118603363323,12,TRUE,7.6374611240507,1.43768764740471,6.19977347664599,0,42.3352
"SARIMA","Karonga",2,"month","incidence",2024-04-01,2024-06-01,1,1,1,1,1,1,1,1,1,1,1,1,1,1,1,1,1,1,1,1,1,1,1,0,0,0,0,0,0,0,0,0,0,0,25.3623410031719,12,TRUE,19.7188732393255,1.60722380058419,18.1116494387413,0,34.2526
"SARIMA","Karonga",3,"month","incidence",2024-04-01,2024-07-01,0,0,0,0,1,1,1,1,1,1,1,1,1,1,1,1,1,1,1,1,1,1,1,0,0,0,0,0,0,0,1,1,1,1,9.49459003054639,12,TRUE,5.19427563198687,1.75774510561001,3.43653052637686,0,46.7617
"SARIMA","Kasungu",1,"month","incidence",2024-04-01,2024-05-01,0,0,0,0,0,0,0,0,0,0,0,0,0,0,0,0,0,0,0,0,0,0,0,0,0,0,0,0,0,0,0,0,0,0,38.159507412329,12,TRUE,30.1617458102227,2.27771174323898,0,27.8840340669837,105.0846
"SARIMA","Kasungu",2,"month","incidence",2024-04-01,2024-06-01,0,0,0,0,0,1,1,1,1,1,1,1,1,1,1,1,1,1,1,1,1,1,1,0,0,0,0,0,0,1,1,1,1,1,12.041591094774,12,TRUE,6.3929815215202,2.85509197013089,3.53788955138931,0,61.6743
"SARIMA","Kasungu",3,"month","incidence",2024-04-01,2024-07-01,0,1,1,1,1,1,1,1,1,1,1,1,1,1,1,1,1,1,1,1,1,1,1,0,0,0,0,0,0,0,0,0,0,1,36.6448797730859,12,TRUE,24.7324151134393,3.40605606153417,21.3263590519051,0,37.1945
"SARIMA","Likoma",1,"month","incidence",2024-04-01,2024-05-01,0,0,0,0,0,0,0,0,0,0,0,0,0,0,0,1,1,1,1,1,1,1,1,0,0,0,1,1,1,1,1,1,1,1,4.60584865186795,12,TRUE,3.11925113301664,2.4960888775248,0,0.623162255491839,39.9338
"SARIMA","Likoma",2,"month","incidence",2024-04-01,2024-06-01,0,0,0,0,0,0,0,0,0,0,0,0,1,1,1,1,1,1,1,1,1,1,1,1,1,1,1,1,1,1,1,1,1,1,1.38756268122008,12,TRUE,3.44053031995229,3.38020150772533,0,0.0603288122269599,31.8366
"SARIMA","Likoma",3,"month","incidence",2024-04-01,2024-07-01,0,0,0,0,0,0,0,0,0,0,0,0,0,0,0,0,0,1,1,1,1,1,1,0,0,0,0,0,1,1,1,1,1,1,12.6114301126554,12,TRUE,6.73375357394359,3.6553887880063,0,3.07836478593729,39.9338
"SARIMA","Lilongwe",1,"month","incidence",2024-04-01,2024-05-01,0,0,0,0,0,0,0,0,0,0,0,0,1,1,1,1,1,1,1,1,1,1,1,1,1,1,1,1,1,1,1,1,1,1,0.0608514488455185,12,TRUE,1.49123335002985,1.48858763486265,0,0.00264571516719646,44.2959
"SARIMA","Lilongwe",2,"month","incidence",2024-04-01,2024-06-01,0,1,1,1,1,1,1,1,1,1,1,1,1,1,1,1,1,1,1,1,1,1,1,0,0,0,0,0,0,0,0,0,0,1,17.1187085615071,12,TRUE,10.9717767711064,1.81832233676095,9.15345443434547,0,28.9181
"SARIMA","Lilongwe",3,"month","incidence",2024-04-01,2024-07-01,0,1,1,1,1,1,1,1,1,1,1,1,1,1,1,1,1,1,1,1,1,1,1,0,0,0,0,0,0,0,0,0,0,1,21.5427273074925,12,TRUE,14.1205217472886,2.16594663788747,11.9545751094011,0,19.5718
"SARIMA","Machinga",1,"month","incidence",2024-04-01,2024-05-01,0,0,0,0,0,0,0,0,0,0,0,0,0,1,1,1,1,1,1,1,1,1,1,0,1,1,1,1,1,1,1,1,1,1,1.32214096764975,12,TRUE,1.88624152219964,1.80643012430562,0,0.0798113978940166,53.0065
"SARIMA","Machinga",2,"month","incidence",2024-04-01,2024-06-01,0,0,0,1,1,1,1,1,1,1,1,1,1,1,1,1,1,1,1,1,1,1,1,0,0,0,0,0,0,0,0,1,1,1,13.8166092933933,12,TRUE,7.94975225495201,2.07436153852951,5.8753907164225,0,33.0559
"SARIMA","Machinga",3,"month","incidence",2024-04-01,2024-07-01,0,0,0,1,1,1,1,1,1,1,1,1,1,1,1,1,1,1,1,1,1,1,1,0,0,0,0,0,0,0,0,1,1,1,14.6305723451099,12,TRUE,8.43771412247568,2.17857176136378,6.2591423611119,0,32.8911
"SARIMA","Mangochi",1,"month","incidence",2024-04-01,2024-05-01,0,0,0,0,0,0,0,0,0,0,0,0,0,0,0,0,0,0,1,1,1,1,1,0,0,0,0,0,0,1,1,1,1,1,5.38213778595026,12,TRUE,2.87660395078141,1.14355615742797,0,1.73304779335344,40.2268
"SARIMA","Mangochi",2,"month","incidence",2024-04-01,2024-06-01,0,0,0,0,1,1,1,1,1,1,1,1,1,1,1,1,1,1,1,1,1,1,1,0,0,0,0,0,0,0,1,1,1,1,7.88638472117857,12,TRUE,4.33672614271259,1.42079850812909,2.9159276345835,0,25.2581
"SARIMA","Mangochi",3,"month","incidence",2024-04-01,2024-07-01,0,0,0,0,0,1,1,1,1,1,1,1,1,1,1,1,1,1,1,1,1,1,1,0,0,0,0,0,0,1,1,1,1,1,7.15697545037356,12,TRUE,3.82083519047668,1.55086364421462,2.26997154626206,0,22.0102
"SARIMA","Mchinji",1,"month","incidence",2024-04-01,2024-05-01,0,0,0,0,0,1,1,1,1,1,1,1,1,1,1,1,1,1,1,1,1,1,1,0,0,0,0,0,0,1,1,1,1,1,14.0074300268912,12,TRUE,7.50001836352758,2.88335373591482,4.61666462761276,0,71.6505
"SARIMA","Mchinji",2,"month","incidence",2024-04-01,2024-06-01,0,0,1,1,1,1,1,1,1,1,1,1,1,1,1,1,1,1,1,1,1,1,1,0,0,0,0,0,0,0,0,0,1,1,33.5918989876225,12,TRUE,20.5731246795186,4.07304402474392,16.5000806547747,0,47.9262
"SARIMA","Mchinji",3,"month","incidence",2024-04-01,2024-07-01,0,0,0,1,1,1,1,1,1,1,1,1,1,1,1,1,1,1,1,1,1,1,1,0,0,0,0,0,0,0,0,1,1,1,34.7382034883753,12,TRUE,20.2371937491894,4.9865465392086,15.2506472099808,0,36.1798
"SARIMA","Mulanje",1,"month","incidence",2024-04-01,2024-05-01,0,0,0,0,0,0,0,0,0,0,0,0,0,0,0,0,0,1,1,1,1,1,1,0,0,0,0,0,1,1,1,1,1,1,6.14259015618781,12,TRUE,3.3021094735155,1.83294236879816,0,1.46916710471734,78.6324
"SARIMA","Mulanje",2,"month","incidence",2024-04-01,2024-06-01,0,0,0,1,1,1,1,1,1,1,1,1,1,1,1,1,1,1,1,1,1,1,1,0,0,0,0,0,0,0,0,1,1,1,16.1347090734114,12,TRUE,9.51540640210573,2.20980003917771,7.30560636292803,0,48.3321
"SARIMA","Mulanje",3,"month","incidence",2024-04-01,2024-07-01,0,0,1,1,1,1,1,1,1,1,1,1,1,1,1,1,1,1,1,1,1,1,1,0,0,0,0,0,0,0,0,0,1,1,20.5597003864535,12,TRUE,12.347053376441,2.63169470615481,9.71535867028618,0,34.6835
"SARIMA","Mwanza",1,"month","incidence",2024-04-01,2024-05-01,0,0,0,0,0,0,0,0,0,0,0,0,0,0,0,0,0,0,0,0,0,0,1,0,0,0,0,0,0,0,0,0,0,1,31.6209375465647,12,TRUE,20.5257156083208,3.25758066293119,0,17.2681349453896,132.7242
"SARIMA","Mwanza",2,"month","incidence",2024-04-01,2024-06-01,0,0,0,0,0,0,0,0,0,1,1,1,1,1,1,1,1,1,1,1,1,1,1,0,0,1,1,1,1,1,1,1,1,1,5.53586106709868,12,TRUE,4.83508965250353,4.29617140507908,0.53891824742445,0,86.9302
"SARIMA","Mwanza",3,"month","incidence",2024-04-01,2024-07-01,0,0,0,0,0,1,1,1,1,1,1,1,1,1,1,1,1,1,1,1,1,1,1,0,0,0,0,0,0,1,1,1,1,1,22.0522391445461,12,TRUE,11.6879800017219,5.36505000560666,6.32292999611523,0,56.5942
"SARIMA","Mzimba",1,"month","incidence",2024-04-01,2024-05-01,0,0,0,0,0,0,0,0,0,0,0,0,0,0,0,0,0,0,0,0,0,0,0,0,0,0,0,0,0,0,0,0,0,0,32.6534735219317,12,TRUE,26.6977728216256,1.69614575917482,0,25.0016270624508,78.6811
"SARIMA","Mzimba",2,"month","incidence",2024-04-01,2024-06-01,0,1,1,1,1,1,1,1,1,1,1,1,1,1,1,1,1,1,1,1,1,1,1,0,0,0,0,0,0,0,0,0,0,1,19.6110068349206,12,TRUE,12.7306755821263,2.0200004488162,10.7106751333101,0,23.7437
"SARIMA","Mzimba",3,"month","incidence",2024-04-01,2024-07-01,0,0,0,0,0,1,1,1,1,1,1,1,1,1,1,1,1,1,1,1,1,1,1,0,0,0,0,0,0,1,1,1,1,1,11.5058878469159,12,TRUE,6.15518785356575,2.4059240836586,3.74926376990716,0,19.1046
"SARIMA","Neno",1,"month","incidence",2024-04-01,2024-05-01,0,0,1,1,1,1,1,1,1,1,1,1,1,1,1,1,1,1,1,1,1,1,1,0,0,0,0,0,0,0,0,0,1,1,44.4348720050228,12,TRUE,28.1890275902528,4.83430135563787,23.3547262346149,0,172.3269
"SARIMA","Neno",2,"month","incidence",2024-04-01,2024-06-01,1,1,1,1,1,1,1,1,1,1,1,1,1,1,1,1,1,1,1,1,1,1,1,0,0,0,0,0,0,0,0,0,0,0,81.7842426289932,12,TRUE,57.9000911146265,6.80205476082769,51.0980363537988,0,112.5111
"SARIMA","Neno",3,"month","incidence",2024-04-01,2024-07-01,1,1,1,1,1,1,1,1,1,1,1,1,1,1,1,1,1,1,1,1,1,1,1,0,0,0,0,0,0,0,0,0,0,0,92.233078232842,12,TRUE,63.0309688776065,8.31657540132876,54.7143934762777,0,84.3177
"SARIMA","Nkhatabay",1,"month","incidence",2024-04-01,2024-05-01,0,0,0,0,0,0,0,0,0,0,0,0,0,0,0,0,0,1,1,1,1,1,1,0,0,0,0,0,1,1,1,1,1,1,11.3085707838569,12,TRUE,6.00147460795812,2.98336409669968,0,3.01811051125844,93.0021
"SARIMA","Nkhatabay",2,"month","incidence",2024-04-01,2024-06-01,0,0,0,0,0,0,0,0,0,0,0,0,0,0,0,0,1,1,1,1,1,1,1,0,0,0,0,1,1,1,1,1,1,1,9.73822041328046,12,TRUE,5.59476314139691,3.76365553230661,0,1.8311076090903,89.6604
"SARIMA","Nkhatabay",3,"month","incidence",2024-04-01,2024-07-01,0,0,0,0,0,0,0,0,0,0,0,0,0,0,0,0,0,0,0,0,1,1,1,0,0,0,0,0,0,0,0,1,1,1,25.1820507848063,12,TRUE,14.0789407865586,4.1568196477875,0,9.92212113877112,103.7419
"SARIMA","Nkhotakota",1,"month","incidence",2024-04-01,2024-05-01,0,0,0,0,0,0,0,0,0,0,0,0,0,0,0,0,0,0,0,1,1,1,1,0,0,0,0,0,0,0,1,1,1,1,12.3768459792183,12,TRUE,6.88531194636907,2.09013948296557,0,4.7951724634035,90.0795
"SARIMA","Nkhotakota",2,"month","incidence",2024-04-01,2024-06-01,0,0,0,0,0,0,0,0,0,0,0,0,0,0,0,0,0,0,1,1,1,1,1,0,0,0,0,0,0,1,1,1,1,1,12.1524826011731,12,TRUE,6.46690221469414,2.77739471144199,0,3.68950750325215,91.658
"SARIMA","Nkhotakota",3,"month","incidence",2024-04-01,2024-07-01,0,0,0,0,0,0,0,0,0,0,0,0,0,0,0,1,1,1,1,1,1,1,1,0,0,0,1,1,1,1,1,1,1,1,7.50399454457191,12,TRUE,4.49936528865464,3.21995920395492,0,1.27940608469972,84.0886
"SARIMA","Nsanje",1,"month","incidence",2024-04-01,2024-05-01,0,0,0,0,0,0,0,0,0,0,0,0,0,0,0,1,1,1,1,1,1,1,1,0,0,0,1,1,1,1,1,1,1,1,4.62473471036541,12,TRUE,2.75152714682,1.9533029793703,0,0.7982241674497,52.133
"SARIMA","Nsanje",2,"month","incidence",2024-04-01,2024-06-01,0,0,0,0,0,0,0,0,0,0,0,0,0,0,0,1,1,1,1,1,1,1,1,0,0,0,1,1,1,1,1,1,1,1,5.00952385248148,12,TRUE,3.19912871598226,2.43362371228898,0,0.76550500369328,42.682
"SARIMA","Nsanje",3,"month","incidence",2024-04-01,2024-07-01,0,0,0,0,0,0,0,0,0,0,0,0,0,0,0,0,0,0,0,1,1,1,1,0,0,0,0,0,0,0,1,1,1,1,13.7120247029795,12,TRUE,7.45168400467537,2.62634500076329,0,4.82533900391207,42.8596
"SARIMA","Ntcheu",1,"month","incidence",2024-04-01,2024-05-01,0,0,0,0,0,0,0,0,0,0,0,0,0,0,1,1,1,1,1,1,1,1,1,0,0,1,1,1,1,1,1,1,1,1,2.63511414850898,12,TRUE,2.15657020114856,1.87351350357333,0,0.283056697575228,63.7379
"SARIMA","Ntcheu",2,"month","incidence",2024-04-01,2024-06-01,1,1,1,1,1,1,1,1,1,1,1,1,1,1,1,1,1,1,1,1,1,1,1,0,0,0,0,0,0,0,0,0,0,0,29.1217532655785,12,TRUE,21.4698490310355,2.17921376008113,19.2906352709544,0,32.0172
"SARIMA","Ntcheu",3,"month","incidence",2024-04-01,2024-07-01,0,0,0,1,1,1,1,1,1,1,1,1,1,1,1,1,1,1,1,1,1,1,1,0,0,0,0,0,0,0,0,1,1,1,19.9103596015322,12,TRUE,11.87835449319,2.60197635987879,9.27637813331116,0,24.0863
"SARIMA","Ntchisi",1,"month","incidence",2024-04-01,2024-05-01,0,0,0,0,0,0,0,0,0,0,0,0,0,0,0,0,1,1,1,1,1,1,1,0,0,0,0,1,1,1,1,1,1,1,7.93199302360917,12,TRUE,4.55124230428948,3.05331423521258,0,1.4979280690769,95.3542
"SARIMA","Ntchisi",2,"month","incidence",2024-04-01,2024-06-01,0,0,0,0,0,0,0,1,1,1,1,1,1,1,1,1,1,1,1,1,1,1,1,0,0,0,0,1,1,1,1,1,1,1,9.72128153066095,12,TRUE,5.58127570925126,3.74918618130794,1.83208952794332,0,77.629
"SARIMA","Ntchisi",3,"month","incidence",2024-04-01,2024-07-01,0,0,0,1,1,1,1,1,1,1,1,1,1,1,1,1,1,1,1,1,1,1,1,0,0,0,0,0,0,0,0,1,1,1,32.5882795454258,12,TRUE,19.215127778304,4.46669348655934,14.7484342917446,0,47.9145
"SARIMA","Phalombe",1,"month","incidence",2024-04-01,2024-05-01,0,0,0,1,1,1,1,1,1,1,1,1,1,1,1,1,1,1,1,1,1,1,1,0,0,0,0,0,0,0,0,1,1,1,9.28017615533497,12,TRUE,5.48998739595798,1.25539774205223,4.23458965390576,0,36.1199
"SARIMA","Phalombe",2,"month","incidence",2024-04-01,2024-06-01,1,1,1,1,1,1,1,1,1,1,1,1,1,1,1,1,1,1,1,1,1,1,1,0,0,0,0,0,0,0,0,0,0,0,29.2189060194325,12,TRUE,22.9849169761561,1.77540051298282,21.2095164631733,0,17.8313
"SARIMA","Phalombe",3,"month","incidence",2024-04-01,2024-07-01,1,1,1,1,1,1,1,1,1,1,1,1,1,1,1,1,1,1,1,1,1,1,1,0,0,0,0,0,0,0,0,0,0,0,25.7912891902403,12,TRUE,18.1562430811762,2.1744126729417,15.9818304082345,0,15.1961
"SARIMA","Rumphi",1,"month","incidence",2024-04-01,2024-05-01,0,0,0,0,0,0,0,0,0,0,0,0,0,1,1,1,1,1,1,1,1,1,1,0,1,1,1,1,1,1,1,1,1,1,2.17320255458783,12,TRUE,2.55220237753942,2.39138187417282,0,0.160820503366603,58.753
"SARIMA","Rumphi",2,"month","incidence",2024-04-01,2024-06-01,0,0,0,0,1,1,1,1,1,1,1,1,1,1,1,1,1,1,1,1,1,1,1,0,0,0,0,0,0,0,1,1,1,1,16.8608107849977,12,TRUE,9.15278765678831,3.24720253564242,5.90558512114589,0,34.2726
"SARIMA","Rumphi",3,"month","incidence",2024-04-01,2024-07-01,0,0,0,1,1,1,1,1,1,1,1,1,1,1,1,1,1,1,1,1,1,1,1,0,0,0,0,0,0,0,0,1,1,1,24.4541608024293,12,TRUE,13.9048930676142,3.82313025864293,10.0817628089712,0,19.5612
"SARIMA","Salima",1,"month","incidence",2024-04-01,2024-05-01,0,0,0,0,0,0,0,0,0,0,0,0,0,0,0,1,1,1,1,1,1,1,1,0,0,0,1,1,1,1,1,1,1,1,6.19628283168404,12,TRUE,4.04488043669685,3.13786573260476,0,0.907014704092089,88.9686
"SARIMA","Salima",2,"month","incidence",2024-04-01,2024-06-01,0,0,0,0,0,1,1,1,1,1,1,1,1,1,1,1,1,1,1,1,1,1,1,0,0,0,0,0,0,1,1,1,1,1,15.7799885576885,12,TRUE,8.37433678745145,3.76491173416003,4.60942505329142,0,58.0151
"SARIMA","Salima",3,"month","incidence",2024-04-01,2024-07-01,0,0,0,0,0,0,0,0,0,0,0,1,1,1,1,1,1,1,1,1,1,1,1,1,1,1,1,1,1,1,1,1,1,1,0.460000566640552,12,TRUE,4.02965004837165,4.0096500237351,0.0200000246365457,0,54.2609
"SARIMA","Thyolo",1,"month","incidence",2024-04-01,2024-05-01,0,0,0,0,0,0,0,0,0,0,0,0,0,0,0,0,0,0,0,1,1,1,1,0,0,0,0,0,0,0,1,1,1,1,6.54919538936873,12,TRUE,3.6425535844798,1.10740825335297,0,2.53514533112683,40.5601
"SARIMA","Thyolo",2,"month","incidence",2024-04-01,2024-06-01,0,0,0,1,1,1,1,1,1,1,1,1,1,1,1,1,1,1,1,1,1,1,1,0,0,0,0,0,0,0,0,1,1,1,11.9666064645995,12,TRUE,7.05562691467335,1.64045278320305,5.4151741314703,0,20.5471
"SARIMA","Thyolo",3,"month","incidence",2024-04-01,2024-07-01,0,0,0,1,1,1,1,1,1,1,1,1,1,1,1,1,1,1,1,1,1,1,1,0,0,0,0,0,0,0,0,1,1,1,13.3344226878853,12,TRUE,7.56401281529725,2.10126207049536,5.46275074480189,0,18.1233
"SARIMA","Zomba",1,"month","incidence",2024-04-01,2024-05-01,0,0,0,0,0,0,0,0,0,0,0,0,0,0,0,0,0,0,0,0,0,0,0,0,0,0,0,0,0,0,0,0,0,0,25.9190749534789,12,TRUE,20.3079283824147,1.59801893001938,0,18.7099094523953,92.1489
"SARIMA","Zomba",2,"month","incidence",2024-04-01,2024-06-01,0,0,0,0,0,0,0,0,0,0,0,0,1,1,1,1,1,1,1,1,1,1,1,1,1,1,1,1,1,1,1,1,1,1,0.301146325226036,12,TRUE,2.25960610373917,2.24651278525108,0,0.0130933184880885,57.127
"SARIMA","Zomba",3,"month","incidence",2024-04-01,2024-07-01,0,0,0,0,0,0,0,1,1,1,1,1,1,1,1,1,1,1,1,1,1,1,1,0,0,0,0,1,1,1,1,1,1,1,7.45882016952018,12,TRUE,4.22035913543984,2.74590142316785,1.47445771227199,0,40.3242
"SARIMA","Balaka",1,"month","incidence",2024-05-01,2024-06-01,1,1,1,1,1,1,1,1,1,1,1,1,1,1,1,1,1,1,1,1,1,1,1,0,0,0,0,0,0,0,0,0,0,0,27.2312733377936,12,TRUE,19.6251797766469,2.1661671710539,17.459012605593,0,25.7489
"SARIMA","Balaka",2,"month","incidence",2024-05-01,2024-07-01,0,0,1,1,1,1,1,1,1,1,1,1,1,1,1,1,1,1,1,1,1,1,1,0,0,0,0,0,0,0,0,0,1,1,23.0177743474673,12,TRUE,13.9492767729378,2.87480444533889,11.0744723275989,0,21.5713
"SARIMA","Balaka",3,"month","incidence",2024-05-01,2024-08-01,0,0,0,0,0,0,1,1,1,1,1,1,1,1,1,1,1,1,1,1,1,1,1,0,0,0,0,0,1,1,1,1,1,1,12.3389352500182,12,TRUE,6.56574769322448,3.36802807873073,3.19771961449376,0,18.3184
"SARIMA","Blantyre",1,"month","incidence",2024-05-01,2024-06-01,1,1,1,1,1,1,1,1,1,1,1,1,1,1,1,1,1,1,1,1,1,1,1,0,0,0,0,0,0,0,0,0,0,0,27.8680282906172,12,TRUE,23.7955718291499,1.15980975272765,22.6357620764222,0,28.2961
"SARIMA","Blantyre",2,"month","incidence",2024-05-01,2024-07-01,1,1,1,1,1,1,1,1,1,1,1,1,1,1,1,1,1,1,1,1,1,1,1,0,0,0,0,0,0,0,0,0,0,0,24.8417464652849,12,TRUE,20.359948503869,1.27638761386097,19.0835608900081,0,26.2211
"SARIMA","Blantyre",3,"month","incidence",2024-05-01,2024-08-01,1,1,1,1,1,1,1,1,1,1,1,1,1,1,1,1,1,1,1,1,1,1,1,0,0,0,0,0,0,0,0,0,0,0,16.8502967613575,12,TRUE,11.9935360811795,1.3831746163113,10.6103614648682,0,25.377
"SARIMA","Chikwawa",1,"month","incidence",2024-05-01,2024-06-01,0,0,0,1,1,1,1,1,1,1,1,1,1,1,1,1,1,1,1,1,1,1,1,0,0,0,0,0,0,0,0,1,1,1,11.9267010877626,12,TRUE,6.72213794457302,1.91916486394739,4.80297308062563,0,29.4597
"SARIMA","Chikwawa",2,"month","incidence",2024-05-01,2024-07-01,0,0,0,0,0,0,0,0,0,0,1,1,1,1,1,1,1,1,1,1,1,1,1,0,1,1,1,1,1,1,1,1,1,1,2.62960529319947,12,TRUE,2.4673260153608,2.23916854334987,0.228157472010931,0,29.2178
"SARIMA","Chikwawa",3,"month","incidence",2024-05-01,2024-08-01,0,0,0,0,0,0,0,0,0,0,0,0,0,0,0,0,1,1,1,1,1,1,1,0,0,0,0,1,1,1,1,1,1,1,6.60172900847616,12,TRUE,3.77733778123103,2.51884055744451,0,1.25849722378652,39.3722
"SARIMA","Chiradzulu",1,"month","incidence",2024-05-01,2024-06-01,1,1,1,1,1,1,1,1,1,1,1,1,1,1,1,1,1,1,1,1,1,1,1,0,0,0,0,0,0,0,0,0,0,0,51.3952532977067,12,TRUE,45.1665265713178,1.7739018385327,43.3926247327851,0,26.4464
"SARIMA","Chiradzulu",2,"month","incidence",2024-05-01,2024-07-01,1,1,1,1,1,1,1,1,1,1,1,1,1,1,1,1,1,1,1,1,1,1,1,0,0,0,0,0,0,0,0,0,0,0,63.0135133645072,12,TRUE,54.2047635517322,2.50867603837151,51.6960875133607,0,13.1929
"SARIMA","Chiradzulu",3,"month","incidence",2024-05-01,2024-08-01,1,1,1,1,1,1,1,1,1,1,1,1,1,1,1,1,1,1,1,1,1,1,1,0,0,0,0,0,0,0,0,0,0,0,57.4000701782741,12,TRUE,46.6115990217063,3.07248811197848,43.5391109097278,0,15.3332
"SARIMA","Chitipa",1,"month","incidence",2024-05-01,2024-06-01,0,0,1,1,1,1,1,1,1,1,1,1,1,1,1,1,1,1,1,1,1,1,1,0,0,0,0,0,0,0,0,0,1,1,13.1989085709527,12,TRUE,7.89611351363542,1.70677192540038,6.18934158823504,0,24.6562
"SARIMA","Chitipa",2,"month","incidence",2024-05-01,2024-07-01,0,0,0,0,0,0,0,0,0,0,1,1,1,1,1,1,1,1,1,1,1,1,1,0,1,1,1,1,1,1,1,1,1,1,2.20458053188723,12,TRUE,2.23725226570641,2.05510889120148,0.182143374504924,0,19.8899
"SARIMA","Chitipa",3,"month","incidence",2024-05-01,2024-08-01,0,0,0,0,0,0,0,0,0,0,1,1,1,1,1,1,1,1,1,1,1,1,1,0,1,1,1,1,1,1,1,1,1,1,1.45946075858063,12,TRUE,2.24398358223928,2.16627321030189,0.0777103719373856,0,13.1704
"SARIMA","Dedza",1,"month","incidence",2024-05-01,2024-06-01,0,0,0,0,1,1,1,1,1,1,1,1,1,1,1,1,1,1,1,1,1,1,1,0,0,0,0,0,0,0,1,1,1,1,6.89497514475332,12,TRUE,3.74619116114112,1.32208826262412,2.42410289851699,0,21.7965
"SARIMA","Dedza",2,"month","incidence",2024-05-01,2024-07-01,0,1,1,1,1,1,1,1,1,1,1,1,1,1,1,1,1,1,1,1,1,1,1,0,0,0,0,0,0,0,0,0,0,1,13.8113441316687,12,TRUE,8.89072397306701,1.4519079358087,7.43881603725831,0,13.4953
"SARIMA","Dedza",3,"month","incidence",2024-05-01,2024-08-01,0,0,0,0,1,1,1,1,1,1,1,1,1,1,1,1,1,1,1,1,1,1,1,0,0,0,0,0,0,0,1,1,1,1,9.99520891895548,12,TRUE,5.5196120270475,1.75977824217661,3.75983378487088,0,9.9271
"SARIMA","Dowa",1,"month","incidence",2024-05-01,2024-06-01,1,1,1,1,1,1,1,1,1,1,1,1,1,1,1,1,1,1,1,1,1,1,1,0,0,0,0,0,0,0,0,0,0,0,29.0369560926283,12,TRUE,20.5449532230163,2.41846851932177,18.1264847036945,0,26.6626
"SARIMA","Dowa",2,"month","incidence",2024-05-01,2024-07-01,1,1,1,1,1,1,1,1,1,1,1,1,1,1,1,1,1,1,1,1,1,1,1,0,0,0,0,0,0,0,0,0,0,0,40.6328327782541,12,TRUE,28.7420671826792,3.38641457204855,25.3556526106306,0,16.1815
"SARIMA","Dowa",3,"month","incidence",2024-05-01,2024-08-01,0,0,1,1,1,1,1,1,1,1,1,1,1,1,1,1,1,1,1,1,1,1,1,0,0,0,0,0,0,0,0,0,1,1,37.2119327782541,12,TRUE,22.4741069941545,4.69136421625014,17.7827427779043,0,16.1704
"SARIMA","Karonga",1,"month","incidence",2024-05-01,2024-06-01,1,1,1,1,1,1,1,1,1,1,1,1,1,1,1,1,1,1,1,1,1,1,1,0,0,0,0,0,0,0,0,0,0,0,18.3620979745013,12,TRUE,13.3098357871639,1.43885220472065,11.8709835824432,0,34.2526
"SARIMA","Karonga",2,"month","incidence",2024-05-01,2024-07-01,0,0,0,0,0,0,0,0,0,1,1,1,1,1,1,1,1,1,1,1,1,1,1,0,0,1,1,1,1,1,1,1,1,1,2.51820162481634,12,TRUE,1.84002878380435,1.52911671606577,0.310912067738579,0,46.7617
"SARIMA","Karonga",3,"month","incidence",2024-05-01,2024-08-01,0,0,0,0,0,0,0,0,0,0,0,0,0,0,1,1,1,1,1,1,1,1,1,0,0,1,1,1,1,1,1,1,1,1,3.0923611615592,12,TRUE,2.17435939807267,1.77696748182452,0,0.397391916248152,47.3364
"SARIMA","Kasungu",1,"month","incidence",2024-05-01,2024-06-01,1,1,1,1,1,1,1,1,1,1,1,1,1,1,1,1,1,1,1,1,1,1,1,0,0,0,0,0,0,0,0,0,0,0,39.7424567327428,12,TRUE,30.7429289411373,2.56300839589253,28.1799205452448,0,61.6743
"SARIMA","Kasungu",2,"month","incidence",2024-05-01,2024-07-01,1,1,1,1,1,1,1,1,1,1,1,1,1,1,1,1,1,1,1,1,1,1,1,0,0,0,0,0,0,0,0,0,0,0,76.8959358768471,12,TRUE,66.0605113126161,3.08586014447208,62.974651168144,0,37.1945
"SARIMA","Kasungu",3,"month","incidence",2024-05-01,2024-08-01,1,1,1,1,1,1,1,1,1,1,1,1,1,1,1,1,1,1,1,1,1,1,1,0,0,0,0,0,0,0,0,0,0,0,74.8110887480858,12,TRUE,61.107041680137,3.90282562665362,57.2042160534834,0,29.1487
"SARIMA","Likoma",1,"month","incidence",2024-05-01,2024-06-01,0,0,0,0,0,0,0,0,0,0,0,1,1,1,1,1,1,1,1,1,1,1,1,1,1,1,1,1,1,1,1,1,1,1,0.0882678214557089,12,TRUE,2.50825785135712,2.50442011998948,0.00383773136763952,0,31.8366
"SARIMA","Likoma",2,"month","incidence",2024-05-01,2024-07-01,0,0,0,0,0,0,0,0,0,0,0,0,0,0,0,0,0,1,1,1,1,1,1,0,0,0,0,0,1,1,1,1,1,1,12.3820673684126,12,TRUE,6.58287635333193,3.39269915645461,0,3.19017719687732,39.9338
"SARIMA","Likoma",3,"month","incidence",2024-05-01,2024-08-01,0,0,0,0,0,0,0,0,0,0,0,0,0,0,0,0,0,0,0,0,1,1,1,0,0,0,0,0,0,0,0,1,1,1,24.6709112420603,12,TRUE,14.2458856287088,3.59671911635557,0,10.6491665123532,51.3434
"SARIMA","Lilongwe",1,"month","incidence",2024-05-01,2024-06-01,1,1,1,1,1,1,1,1,1,1,1,1,1,1,1,1,1,1,1,1,1,1,1,0,0,0,0,0,0,0,0,0,0,0,17.160748610872,12,TRUE,11.9339910120837,1.48854739039589,10.4454436216878,0,28.9181
"SARIMA","Lilongwe",2,"month","incidence",2024-05-01,2024-07-01,1,1,1,1,1,1,1,1,1,1,1,1,1,1,1,1,1,1,1,1,1,1,1,0,0,0,0,0,0,0,0,0,0,0,21.5905757068287,12,TRUE,15.2057109786716,1.81836895044305,13.3873420282285,0,19.5718
"SARIMA","Lilongwe",3,"month","incidence",2024-05-01,2024-08-01,1,1,1,1,1,1,1,1,1,1,1,1,1,1,1,1,1,1,1,1,1,1,1,0,0,0,0,0,0,0,0,0,0,0,27.0491864719789,12,TRUE,19.4436623235108,2.16600500593707,17.2776573175737,0,12.6792
"SARIMA","Machinga",1,"month","incidence",2024-05-01,2024-06-01,0,0,1,1,1,1,1,1,1,1,1,1,1,1,1,1,1,1,1,1,1,1,1,0,0,0,0,0,0,0,0,0,1,1,14.7101721573338,12,TRUE,8.97036178930374,1.80562937614133,7.16473241316242,0,33.0559
"SARIMA","Machinga",2,"month","incidence",2024-05-01,2024-07-01,0,0,0,1,1,1,1,1,1,1,1,1,1,1,1,1,1,1,1,1,1,1,1,0,0,0,0,0,0,0,0,1,1,1,15.2573165424788,12,TRUE,9.00382510248118,2.08426127424353,6.91956382823765,0,32.8911
"SARIMA","Machinga",3,"month","incidence",2024-05-01,2024-08-01,0,0,0,1,1,1,1,1,1,1,1,1,1,1,1,1,1,1,1,1,1,1,1,0,0,0,0,0,0,0,0,1,1,1,15.9867016225689,12,TRUE,9.42164670519325,2.19546338396991,7.22618332122334,0,30.2156
"SARIMA","Mangochi",1,"month","incidence",2024-05-01,2024-06-01,1,1,1,1,1,1,1,1,1,1,1,1,1,1,1,1,1,1,1,1,1,1,1,0,0,0,0,0,0,0,0,0,0,0,16.7132266696755,12,TRUE,12.7633872982254,1.1248891837299,11.6384981144955,0,25.2581
"SARIMA","Mangochi",2,"month","incidence",2024-05-01,2024-07-01,1,1,1,1,1,1,1,1,1,1,1,1,1,1,1,1,1,1,1,1,1,1,1,0,0,0,0,0,0,0,0,0,0,0,18.1791243232001,12,TRUE,12.5932079149,1.59083353979763,11.0023743751024,0,22.0102
"SARIMA","Mangochi",3,"month","incidence",2024-05-01,2024-08-01,0,0,0,1,1,1,1,1,1,1,1,1,1,1,1,1,1,1,1,1,1,1,1,0,0,0,0,0,0,0,0,1,1,1,14.6746860287661,12,TRUE,8.72140816734764,1.94836521910487,6.77304294824276,0,24.5624
"SARIMA","Mchinji",1,"month","incidence",2024-05-01,2024-06-01,0,0,0,1,1,1,1,1,1,1,1,1,1,1,1,1,1,1,1,1,1,1,1,0,0,0,0,0,0,0,0,1,1,1,19.3214315557083,12,TRUE,11.1366235874127,2.8829278759926,8.25369571142011,0,47.9262
"SARIMA","Mchinji",2,"month","incidence",2024-05-01,2024-07-01,0,0,0,0,1,1,1,1,1,1,1,1,1,1,1,1,1,1,1,1,1,1,1,0,0,0,0,0,0,0,1,1,1,1,20.3108786216529,12,TRUE,10.9365439712207,4.06858522522309,6.86795874599765,0,36.1798
"SARIMA","Mchinji",3,"month","incidence",2024-05-01,2024-08-01,0,0,0,0,1,1,1,1,1,1,1,1,1,1,1,1,1,1,1,1,1,1,1,0,0,0,0,0,0,0,1,1,1,1,25.3030692516355,12,TRUE,13.6740222254827,4.97832810332507,8.69569412215764,0,27.7082
"SARIMA","Mulanje",1,"month","incidence",2024-05-01,2024-06-01,1,1,1,1,1,1,1,1,1,1,1,1,1,1,1,1,1,1,1,1,1,1,1,0,0,0,0,0,0,0,0,0,0,0,20.575507595903,12,TRUE,14.2230859666265,1.80912936179516,12.4139566048313,0,48.3321
"SARIMA","Mulanje",2,"month","incidence",2024-05-01,2024-07-01,1,1,1,1,1,1,1,1,1,1,1,1,1,1,1,1,1,1,1,1,1,1,1,0,0,0,0,0,0,0,0,0,0,0,25.6003277127989,12,TRUE,17.8066249889577,2.2195970698516,15.5870279191061,0,34.6835
"SARIMA","Mulanje",3,"month","incidence",2024-05-01,2024-08-01,0,0,1,1,1,1,1,1,1,1,1,1,1,1,1,1,1,1,1,1,1,1,1,0,0,0,0,0,0,0,0,0,1,1,24.2830880820916,12,TRUE,15.4013530710751,2.64392076220572,12.7574323088694,0,34.9381
"SARIMA","Mwanza",1,"month","incidence",2024-05-01,2024-06-01,1,1,1,1,1,1,1,1,1,1,1,1,1,1,1,1,1,1,1,1,1,1,1,0,0,0,0,0,0,0,0,0,0,0,48.8584945399623,12,TRUE,36.6373810125072,3.48049556636075,33.1568854461465,0,86.9302
"SARIMA","Mwanza",2,"month","incidence",2024-05-01,2024-07-01,1,1,1,1,1,1,1,1,1,1,1,1,1,1,1,1,1,1,1,1,1,1,1,0,0,0,0,0,0,0,0,0,0,0,64.2428182685171,12,TRUE,47.2190757555526,4.84825381959924,42.3708219359534,0,56.5942
"SARIMA","Mwanza",3,"month","incidence",2024-05-01,2024-08-01,0,0,1,1,1,1,1,1,1,1,1,1,1,1,1,1,1,1,1,1,1,1,1,0,0,0,0,0,0,0,0,0,1,1,57.8149417406713,12,TRUE,36.4670176817612,6.40927892287017,30.057738758891,0,59.4487
"SARIMA","Mzimba",1,"month","incidence",2024-05-01,2024-06-01,1,1,1,1,1,1,1,1,1,1,1,1,1,1,1,1,1,1,1,1,1,1,1,0,0,0,0,0,0,0,0,0,0,0,44.1440619580783,12,TRUE,37.1911603807013,1.9801422398244,35.2110181408769,0,23.7437
"SARIMA","Mzimba",2,"month","incidence",2024-05-01,2024-07-01,1,1,1,1,1,1,1,1,1,1,1,1,1,1,1,1,1,1,1,1,1,1,1,0,0,0,0,0,0,0,0,0,0,0,39.931648024443,12,TRUE,31.5070085830601,2.39928384251146,29.1077247405486,0,19.1046
"SARIMA","Mzimba",3,"month","incidence",2024-05-01,2024-08-01,1,1,1,1,1,1,1,1,1,1,1,1,1,1,1,1,1,1,1,1,1,1,1,0,0,0,0,0,0,0,0,0,0,0,32.8732654266349,12,TRUE,22.8392565173984,2.85762205243947,19.981634464959,0,19.1122
"SARIMA","Neno",1,"month","incidence",2024-05-01,2024-06-01,0,1,1,1,1,1,1,1,1,1,1,1,1,1,1,1,1,1,1,1,1,1,1,0,0,0,0,0,0,0,0,0,0,1,52.9200001844429,12,TRUE,34.5272066942271,5.38314866280012,29.144058031427,0,112.5111
"SARIMA","Neno",2,"month","incidence",2024-05-01,2024-07-01,0,0,1,1,1,1,1,1,1,1,1,1,1,1,1,1,1,1,1,1,1,1,1,0,0,0,0,0,0,0,0,0,1,1,56.4720272976027,12,TRUE,35.2375146199267,6.47746219990537,28.7600524200213,0,84.3177
"SARIMA","Neno",3,"month","incidence",2024-05-01,2024-08-01,0,0,0,0,1,1,1,1,1,1,1,1,1,1,1,1,1,1,1,1,1,1,1,0,0,0,0,0,0,0,1,1,1,1,44.6548930759467,12,TRUE,24.7428521009753,7.7153563883747,17.0274957126006,0,81.3951
"SARIMA","Nkhatabay",1,"month","incidence",2024-05-01,2024-06-01,0,0,0,0,0,0,0,0,0,0,0,0,1,1,1,1,1,1,1,1,1,1,1,1,1,1,1,1,1,1,1,1,1,1,0.879552647013341,12,TRUE,3.03211305940875,2.99387163997339,0,0.0382414194353627,89.6604
"SARIMA","Nkhatabay",2,"month","incidence",2024-05-01,2024-07-01,0,0,0,0,0,0,0,0,0,0,0,0,0,0,0,0,0,0,1,1,1,1,1,0,0,0,0,0,0,1,1,1,1,1,18.2268070322681,12,TRUE,9.75437980046453,3.78523874278069,0,5.96914105768384,103.7419
"SARIMA","Nkhatabay",3,"month","incidence",2024-05-01,2024-08-01,0,0,0,0,0,0,0,0,0,0,0,0,0,0,0,0,1,1,1,1,1,1,1,0,0,0,0,1,1,1,1,1,1,1,11.7130441994657,12,TRUE,6.56866028086945,4.18795814627897,0,2.38070213459048,94.7016
"SARIMA","Nkhotakota",1,"month","incidence",2024-05-01,2024-06-01,0,0,0,0,0,0,0,0,0,0,0,0,0,1,1,1,1,1,1,1,1,1,1,0,1,1,1,1,1,1,1,1,1,1,1.26274233126284,12,TRUE,2.1551069503763,2.09799599546876,0,0.0571109549075486,91.658
"SARIMA","Nkhotakota",2,"month","incidence",2024-05-01,2024-07-01,0,0,0,0,0,0,0,0,0,0,1,1,1,1,1,1,1,1,1,1,1,1,1,0,1,1,1,1,1,1,1,1,1,1,2.84188661883593,12,TRUE,3.03897581194565,2.81253421326474,0.226441598680906,0,84.0886
"SARIMA","Nkhotakota",3,"month","incidence",2024-05-01,2024-08-01,0,0,0,0,0,0,0,0,0,0,0,0,1,1,1,1,1,1,1,1,1,1,1,1,1,1,1,1,1,1,1,1,1,1,1.79233169471658,12,TRUE,3.36540157304739,3.28747410805971,0,0.0779274649876774,89.6894
"SARIMA","Nsanje",1,"month","incidence",2024-05-01,2024-06-01,0,0,0,0,0,0,0,0,0,0,0,0,0,1,1,1,1,1,1,1,1,1,1,0,1,1,1,1,1,1,1,1,1,1,1.73829962491522,12,TRUE,2.07462187062957,1.94777784877157,0,0.126844021858008,42.682
"SARIMA","Nsanje",2,"month","incidence",2024-05-01,2024-07-01,0,0,0,0,0,0,0,0,0,0,0,0,0,0,0,0,0,0,1,1,1,1,1,0,0,0,0,0,0,1,1,1,1,1,11.6574435193132,12,TRUE,6.2366826817945,2.43472186878398,0,3.80196081301052,42.8596
"SARIMA","Nsanje",3,"month","incidence",2024-05-01,2024-08-01,0,0,0,0,0,0,0,0,0,0,0,0,0,0,0,0,0,0,0,0,0,1,1,0,0,0,0,0,0,0,0,0,1,1,22.6935821739897,12,TRUE,14.1041822455748,2.63472505182063,0,11.4694571937541,51.3352
"SARIMA","Ntcheu",1,"month","incidence",2024-05-01,2024-06-01,1,1,1,1,1,1,1,1,1,1,1,1,1,1,1,1,1,1,1,1,1,1,1,0,0,0,0,0,0,0,0,0,0,0,30.6391813327566,12,TRUE,24.09928785291,1.86252015497132,22.2367676979387,0,32.0172
"SARIMA","Ntcheu",2,"month","incidence",2024-05-01,2024-07-01,0,1,1,1,1,1,1,1,1,1,1,1,1,1,1,1,1,1,1,1,1,1,1,0,0,0,0,0,0,0,0,0,0,1,21.9001606619026,12,TRUE,14.4038683617552,2.18273327490958,12.2211350868456,0,24.0863
"SARIMA","Ntcheu",3,"month","incidence",2024-05-01,2024-08-01,0,0,0,1,1,1,1,1,1,1,1,1,1,1,1,1,1,1,1,1,1,1,1,0,0,0,0,0,0,0,0,1,1,1,19.9567193789838,12,TRUE,11.9105111952804,2.60391016711048,9.30660102816988,0,17.621
"SARIMA","Ntchisi",1,"month","incidence",2024-05-01,2024-06-01,0,0,0,0,1,1,1,1,1,1,1,1,1,1,1,1,1,1,1,1,1,1,1,0,0,0,0,0,0,0,1,1,1,1,15.3464414777392,12,TRUE,8.29678679709312,3.01532934590648,5.28145745118665,0,77.629
"SARIMA","Ntchisi",2,"month","incidence",2024-05-01,2024-07-01,0,1,1,1,1,1,1,1,1,1,1,1,1,1,1,1,1,1,1,1,1,1,1,0,0,0,0,0,0,0,0,0,0,1,38.8919082385783,12,TRUE,25.9640695510334,3.72612409020592,22.2379454608274,0,47.9145
"SARIMA","Ntchisi",3,"month","incidence",2024-05-01,2024-08-01,0,1,1,1,1,1,1,1,1,1,1,1,1,1,1,1,1,1,1,1,1,1,1,0,0,0,0,0,0,0,0,0,0,1,43.2255005662564,12,TRUE,28.0905596960596,4.44054409414076,23.6500156019188,0,41.9
"SARIMA","Phalombe",1,"month","incidence",2024-05-01,2024-06-01,1,1,1,1,1,1,1,1,1,1,1,1,1,1,1,1,1,1,1,1,1,1,1,0,0,0,0,0,0,0,0,0,0,0,19.5737244688166,12,TRUE,15.1258577073508,1.26672422347334,13.8591334838775,0,17.8313
"SARIMA","Phalombe",2,"month","incidence",2024-05-01,2024-07-01,0,1,1,1,1,1,1,1,1,1,1,1,1,1,1,1,1,1,1,1,1,1,1,0,0,0,0,0,0,0,0,0,0,1,17.4871904849223,12,TRUE,11.377141360235,1.79141857662253,9.5857227836125,0,15.1961
"SARIMA","Phalombe",3,"month","incidence",2024-05-01,2024-08-01,0,0,0,1,1,1,1,1,1,1,1,1,1,1,1,1,1,1,1,1,1,1,1,0,0,0,0,0,0,0,0,1,1,1,15.2435338682246,12,TRUE,8.87391142515501,2.19403071423406,6.67988071092095,0,15.1126
"SARIMA","Rumphi",1,"month","incidence",2024-05-01,2024-06-01,0,0,1,1,1,1,1,1,1,1,1,1,1,1,1,1,1,1,1,1,1,1,1,0,0,0,0,0,0,0,0,0,1,1,18.649706216624,12,TRUE,11.197709271431,2.38851815378445,8.80919111764659,0,34.2726
"SARIMA","Rumphi",2,"month","incidence",2024-05-01,2024-07-01,0,0,1,1,1,1,1,1,1,1,1,1,1,1,1,1,1,1,1,1,1,1,1,0,0,0,0,0,0,0,0,0,1,1,25.8543723238016,12,TRUE,15.6564228733377,3.23583189671158,12.4205909766261,0,19.5612
"SARIMA","Rumphi",3,"month","incidence",2024-05-01,2024-08-01,0,0,0,1,1,1,1,1,1,1,1,1,1,1,1,1,1,1,1,1,1,1,1,0,0,0,0,0,0,0,0,1,1,1,27.1527154704522,12,TRUE,15.9223664331259,3.80081322228478,12.1215532108411,0,13.5548
"SARIMA","Salima",1,"month","incidence",2024-05-01,2024-06-01,0,0,0,1,1,1,1,1,1,1,1,1,1,1,1,1,1,1,1,1,1,1,1,0,0,0,0,0,0,0,0,1,1,1,19.5255250177038,12,TRUE,11.0339300973669,3.11538699096236,7.91854310640454,0,58.0151
"SARIMA","Salima",2,"month","incidence",2024-05-01,2024-07-01,0,0,0,0,0,0,0,0,0,0,1,1,1,1,1,1,1,1,1,1,1,1,1,0,1,1,1,1,1,1,1,1,1,1,2.66912807010766,12,TRUE,3.87330418770558,3.71571546470797,0.157588722997603,0,54.2609
"SARIMA","Salima",3,"month","incidence",2024-05-01,2024-08-01,0,0,0,0,0,0,0,0,0,0,0,0,1,1,1,1,1,1,1,1,1,1,1,1,1,1,1,1,1,1,1,1,1,1,0.537701386237778,12,TRUE,3.96536889770108,3.94199057656031,0,0.023378321140773,55.9208
"SARIMA","Thyolo",1,"month","incidence",2024-05-01,2024-06-01,1,1,1,1,1,1,1,1,1,1,1,1,1,1,1,1,1,1,1,1,1,1,1,0,0,0,0,0,0,0,0,0,0,0,18.0653,12,TRUE,14.4246772417988,1.03682625484537,13.3878509869534,0,20.5471
"SARIMA","Thyolo",2,"month","incidence",2024-05-01,2024-07-01,1,1,1,1,1,1,1,1,1,1,1,1,1,1,1,1,1,1,1,1,1,1,1,0,0,0,0,0,0,0,0,0,0,0,17.8205,12,TRUE,12.6718819198677,1.46629375142683,11.2055881684409,0,18.1233
"SARIMA","Thyolo",3,"month","incidence",2024-05-01,2024-08-01,0,0,1,1,1,1,1,1,1,1,1,1,1,1,1,1,1,1,1,1,1,1,1,0,0,0,0,0,0,0,0,0,1,1,14.6109,12,TRUE,8.90561072393738,1.79583575201354,7.10977497192384,0,21.3521
"SARIMA","Zomba",1,"month","incidence",2024-05-01,2024-06-01,1,1,1,1,1,1,1,1,1,1,1,1,1,1,1,1,1,1,1,1,1,1,1,0,0,0,0,0,0,0,0,0,0,0,28.4114198875943,12,TRUE,22.2675269798507,1.7497417054148,20.5177852744359,0,57.127
"SARIMA","Zomba",2,"month","incidence",2024-05-01,2024-07-01,1,1,1,1,1,1,1,1,1,1,1,1,1,1,1,1,1,1,1,1,1,1,1,0,0,0,0,0,0,0,0,0,0,0,36.5386980028794,12,TRUE,27.8859977373056,2.46423411776041,25.4217636195452,0,40.3242
"SARIMA","Zomba",3,"month","incidence",2024-05-01,2024-08-01,1,1,1,1,1,1,1,1,1,1,1,1,1,1,1,1,1,1,1,1,1,1,1,0,0,0,0,0,0,0,0,0,0,0,33.1366923266504,12,TRUE,22.5541112938824,3.01385191148554,19.5402593823969,0,41.8913
"SARIMA","Balaka",1,"month","incidence",2024-06-01,2024-07-01,0,0,0,0,0,0,0,0,0,0,0,0,0,1,1,1,1,1,1,1,1,1,1,0,1,1,1,1,1,1,1,1,1,1,1.55064052274064,12,TRUE,2.37829764022992,2.29404420509148,0,0.0842534351384352,21.5713
"SARIMA","Balaka",2,"month","incidence",2024-06-01,2024-08-01,0,0,0,0,0,0,0,0,0,0,0,0,0,0,0,1,1,1,1,1,1,1,1,0,0,0,1,1,1,1,1,1,1,1,7.28546246345115,12,TRUE,4.04596324308645,2.75998516283505,0,1.28597808025141,18.3184
"SARIMA","Balaka",3,"month","incidence",2024-06-01,2024-09-01,0,0,0,0,0,0,0,0,0,0,0,0,1,1,1,1,1,1,1,1,1,1,1,1,1,1,1,1,1,1,1,1,1,1,1.71900134718404,12,TRUE,3.29058331463558,3.21584412562758,0,0.0747391890080016,15.5057
"SARIMA","Blantyre",1,"month","incidence",2024-06-01,2024-07-01,0,0,0,1,1,1,1,1,1,1,1,1,1,1,1,1,1,1,1,1,1,1,1,0,0,0,0,0,0,0,0,1,1,1,10.4785406381012,12,TRUE,6.17584312713755,1.43866567582266,4.73717745131489,0,26.2211
"SARIMA","Blantyre",2,"month","incidence",2024-06-01,2024-08-01,0,0,0,0,0,0,1,1,1,1,1,1,1,1,1,1,1,1,1,1,1,1,1,0,0,0,0,0,1,1,1,1,1,1,5.38874063810123,12,TRUE,2.89227087965021,1.58491783376271,1.3073530458875,0,25.377
"SARIMA","Blantyre",3,"month","incidence",2024-06-01,2024-09-01,0,0,0,0,0,0,0,0,0,0,0,1,1,1,1,1,1,1,1,1,1,1,1,1,1,1,1,1,1,1,1,1,1,1,0.943640638101222,12,TRUE,1.75979780724715,1.71876995341666,0.0410278538304879,0,24.6616
"SARIMA","Chikwawa",1,"month","incidence",2024-06-01,2024-07-01,0,0,0,0,0,0,0,0,0,0,0,0,0,0,0,1,1,1,1,1,1,1,1,0,0,0,1,1,1,1,1,1,1,1,4.74383974690476,12,TRUE,2.77312764792283,1.93201304270065,0,0.841114605222184,29.2178
"SARIMA","Chikwawa",2,"month","incidence",2024-06-01,2024-08-01,0,0,0,0,0,0,0,0,0,0,0,0,0,0,0,0,0,0,0,0,1,1,1,0,0,0,0,0,0,0,0,1,1,1,14.064681259435,12,TRUE,7.9583123522975,2.23462196608132,0,5.72369038621618,39.3722
"SARIMA","Chikwawa",3,"month","incidence",2024-06-01,2024-09-01,0,0,0,0,0,0,0,0,0,0,0,0,0,0,0,1,1,1,1,1,1,1,1,0,0,0,1,1,1,1,1,1,1,1,5.35277796763728,12,TRUE,3.34639184864412,2.49739751762712,0,0.848994331016994,28.6544
"SARIMA","Chiradzulu",1,"month","incidence",2024-06-01,2024-07-01,0,0,1,1,1,1,1,1,1,1,1,1,1,1,1,1,1,1,1,1,1,1,1,0,0,0,0,0,0,0,0,0,1,1,16.8203399541772,12,TRUE,10.4435007628509,1.95888877954625,8.48461198330468,0,13.1929
"SARIMA","Chiradzulu",2,"month","incidence",2024-06-01,2024-08-01,0,0,0,0,1,1,1,1,1,1,1,1,1,1,1,1,1,1,1,1,1,1,1,0,0,0,0,0,0,0,1,1,1,1,13.8789203056325,12,TRUE,7.57505507092408,2.6007567473084,4.97429832361567,0,15.3332
"SARIMA","Chiradzulu",3,"month","incidence",2024-06-01,2024-09-01,0,0,0,1,1,1,1,1,1,1,1,1,1,1,1,1,1,1,1,1,1,1,1,0,0,0,0,0,0,0,0,1,1,1,19.6335798775258,12,TRUE,11.3042516646079,2.93994344400604,8.36430822060185,0,11.9738
"SARIMA","Chitipa",1,"month","incidence",2024-06-01,2024-07-01,0,0,0,0,0,0,0,0,0,0,0,0,0,0,0,0,1,1,1,1,1,1,1,0,0,0,0,1,1,1,1,1,1,1,4.59407001916087,12,TRUE,2.62393149358878,1.74870764575477,0,0.875223847834012,19.8899
"SARIMA","Chitipa",2,"month","incidence",2024-06-01,2024-08-01,0,0,0,0,0,0,0,0,0,0,0,0,0,1,1,1,1,1,1,1,1,1,1,0,1,1,1,1,1,1,1,1,1,1,2.42257683131029,12,TRUE,2.23838483570758,2.03005983992919,0,0.208324995778394,13.1704
"SARIMA","Chitipa",3,"month","incidence",2024-06-01,2024-09-01,0,0,0,0,0,0,0,0,0,0,0,0,0,0,0,1,1,1,1,1,1,1,1,0,0,0,1,1,1,1,1,1,1,1,4.73063401412416,12,TRUE,2.80610865240127,2.06272958810155,0,0.743379064299723,12.9594
"SARIMA","Dedza",1,"month","incidence",2024-06-01,2024-07-01,0,0,1,1,1,1,1,1,1,1,1,1,1,1,1,1,1,1,1,1,1,1,1,0,0,0,0,0,0,0,0,0,1,1,10.9017218497206,12,TRUE,6.65508537900004,1.33410011541716,5.32098526358288,0,13.4953
"SARIMA","Dedza",2,"month","incidence",2024-06-01,2024-08-01,0,0,0,0,0,0,1,1,1,1,1,1,1,1,1,1,1,1,1,1,1,1,1,0,0,0,0,0,1,1,1,1,1,1,4.72769641190913,12,TRUE,2.54834722248477,1.44934273885044,1.09900448363433,0,9.9271
"SARIMA","Dedza",3,"month","incidence",2024-06-01,2024-09-01,0,0,0,0,0,0,0,0,1,1,1,1,1,1,1,1,1,1,1,1,1,1,1,0,0,0,1,1,1,1,1,1,1,1,4.08905352734224,12,TRUE,2.45223416854812,1.75865607825772,0.693578090290397,0,10.5707
"SARIMA","Dowa",1,"month","incidence",2024-06-01,2024-07-01,0,0,0,0,0,0,1,1,1,1,1,1,1,1,1,1,1,1,1,1,1,1,1,0,0,0,0,0,1,1,1,1,1,1,9.0722,12,TRUE,4.85510810223827,2.60843003807652,2.24667806416174,0,16.1815
"SARIMA","Dowa",2,"month","incidence",2024-06-01,2024-08-01,0,0,0,0,0,0,0,0,0,1,1,1,1,1,1,1,1,1,1,1,1,1,1,0,0,1,1,1,1,1,1,1,1,1,5.6513,12,TRUE,4.27525248694549,3.61792234818299,0.657330138762493,0,16.1704
"SARIMA","Dowa",3,"month","incidence",2024-06-01,2024-09-01,0,0,0,0,0,0,0,0,0,0,0,0,1,1,1,1,1,1,1,1,1,1,1,1,1,1,1,1,1,1,1,1,1,1,0.695000000000004,12,TRUE,4.35451378021153,4.32429638890718,0,0.030217391304348,21.6411
"SARIMA","Karonga",1,"month","incidence",2024-06-01,2024-07-01,0,0,0,0,0,0,0,0,0,0,0,0,0,0,0,0,0,0,0,1,1,1,1,0,0,0,0,0,0,0,1,1,1,1,8.27302409654305,12,TRUE,4.45873651173403,1.65005484566544,0,2.80868166606859,46.7617
"SARIMA","Karonga",2,"month","incidence",2024-06-01,2024-08-01,0,0,0,0,0,0,0,0,0,0,0,0,0,0,0,0,0,0,0,1,1,1,1,0,0,0,0,0,0,0,1,1,1,1,10.8830433778398,12,TRUE,5.97609409163103,1.97563750981104,0,4.00045658181999,47.3364
"SARIMA","Karonga",3,"month","incidence",2024-06-01,2024-09-01,0,0,0,0,0,0,0,0,0,0,0,0,0,0,0,0,1,1,1,1,1,1,1,0,0,0,0,1,1,1,1,1,1,1,7.13189442570548,12,TRUE,3.8595714541686,2.25468537641968,0,1.60488607774892,47.7614
"SARIMA","Kasungu",1,"month","incidence",2024-06-01,2024-07-01,1,1,1,1,1,1,1,1,1,1,1,1,1,1,1,1,1,1,1,1,1,1,1,0,0,0,0,0,0,0,0,0,0,0,61.6583893895355,12,TRUE,52.4316929444935,2.62770458657317,49.8039883579203,0,37.1945
"SARIMA","Kasungu",2,"month","incidence",2024-06-01,2024-08-01,0,0,1,1,1,1,1,1,1,1,1,1,1,1,1,1,1,1,1,1,1,1,1,0,0,0,0,0,0,0,0,0,1,1,24.920357549814,12,TRUE,15.3763312049619,2.95689565304392,12.419435551918,0,29.1487
"SARIMA","Kasungu",3,"month","incidence",2024-06-01,2024-09-01,0,1,1,1,1,1,1,1,1,1,1,1,1,1,1,1,1,1,1,1,1,1,1,0,0,0,0,0,0,0,0,0,0,1,41.8660096184244,12,TRUE,27.9351441069767,4.01669404199356,23.9184500649831,0,30.4056
"SARIMA","Likoma",1,"month","incidence",2024-06-01,2024-07-01,0,0,0,0,0,0,0,0,0,0,0,0,0,0,0,0,0,0,0,1,1,1,1,0,0,0,0,0,0,0,1,1,1,1,12.3736667357195,12,TRUE,6.65031015948739,2.5004510473759,0,4.14985911211149,39.9338
"SARIMA","Likoma",2,"month","incidence",2024-06-01,2024-08-01,0,0,0,0,0,0,0,0,0,0,0,0,0,0,0,0,0,0,0,0,1,1,1,0,0,0,0,0,0,0,0,1,1,1,24.55695461739,12,TRUE,14.4171633533263,3.3868601777616,0,11.0303031755647,51.3434
"SARIMA","Likoma",3,"month","incidence",2024-06-01,2024-09-01,0,0,0,0,0,0,0,0,0,0,0,0,0,0,0,0,0,0,0,0,1,1,1,0,0,0,0,0,0,0,0,1,1,1,24.4261590567052,12,TRUE,14.0983800848958,3.61243593986289,0,10.4859441450329,57.0482
"SARIMA","Lilongwe",1,"month","incidence",2024-06-01,2024-07-01,0,0,0,0,1,1,1,1,1,1,1,1,1,1,1,1,1,1,1,1,1,1,1,0,0,0,0,0,0,0,1,1,1,1,8.96432989791166,12,TRUE,4.94959998045204,1.57957253940426,3.37002744104778,0,19.5718
"SARIMA","Lilongwe",2,"month","incidence",2024-06-01,2024-08-01,0,0,0,1,1,1,1,1,1,1,1,1,1,1,1,1,1,1,1,1,1,1,1,0,0,0,0,0,0,0,0,1,1,1,13.2225239382018,12,TRUE,7.63033313034314,1.96462789273443,5.66570523760871,0,12.6792
"SARIMA","Lilongwe",3,"month","incidence",2024-06-01,2024-09-01,0,0,0,1,1,1,1,1,1,1,1,1,1,1,1,1,1,1,1,1,1,1,1,0,0,0,0,0,0,0,0,1,1,1,15.1597184286796,12,TRUE,8.65026925106961,2.34227527453726,6.30799397653235,0,13.9387
"SARIMA","Machinga",1,"month","incidence",2024-06-01,2024-07-01,0,0,0,0,0,0,1,1,1,1,1,1,1,1,1,1,1,1,1,1,1,1,1,0,0,0,0,0,1,1,1,1,1,1,7.07786679690198,12,TRUE,3.75098284593883,1.84082629691774,1.91015654902109,0,32.8911
"SARIMA","Machinga",2,"month","incidence",2024-06-01,2024-08-01,0,0,0,0,1,1,1,1,1,1,1,1,1,1,1,1,1,1,1,1,1,1,1,0,0,0,0,0,0,0,1,1,1,1,10.5964789623816,12,TRUE,5.72545756223613,2.08792956653745,3.63752799569867,0,30.2156
"SARIMA","Machinga",3,"month","incidence",2024-06-01,2024-09-01,0,1,1,1,1,1,1,1,1,1,1,1,1,1,1,1,1,1,1,1,1,1,1,0,0,0,0,0,0,0,0,0,0,1,20.2886881411208,12,TRUE,12.9473816108736,2.17693376615565,10.7704478447179,0,27.3001
"SARIMA","Mangochi",1,"month","incidence",2024-06-01,2024-07-01,0,0,0,0,0,0,0,0,0,0,0,0,0,0,0,0,0,1,1,1,1,1,1,0,0,0,0,0,1,1,1,1,1,1,4.39360219269203,12,TRUE,2.33242450345948,1.16278601685415,0,1.16963848660533,22.0102
"SARIMA","Mangochi",2,"month","incidence",2024-06-01,2024-08-01,0,0,0,0,0,0,0,0,0,0,0,0,0,0,0,0,0,1,1,1,1,1,1,0,0,0,0,0,1,1,1,1,1,1,5.89818085944336,12,TRUE,3.13417959943238,1.57618144532946,0,1.55799815410292,24.5624
"SARIMA","Mangochi",3,"month","incidence",2024-06-01,2024-09-01,0,0,0,0,0,0,0,0,0,0,0,0,0,0,0,0,0,0,1,1,1,1,1,0,0,0,0,0,0,1,1,1,1,1,7.214811514304,12,TRUE,3.83403239835586,1.68557395523097,0,2.14845844312489,29.1713
"SARIMA","Mchinji",1,"month","incidence",2024-06-01,2024-07-01,0,0,0,0,0,0,0,0,0,0,0,1,1,1,1,1,1,1,1,1,1,1,1,1,1,1,1,1,1,1,1,1,1,1,0.601727435594896,12,TRUE,2.95114755519732,2.92498549278015,0.0261620624171694,0,36.1798
"SARIMA","Mchinji",2,"month","incidence",2024-06-01,2024-08-01,0,0,0,0,0,0,0,0,0,1,1,1,1,1,1,1,1,1,1,1,1,1,1,0,0,1,1,1,1,1,1,1,1,1,5.61817126419364,12,TRUE,4.68755051855395,4.10416468615752,0.583385832396428,0,27.7082
"SARIMA","Mchinji",3,"month","incidence",2024-06-01,2024-09-01,0,0,0,0,0,0,0,1,1,1,1,1,1,1,1,1,1,1,1,1,1,1,1,0,0,0,0,1,1,1,1,1,1,1,13.858538402377,12,TRUE,7.7897271221449,5.02093947694665,2.76878764519824,0,26.702
"SARIMA","Mulanje",1,"month","incidence",2024-06-01,2024-07-01,0,0,0,0,1,1,1,1,1,1,1,1,1,1,1,1,1,1,1,1,1,1,1,0,0,0,0,0,0,0,1,1,1,1,10.6087879957727,12,TRUE,5.84006152021437,1.90019159287588,3.9398699273385,0,34.6835
"SARIMA","Mulanje",2,"month","incidence",2024-06-01,2024-08-01,0,0,0,0,0,0,0,1,1,1,1,1,1,1,1,1,1,1,1,1,1,1,1,0,0,0,0,1,1,1,1,1,1,1,7.23510482182676,12,TRUE,3.93139144067346,2.32099359515579,1.61039784551767,0,34.9381
"SARIMA","Mulanje",3,"month","incidence",2024-06-01,2024-09-01,0,0,0,0,0,0,0,0,0,1,1,1,1,1,1,1,1,1,1,1,1,1,1,0,0,1,1,1,1,1,1,1,1,1,3.62040518613261,12,TRUE,3.12332747579427,2.76378364983131,0.359543825962961,0,42.1083
"SARIMA","Mwanza",1,"month","incidence",2024-06-01,2024-07-01,1,1,1,1,1,1,1,1,1,1,1,1,1,1,1,1,1,1,1,1,1,1,1,0,0,0,0,0,0,0,0,0,0,0,45.2602646704523,12,TRUE,31.8620958670789,3.81571343828312,28.0463824287958,0,56.5942
"SARIMA","Mwanza",2,"month","incidence",2024-06-01,2024-08-01,0,0,0,1,1,1,1,1,1,1,1,1,1,1,1,1,1,1,1,1,1,1,1,0,0,0,0,0,0,0,0,1,1,1,28.2508023782261,12,TRUE,16.2960001994569,4.20371419124759,12.0922860082093,0,59.4487
"SARIMA","Mwanza",3,"month","incidence",2024-06-01,2024-09-01,0,1,1,1,1,1,1,1,1,1,1,1,1,1,1,1,1,1,1,1,1,1,1,0,0,0,0,0,0,0,0,0,0,1,49.66579075067,12,TRUE,32.3110105779751,5.08842972084553,27.2225808571296,0,51.7771
"SARIMA","Mzimba",1,"month","incidence",2024-06-01,2024-07-01,0,1,1,1,1,1,1,1,1,1,1,1,1,1,1,1,1,1,1,1,1,1,1,0,0,0,0,0,0,0,0,0,0,1,24.6113273204969,12,TRUE,16.461792864953,2.345694190127,14.116098674826,0,19.1046
"SARIMA","Mzimba",2,"month","incidence",2024-06-01,2024-08-01,0,0,0,0,0,0,0,0,0,0,0,0,0,1,1,1,1,1,1,1,1,1,1,0,1,1,1,1,1,1,1,1,1,1,2.08849634392642,12,TRUE,2.63412507252709,2.49118228925441,0,0.142942783272679,19.1122
"SARIMA","Mzimba",3,"month","incidence",2024-06-01,2024-09-01,0,0,0,0,0,1,1,1,1,1,1,1,1,1,1,1,1,1,1,1,1,1,1,0,0,0,0,0,0,1,1,1,1,1,14.9878148705701,12,TRUE,8.02199698354289,3.0890329473203,4.93296403622259,0,16.3611
"SARIMA","Neno",1,"month","incidence",2024-06-01,2024-07-01,0,0,0,0,0,0,0,0,1,1,1,1,1,1,1,1,1,1,1,1,1,1,1,0,0,0,1,1,1,1,1,1,1,1,11.5169671476281,12,TRUE,7.34695485046774,5.58347187175404,1.7634829787137,0,84.3177
"SARIMA","Neno",2,"month","incidence",2024-06-01,2024-08-01,0,0,0,0,0,0,0,0,0,0,0,0,1,1,1,1,1,1,1,1,1,1,1,1,1,1,1,1,1,1,1,1,1,1,0.0474619319773666,12,TRUE,7.89405393304029,7.89199037078041,0,0.0020635622598855,81.3951
"SARIMA","Neno",3,"month","incidence",2024-06-01,2024-09-01,0,0,0,0,0,0,0,0,0,1,1,1,1,1,1,1,1,1,1,1,1,1,1,0,0,1,1,1,1,1,1,1,1,1,17.4803924960741,12,TRUE,11.9668683551603,9.6626667229655,2.30420163219484,0,78.6905
"SARIMA","Nkhatabay",1,"month","incidence",2024-06-01,2024-07-01,0,0,0,0,0,0,0,0,0,0,0,0,0,0,0,0,0,0,0,1,1,1,1,0,0,0,0,0,0,0,1,1,1,1,17.5611623098179,12,TRUE,9.75456910277619,2.9917262612339,0,6.76284284154229,103.7419
"SARIMA","Nkhatabay",2,"month","incidence",2024-06-01,2024-08-01,0,0,0,0,0,0,0,0,0,0,0,0,0,0,0,0,1,1,1,1,1,1,1,0,0,0,0,1,1,1,1,1,1,1,11.2194548793698,12,TRUE,6.1849611676099,3.78598350109316,0,2.39897766651673,94.7016
"SARIMA","Nkhatabay",3,"month","incidence",2024-06-01,2024-09-01,0,0,0,0,0,0,0,0,0,0,0,0,0,0,0,0,0,0,0,1,1,1,1,0,0,0,0,0,0,0,1,1,1,1,21.1392021754691,12,TRUE,11.4067911313361,4.19182902940355,0,7.21496210193253,102.5285
"SARIMA","Nkhotakota",1,"month","incidence",2024-06-01,2024-07-01,0,0,0,0,0,0,0,0,0,0,0,0,1,1,1,1,1,1,1,1,1,1,1,1,1,1,1,1,1,1,1,1,1,1,0.731858130170068,12,TRUE,2.39152017635744,2.35970025765439,0,0.0318199187030464,84.0886
"SARIMA","Nkhotakota",2,"month","incidence",2024-06-01,2024-08-01,0,0,0,0,0,0,0,0,0,0,0,1,1,1,1,1,1,1,1,1,1,1,1,1,1,1,1,1,1,1,1,1,1,1,1.83385089984239,12,TRUE,3.24931163082365,3.16957898300441,0.0797326478192343,0,89.6894
"SARIMA","Nkhotakota",3,"month","incidence",2024-06-01,2024-09-01,0,0,0,1,1,1,1,1,1,1,1,1,1,1,1,1,1,1,1,1,1,1,1,0,0,0,0,0,0,0,0,1,1,1,26.3126289760081,12,TRUE,15.4191022559582,3.69426102065511,11.7248412353031,0,68.2569
"SARIMA","Nsanje",1,"month","incidence",2024-06-01,2024-07-01,0,0,0,0,0,0,0,0,0,0,0,0,0,0,0,0,1,1,1,1,1,1,1,0,0,0,0,1,1,1,1,1,1,1,6.45725294418911,12,TRUE,3.5258232061706,2.10753143077517,0,1.41829177539544,42.8596
"SARIMA","Nsanje",2,"month","incidence",2024-06-01,2024-08-01,0,0,0,0,0,0,0,0,0,0,0,0,0,0,0,0,0,0,0,0,0,0,1,0,0,0,0,0,0,0,0,0,0,1,24.4888252462561,12,TRUE,15.6794241741885,2.6054679180811,0,13.0739562561074,51.3352
"SARIMA","Nsanje",3,"month","incidence",2024-06-01,2024-09-01,0,0,0,0,0,0,0,0,0,0,0,0,0,0,0,0,0,0,0,0,1,1,1,0,0,0,0,0,0,0,0,1,1,1,19.3955779731537,12,TRUE,11.4925224399501,2.60687343682797,0,8.88564900312209,51.284
"SARIMA","Ntcheu",1,"month","incidence",2024-06-01,2024-07-01,0,0,0,0,0,0,0,0,0,0,0,0,0,0,1,1,1,1,1,1,1,1,1,0,0,1,1,1,1,1,1,1,1,1,3.43130339603766,12,TRUE,2.38317454732392,1.9369056101146,0,0.446268937209319,24.0863
"SARIMA","Ntcheu",2,"month","incidence",2024-06-01,2024-08-01,0,0,0,0,0,0,0,0,0,0,0,0,1,1,1,1,1,1,1,1,1,1,1,1,1,1,1,1,1,1,1,1,1,1,0.767348081317031,12,TRUE,2.38883863256617,2.35547567250891,0,0.0333629600572622,17.621
"SARIMA","Ntcheu",3,"month","incidence",2024-06-01,2024-09-01,0,0,0,0,0,0,0,0,0,1,1,1,1,1,1,1,1,1,1,1,1,1,1,0,0,1,1,1,1,1,1,1,1,1,4.43639858470418,12,TRUE,3.13769941340789,2.57484213491216,0.562857278495721,0,14.824
"SARIMA","Ntchisi",1,"month","incidence",2024-06-01,2024-07-01,0,0,1,1,1,1,1,1,1,1,1,1,1,1,1,1,1,1,1,1,1,1,1,0,0,0,0,0,0,0,0,0,1,1,27.2731418424369,12,TRUE,17.1918599998659,3.02958327886463,14.1622767210013,0,47.9145
"SARIMA","Ntchisi",2,"month","incidence",2024-06-01,2024-08-01,0,0,1,1,1,1,1,1,1,1,1,1,1,1,1,1,1,1,1,1,1,1,1,0,0,0,0,0,0,0,0,0,1,1,31.627837974767,12,TRUE,19.560765699226,3.72677496135273,15.8339907378733,0,41.9
"SARIMA","Ntchisi",3,"month","incidence",2024-06-01,2024-09-01,0,0,0,0,1,1,1,1,1,1,1,1,1,1,1,1,1,1,1,1,1,1,1,0,0,0,0,0,0,0,1,1,1,1,25.0732422899638,12,TRUE,13.9038561216143,4.31269386596767,9.59116225564662,0,59.9091
"SARIMA","Phalombe",1,"month","incidence",2024-06-01,2024-07-01,0,0,0,0,0,0,0,0,0,0,0,0,0,0,0,0,1,1,1,1,1,1,1,0,0,0,0,1,1,1,1,1,1,1,3.87184199705124,12,TRUE,2.1258052992155,1.29251867310259,0,0.833286626112904,15.1961
"SARIMA","Phalombe",2,"month","incidence",2024-06-01,2024-08-01,0,0,0,0,0,0,0,0,0,0,0,0,0,1,1,1,1,1,1,1,1,1,1,0,1,1,1,1,1,1,1,1,1,1,2.14343813440816,12,TRUE,2.06392642362539,1.88212010946802,0,0.181806314157365,15.1126
"SARIMA","Phalombe",3,"month","incidence",2024-06-01,2024-09-01,0,0,0,0,0,0,0,0,0,1,1,1,1,1,1,1,1,1,1,1,1,1,1,0,0,1,1,1,1,1,1,1,1,1,3.2432794355467,12,TRUE,2.49794532715087,2.12257679354792,0.375368533602942,0,14.4941
"SARIMA","Rumphi",1,"month","incidence",2024-06-01,2024-07-01,0,0,0,0,0,0,1,1,1,1,1,1,1,1,1,1,1,1,1,1,1,1,1,0,0,0,0,0,1,1,1,1,1,1,8.25556379668049,12,TRUE,4.41390308345351,2.34225880807735,2.07164427537616,0,19.5612
"SARIMA","Rumphi",2,"month","incidence",2024-06-01,2024-08-01,0,0,0,0,0,0,1,1,1,1,1,1,1,1,1,1,1,1,1,1,1,1,1,0,0,0,0,0,1,1,1,1,1,1,10.0611326789132,12,TRUE,5.40864169625416,3.08946593825833,2.31917575799583,0,13.5548
"SARIMA","Rumphi",3,"month","incidence",2024-06-01,2024-09-01,0,0,0,0,0,0,0,0,1,1,1,1,1,1,1,1,1,1,1,1,1,1,1,0,0,0,1,1,1,1,1,1,1,1,7.59897199828036,12,TRUE,4.70361925122979,3.51051492366134,1.19310432756845,0,13.2426
"SARIMA","Salima",1,"month","incidence",2024-06-01,2024-07-01,0,0,0,0,0,0,0,0,0,0,0,0,0,0,0,0,1,1,1,1,1,1,1,0,0,0,0,1,1,1,1,1,1,1,8.45954619832069,12,TRUE,4.70920128759506,2.95105703885211,0,1.75814424874295,54.2609
"SARIMA","Salima",2,"month","incidence",2024-06-01,2024-08-01,0,0,0,0,0,0,0,0,0,0,0,0,0,0,0,0,1,1,1,1,1,1,1,0,0,0,0,1,1,1,1,1,1,1,10.8606712149073,12,TRUE,5.89380317001938,3.46794769101077,0,2.42585547900862,55.9208
"SARIMA","Salima",3,"month","incidence",2024-06-01,2024-09-01,0,0,0,0,0,0,0,0,0,0,0,0,0,0,1,1,1,1,1,1,1,1,1,0,0,1,1,1,1,1,1,1,1,1,6.43999926559123,12,TRUE,4.48274056246468,3.64683083262427,0,0.835909729840409,56.0144
"SARIMA","Thyolo",1,"month","incidence",2024-06-01,2024-07-01,0,0,0,0,0,1,1,1,1,1,1,1,1,1,1,1,1,1,1,1,1,1,1,0,0,0,0,0,0,1,1,1,1,1,4.866603703918,12,TRUE,2.58521094121981,1.1435850486006,1.44162589261921,0,18.1233
"SARIMA","Thyolo",2,"month","incidence",2024-06-01,2024-08-01,0,0,0,0,0,0,0,0,0,1,1,1,1,1,1,1,1,1,1,1,1,1,1,0,0,1,1,1,1,1,1,1,1,1,1.657003703918,12,TRUE,1.51399634452874,1.36490029603695,0.149096048491786,0,21.3521
"SARIMA","Thyolo",3,"month","incidence",2024-06-01,2024-09-01,0,0,0,0,0,0,0,1,1,1,1,1,1,1,1,1,1,1,1,1,1,1,1,0,0,0,0,1,1,1,1,1,1,1,4.321303703918,12,TRUE,2.42810460995346,1.55503018390663,0.873074426046829,0,23.529
"SARIMA","Zomba",1,"month","incidence",2024-06-01,2024-07-01,1,1,1,1,1,1,1,1,1,1,1,1,1,1,1,1,1,1,1,1,1,1,1,0,0,0,0,0,0,0,0,0,0,0,27.3134971655263,12,TRUE,19.9098761252651,2.10850428217978,17.8013718430854,0,40.3242
"SARIMA","Zomba",2,"month","incidence",2024-06-01,2024-08-01,0,0,0,1,1,1,1,1,1,1,1,1,1,1,1,1,1,1,1,1,1,1,1,0,0,0,0,0,0,0,0,1,1,1,17.3397903189385,12,TRUE,10.1986285459659,2.4000342244244,7.79859432154147,0,41.8913
"SARIMA","Zomba",3,"month","incidence",2024-06-01,2024-09-01,1,1,1,1,1,1,1,1,1,1,1,1,1,1,1,1,1,1,1,1,1,1,1,0,0,0,0,0,0,0,0,0,0,0,36.9557559858008,12,TRUE,26.8558029665524,2.87640251642979,23.9794004501226,0,34.6691
"SARIMA","Balaka",1,"month","incidence",2024-07-01,2024-08-01,0,0,0,0,0,0,0,0,0,0,0,0,0,0,0,0,1,1,1,1,1,1,1,0,0,0,0,1,1,1,1,1,1,1,6.13261986979527,12,TRUE,3.41947774096432,2.2275941989825,0,1.19188354198181,18.3184
"SARIMA","Balaka",2,"month","incidence",2024-07-01,2024-09-01,0,0,0,0,0,0,0,0,0,0,0,0,1,1,1,1,1,1,1,1,1,1,1,1,1,1,1,1,1,1,1,1,1,1,0.708649124591433,12,TRUE,2.89674359833635,2.86593276683237,0,0.0308108315039754,15.5057
"SARIMA","Balaka",3,"month","incidence",2024-07-01,2024-10-01,0,0,0,0,0,0,0,0,1,1,1,1,1,1,1,1,1,1,1,1,1,1,1,0,0,0,1,1,1,1,1,1,1,1,7.78860940445947,12,TRUE,4.64958685068958,3.34306865602781,1.30651819466177,0,12.4632
"SARIMA","Blantyre",1,"month","incidence",2024-07-01,2024-08-01,0,0,0,0,0,0,0,0,0,0,0,0,0,0,1,1,1,1,1,1,1,1,1,0,0,1,1,1,1,1,1,1,1,1,1.95432818339249,12,TRUE,1.66231374737333,1.46389428737782,0,0.198419459995513,25.377
"SARIMA","Blantyre",2,"month","incidence",2024-07-01,2024-09-01,0,0,0,0,0,0,0,0,0,0,0,0,0,0,0,0,0,1,1,1,1,1,1,0,0,0,0,0,1,1,1,1,1,1,6.39942818339249,12,TRUE,3.39796340872014,1.69819315414321,0,1.69977025457692,24.6616
"SARIMA","Blantyre",3,"month","incidence",2024-07-01,2024-10-01,0,0,0,0,0,0,0,1,1,1,1,1,1,1,1,1,1,1,1,1,1,1,1,0,0,0,0,1,1,1,1,1,1,1,4.9717718166075,12,TRUE,2.84821147778535,1.9043106416084,0.943900836176951,0,16.7682
"SARIMA","Chikwawa",1,"month","incidence",2024-07-01,2024-08-01,0,0,0,0,0,0,0,0,0,0,0,0,0,0,0,0,0,0,1,1,1,1,1,0,0,0,0,0,0,1,1,1,1,1,8.81765193602228,12,TRUE,4.70281673036701,1.94244089430974,0,2.76037583605727,39.3722
"SARIMA","Chikwawa",2,"month","incidence",2024-07-01,2024-09-01,0,0,0,0,0,0,0,0,0,0,0,0,0,1,1,1,1,1,1,1,1,1,1,0,1,1,1,1,1,1,1,1,1,1,2.06548358064302,12,TRUE,2.21113815621346,2.04669065487974,0,0.164447501333722,28.6544
"SARIMA","Chikwawa",3,"month","incidence",2024-07-01,2024-10-01,0,0,0,1,1,1,1,1,1,1,1,1,1,1,1,1,1,1,1,1,1,1,1,0,0,0,0,0,0,0,0,1,1,1,14.7987977639162,12,TRUE,8.304265711064,2.41283050466244,5.89143520640156,0,10.3026
"SARIMA","Chiradzulu",1,"month","incidence",2024-07-01,2024-08-01,0,0,0,0,0,0,0,0,0,0,0,0,0,0,0,1,1,1,1,1,1,1,1,0,0,0,1,1,1,1,1,1,1,1,4.89530402781786,12,TRUE,2.80464138575549,1.93942034078538,0,0.865221044970117,15.3332
"SARIMA","Chiradzulu",2,"month","incidence",2024-07-01,2024-09-01,0,0,0,0,0,0,0,0,0,0,1,1,1,1,1,1,1,1,1,1,1,1,1,0,1,1,1,1,1,1,1,1,1,1,2.72122230809087,12,TRUE,2.80462912318045,2.58589193820511,0.218737184975339,0,11.9738
"SARIMA","Chiradzulu",3,"month","incidence",2024-07-01,2024-10-01,0,0,0,0,0,0,0,0,0,0,0,0,0,0,0,0,0,1,1,1,1,1,1,0,0,0,0,0,1,1,1,1,1,1,10.6284593583829,12,TRUE,4.36379491485401,1.65567645384659,0,2.70811846100741,11.5018
"SARIMA","Chitipa",1,"month","incidence",2024-07-01,2024-08-01,0,0,0,0,0,0,0,0,0,0,0,1,1,1,1,1,1,1,1,1,1,1,1,1,1,1,1,1,1,1,1,1,1,1,0.731014605773209,12,TRUE,1.78809162866439,1.75630838493512,0.03178324372927,0,13.1704
"SARIMA","Chitipa",2,"month","incidence",2024-07-01,2024-09-01,0,0,0,0,0,0,0,0,0,0,0,0,0,0,1,1,1,1,1,1,1,1,1,0,0,1,1,1,1,1,1,1,1,1,2.74398228570106,12,TRUE,2.30808347402406,2.03971263321602,0,0.268370840808038,12.9594
"SARIMA","Chitipa",3,"month","incidence",2024-07-01,2024-10-01,0,0,0,0,0,0,0,0,0,0,0,0,0,0,0,0,1,1,1,1,1,1,1,0,0,0,0,1,1,1,1,1,1,1,5.92113991858801,12,TRUE,3.28997669712479,2.16227798911164,0,1.12769870801315,16.4055
"SARIMA","Dedza",1,"month","incidence",2024-07-01,2024-08-01,0,0,0,0,0,0,0,0,0,0,0,0,0,0,1,1,1,1,1,1,1,1,1,0,0,1,1,1,1,1,1,1,1,1,1.58010346509747,12,TRUE,1.40468029353172,1.25881066013204,0,0.145869633399682,9.9271
"SARIMA","Dedza",2,"month","incidence",2024-07-01,2024-09-01,0,0,0,0,0,0,0,0,0,0,0,0,0,0,0,1,1,1,1,1,1,1,1,0,0,0,1,1,1,1,1,1,1,1,2.67790624042432,12,TRUE,1.73622297758363,1.35380376698057,0,0.38241921060306,10.5707
"SARIMA","Dedza",3,"month","incidence",2024-07-01,2024-10-01,0,0,0,0,0,0,0,0,0,0,0,1,1,1,1,1,1,1,1,1,1,1,1,1,1,1,1,1,1,1,1,1,1,1,0.810135706040306,12,TRUE,1.60998229165067,1.5747590000837,0.0352232915669698,0,13.9637
"SARIMA","Dowa",1,"month","incidence",2024-07-01,2024-08-01,0,0,0,0,0,0,0,0,0,0,0,0,0,0,1,1,1,1,1,1,1,1,1,0,0,1,1,1,1,1,1,1,1,1,3.33448591531286,12,TRUE,2.78021118330808,2.447091900344,0,0.333119282964079,16.1704
"SARIMA","Dowa",2,"month","incidence",2024-07-01,2024-09-01,0,0,0,0,0,0,0,0,0,0,0,0,0,0,0,1,1,1,1,1,1,1,1,0,0,0,1,1,1,1,1,1,1,1,8.74626350454565,12,TRUE,4.83963801686935,3.29490298354968,0,1.54473503331966,21.6411
"SARIMA","Dowa",3,"month","incidence",2024-07-01,2024-10-01,0,0,0,0,0,0,0,0,0,0,0,0,0,0,0,0,1,1,1,1,1,1,1,0,0,0,0,1,1,1,1,1,1,1,11.8940743269669,12,TRUE,6.47199853472029,4.12469115357443,0,2.34730738114585,29.8417
"SARIMA","Karonga",1,"month","incidence",2024-07-01,2024-08-01,0,0,0,0,0,0,0,0,0,0,0,0,0,0,0,0,0,0,0,0,0,1,1,0,0,0,0,0,0,0,0,0,1,1,12.1622963351501,12,TRUE,7.3117678995509,1.55240973367495,0,5.75935816587594,47.3364
"SARIMA","Karonga",2,"month","incidence",2024-07-01,2024-09-01,0,0,0,0,0,0,0,0,0,0,0,0,0,0,0,0,0,0,0,1,1,1,1,0,0,0,0,0,0,0,1,1,1,1,9.4582392670582,12,TRUE,5.21870058645928,1.6729589293119,0,3.54574165714737,47.7614
"SARIMA","Karonga",3,"month","incidence",2024-07-01,2024-10-01,0,0,0,0,0,0,0,0,0,0,0,1,1,1,1,1,1,1,1,1,1,1,1,1,1,1,1,1,1,1,1,1,1,1,0.884881987970601,12,TRUE,1.97971913342868,1.94124600351692,0.0384731299117653,0,35.1026
"SARIMA","Kasungu",1,"month","incidence",2024-07-01,2024-08-01,0,0,0,0,0,0,0,0,0,0,1,1,1,1,1,1,1,1,1,1,1,1,1,0,1,1,1,1,1,1,1,1,1,1,3.54584522258538,12,TRUE,3.37773686428731,3.07286398707758,0.304872877209732,0,29.1487
"SARIMA","Kasungu",2,"month","incidence",2024-07-01,2024-09-01,0,0,0,0,0,0,0,0,0,0,0,0,0,0,0,1,1,1,1,1,1,1,1,0,0,0,1,1,1,1,1,1,1,1,8.3274865297415,12,TRUE,5.02808276033338,3.65838211993438,0,1.36970064039899,30.4056
"SARIMA","Kasungu",3,"month","incidence",2024-07-01,2024-10-01,0,0,0,0,0,0,0,0,0,0,0,0,0,0,1,1,1,1,1,1,1,1,1,0,0,1,1,1,1,1,1,1,1,1,5.96559299108575,12,TRUE,4.99596286232775,4.38701424291322,0,0.608948619414526,35.739
"SARIMA","Likoma",1,"month","incidence",2024-07-01,2024-08-01,0,0,0,0,0,0,0,0,0,0,0,0,0,0,0,0,0,0,0,1,1,1,1,0,0,0,0,0,0,0,1,1,1,1,12.7477327910032,12,TRUE,6.88844898600929,2.51069842107163,0,4.37775056493766,51.3434
"SARIMA","Likoma",2,"month","incidence",2024-07-01,2024-09-01,0,0,0,0,0,0,0,0,0,0,0,0,0,0,0,0,0,0,0,1,1,1,1,0,0,0,0,0,0,0,1,1,1,1,17.7453094767383,12,TRUE,9.62985765706287,3.42296320494238,0,6.20689445212049,57.0482
"SARIMA","Likoma",3,"month","incidence",2024-07-01,2024-10-01,0,0,0,0,0,0,0,0,0,0,0,0,1,1,1,1,1,1,1,1,1,1,1,1,1,1,1,1,1,1,1,1,1,1,1.22905382254169,12,TRUE,3.66590636202224,3.61246923930304,0,0.0534371227192039,31.1005
"SARIMA","Lilongwe",1,"month","incidence",2024-07-01,2024-08-01,0,0,0,0,0,0,1,1,1,1,1,1,1,1,1,1,1,1,1,1,1,1,1,0,0,0,0,0,1,1,1,1,1,1,5.3053,12,TRUE,2.85979537665433,1.6223006532191,1.23749472343524,0,12.6792
"SARIMA","Lilongwe",2,"month","incidence",2024-07-01,2024-09-01,0,0,0,0,0,0,0,1,1,1,1,1,1,1,1,1,1,1,1,1,1,1,1,0,0,0,0,1,1,1,1,1,1,1,6.9698,12,TRUE,3.81088550577346,2.29025231661219,1.52063318916127,0,13.9387
"SARIMA","Lilongwe",3,"month","incidence",2024-07-01,2024-10-01,0,0,0,0,0,0,0,0,1,1,1,1,1,1,1,1,1,1,1,1,1,1,1,0,0,0,1,1,1,1,1,1,1,1,5.35329999999999,12,TRUE,3.55408070102151,2.80132419330938,0.752756507712136,0,19.0548
"SARIMA","Machinga",1,"month","incidence",2024-07-01,2024-08-01,0,0,0,0,0,0,1,1,1,1,1,1,1,1,1,1,1,1,1,1,1,1,1,0,0,0,0,0,1,1,1,1,1,1,6.5431128784836,12,TRUE,3.49617189915019,1.84555985065299,1.65061204849719,0,30.2156
"SARIMA","Machinga",2,"month","incidence",2024-07-01,2024-09-01,0,0,1,1,1,1,1,1,1,1,1,1,1,1,1,1,1,1,1,1,1,1,1,0,0,0,0,0,0,0,0,0,1,1,17.3084474319691,12,TRUE,10.5970920674323,2.10056180414225,8.49653026329004,0,27.3001
"SARIMA","Machinga",3,"month","incidence",2024-07-01,2024-10-01,0,0,1,1,1,1,1,1,1,1,1,1,1,1,1,1,1,1,1,1,1,1,1,0,0,0,0,0,0,0,0,0,1,1,20.0990145394078,12,TRUE,12.7419893481104,2.1915684885752,10.5504208595352,0,23.0928
"SARIMA","Mangochi",1,"month","incidence",2024-07-01,2024-08-01,0,0,0,0,0,0,0,0,0,0,0,0,0,0,1,1,1,1,1,1,1,1,1,0,0,1,1,1,1,1,1,1,1,1,1.6549590168439,12,TRUE,1.34857418182993,1.16973447071957,0,0.178839711110362,24.5624
"SARIMA","Mangochi",2,"month","incidence",2024-07-01,2024-09-01,0,0,0,0,0,0,0,0,0,0,0,0,0,0,0,0,1,1,1,1,1,1,1,0,0,0,0,1,1,1,1,1,1,1,4.76928443488571,12,TRUE,2.60872856167431,1.56626773505893,0,1.04246082661538,29.1713
"SARIMA","Mangochi",3,"month","incidence",2024-07-01,2024-10-01,0,0,0,0,0,0,0,0,0,0,0,1,1,1,1,1,1,1,1,1,1,1,1,1,1,1,1,1,1,1,1,1,1,1,0.548330832065748,12,TRUE,1.69241613761757,1.66857566665819,0.0238404709593803,0,22.6821
"SARIMA","Mchinji",1,"month","incidence",2024-07-01,2024-08-01,0,0,0,0,0,0,0,0,0,1,1,1,1,1,1,1,1,1,1,1,1,1,1,0,0,1,1,1,1,1,1,1,1,1,4.74665709345557,12,TRUE,3.50395900822275,2.9244258766204,0.579533131602346,0,27.7082
"SARIMA","Mchinji",2,"month","incidence",2024-07-01,2024-09-01,0,0,0,0,0,0,0,1,1,1,1,1,1,1,1,1,1,1,1,1,1,1,1,0,0,0,0,1,1,1,1,1,1,1,12.9886731807427,12,TRUE,7.03270624408922,4.11903230867098,2.91367393541823,0,26.702
"SARIMA","Mchinji",3,"month","incidence",2024-07-01,2024-10-01,0,0,0,0,0,0,0,0,1,1,1,1,1,1,1,1,1,1,1,1,1,1,1,0,0,0,1,1,1,1,1,1,1,1,11.201703235028,12,TRUE,6.87391850728705,5.03857202883639,1.83534647845066,0,35.9235
"SARIMA","Mulanje",1,"month","incidence",2024-07-01,2024-08-01,0,0,0,0,0,0,0,0,0,0,0,1,1,1,1,1,1,1,1,1,1,1,1,1,1,1,1,1,1,1,1,1,1,1,0.513815617722052,12,TRUE,1.92802002093634,1.90568021147016,0.0223398094661762,0,34.9381
"SARIMA","Mulanje",2,"month","incidence",2024-07-01,2024-09-01,0,0,0,0,0,0,0,0,0,0,0,0,0,0,1,1,1,1,1,1,1,1,1,0,0,1,1,1,1,1,1,1,1,1,3.86884736709631,12,TRUE,2.85417127170146,2.38148440520115,0,0.472686866500313,42.1083
"SARIMA","Mulanje",3,"month","incidence",2024-07-01,2024-10-01,0,0,0,0,0,0,0,0,0,0,0,0,1,1,1,1,1,1,1,1,1,1,1,1,1,1,1,1,1,1,1,1,1,1,1.10725130802194,12,TRUE,2.82506751153382,2.77692615031547,0,0.0481413612183451,44.9503
"SARIMA","Mwanza",1,"month","incidence",2024-07-01,2024-08-01,0,0,0,0,0,0,0,0,0,0,0,0,0,0,0,0,0,1,1,1,1,1,1,0,0,0,0,0,1,1,1,1,1,1,11.995107391053,12,TRUE,6.47827777815899,3.7302245869613,0,2.74805319119769,59.4487
"SARIMA","Mwanza",2,"month","incidence",2024-07-01,2024-09-01,0,0,0,1,1,1,1,1,1,1,1,1,1,1,1,1,1,1,1,1,1,1,1,0,0,0,0,0,0,0,0,1,1,1,31.1203128024927,12,TRUE,17.9242476546021,4.65543428100267,13.2688133735994,0,51.7771
"SARIMA","Mwanza",3,"month","incidence",2024-07-01,2024-10-01,0,0,0,0,0,0,1,1,1,1,1,1,1,1,1,1,1,1,1,1,1,1,1,0,0,0,0,0,1,1,1,1,1,1,19.0938440946404,12,TRUE,10.2794227448692,5.77319006885707,4.50623267601213,0,53.6249
"SARIMA","Mzimba",1,"month","incidence",2024-07-01,2024-08-01,0,0,0,0,0,0,0,0,0,0,0,0,1,1,1,1,1,1,1,1,1,1,1,1,1,1,1,1,1,1,1,1,1,1,1.22688538136264,12,TRUE,2.439359762751,2.38601692008306,0,0.0533428426679407,19.1122
"SARIMA","Mzimba",2,"month","incidence",2024-07-01,2024-09-01,0,0,0,0,0,0,0,0,0,1,1,1,1,1,1,1,1,1,1,1,1,1,1,0,0,1,1,1,1,1,1,1,1,1,3.91661461863737,12,TRUE,3.11885953051985,2.68612983438791,0.432729696131944,0,16.3611
"SARIMA","Mzimba",3,"month","incidence",2024-07-01,2024-10-01,0,0,0,0,0,0,0,0,0,0,1,1,1,1,1,1,1,1,1,1,1,1,1,0,1,1,1,1,1,1,1,1,1,1,2.83951461863737,12,TRUE,3.16254966742117,2.9449043412035,0.217645326217663,0,18.0859
"SARIMA","Neno",1,"month","incidence",2024-07-01,2024-08-01,0,0,0,0,0,0,0,0,0,0,0,0,0,0,0,1,1,1,1,1,1,1,1,0,0,0,1,1,1,1,1,1,1,1,11.5938443595434,12,TRUE,7.36361971250807,5.57368711101362,0,1.78993260149445,81.3951
"SARIMA","Neno",2,"month","incidence",2024-07-01,2024-09-01,0,0,0,0,0,0,0,0,0,0,1,1,1,1,1,1,1,1,1,1,1,1,1,0,1,1,1,1,1,1,1,1,1,1,5.96001751179121,12,TRUE,8.25430595778768,7.88115607687997,0.373149880907706,0,78.6905
"SARIMA","Neno",3,"month","incidence",2024-07-01,2024-10-01,0,0,0,0,0,0,0,0,0,0,1,1,1,1,1,1,1,1,1,1,1,1,1,0,1,1,1,1,1,1,1,1,1,1,8.90860152146111,12,TRUE,10.2847181601009,9.61782206496084,0.666896095140022,0,72.7813
"SARIMA","Nkhatabay",1,"month","incidence",2024-07-01,2024-08-01,0,0,0,0,0,0,0,0,0,0,1,1,1,1,1,1,1,1,1,1,1,1,1,0,1,1,1,1,1,1,1,1,1,1,2.95943223854817,12,TRUE,3.25625069022386,3.02539342117119,0.230857269052667,0,94.7016
"SARIMA","Nkhatabay",2,"month","incidence",2024-07-01,2024-09-01,0,0,0,0,0,0,0,0,0,0,0,0,0,0,0,0,1,1,1,1,1,1,1,0,0,0,0,1,1,1,1,1,1,1,9.62680925663808,12,TRUE,5.58824404058522,3.84186814426912,0,1.7463758963161,102.5285
"SARIMA","Nkhatabay",3,"month","incidence",2024-07-01,2024-10-01,0,0,0,0,0,0,0,0,0,0,0,0,0,0,0,0,0,0,1,1,1,1,1,0,0,0,0,0,0,1,1,1,1,1,19.1235255464832,12,TRUE,10.1917235852411,4.26551895446979,0,5.92620463077136,108.3002
"SARIMA","Nkhotakota",1,"month","incidence",2024-07-01,2024-08-01,0,0,0,0,0,0,0,0,0,0,0,0,0,0,0,0,1,1,1,1,1,1,1,0,0,0,0,1,1,1,1,1,1,1,6.01462364407229,12,TRUE,3.35232093343387,2.10689963224908,0,1.24542130118479,89.6894
"SARIMA","Nkhotakota",2,"month","incidence",2024-07-01,2024-09-01,0,0,1,1,1,1,1,1,1,1,1,1,1,1,1,1,1,1,1,1,1,1,1,0,0,0,0,0,0,0,0,0,1,1,23.1661020987476,12,TRUE,14.2026504267086,2.80054677871928,11.4021036479894,0,68.2569
"SARIMA","Nkhotakota",3,"month","incidence",2024-07-01,2024-10-01,0,0,0,0,0,0,1,1,1,1,1,1,1,1,1,1,1,1,1,1,1,1,1,0,0,0,0,0,1,1,1,1,1,1,10.6905225747151,12,TRUE,5.75804958689305,3.24578349601738,2.51226609087567,0,77.8039
"SARIMA","Nsanje",1,"month","incidence",2024-07-01,2024-08-01,0,0,0,0,0,0,0,0,0,0,0,0,0,0,0,0,0,0,0,0,0,0,1,0,0,0,0,0,0,0,0,0,0,1,19.9294102554147,12,TRUE,12.7811843228899,2.11376211856404,0,10.6674222043259,51.3352
"SARIMA","Nsanje",2,"month","incidence",2024-07-01,2024-09-01,0,0,0,0,0,0,0,0,0,0,0,0,0,0,0,0,0,0,0,0,1,1,1,0,0,0,0,0,0,0,0,1,1,1,19.327635476864,12,TRUE,11.4070649956123,2.63918185930546,0,8.76788313630689,51.284
"SARIMA","Nsanje",3,"month","incidence",2024-07-01,2024-10-01,0,0,0,0,0,0,0,0,0,0,0,0,1,1,1,1,1,1,1,1,1,1,1,1,1,1,1,1,1,1,1,1,1,1,0.798876675507163,12,TRUE,2.67205193022707,2.63731816172676,0,0.0347337685003114,27.4711
"SARIMA","Ntcheu",1,"month","incidence",2024-07-01,2024-08-01,0,0,0,0,0,0,0,0,0,0,1,1,1,1,1,1,1,1,1,1,1,1,1,0,1,1,1,1,1,1,1,1,1,1,1.97215142670177,12,TRUE,2.10109869187198,1.94361190328102,0.157486788590968,0,17.621
"SARIMA","Ntcheu",2,"month","incidence",2024-07-01,2024-09-01,0,0,0,0,0,0,0,1,1,1,1,1,1,1,1,1,1,1,1,1,1,1,1,0,0,0,0,1,1,1,1,1,1,1,6.75832367539713,12,TRUE,3.76655217815307,2.37169668609068,1.39485549206239,0,14.824
"SARIMA","Ntcheu",3,"month","incidence",2024-07-01,2024-10-01,0,0,0,0,0,1,1,1,1,1,1,1,1,1,1,1,1,1,1,1,1,1,1,0,0,0,0,0,0,1,1,1,1,1,11.6719013381716,12,TRUE,6.22294122145152,2.58257035209605,3.64037086935546,0,16.0086
"SARIMA","Ntchisi",1,"month","incidence",2024-07-01,2024-08-01,0,0,0,0,0,0,1,1,1,1,1,1,1,1,1,1,1,1,1,1,1,1,1,0,0,0,0,0,1,1,1,1,1,1,11.3224779934616,12,TRUE,6.04232856411221,3.15542865882031,2.8868999052919,0,41.9
"SARIMA","Ntchisi",2,"month","incidence",2024-07-01,2024-09-01,0,0,0,0,0,0,0,0,0,1,1,1,1,1,1,1,1,1,1,1,1,1,1,0,0,1,1,1,1,1,1,1,1,1,5.01931094781157,12,TRUE,4.40913717689519,3.9251180759165,0.48401910097869,0,59.9091
"SARIMA","Ntchisi",3,"month","incidence",2024-07-01,2024-10-01,0,0,0,0,0,0,0,0,0,0,0,0,1,1,1,1,1,1,1,1,1,1,1,1,1,1,1,1,1,1,1,1,1,1,1.11765404410033,12,TRUE,4.61547155905751,4.56687790496619,0,0.0485936540913189,80.4837
"SARIMA","Phalombe",1,"month","incidence",2024-07-01,2024-08-01,0,0,0,0,0,1,1,1,1,1,1,1,1,1,1,1,1,1,1,1,1,1,1,0,0,0,0,0,0,1,1,1,1,1,5.35705160598984,12,TRUE,2.83666730625398,1.32156091791127,1.51510638834272,0,15.1126
"SARIMA","Phalombe",2,"month","incidence",2024-07-01,2024-09-01,0,0,0,0,0,1,1,1,1,1,1,1,1,1,1,1,1,1,1,1,1,1,1,0,0,0,0,0,0,1,1,1,1,1,9.02320293255591,12,TRUE,4.81009452309683,2.00396910822734,2.80612541486949,0,14.4941
"SARIMA","Phalombe",3,"month","incidence",2024-07-01,2024-10-01,0,0,0,0,0,1,1,1,1,1,1,1,1,1,1,1,1,1,1,1,1,1,1,0,0,0,0,0,0,1,1,1,1,1,10.3313581421658,12,TRUE,5.50894633941819,2.26342561684536,3.24552072257283,0,11.3996
"SARIMA","Rumphi",1,"month","incidence",2024-07-01,2024-08-01,0,0,0,0,0,0,0,0,0,0,1,1,1,1,1,1,1,1,1,1,1,1,1,0,1,1,1,1,1,1,1,1,1,1,2.70350430179539,12,TRUE,2.54390323463418,2.31120020133616,0.232703033298025,0,13.5548
"SARIMA","Rumphi",2,"month","incidence",2024-07-01,2024-09-01,0,0,0,0,0,0,0,0,0,0,0,1,1,1,1,1,1,1,1,1,1,1,1,1,1,1,1,1,1,1,1,1,1,1,1.0442525692742,12,TRUE,2.99767261790569,2.95227033228507,0.0454022856206175,0,13.2426
"SARIMA","Rumphi",3,"month","incidence",2024-07-01,2024-10-01,0,0,0,0,0,0,0,0,0,0,0,0,1,1,1,1,1,1,1,1,1,1,1,1,1,1,1,1,1,1,1,1,1,1,1.97877892003458,12,TRUE,3.35799060566267,3.27195673957421,0,0.0860338660884599,14.9735
"SARIMA","Salima",1,"month","incidence",2024-07-01,2024-08-01,0,0,0,0,0,0,0,0,0,0,0,0,0,0,0,1,1,1,1,1,1,1,1,0,0,0,1,1,1,1,1,1,1,1,6.15772568823053,12,TRUE,3.90024042633006,2.94470774661582,0,0.955532679714238,55.9208
"SARIMA","Salima",2,"month","incidence",2024-07-01,2024-09-01,0,0,0,0,0,0,0,0,0,0,0,0,0,1,1,1,1,1,1,1,1,1,1,0,1,1,1,1,1,1,1,1,1,1,3.65619897992672,12,TRUE,3.75296728725697,3.45316545225315,0,0.299801835003824,56.0144
"SARIMA","Salima",3,"month","incidence",2024-07-01,2024-10-01,0,0,0,0,0,0,1,1,1,1,1,1,1,1,1,1,1,1,1,1,1,1,1,0,0,0,0,0,1,1,1,1,1,1,13.3278339104452,12,TRUE,7.09513331246105,3.62691642276648,3.46821688969457,0,40.6427
"SARIMA","Thyolo",1,"month","incidence",2024-07-01,2024-08-01,0,0,0,0,0,0,0,0,0,0,0,0,0,0,1,1,1,1,1,1,1,1,1,0,0,1,1,1,1,1,1,1,1,1,1.91043056487466,12,TRUE,1.38784349566818,1.15048972277536,0,0.237353772892813,21.3521
"SARIMA","Thyolo",2,"month","incidence",2024-07-01,2024-09-01,0,0,0,0,0,0,0,0,0,0,0,1,1,1,1,1,1,1,1,1,1,1,1,1,1,1,1,1,1,1,1,1,1,1,0.753869435125338,12,TRUE,1.43745214843941,1.40467521647744,0.0327769319619712,0,23.529
"SARIMA","Thyolo",3,"month","incidence",2024-07-01,2024-10-01,0,0,0,0,0,0,0,0,0,0,0,0,1,1,1,1,1,1,1,1,1,1,1,1,1,1,1,1,1,1,1,1,1,1,0.444730564874664,12,TRUE,1.6387799436266,1.61944383211031,0,0.0193361115162898,21.7741
"SARIMA","Zomba",1,"month","incidence",2024-07-01,2024-08-01,0,0,0,0,0,0,0,0,0,0,0,1,1,1,1,1,1,1,1,1,1,1,1,1,1,1,1,1,1,1,1,1,1,1,0.526165582643294,12,TRUE,2.26677742139219,2.24390065692944,0.0228767644627519,0,41.8913
"SARIMA","Zomba",2,"month","incidence",2024-07-01,2024-09-01,0,0,0,0,1,1,1,1,1,1,1,1,1,1,1,1,1,1,1,1,1,1,1,0,0,0,0,0,0,0,1,1,1,1,15.9081941192822,12,TRUE,8.80803140738788,2.76011071303627,6.04792069435161,0,34.6691
"SARIMA","Zomba",3,"month","incidence",2024-07-01,2024-10-01,0,0,0,1,1,1,1,1,1,1,1,1,1,1,1,1,1,1,1,1,1,1,1,0,0,0,0,0,0,0,0,1,1,1,21.2876380592506,12,TRUE,12.1474720318133,3.28856745967798,8.85890457213536,0,35.7976
"SARIMA","Balaka",1,"month","incidence",2024-08-01,2024-09-01,0,0,0,0,0,0,0,0,0,1,1,1,1,1,1,1,1,1,1,1,1,1,1,0,0,1,1,1,1,1,1,1,1,1,4.22036160198473,12,TRUE,2.89164780623058,2.33709541288409,0.554552393346489,0,15.5057
"SARIMA","Balaka",2,"month","incidence",2024-08-01,2024-10-01,0,0,0,0,0,0,0,1,1,1,1,1,1,1,1,1,1,1,1,1,1,1,1,0,0,0,0,1,1,1,1,1,1,1,9.43536119727022,12,TRUE,5.10759057389215,3.01978194516447,2.08780862872768,0,12.4632
"SARIMA","Balaka",3,"month","incidence",2024-08-01,2024-11-01,0,0,0,0,0,1,1,1,1,1,1,1,1,1,1,1,1,1,1,1,1,1,1,0,0,0,0,0,0,1,1,1,1,1,14.9907104484072,12,TRUE,7.92157514654423,3.49547662806447,4.42609851847977,0,9.776
"SARIMA","Blantyre",1,"month","incidence",2024-08-01,2024-09-01,0,0,0,0,0,0,0,0,0,0,0,0,0,0,0,0,0,1,1,1,1,1,1,0,0,0,0,0,1,1,1,1,1,1,5.13313705395274,12,TRUE,2.74599860467778,1.46404399588092,0,1.28195460879686,24.6616
"SARIMA","Blantyre",2,"month","incidence",2024-08-01,2024-10-01,0,0,0,0,0,0,1,1,1,1,1,1,1,1,1,1,1,1,1,1,1,1,1,0,0,0,0,0,1,1,1,1,1,1,6.23806294604725,12,TRUE,3.3181026924704,1.68369218828639,1.63441050418401,0,16.7682
"SARIMA","Blantyre",3,"month","incidence",2024-08-01,2024-11-01,0,0,0,0,0,0,0,0,0,1,1,1,1,1,1,1,1,1,1,1,1,1,1,0,0,1,1,1,1,1,1,1,1,1,3.30076294604725,12,TRUE,2.3049181805017,1.87782159640319,0.42709658409851,0,19.0096
"SARIMA","Chikwawa",1,"month","incidence",2024-08-01,2024-09-01,0,0,0,0,0,0,0,0,0,0,0,1,1,1,1,1,1,1,1,1,1,1,1,1,1,1,1,1,1,1,1,1,1,1,0.969177028632661,12,TRUE,1.98090004705621,1.93876191537653,0.0421381316796809,0,28.6544
"SARIMA","Chikwawa",2,"month","incidence",2024-08-01,2024-10-01,0,1,1,1,1,1,1,1,1,1,1,1,1,1,1,1,1,1,1,1,1,1,1,0,0,0,0,0,0,0,0,0,0,1,20.524158766972,12,TRUE,13.5412228783464,2.02905629703824,11.5121665813082,0,10.3026
"SARIMA","Chikwawa",3,"month","incidence",2024-08-01,2024-11-01,0,0,0,0,0,0,0,1,1,1,1,1,1,1,1,1,1,1,1,1,1,1,1,0,0,0,0,1,1,1,1,1,1,1,6.18718810816303,12,TRUE,3.55636339151104,2.39871151122268,1.15765188028835,0,16.0703
"SARIMA","Chiradzulu",1,"month","incidence",2024-08-01,2024-09-01,0,0,0,0,0,1,1,1,1,1,1,1,1,1,1,1,1,1,1,1,1,1,1,0,0,0,0,0,0,1,1,1,1,1,8.05524804243747,12,TRUE,4.26056806406343,2.00757556097125,2.25299250309219,0,11.9738
"SARIMA","Chiradzulu",2,"month","incidence",2024-08-01,2024-10-01,0,0,0,0,0,0,0,0,0,0,0,0,0,0,0,1,1,1,1,1,1,1,1,0,0,0,1,1,1,1,1,1,1,1,6.24640856399981,12,TRUE,3.20940482871169,2.13242360221379,0,1.07698122649791,11.5018
"SARIMA","Chiradzulu",3,"month","incidence",2024-08-01,2024-11-01,0,0,0,0,0,0,0,0,0,0,0,1,1,1,1,1,1,1,1,1,1,1,1,1,1,1,1,1,1,1,1,1,1,1,1.49308602258495,12,TRUE,2.75198162263626,2.68706483904561,0.06491678359065,0,8.7482
"SARIMA","Chitipa",1,"month","incidence",2024-08-01,2024-09-01,0,0,0,0,0,0,0,0,0,0,0,0,0,0,0,1,1,1,1,1,1,1,1,0,0,0,1,1,1,1,1,1,1,1,3.20889313771788,12,TRUE,2.14480604091851,1.71902602212059,0,0.425780018797919,12.9594
"SARIMA","Chitipa",2,"month","incidence",2024-08-01,2024-10-01,0,0,0,0,0,0,0,0,0,0,0,0,0,0,0,0,1,1,1,1,1,1,1,0,0,0,0,1,1,1,1,1,1,1,6.21598967266723,12,TRUE,3.35615432003756,2.04073733340875,0,1.31541698662881,16.4055
"SARIMA","Chitipa",3,"month","incidence",2024-08-01,2024-11-01,0,0,0,0,0,0,0,0,0,0,0,0,0,0,0,0,0,0,1,1,1,1,1,0,0,0,0,0,0,1,1,1,1,1,10.6645814133374,12,TRUE,5.59761462113169,2.16276321789064,0,3.43485140324105,21.0527
"SARIMA","Dedza",1,"month","incidence",2024-08-01,2024-09-01,0,0,0,0,0,0,0,0,0,0,0,0,0,0,1,1,1,1,1,1,1,1,1,0,0,1,1,1,1,1,1,1,1,1,2.23090237093369,12,TRUE,1.53810020276889,1.24916971193604,0,0.288930490832853,10.5707
"SARIMA","Dedza",2,"month","incidence",2024-08-01,2024-10-01,0,0,0,0,0,0,0,0,0,0,1,1,1,1,1,1,1,1,1,1,1,1,1,0,1,1,1,1,1,1,1,1,1,1,1.45344256949119,12,TRUE,1.49916988190445,1.38038257470966,0.118787307194783,0,13.9637
"SARIMA","Dedza",3,"month","incidence",2024-08-01,2024-11-01,0,0,0,0,0,0,0,0,0,1,1,1,1,1,1,1,1,1,1,1,1,1,1,0,0,1,1,1,1,1,1,1,1,1,2.15659257161596,12,TRUE,1.79977660270723,1.57449416094401,0.225282441763214,0,15.4524
"SARIMA","Dowa",1,"month","incidence",2024-08-01,2024-09-01,0,0,0,0,0,0,0,0,0,0,0,0,0,0,0,1,1,1,1,1,1,1,1,0,0,0,1,1,1,1,1,1,1,1,5.3778837300829,12,TRUE,3.34178101950167,2.49600401721664,0,0.845777002285027,21.6411
"SARIMA","Dowa",2,"month","incidence",2024-08-01,2024-10-01,0,0,0,0,0,0,0,0,0,0,0,0,0,0,0,1,1,1,1,1,1,1,1,0,0,0,1,1,1,1,1,1,1,1,8.52802978628074,12,TRUE,4.99186294344113,3.51485392796746,0,1.47700901547367,29.8417
"SARIMA","Dowa",3,"month","incidence",2024-08-01,2024-11-01,0,0,0,0,0,0,0,0,0,0,0,0,0,0,1,1,1,1,1,1,1,1,1,0,0,1,1,1,1,1,1,1,1,1,7.93530266137477,12,TRUE,5.35635265014027,4.31053105901132,0,1.04582159112895,34.4705
"SARIMA","Karonga",1,"month","incidence",2024-08-01,2024-09-01,0,0,0,0,0,0,0,0,0,0,1,1,1,1,1,1,1,1,1,1,1,1,1,0,1,1,1,1,1,1,1,1,1,1,1.65417876425027,12,TRUE,1.80337356682066,1.67343216413495,0.129941402685711,0,47.7614
"SARIMA","Karonga",2,"month","incidence",2024-08-01,2024-10-01,0,0,0,1,1,1,1,1,1,1,1,1,1,1,1,1,1,1,1,1,1,1,1,0,0,0,0,0,0,0,0,1,1,1,14.285802452128,12,TRUE,8.4003845952087,1.97915977041342,6.42122482479527,0,35.1026
"SARIMA","Karonga",3,"month","incidence",2024-08-01,2024-11-01,0,0,0,1,1,1,1,1,1,1,1,1,1,1,1,1,1,1,1,1,1,1,1,0,0,0,0,0,0,0,0,1,1,1,13.9136830517622,12,TRUE,7.83690511748716,2.24360682511096,5.59329829237621,0,30.227
"SARIMA","Kasungu",1,"month","incidence",2024-08-01,2024-09-01,0,0,0,0,0,0,0,0,0,0,0,0,0,0,0,0,0,1,1,1,1,1,1,0,0,0,0,0,1,1,1,1,1,1,10.7429038256317,12,TRUE,5.70043978675932,3.02540630142869,0,2.67503348533063,30.4056
"SARIMA","Kasungu",2,"month","incidence",2024-08-01,2024-10-01,0,0,0,0,0,0,0,0,0,0,0,0,0,0,0,1,1,1,1,1,1,1,1,0,0,0,1,1,1,1,1,1,1,1,8.74089725277728,12,TRUE,5.20219443221468,3.71097296462816,0,1.49122146758653,35.739
"SARIMA","Kasungu",3,"month","incidence",2024-08-01,2024-11-01,0,0,0,0,0,0,0,0,0,0,0,0,0,1,1,1,1,1,1,1,1,1,1,0,1,1,1,1,1,1,1,1,1,1,4.21196749910538,12,TRUE,4.74688848208327,4.42643724693871,0,0.32045123514456,37.2078
"SARIMA","Likoma",1,"month","incidence",2024-08-01,2024-09-01,0,0,0,0,0,0,0,0,0,0,0,0,0,0,1,1,1,1,1,1,1,1,1,0,0,1,1,1,1,1,1,1,1,1,4.26345850032282,12,TRUE,3.02052925256113,2.47680086277626,0,0.543728389784862,57.0482
"SARIMA","Likoma",2,"month","incidence",2024-08-01,2024-10-01,0,0,0,0,0,0,0,1,1,1,1,1,1,1,1,1,1,1,1,1,1,1,1,0,0,0,0,1,1,1,1,1,1,1,9.4190731449782,12,TRUE,5.26945249385877,3.34085713559384,1.92859535826492,0,31.1005
"SARIMA","Likoma",3,"month","incidence",2024-08-01,2024-11-01,0,0,0,0,0,1,1,1,1,1,1,1,1,1,1,1,1,1,1,1,1,1,1,0,0,0,0,0,0,1,1,1,1,1,15.1602155151,12,TRUE,8.03427417372995,3.58565424510151,4.44861992862844,0,15.2129
"SARIMA","Lilongwe",1,"month","incidence",2024-08-01,2024-09-01,0,0,0,0,0,0,0,0,0,0,1,1,1,1,1,1,1,1,1,1,1,1,1,0,1,1,1,1,1,1,1,1,1,1,1.66449999999999,12,TRUE,1.76077978440214,1.62721954366291,0.133560240739238,0,13.9387
"SARIMA","Lilongwe",2,"month","incidence",2024-08-01,2024-10-01,0,0,0,0,0,0,0,0,0,0,0,1,1,1,1,1,1,1,1,1,1,1,1,1,1,1,1,1,1,1,1,1,1,1,0.0479999999999947,12,TRUE,2.29620151988179,2.29411456336005,0.0020869565217389,0,19.0548
"SARIMA","Lilongwe",3,"month","incidence",2024-08-01,2024-11-01,0,0,0,0,0,0,0,0,0,0,0,0,1,1,1,1,1,1,1,1,1,1,1,1,1,1,1,1,1,1,1,1,1,1,0.0566000000000031,12,TRUE,2.80063444822557,2.79817357866036,0,0.00246086956521753,20.9438
"SARIMA","Machinga",1,"month","incidence",2024-08-01,2024-09-01,0,0,0,1,1,1,1,1,1,1,1,1,1,1,1,1,1,1,1,1,1,1,1,0,0,0,0,0,0,0,0,1,1,1,13.3645584175995,12,TRUE,7.86569976231835,1.84508669412409,6.02061306819426,0,27.3001
"SARIMA","Machinga",2,"month","incidence",2024-08-01,2024-10-01,0,0,1,1,1,1,1,1,1,1,1,1,1,1,1,1,1,1,1,1,1,1,1,0,0,0,0,0,0,0,0,0,1,1,17.5513336026389,12,TRUE,10.787398494299,2.10642938002315,8.68096911427585,0,23.0928
"SARIMA","Machinga",3,"month","incidence",2024-08-01,2024-11-01,0,0,0,1,1,1,1,1,1,1,1,1,1,1,1,1,1,1,1,1,1,1,1,0,0,0,0,0,0,0,0,1,1,1,14.8718198426102,12,TRUE,8.59364437594972,2.19909338571783,6.39455099023189,0,21.3187
"SARIMA","Mangochi",1,"month","incidence",2024-08-01,2024-09-01,0,0,0,0,0,0,0,0,0,0,0,1,1,1,1,1,1,1,1,1,1,1,1,1,1,1,1,1,1,1,1,1,1,1,0.278349460348881,12,TRUE,1.15887194215305,1.1467697917031,0.0121021504499514,0,29.1713
"SARIMA","Mangochi",2,"month","incidence",2024-08-01,2024-10-01,0,0,0,0,0,1,1,1,1,1,1,1,1,1,1,1,1,1,1,1,1,1,1,0,0,0,0,0,0,1,1,1,1,1,5.87848940253928,12,TRUE,3.12167614559396,1.38871221263721,1.73296393295674,0,22.6821
"SARIMA","Mangochi",3,"month","incidence",2024-08-01,2024-11-01,0,0,0,0,0,0,0,0,1,1,1,1,1,1,1,1,1,1,1,1,1,1,1,0,0,0,1,1,1,1,1,1,1,1,2.7070070276794,12,TRUE,1.85073317350878,1.49239045703383,0.358342716474949,0,20.9624
"SARIMA","Mchinji",1,"month","incidence",2024-08-01,2024-09-01,0,0,0,0,0,0,0,1,1,1,1,1,1,1,1,1,1,1,1,1,1,1,1,0,0,0,0,1,1,1,1,1,1,1,8.66175899647737,12,TRUE,4.77735343617658,2.92790624483971,1.84944719133686,0,26.702
"SARIMA","Mchinji",2,"month","incidence",2024-08-01,2024-10-01,0,0,0,0,0,0,0,0,0,1,1,1,1,1,1,1,1,1,1,1,1,1,1,0,0,1,1,1,1,1,1,1,1,1,6.86464929573179,12,TRUE,4.9806716069484,4.12703258545131,0.853639021497084,0,35.9235
"SARIMA","Mchinji",3,"month","incidence",2024-08-01,2024-11-01,0,0,0,0,0,0,0,0,1,1,1,1,1,1,1,1,1,1,1,1,1,1,1,0,0,0,1,1,1,1,1,1,1,1,9.71566332402293,12,TRUE,6.41749223505852,5.03652133131405,1.38097090374447,0,34.0772
"SARIMA","Mulanje",1,"month","incidence",2024-08-01,2024-09-01,0,0,0,0,0,0,0,0,0,0,0,0,0,0,0,1,1,1,1,1,1,1,1,0,0,0,1,1,1,1,1,1,1,1,4.21069971960451,12,TRUE,2.59245170455262,1.90524821943949,0,0.687203485113128,42.1083
"SARIMA","Mulanje",2,"month","incidence",2024-08-01,2024-10-01,0,0,0,0,0,0,0,0,0,0,0,0,0,1,1,1,1,1,1,1,1,1,1,0,1,1,1,1,1,1,1,1,1,1,1.44750074189829,12,TRUE,2.44887995989394,2.38224777760358,0,0.0666321822903586,44.9503
"SARIMA","Mulanje",3,"month","incidence",2024-08-01,2024-11-01,0,0,0,0,0,0,0,0,0,0,0,0,0,1,1,1,1,1,1,1,1,1,1,0,1,1,1,1,1,1,1,1,1,1,1.95124054796042,12,TRUE,2.89054582604951,2.77853165138763,0,0.112014174661871,46.8753
"SARIMA","Mwanza",1,"month","incidence",2024-08-01,2024-09-01,1,1,1,1,1,1,1,1,1,1,1,1,1,1,1,1,1,1,1,1,1,1,1,0,0,0,0,0,0,0,0,0,0,0,41.1732928695989,12,TRUE,28.0863957959557,3.72706522526837,24.3593305706873,0,51.7771
"SARIMA","Mwanza",2,"month","incidence",2024-08-01,2024-10-01,0,0,0,1,1,1,1,1,1,1,1,1,1,1,1,1,1,1,1,1,1,1,1,0,0,0,0,0,0,0,0,1,1,1,29.4802180584954,12,TRUE,16.7096930588084,4.65755277017944,12.052140288629,0,53.6249
"SARIMA","Mwanza",3,"month","incidence",2024-08-01,2024-11-01,0,0,0,0,0,0,0,0,1,1,1,1,1,1,1,1,1,1,1,1,1,1,1,0,0,0,1,1,1,1,1,1,1,1,12.836068218492,12,TRUE,7.84399931779916,5.72238162575164,2.12161769204752,0,58.3528
"SARIMA","Mzimba",1,"month","incidence",2024-08-01,2024-09-01,0,0,0,0,0,0,0,0,1,1,1,1,1,1,1,1,1,1,1,1,1,1,1,0,0,0,1,1,1,1,1,1,1,1,4.59845396507315,12,TRUE,3.04745901349338,2.39826171258017,0.649197300913208,0,16.3611
"SARIMA","Mzimba",2,"month","incidence",2024-08-01,2024-10-01,0,0,0,0,0,0,0,0,0,1,1,1,1,1,1,1,1,1,1,1,1,1,1,0,0,1,1,1,1,1,1,1,1,1,3.52135396507315,12,TRUE,3.0355738390964,2.68799316700755,0.347580672088856,0,18.0859
"SARIMA","Mzimba",3,"month","incidence",2024-08-01,2024-11-01,0,0,0,0,0,0,0,0,0,0,0,0,0,1,1,1,1,1,1,1,1,1,1,0,1,1,1,1,1,1,1,1,1,1,2.73534603492685,12,TRUE,3.15406503157755,2.94954198316564,0,0.204523048411903,25.4374
"SARIMA","Neno",1,"month","incidence",2024-08-01,2024-09-01,0,0,0,0,0,0,0,1,1,1,1,1,1,1,1,1,1,1,1,1,1,1,1,0,0,0,0,1,1,1,1,1,1,1,17.4450813682635,12,TRUE,9.46902016679329,5.5747125794959,3.8943075872974,0,78.6905
"SARIMA","Neno",2,"month","incidence",2024-08-01,2024-10-01,0,0,0,0,0,0,0,1,1,1,1,1,1,1,1,1,1,1,1,1,1,1,1,0,0,0,0,1,1,1,1,1,1,1,20.5058370724206,12,TRUE,11.7613427267192,7.883834136255,3.87750859046417,0,72.7813
"SARIMA","Neno",3,"month","incidence",2024-08-01,2024-11-01,0,0,0,0,0,0,0,0,0,0,1,1,1,1,1,1,1,1,1,1,1,1,1,0,1,1,1,1,1,1,1,1,1,1,9.1071252789142,12,TRUE,10.3169849364008,9.62428552768011,0.692699408720739,0,74.1401
"SARIMA","Nkhatabay",1,"month","incidence",2024-08-01,2024-09-01,0,0,0,0,0,0,0,0,0,0,0,0,0,0,0,0,0,0,1,1,1,1,1,0,0,0,0,0,0,1,1,1,1,1,11.993103168374,12,TRUE,6.34100999093906,3.0248577653187,0,3.31615222562037,102.5285
"SARIMA","Nkhatabay",2,"month","incidence",2024-08-01,2024-10-01,0,0,0,0,0,0,0,0,0,0,0,0,0,0,0,0,0,0,0,1,1,1,1,0,0,0,0,0,0,0,1,1,1,1,21.0123806265539,12,TRUE,11.5264858492943,3.83528647189146,0,7.69119937740284,108.3002
"SARIMA","Nkhatabay",3,"month","incidence",2024-08-01,2024-11-01,0,0,0,0,0,0,0,0,0,0,0,0,0,0,0,0,0,1,1,1,1,1,1,0,0,0,0,0,1,1,1,1,1,1,16.7429844732552,12,TRUE,8.85290906828046,4.25295531957287,0,4.59995374870759,101.4993
"SARIMA","Nkhotakota",1,"month","incidence",2024-08-01,2024-09-01,1,1,1,1,1,1,1,1,1,1,1,1,1,1,1,1,1,1,1,1,1,1,1,0,0,0,0,0,0,0,0,0,0,0,29.5523588699165,12,TRUE,22.1076330464208,2.12021066355676,19.9874223828641,0,68.2569
"SARIMA","Nkhotakota",2,"month","incidence",2024-08-01,2024-10-01,0,0,0,1,1,1,1,1,1,1,1,1,1,1,1,1,1,1,1,1,1,1,1,0,0,0,0,0,0,0,0,1,1,1,17.3268800587085,12,TRUE,9.70737166250534,2.84168699268327,6.86568466982207,0,77.8039
"SARIMA","Nkhotakota",3,"month","incidence",2024-08-01,2024-11-01,0,0,0,0,0,0,0,0,1,1,1,1,1,1,1,1,1,1,1,1,1,1,1,0,0,0,1,1,1,1,1,1,1,1,7.52799567699617,12,TRUE,4.57216992523171,3.3151536332145,1.25701629201721,0,62.8758
"SARIMA","Nsanje",1,"month","incidence",2024-08-01,2024-09-01,0,0,0,0,0,0,0,0,0,0,0,0,0,1,1,1,1,1,1,1,1,1,1,0,1,1,1,1,1,1,1,1,1,1,1.50484595682186,12,TRUE,2.08869764556378,1.99471104522642,0,0.0939866003373654,51.284
"SARIMA","Nsanje",2,"month","incidence",2024-08-01,2024-10-01,0,0,0,0,0,1,1,1,1,1,1,1,1,1,1,1,1,1,1,1,1,1,1,0,0,0,0,0,0,1,1,1,1,1,10.2614480364011,12,TRUE,5.43618645738846,2.51388707727755,2.92229938011091,0,27.4711
"SARIMA","Nsanje",3,"month","incidence",2024-08-01,2024-11-01,0,0,0,0,0,0,0,0,0,0,0,1,1,1,1,1,1,1,1,1,1,1,1,1,1,1,1,1,1,1,1,1,1,1,0.586177310100275,12,TRUE,2.75134187433655,2.72585590433219,0.0254859700043598,0,25.1467
"SARIMA","Ntcheu",1,"month","incidence",2024-08-01,2024-09-01,0,0,0,0,0,0,0,1,1,1,1,1,1,1,1,1,1,1,1,1,1,1,1,0,0,0,0,1,1,1,1,1,1,1,5.32780154112309,12,TRUE,3.00568362579054,1.94365274272138,1.06203088306915,0,14.824
"SARIMA","Ntcheu",2,"month","incidence",2024-08-01,2024-10-01,0,0,0,0,0,1,1,1,1,1,1,1,1,1,1,1,1,1,1,1,1,1,1,0,0,0,0,0,0,1,1,1,1,1,10.5956103931406,12,TRUE,5.64526384736573,2.37426821528953,3.2709956320762,0,16.0086
"SARIMA","Ntcheu",3,"month","incidence",2024-08-01,2024-11-01,0,0,0,0,0,0,0,1,1,1,1,1,1,1,1,1,1,1,1,1,1,1,1,0,0,0,0,1,1,1,1,1,1,1,6.36519656167558,12,TRUE,3.70464273436214,2.57104063229761,1.13360210206453,0,15.5871
"SARIMA","Ntchisi",1,"month","incidence",2024-08-01,2024-09-01,0,0,0,0,0,0,0,0,0,0,0,0,0,0,1,1,1,1,1,1,1,1,1,0,0,1,1,1,1,1,1,1,1,1,3.75963079259786,12,TRUE,3.48195120288352,3.15222484567482,0,0.329726357208701,59.9091
"SARIMA","Ntchisi",2,"month","incidence",2024-08-01,2024-10-01,0,0,0,0,0,0,0,0,0,0,0,0,0,0,0,0,1,1,1,1,1,1,1,0,0,0,0,1,1,1,1,1,1,1,9.89514195968385,12,TRUE,5.75093747026409,3.96357231534297,0,1.78736515492111,80.4837
"SARIMA","Ntchisi",3,"month","incidence",2024-08-01,2024-11-01,0,0,0,0,0,0,0,0,0,0,0,0,0,1,1,1,1,1,1,1,1,1,1,0,1,1,1,1,1,1,1,1,1,1,4.72771722232353,12,TRUE,5.01396195474734,4.63500696010448,0,0.378954994642861,82.3913
"SARIMA","Phalombe",1,"month","incidence",2024-08-01,2024-09-01,0,0,0,0,0,0,0,1,1,1,1,1,1,1,1,1,1,1,1,1,1,1,1,0,0,0,0,1,1,1,1,1,1,1,4.07007979567689,12,TRUE,2.21037394403179,1.30310308057147,0.907270863460321,0,14.4941
"SARIMA","Phalombe",2,"month","incidence",2024-08-01,2024-10-01,0,0,0,0,1,1,1,1,1,1,1,1,1,1,1,1,1,1,1,1,1,1,1,0,0,0,0,0,0,0,1,1,1,1,9.30735579668961,12,TRUE,4.99219372451702,1.89856583398865,3.09362789052837,0,11.3996
"SARIMA","Phalombe",3,"month","incidence",2024-08-01,2024-11-01,0,0,0,0,0,1,1,1,1,1,1,1,1,1,1,1,1,1,1,1,1,1,1,0,0,0,0,0,0,1,1,1,1,1,9.14641983701891,12,TRUE,4.85757833680738,2.11155968131243,2.74601865549495,0,9.4784
"SARIMA","Rumphi",1,"month","incidence",2024-08-01,2024-09-01,0,0,0,0,0,0,0,0,0,0,0,0,1,1,1,1,1,1,1,1,1,1,1,1,1,1,1,1,1,1,1,1,1,1,1.29971957604605,12,TRUE,2.31872871769199,2.26221917090738,0,0.056509546784611,13.2426
"SARIMA","Rumphi",2,"month","incidence",2024-08-01,2024-10-01,0,0,0,0,0,0,0,0,0,0,0,0,0,0,1,1,1,1,1,1,1,1,1,0,0,1,1,1,1,1,1,1,1,1,4.01062527081229,12,TRUE,3.22810312283862,2.83391799012996,0,0.394185132708656,14.9735
"SARIMA","Rumphi",3,"month","incidence",2024-08-01,2024-11-01,0,0,0,0,0,0,0,0,0,0,0,0,0,0,0,0,0,1,1,1,1,1,1,0,0,0,0,0,1,1,1,1,1,1,11.8115796574764,12,TRUE,5.92608661418467,3.11546485114308,0,2.81062176304158,21.9707
"SARIMA","Salima",1,"month","incidence",2024-08-01,2024-09-01,0,0,0,0,0,0,0,0,0,0,0,1,1,1,1,1,1,1,1,1,1,1,1,1,1,1,1,1,1,1,1,1,1,1,0.843653055344049,12,TRUE,2.99817999010129,2.96149942247763,0.0366805676236543,0,56.0144
"SARIMA","Salima",2,"month","incidence",2024-08-01,2024-10-01,0,0,0,0,0,1,1,1,1,1,1,1,1,1,1,1,1,1,1,1,1,1,1,0,0,0,0,0,0,1,1,1,1,1,16.1871120045137,12,TRUE,8.64572437678202,3.4796733134068,5.16605106337521,0,40.6427
"SARIMA","Salima",3,"month","incidence",2024-08-01,2024-11-01,0,0,0,0,0,0,1,1,1,1,1,1,1,1,1,1,1,1,1,1,1,1,1,0,0,0,0,0,1,1,1,1,1,1,13.0089956848819,12,TRUE,6.9489870830341,3.65881940781497,3.29016767521913,0,29.5214
"SARIMA","Thyolo",1,"month","incidence",2024-08-01,2024-09-01,0,0,0,0,0,0,0,0,1,1,1,1,1,1,1,1,1,1,1,1,1,1,1,0,0,0,1,1,1,1,1,1,1,1,2.10075303406999,12,TRUE,1.43188180398915,1.15181315199454,0.280068651994604,0,23.529
"SARIMA","Thyolo",2,"month","incidence",2024-08-01,2024-10-01,0,0,0,0,0,0,0,0,0,0,1,1,1,1,1,1,1,1,1,1,1,1,1,0,1,1,1,1,1,1,1,1,1,1,0.902153034069993,12,TRUE,1.44253306444797,1.39647856177201,0.0460545026759506,0,21.7741
"SARIMA","Thyolo",3,"month","incidence",2024-08-01,2024-11-01,0,0,0,0,0,0,0,0,0,0,0,0,0,1,1,1,1,1,1,1,1,1,1,0,1,1,1,1,1,1,1,1,1,1,1.57514696593001,12,TRUE,1.72743476386972,1.60425409766348,0,0.123180666206242,24.8329
"SARIMA","Zomba",1,"month","incidence",2024-08-01,2024-09-01,0,0,0,1,1,1,1,1,1,1,1,1,1,1,1,1,1,1,1,1,1,1,1,0,0,0,0,0,0,0,0,1,1,1,15.5307735593473,12,TRUE,9.05282937521671,2.22464351460053,6.82818586061617,0,34.6691
"SARIMA","Zomba",2,"month","incidence",2024-08-01,2024-10-01,0,0,0,1,1,1,1,1,1,1,1,1,1,1,1,1,1,1,1,1,1,1,1,0,0,0,0,0,0,0,0,1,1,1,20.8681685323826,12,TRUE,12.4399457200095,2.73615930398793,9.70378641602153,0,35.7976
"SARIMA","Zomba",3,"month","incidence",2024-08-01,2024-11-01,0,0,0,0,1,1,1,1,1,1,1,1,1,1,1,1,1,1,1,1,1,1,1,0,0,0,0,0,0,0,1,1,1,1,17.2539262701536,12,TRUE,9.40189291633913,3.26001665699953,6.1418762593396,0,33.8943
"SARIMA","Balaka",1,"month","incidence",2024-09-01,2024-10-01,0,0,0,0,0,0,0,1,1,1,1,1,1,1,1,1,1,1,1,1,1,1,1,0,0,0,0,1,1,1,1,1,1,1,5.85845639106403,12,TRUE,3.3924490663941,2.33545059394703,1.05699847244707,0,12.4632
"SARIMA","Balaka",2,"month","incidence",2024-09-01,2024-11-01,0,0,0,0,0,0,1,1,1,1,1,1,1,1,1,1,1,1,1,1,1,1,1,0,0,0,0,0,1,1,1,1,1,1,11.6568704566448,12,TRUE,6.14844957987827,3.0233815564792,3.12506802339907,0,9.776
"SARIMA","Balaka",3,"month","incidence",2024-09-01,2024-12-01,0,0,0,0,0,0,0,1,1,1,1,1,1,1,1,1,1,1,1,1,1,1,1,0,0,0,0,1,1,1,1,1,1,1,10.63650178886,12,TRUE,5.8048680985912,3.50802399888537,2.29684409970583,0,14.4188
"SARIMA","Blantyre",1,"month","incidence",2024-09-01,2024-10-01,0,0,0,1,1,1,1,1,1,1,1,1,1,1,1,1,1,1,1,1,1,1,1,0,0,0,0,0,0,0,0,1,1,1,9.11435287160726,12,TRUE,5.1308008536768,1.47234064004547,3.65846021363133,0,16.7682
"SARIMA","Blantyre",2,"month","incidence",2024-09-01,2024-11-01,0,0,0,0,0,0,1,1,1,1,1,1,1,1,1,1,1,1,1,1,1,1,1,0,0,0,0,0,1,1,1,1,1,1,6.17705287160726,12,TRUE,3.28813251290961,1.67971062314529,1.60842188976431,0,19.0096
"SARIMA","Blantyre",3,"month","incidence",2024-09-01,2024-12-01,0,0,0,0,0,0,0,0,0,0,0,0,0,0,0,1,1,1,1,1,1,1,1,0,0,0,1,1,1,1,1,1,1,1,3.72864712839275,12,TRUE,2.41746427255117,1.86415358666737,0,0.553310685883799,25.4673
"SARIMA","Chikwawa",1,"month","incidence",2024-09-01,2024-10-01,0,1,1,1,1,1,1,1,1,1,1,1,1,1,1,1,1,1,1,1,1,1,1,0,0,0,0,0,0,0,0,0,0,1,20.4402744979072,12,TRUE,13.7188262419878,1.92983541445459,11.7889908275332,0,10.3026
"SARIMA","Chikwawa",2,"month","incidence",2024-09-01,2024-11-01,0,0,0,0,0,0,0,1,1,1,1,1,1,1,1,1,1,1,1,1,1,1,1,0,0,0,0,1,1,1,1,1,1,1,5.75920291440175,12,TRUE,3.21084622483353,2.01951239345966,1.19133383137387,0,16.0703
"SARIMA","Chikwawa",3,"month","incidence",2024-09-01,2024-12-01,0,0,0,0,0,0,0,0,0,0,1,1,1,1,1,1,1,1,1,1,1,1,1,0,1,1,1,1,1,1,1,1,1,1,1.4235596697039,12,TRUE,2.41899262327159,2.35535204961519,0.0636405736564035,0,15.585
"SARIMA","Chiradzulu",1,"month","incidence",2024-09-01,2024-10-01,0,0,0,0,0,0,0,0,0,0,0,1,1,1,1,1,1,1,1,1,1,1,1,1,1,1,1,1,1,1,1,1,1,1,0.472000000000001,12,TRUE,2.25025615151695,2.22973441238651,0.0205217391304348,0,11.5018
"SARIMA","Chiradzulu",2,"month","incidence",2024-09-01,2024-11-01,0,0,0,0,0,0,0,0,0,0,1,1,1,1,1,1,1,1,1,1,1,1,1,0,1,1,1,1,1,1,1,1,1,1,3.2256,12,TRUE,3.2613348831608,3.00761668304347,0.253718200117332,0,8.7482
"SARIMA","Chiradzulu",3,"month","incidence",2024-09-01,2024-12-01,0,0,0,0,0,0,0,0,0,0,0,0,0,0,1,1,1,1,1,1,1,1,1,0,0,1,1,1,1,1,1,1,1,1,5.8001,12,TRUE,4.18814666095813,3.54419275681245,0,0.643953904145677,17.7739
"SARIMA","Chitipa",1,"month","incidence",2024-09-01,2024-10-01,0,0,0,0,0,0,0,0,0,0,0,0,0,0,0,1,1,1,1,1,1,1,1,0,0,0,1,1,1,1,1,1,1,1,4.09165523292985,12,TRUE,2.44094761691578,1.74697804480289,0,0.69396957211289,16.4055
"SARIMA","Chitipa",2,"month","incidence",2024-09-01,2024-11-01,0,0,0,0,0,0,0,0,0,0,0,0,0,0,0,0,0,0,1,1,1,1,1,0,0,0,0,0,0,1,1,1,1,1,9.26043360798265,12,TRUE,4.87111405347126,2.06997097492773,0,2.80114307854353,21.0527
"SARIMA","Chitipa",3,"month","incidence",2024-09-01,2024-12-01,0,0,0,0,0,0,0,0,0,0,0,0,0,0,0,0,0,0,0,0,0,1,1,0,0,0,0,0,0,0,0,0,1,1,20.0577622244653,12,TRUE,12.5346155193564,2.22697360662799,0,10.3076419127285,33.966
"SARIMA","Dedza",1,"month","incidence",2024-09-01,2024-10-01,0,0,0,0,0,0,0,0,1,1,1,1,1,1,1,1,1,1,1,1,1,1,1,0,0,0,1,1,1,1,1,1,1,1,2.51610516489308,12,TRUE,1.63856174030863,1.26847136242784,0.370090377880793,0,13.9637
"SARIMA","Dedza",2,"month","incidence",2024-09-01,2024-11-01,0,0,0,0,0,0,0,1,1,1,1,1,1,1,1,1,1,1,1,1,1,1,1,0,0,0,0,1,1,1,1,1,1,1,3.56146428409588,12,TRUE,2.04989897065559,1.38442068830107,0.665478282354518,0,15.4524
"SARIMA","Dedza",3,"month","incidence",2024-09-01,2024-12-01,0,0,0,0,0,0,0,0,0,0,0,0,0,0,0,0,1,1,1,1,1,1,1,0,0,0,0,1,1,1,1,1,1,1,4.42076195245402,12,TRUE,2.47907947673542,1.58046307193189,0,0.898616404803525,25.3848
"SARIMA","Dowa",1,"month","incidence",2024-09-01,2024-10-01,0,0,0,0,0,0,0,0,0,0,0,0,0,0,1,1,1,1,1,1,1,1,1,0,0,1,1,1,1,1,1,1,1,1,3.07124389592678,12,TRUE,2.81261631393957,2.53759583496027,0,0.275020478979295,29.8417
"SARIMA","Dowa",2,"month","incidence",2024-09-01,2024-11-01,0,0,0,0,0,0,0,0,0,0,0,0,0,1,1,1,1,1,1,1,1,1,1,0,1,1,1,1,1,1,1,1,1,1,2.48048561449712,12,TRUE,3.72042695584798,3.58096919766813,0,0.139457758179854,34.4705
"SARIMA","Dowa",3,"month","incidence",2024-09-01,2024-12-01,0,0,0,0,0,0,0,0,0,0,0,0,0,0,0,0,1,1,1,1,1,1,1,0,0,0,0,1,1,1,1,1,1,1,12.5633611913676,12,TRUE,6.97141061915529,4.36740587297824,0,2.60400474617705,46.1951
"SARIMA","Karonga",1,"month","incidence",2024-09-01,2024-10-01,0,0,1,1,1,1,1,1,1,1,1,1,1,1,1,1,1,1,1,1,1,1,1,0,0,0,0,0,0,0,0,0,1,1,13.2348064149284,12,TRUE,7.9852271389114,1.67302682129274,6.31220031761866,0,35.1026
"SARIMA","Karonga",2,"month","incidence",2024-09-01,2024-11-01,0,0,0,1,1,1,1,1,1,1,1,1,1,1,1,1,1,1,1,1,1,1,1,0,0,0,0,0,0,0,0,1,1,1,12.8785178799167,12,TRUE,7.36488516314925,1.97488051082995,5.3900046523193,0,30.227
"SARIMA","Karonga",3,"month","incidence",2024-09-01,2024-12-01,0,0,0,0,1,1,1,1,1,1,1,1,1,1,1,1,1,1,1,1,1,1,1,0,0,0,0,0,0,0,1,1,1,1,11.4184134794075,12,TRUE,6.17724222516557,2.23635581233108,3.94088641283449,0,25.8609
"SARIMA","Kasungu",1,"month","incidence",2024-09-01,2024-10-01,0,0,0,0,0,0,0,0,0,0,0,0,1,1,1,1,1,1,1,1,1,1,1,1,1,1,1,1,1,1,1,1,1,1,1.21602147730512,12,TRUE,3.14466215954672,3.09179166053346,0,0.0528704990132661,35.739
"SARIMA","Kasungu",2,"month","incidence",2024-09-01,2024-11-01,0,0,0,0,0,0,0,0,0,0,1,1,1,1,1,1,1,1,1,1,1,1,1,0,1,1,1,1,1,1,1,1,1,1,4.27687791684897,12,TRUE,4.13970815581227,3.7754778099537,0.364230345858568,0,37.2078
"SARIMA","Kasungu",3,"month","incidence",2024-09-01,2024-12-01,0,0,0,0,0,0,0,0,0,0,0,0,1,1,1,1,1,1,1,1,1,1,1,1,1,1,1,1,1,1,1,1,1,1,1.23602673364181,12,TRUE,4.54170114428214,4.48796085151511,0,0.0537402927670351,41.7676
"SARIMA","Likoma",1,"month","incidence",2024-09-01,2024-10-01,0,0,0,0,1,1,1,1,1,1,1,1,1,1,1,1,1,1,1,1,1,1,1,0,0,0,0,0,0,0,1,1,1,1,13.1532195853898,12,TRUE,7.17359837687698,2.4742320286114,4.69936634826558,0,31.1005
"SARIMA","Likoma",2,"month","incidence",2024-09-01,2024-11-01,0,0,0,0,1,1,1,1,1,1,1,1,1,1,1,1,1,1,1,1,1,1,1,0,0,0,0,0,0,0,1,1,1,1,17.2227707867539,12,TRUE,9.32795969718381,3.3445655618956,5.98339413528821,0,15.2129
"SARIMA","Likoma",3,"month","incidence",2024-09-01,2024-12-01,0,0,0,0,1,1,1,1,1,1,1,1,1,1,1,1,1,1,1,1,1,1,1,0,0,0,0,0,0,0,1,1,1,1,18.5917416932984,12,TRUE,10.0515074596856,3.59531765884542,6.45618980084017,0,9.6307
"SARIMA","Lilongwe",1,"month","incidence",2024-09-01,2024-10-01,0,0,0,0,0,0,0,0,0,0,0,0,0,1,1,1,1,1,1,1,1,1,1,0,1,1,1,1,1,1,1,1,1,1,1.6165,12,TRUE,1.75515304625439,1.62780116826612,0,0.127351877988263,19.0548
"SARIMA","Lilongwe",2,"month","incidence",2024-09-01,2024-11-01,0,0,0,0,0,0,0,0,0,0,0,0,0,1,1,1,1,1,1,1,1,1,1,0,1,1,1,1,1,1,1,1,1,1,1.7211,12,TRUE,2.39948445859457,2.29307425645111,0,0.106410202143454,20.9438
"SARIMA","Lilongwe",3,"month","incidence",2024-09-01,2024-12-01,0,0,0,0,0,0,0,0,0,0,0,0,0,0,0,0,0,1,1,1,1,1,1,0,0,0,0,0,1,1,1,1,1,1,9.8559,12,TRUE,5.25809076149002,2.80379936023245,0,2.45429140125757,31.877
"SARIMA","Machinga",1,"month","incidence",2024-09-01,2024-10-01,0,0,0,0,1,1,1,1,1,1,1,1,1,1,1,1,1,1,1,1,1,1,1,0,0,0,0,0,0,0,1,1,1,1,9.23993056426669,12,TRUE,4.95984940331154,1.87813542469398,3.08171397861756,0,23.0928
"SARIMA","Machinga",2,"month","incidence",2024-09-01,2024-11-01,0,0,0,0,0,1,1,1,1,1,1,1,1,1,1,1,1,1,1,1,1,1,1,0,0,0,0,0,0,1,1,1,1,1,10.2082479438615,12,TRUE,5.45497283517204,2.17625337959697,3.27871945557508,0,21.3187
"SARIMA","Machinga",3,"month","incidence",2024-09-01,2024-12-01,0,0,0,0,0,0,0,1,1,1,1,1,1,1,1,1,1,1,1,1,1,1,1,0,0,0,0,1,1,1,1,1,1,1,7.00119589019852,12,TRUE,3.82384667853383,2.28720974993791,1.53663692859592,0,25.2573
"SARIMA","Mangochi",1,"month","incidence",2024-09-01,2024-10-01,0,0,0,0,1,1,1,1,1,1,1,1,1,1,1,1,1,1,1,1,1,1,1,0,0,0,0,0,0,0,1,1,1,1,5.67050022667672,12,TRUE,3.04704492932349,1.14694872069703,1.90009620862646,0,22.6821
"SARIMA","Mangochi",2,"month","incidence",2024-09-01,2024-11-01,0,0,0,0,0,0,0,0,1,1,1,1,1,1,1,1,1,1,1,1,1,1,1,0,0,0,1,1,1,1,1,1,1,1,2.57038477890589,12,TRUE,1.73777559663263,1.38865475719392,0.349120839438709,0,20.9624
"SARIMA","Mangochi",3,"month","incidence",2024-09-01,2024-12-01,0,0,0,0,0,0,0,0,1,1,1,1,1,1,1,1,1,1,1,1,1,1,1,0,0,0,1,1,1,1,1,1,1,1,3.39323113321176,12,TRUE,2.05937952515673,1.49209330035065,0.567286224806082,0,18.2915
"SARIMA","Mchinji",1,"month","incidence",2024-09-01,2024-10-01,0,0,0,0,0,0,0,0,0,0,0,0,0,1,1,1,1,1,1,1,1,1,1,0,1,1,1,1,1,1,1,1,1,1,1.90599744484602,12,TRUE,3.0385488572563,2.94075551838735,0,0.0977933388689539,35.9235
"SARIMA","Mchinji",2,"month","incidence",2024-09-01,2024-11-01,0,0,0,0,0,0,0,0,0,0,0,1,1,1,1,1,1,1,1,1,1,1,1,1,1,1,1,1,1,1,1,1,1,1,0.939827493737972,12,TRUE,4.17235689168086,4.13149482673573,0.0408620649451292,0,34.0772
"SARIMA","Mchinji",3,"month","incidence",2024-09-01,2024-12-01,0,0,0,0,0,0,0,0,0,0,0,0,0,0,0,0,1,1,1,1,1,1,1,0,0,0,0,1,1,1,1,1,1,1,14.801988483363,12,TRUE,8.1717031085026,5.04858399692725,0,3.12311911157534,55.4455
"SARIMA","Mulanje",1,"month","incidence",2024-09-01,2024-10-01,0,0,0,0,0,0,0,0,0,0,1,1,1,1,1,1,1,1,1,1,1,1,1,0,1,1,1,1,1,1,1,1,1,1,1.90948033830276,12,TRUE,2.074532395811,1.92414864409675,0.150383751714252,0,44.9503
"SARIMA","Mulanje",2,"month","incidence",2024-09-01,2024-11-01,0,0,0,0,0,0,0,0,0,0,1,1,1,1,1,1,1,1,1,1,1,1,1,0,1,1,1,1,1,1,1,1,1,1,1.43354354563081,12,TRUE,2.47303291033401,2.40962527157072,0.0634076387632938,0,46.8753
"SARIMA","Mulanje",3,"month","incidence",2024-09-01,2024-12-01,0,0,0,0,0,0,0,0,0,0,0,0,0,0,0,0,0,0,0,1,1,1,1,0,0,0,0,0,0,0,1,1,1,1,15.8370068564356,12,TRUE,8.73185579685704,2.81251486702599,0,5.91934092983105,69.9528
"SARIMA","Mwanza",1,"month","incidence",2024-09-01,2024-10-01,0,0,0,0,0,0,0,0,0,0,0,0,0,0,1,1,1,1,1,1,1,1,1,0,0,1,1,1,1,1,1,1,1,1,5.2920926693868,12,TRUE,4.47164213357865,3.92890904345398,0,0.542733090124667,53.6249
"SARIMA","Mwanza",2,"month","incidence",2024-09-01,2024-11-01,0,0,0,0,0,0,0,0,0,0,0,0,0,0,0,1,1,1,1,1,1,1,1,0,0,0,1,1,1,1,1,1,1,1,9.55551841268844,12,TRUE,6.21254215595458,4.80382182970421,0,1.40872032625038,58.3528
"SARIMA","Mwanza",3,"month","incidence",2024-09-01,2024-12-01,0,0,0,0,0,0,0,0,0,0,0,0,0,0,0,0,1,1,1,1,1,1,1,0,0,0,0,1,1,1,1,1,1,1,14.6528022124077,12,TRUE,8.44235123583495,5.72039267802445,0,2.7219585578105,70.4018
"SARIMA","Mzimba",1,"month","incidence",2024-09-01,2024-10-01,0,0,0,0,0,0,0,0,0,0,0,1,1,1,1,1,1,1,1,1,1,1,1,1,1,1,1,1,1,1,1,1,1,1,1.09606140112651,12,TRUE,2.4446749023594,2.39702005883216,0.0476548435272397,0,18.0859
"SARIMA","Mzimba",2,"month","incidence",2024-09-01,2024-11-01,0,0,0,0,0,0,0,0,0,0,0,0,0,0,0,1,1,1,1,1,1,1,1,0,0,0,1,1,1,1,1,1,1,1,5.16063859887349,12,TRUE,3.417366290536,2.69362433593236,0,0.723741954603641,25.4374
"SARIMA","Mzimba",3,"month","incidence",2024-09-01,2024-12-01,0,0,0,0,0,0,0,0,0,0,0,0,0,0,0,1,1,1,1,1,1,1,1,0,0,0,1,1,1,1,1,1,1,1,6.56483859887349,12,TRUE,4.04865081375437,2.98308612301899,0,1.06556469073537,33.5285
"SARIMA","Neno",1,"month","incidence",2024-09-01,2024-10-01,0,0,0,0,0,0,0,0,0,0,0,1,1,1,1,1,1,1,1,1,1,1,1,1,1,1,1,1,1,1,1,1,1,1,3.21973687279579,12,TRUE,5.73535896688463,5.59537040719786,0.139988559686774,0,72.7813
"SARIMA","Neno",2,"month","incidence",2024-09-01,2024-11-01,0,0,0,0,0,0,0,0,0,0,0,0,0,1,1,1,1,1,1,1,1,1,1,0,1,1,1,1,1,1,1,1,1,1,8.11946431195598,12,TRUE,8.53385733225188,7.88061310534293,0,0.653244226908949,74.1401
"SARIMA","Neno",3,"month","incidence",2024-09-01,2024-12-01,0,0,0,0,0,0,0,0,0,0,0,0,0,0,0,0,0,1,1,1,1,1,1,0,0,0,0,0,1,1,1,1,1,1,34.4862750095514,12,TRUE,18.4198878980107,9.69146583243404,0,8.72842206557665,140.7174
"SARIMA","Nkhatabay",1,"month","incidence",2024-09-01,2024-10-01,0,0,0,0,0,0,0,0,0,0,0,0,0,0,0,0,0,1,1,1,1,1,1,0,0,0,0,0,1,1,1,1,1,1,11.0834023502223,12,TRUE,5.90264824513228,3.02795092034206,0,2.87469732479021,108.3002
"SARIMA","Nkhatabay",2,"month","incidence",2024-09-01,2024-11-01,0,0,0,0,0,0,0,0,0,0,0,0,0,0,0,1,1,1,1,1,1,1,1,0,0,0,1,1,1,1,1,1,1,1,8.47232025381713,12,TRUE,5.23209309219377,3.85655611219272,0,1.37553698000105,101.4993
"SARIMA","Nkhatabay",3,"month","incidence",2024-09-01,2024-12-01,0,0,0,0,0,0,0,0,1,1,1,1,1,1,1,1,1,1,1,1,1,1,1,0,0,0,1,1,1,1,1,1,1,1,8.16809311891367,12,TRUE,5.4392013315722,4.2921241998761,1.1470771316961,0,81.554
"SARIMA","Nkhotakota",1,"month","incidence",2024-09-01,2024-10-01,0,0,0,0,0,0,0,0,0,0,0,0,0,0,0,1,1,1,1,1,1,1,1,0,0,0,1,1,1,1,1,1,1,1,5.84323044288965,12,TRUE,3.51061631366208,2.51755592636364,0,0.993060387298435,77.8039
"SARIMA","Nkhotakota",2,"month","incidence",2024-09-01,2024-11-01,0,0,0,0,0,0,0,0,0,0,0,0,0,0,0,1,1,1,1,1,1,1,1,0,0,0,1,1,1,1,1,1,1,1,7.77136965783023,12,TRUE,4.61331602582989,3.26730314400506,0,1.34601288182484,62.8758
"SARIMA","Nkhotakota",3,"month","incidence",2024-09-01,2024-12-01,0,0,0,0,0,0,1,1,1,1,1,1,1,1,1,1,1,1,1,1,1,1,1,0,0,0,0,0,1,1,1,1,1,1,12.6462393368939,12,TRUE,6.78242312403162,3.69367336977321,3.08874975425842,0,39.2685
"SARIMA","Nsanje",1,"month","incidence",2024-09-01,2024-10-01,0,0,0,0,1,1,1,1,1,1,1,1,1,1,1,1,1,1,1,1,1,1,1,0,0,0,0,0,0,0,1,1,1,1,11.3451036971508,12,TRUE,6.27470943532862,1.98044358225239,4.29426585307624,0,27.4711
"SARIMA","Nsanje",2,"month","incidence",2024-09-01,2024-11-01,0,0,0,0,0,0,0,0,0,0,0,1,1,1,1,1,1,1,1,1,1,1,1,1,1,1,1,1,1,1,1,1,1,1,1.45999985172618,12,TRUE,2.56485285783499,2.50137460341211,0.0634782544228776,0,25.1467
"SARIMA","Nsanje",3,"month","incidence",2024-09-01,2024-12-01,0,0,0,0,0,0,1,1,1,1,1,1,1,1,1,1,1,1,1,1,1,1,1,0,0,0,0,0,1,1,1,1,1,1,9.00055510229506,12,TRUE,4.83919607901963,2.70321866598948,2.13597741303015,0,16.5929
"SARIMA","Ntcheu",1,"month","incidence",2024-09-01,2024-10-01,0,0,0,0,0,0,1,1,1,1,1,1,1,1,1,1,1,1,1,1,1,1,1,0,0,0,0,0,1,1,1,1,1,1,6.60258991690584,12,TRUE,3.54447304608764,1.9454481077791,1.59902493830853,0,16.0086
"SARIMA","Ntcheu",2,"month","incidence",2024-09-01,2024-11-01,0,0,0,0,0,0,0,0,0,1,1,1,1,1,1,1,1,1,1,1,1,1,1,0,0,1,1,1,1,1,1,1,1,1,3.35068868545772,12,TRUE,2.72822954186464,2.36805283606856,0.360176705796077,0,15.5871
"SARIMA","Ntcheu",3,"month","incidence",2024-09-01,2024-12-01,0,0,0,0,0,0,0,0,0,0,0,0,1,1,1,1,1,1,1,1,1,1,1,1,1,1,1,1,1,1,1,1,1,1,1.15908130889295,12,TRUE,2.63707918236728,2.58668434285019,0,0.0503948395170847,25.1458
"SARIMA","Ntchisi",1,"month","incidence",2024-09-01,2024-10-01,0,0,0,0,0,0,0,0,0,0,0,0,0,0,0,1,1,1,1,1,1,1,1,0,0,0,1,1,1,1,1,1,1,1,6.95045805668248,12,TRUE,4.27597426884487,3.14013621895464,0,1.13583804989023,80.4837
"SARIMA","Ntchisi",2,"month","incidence",2024-09-01,2024-11-01,0,0,0,0,0,0,0,0,0,0,0,0,1,1,1,1,1,1,1,1,1,1,1,1,1,1,1,1,1,1,1,1,1,1,1.74760622484928,12,TRUE,4.01697180383603,3.94098892449476,0,0.075982879341273,82.3913
"SARIMA","Ntchisi",3,"month","incidence",2024-09-01,2024-12-01,0,0,0,0,0,0,0,0,0,0,0,0,0,0,0,0,0,1,1,1,1,1,1,0,0,0,0,0,1,1,1,1,1,1,16.1936067215536,12,TRUE,8.66006228049244,4.6045989980008,0,4.05546328249164,115.1461
"SARIMA","Phalombe",1,"month","incidence",2024-09-01,2024-10-01,0,0,0,0,0,0,0,0,1,1,1,1,1,1,1,1,1,1,1,1,1,1,1,0,0,0,1,1,1,1,1,1,1,1,2.80290920949014,12,TRUE,1.76745466189884,1.32906048709073,0.438394174808103,0,11.3996
"SARIMA","Phalombe",2,"month","incidence",2024-09-01,2024-11-01,0,0,0,0,0,0,0,0,0,1,1,1,1,1,1,1,1,1,1,1,1,1,1,0,0,1,1,1,1,1,1,1,1,1,2.46944814485569,12,TRUE,2.19359171697648,1.96709457699059,0.226497139985894,0,9.4784
"SARIMA","Phalombe",3,"month","incidence",2024-09-01,2024-12-01,0,0,0,0,0,0,0,0,0,0,0,0,0,0,0,1,1,1,1,1,1,1,1,0,0,0,1,1,1,1,1,1,1,1,4.40144761650365,12,TRUE,2.85187408796859,2.22546146333268,0,0.626412624635909,17.0178
"SARIMA","Rumphi",1,"month","incidence",2024-09-01,2024-10-01,0,0,0,0,0,0,0,0,0,0,0,0,0,0,1,1,1,1,1,1,1,1,1,0,0,1,1,1,1,1,1,1,1,1,2.89608743382912,12,TRUE,2.53000728551912,2.26195422529597,0,0.26805306022315,14.9735
"SARIMA","Rumphi",2,"month","incidence",2024-09-01,2024-11-01,0,0,0,0,0,0,0,0,0,0,0,0,0,0,0,0,0,1,1,1,1,1,1,0,0,0,0,0,1,1,1,1,1,1,10.8559661802946,12,TRUE,5.55880689195748,2.83761679311178,0,2.7211900988457,21.9707
"SARIMA","Rumphi",3,"month","incidence",2024-09-01,2024-12-01,0,0,0,0,0,0,0,0,0,0,0,0,0,0,0,0,0,0,0,0,1,1,1,0,0,0,0,0,0,0,0,1,1,1,25.3073835567005,12,TRUE,14.6728363705924,3.36135411404174,0,11.3114822565506,40.9999
"SARIMA","Salima",1,"month","incidence",2024-09-01,2024-10-01,0,0,0,0,1,1,1,1,1,1,1,1,1,1,1,1,1,1,1,1,1,1,1,0,0,0,0,0,0,0,1,1,1,1,15.4031156135301,12,TRUE,8.37932318545688,2.93504737807263,5.44427580738424,0,40.6427
"SARIMA","Salima",2,"month","incidence",2024-09-01,2024-11-01,0,0,0,0,0,0,1,1,1,1,1,1,1,1,1,1,1,1,1,1,1,1,1,0,0,0,0,0,1,1,1,1,1,1,12.8867459470926,12,TRUE,6.84746961033914,3.44224531042301,3.40522429991613,0,29.5214
"SARIMA","Salima",3,"month","incidence",2024-09-01,2024-12-01,0,0,0,0,1,1,1,1,1,1,1,1,1,1,1,1,1,1,1,1,1,1,1,0,0,0,0,0,0,0,1,1,1,1,18.537610152027,12,TRUE,10.0361955778172,3.61556312200174,6.42063245581543,0,20.1801
"SARIMA","Thyolo",1,"month","incidence",2024-09-01,2024-10-01,0,0,0,0,0,0,0,0,0,0,0,0,1,1,1,1,1,1,1,1,1,1,1,1,1,1,1,1,1,1,1,1,1,1,0.533045775268242,12,TRUE,1.17629440448475,1.15311850121222,0,0.0231759032725323,21.7741
"SARIMA","Thyolo",2,"month","incidence",2024-09-01,2024-11-01,0,0,0,0,0,0,0,0,0,0,0,0,0,0,0,1,1,1,1,1,1,1,1,0,0,0,1,1,1,1,1,1,1,1,3.01034577526824,12,TRUE,1.87720211923842,1.39668503153817,0,0.480517087700247,24.8329
"SARIMA","Thyolo",3,"month","incidence",2024-09-01,2024-12-01,0,0,0,0,0,0,0,0,0,0,0,0,0,0,0,0,0,0,0,0,0,1,1,0,0,0,0,0,0,0,0,0,1,1,13.1540457752682,12,TRUE,8.04070845730665,1.60367573929634,0,6.43703271801031,37.626
"SARIMA","Zomba",1,"month","incidence",2024-09-01,2024-10-01,0,0,0,0,0,1,1,1,1,1,1,1,1,1,1,1,1,1,1,1,1,1,1,0,0,0,0,0,0,1,1,1,1,1,9.87674914147843,12,TRUE,5.25304911379502,2.27683882625438,2.97621028754064,0,35.7976
"SARIMA","Zomba",2,"month","incidence",2024-09-01,2024-11-01,0,0,0,0,0,0,0,0,0,1,1,1,1,1,1,1,1,1,1,1,1,1,1,0,0,1,1,1,1,1,1,1,1,1,4.93578946138241,12,TRUE,3.43132964861317,2.78986733112177,0.641462317491401,0,33.8943
"SARIMA","Zomba",3,"month","incidence",2024-09-01,2024-12-01,0,0,0,0,0,0,0,0,0,0,0,0,0,0,0,1,1,1,1,1,1,1,1,0,0,0,1,1,1,1,1,1,1,1,7.29010519126639,12,TRUE,4.50553287263685,3.32353133087424,0,1.18200154176261,48.4267
"SARIMA","Balaka",1,"month","incidence",2024-10-01,2024-11-01,0,0,0,0,0,0,0,1,1,1,1,1,1,1,1,1,1,1,1,1,1,1,1,0,0,0,0,1,1,1,1,1,1,1,6.30603742696564,12,TRUE,3.53267486030525,2.27599329386438,1.25668156644087,0,9.776
"SARIMA","Balaka",2,"month","incidence",2024-10-01,2024-12-01,0,0,0,0,0,0,0,0,0,1,1,1,1,1,1,1,1,1,1,1,1,1,1,0,0,1,1,1,1,1,1,1,1,1,5.36096990377392,12,TRUE,3.66275669538342,2.9622246656226,0.700532029760826,0,14.4188
"SARIMA","Blantyre",1,"month","incidence",2024-10-01,2024-11-01,0,0,0,0,0,0,0,0,0,0,1,1,1,1,1,1,1,1,1,1,1,1,1,0,1,1,1,1,1,1,1,1,1,1,1.34301500037351,12,TRUE,1.59500158051929,1.49657682740833,0.0984247531109544,0,19.0096
"SARIMA","Blantyre",2,"month","incidence",2024-10-01,2024-12-01,0,0,0,0,0,0,0,0,0,0,0,0,0,0,0,0,0,0,0,1,1,1,1,0,0,0,0,0,0,0,1,1,1,1,8.56268499962649,12,TRUE,4.62183532224084,1.69172389904609,0,2.93011142319475,25.4673
"SARIMA","Chikwawa",1,"month","incidence",2024-10-01,2024-11-01,0,0,0,0,0,0,0,0,0,0,0,0,0,0,1,1,1,1,1,1,1,1,1,0,0,1,1,1,1,1,1,1,1,1,2.91627920899433,12,TRUE,2.21947098872539,1.87977783153012,0,0.339693157195271,16.0703
"SARIMA","Chikwawa",2,"month","incidence",2024-10-01,2024-12-01,0,0,0,0,0,0,0,0,0,0,0,0,0,0,0,0,0,1,1,1,1,1,1,0,0,0,0,0,1,1,1,1,1,1,8.16783670777778,12,TRUE,4.14489091061876,1.99024889770916,0,2.1546420129096,15.585
"SARIMA","Chiradzulu",1,"month","incidence",2024-10-01,2024-11-01,0,0,0,0,0,1,1,1,1,1,1,1,1,1,1,1,1,1,1,1,1,1,1,0,0,0,0,0,0,1,1,1,1,1,8.28581069593949,12,TRUE,4.3762412305677,2.05136146873458,2.32487976183312,0,8.7482
"SARIMA","Chiradzulu",2,"month","incidence",2024-10-01,2024-12-01,0,0,0,0,0,0,0,0,1,1,1,1,1,1,1,1,1,1,1,1,1,1,1,0,0,0,1,1,1,1,1,1,1,1,6.35861146049463,12,TRUE,3.80246638202921,2.71687049026469,1.08559589176451,0,17.7739
"SARIMA","Chitipa",1,"month","incidence",2024-10-01,2024-11-01,0,0,0,0,0,0,0,0,0,0,0,0,0,0,0,0,0,1,1,1,1,1,1,0,0,0,0,0,1,1,1,1,1,1,6.51258236317909,12,TRUE,3.45901790084828,1.76442991967397,0,1.6945879811743,21.0527
"SARIMA","Chitipa",2,"month","incidence",2024-10-01,2024-12-01,0,0,0,0,0,0,0,0,0,0,0,0,0,0,0,0,0,0,0,0,0,1,1,0,0,0,0,0,0,0,0,0,1,1,18.2247085870972,12,TRUE,11.2761405537262,2.1161625576353,0,9.1599779960909,33.966
"SARIMA","Dedza",1,"month","incidence",2024-10-01,2024-11-01,0,0,0,0,0,0,0,0,1,1,1,1,1,1,1,1,1,1,1,1,1,1,1,0,0,0,1,1,1,1,1,1,1,1,2.35952635517035,12,TRUE,1.59081290585836,1.26833414557254,0.322478760285818,0,15.4524
"SARIMA","Dedza",2,"month","incidence",2024-10-01,2024-12-01,0,0,0,0,0,0,0,0,0,0,0,0,0,0,0,0,0,0,1,1,1,1,1,0,0,0,0,0,0,1,1,1,1,1,5.80192722049915,12,TRUE,3.07927579228571,1.38267270776273,0,1.69660308452298,25.3848
"SARIMA","Dowa",1,"month","incidence",2024-10-01,2024-11-01,0,0,0,0,0,0,0,0,0,0,1,1,1,1,1,1,1,1,1,1,1,1,1,0,1,1,1,1,1,1,1,1,1,1,2.6587,12,TRUE,2.82973606473844,2.61716918523883,0.212566879499611,0,34.4705
"SARIMA","Dowa",2,"month","incidence",2024-10-01,2024-12-01,0,0,0,0,0,0,0,0,0,0,0,0,0,0,0,0,1,1,1,1,1,1,1,0,0,0,0,1,1,1,1,1,1,1,10.004,12,TRUE,5.66550426426967,3.69756638139217,0,1.9679378828775,46.1951
"SARIMA","Karonga",1,"month","incidence",2024-10-01,2024-11-01,0,0,0,0,0,0,0,0,1,1,1,1,1,1,1,1,1,1,1,1,1,1,1,0,0,0,1,1,1,1,1,1,1,1,3.50842081427662,12,TRUE,2.18316406102041,1.6210445208986,0.562119540121807,0,30.227
"SARIMA","Karonga",2,"month","incidence",2024-10-01,2024-12-01,0,0,0,0,0,0,0,0,1,1,1,1,1,1,1,1,1,1,1,1,1,1,1,0,0,0,1,1,1,1,1,1,1,1,4.15682686497461,12,TRUE,2.52818357976278,1.83567332965217,0.692510250110608,0,25.8609
"SARIMA","Kasungu",1,"month","incidence",2024-10-01,2024-11-01,0,0,0,0,0,0,0,0,0,1,1,1,1,1,1,1,1,1,1,1,1,1,1,0,0,1,1,1,1,1,1,1,1,1,5.12566941832718,12,TRUE,3.72762405158484,3.09154718285104,0.636076868733803,0,37.2078
"SARIMA","Kasungu",2,"month","incidence",2024-10-01,2024-12-01,0,0,0,0,0,0,0,0,0,0,0,0,1,1,1,1,1,1,1,1,1,1,1,1,1,1,1,1,1,1,1,1,1,1,0.276351189286629,12,TRUE,3.79091259812703,3.77889732902761,0,0.0120152690994187,41.7676
"SARIMA","Likoma",1,"month","incidence",2024-10-01,2024-11-01,0,0,0,0,0,0,0,0,0,1,1,1,1,1,1,1,1,1,1,1,1,1,1,0,0,1,1,1,1,1,1,1,1,1,4.17395695343843,12,TRUE,3.00541723947333,2.48463166334131,0.520785576132023,0,15.2129
"SARIMA","Likoma",2,"month","incidence",2024-10-01,2024-12-01,0,0,0,0,0,0,1,1,1,1,1,1,1,1,1,1,1,1,1,1,1,1,1,0,0,0,0,0,1,1,1,1,1,1,11.8798705855169,12,TRUE,6.30008828536188,3.33055084843102,2.96953743693086,0,9.6307
"SARIMA","Lilongwe",1,"month","incidence",2024-10-01,2024-11-01,0,0,0,0,0,0,0,0,0,0,0,0,1,1,1,1,1,1,1,1,1,1,1,1,1,1,1,1,1,1,1,1,1,1,0.104600000000001,12,TRUE,1.63012576476073,1.62557793867377,0,0.00454782608695658,20.9438
"SARIMA","Lilongwe",2,"month","incidence",2024-10-01,2024-12-01,0,0,0,0,0,0,0,0,0,0,0,0,0,0,0,0,0,1,1,1,1,1,1,0,0,0,0,0,1,1,1,1,1,1,8.2394,12,TRUE,4.39628471168765,2.29764243663121,0,2.09864227505644,31.877
"SARIMA","Machinga",1,"month","incidence",2024-10-01,2024-11-01,0,0,0,0,0,0,0,0,1,1,1,1,1,1,1,1,1,1,1,1,1,1,1,0,0,0,1,1,1,1,1,1,1,1,4.2812235033018,12,TRUE,2.60752617887683,1.89596234239058,0.711563836486249,0,21.3187
"SARIMA","Machinga",2,"month","incidence",2024-10-01,2024-12-01,0,0,0,0,0,0,0,0,0,1,1,1,1,1,1,1,1,1,1,1,1,1,1,0,0,1,1,1,1,1,1,1,1,1,2.9829748561848,12,TRUE,2.53026308627274,2.22612651338257,0.304136572890166,0,25.2573
"SARIMA","Mangochi",1,"month","incidence",2024-10-01,2024-11-01,0,0,0,0,0,0,0,0,0,0,0,0,0,1,1,1,1,1,1,1,1,1,1,0,1,1,1,1,1,1,1,1,1,1,0.859608353049801,12,TRUE,1.17896588106719,1.12451308527023,0,0.0544527957969661,20.9624
"SARIMA","Mangochi",2,"month","incidence",2024-10-01,2024-12-01,0,0,0,0,0,0,0,0,1,1,1,1,1,1,1,1,1,1,1,1,1,1,1,0,0,0,1,1,1,1,1,1,1,1,2.68579224383002,12,TRUE,1.82131427851215,1.45901828222292,0.362295996289232,0,18.2915
"SARIMA","Mchinji",1,"month","incidence",2024-10-01,2024-11-01,0,0,0,0,0,0,0,0,0,0,1,1,1,1,1,1,1,1,1,1,1,1,1,0,1,1,1,1,1,1,1,1,1,1,2.74143926539912,12,TRUE,3.1456579179292,2.9387932742044,0.206864643724801,0,34.0772
"SARIMA","Mchinji",2,"month","incidence",2024-10-01,2024-12-01,0,0,0,0,0,0,0,0,0,0,0,0,0,0,0,0,1,1,1,1,1,1,1,0,0,0,0,1,1,1,1,1,1,1,13.0408414043037,12,TRUE,7.06492030856011,4.14152082736774,0,2.92339948119238,55.4455
"SARIMA","Mulanje",1,"month","incidence",2024-10-01,2024-11-01,0,0,0,0,0,0,0,0,0,0,0,0,1,1,1,1,1,1,1,1,1,1,1,1,1,1,1,1,1,1,1,1,1,1,0.0829783099429804,12,TRUE,1.92822744154591,1.92461968893969,0,0.00360775260621654,46.8753
"SARIMA","Mulanje",2,"month","incidence",2024-10-01,2024-12-01,0,0,0,0,0,0,0,0,0,0,0,0,0,0,0,0,0,0,0,0,1,1,1,0,0,0,0,0,0,0,0,1,1,1,17.3533405784502,12,TRUE,10.2036043025927,2.404654754702,0,7.79894954789071,69.9528
"SARIMA","Mwanza",1,"month","incidence",2024-10-01,2024-11-01,0,0,0,0,0,0,0,0,0,0,0,0,0,0,1,1,1,1,1,1,1,1,1,0,0,1,1,1,1,1,1,1,1,1,5.80943510344161,12,TRUE,4.58581955421184,3.93093392535105,0,0.654885628860785,58.3528
"SARIMA","Mwanza",2,"month","incidence",2024-10-01,2024-12-01,0,0,0,0,0,0,0,0,0,0,0,0,0,0,0,1,1,1,1,1,1,1,1,0,0,0,1,1,1,1,1,1,1,1,10.4767969501723,12,TRUE,6.50182496652821,4.81529381693874,0,1.68653114958947,70.4018
"SARIMA","Mzimba",1,"month","incidence",2024-10-01,2024-11-01,0,0,0,0,0,0,0,0,0,0,0,0,0,0,0,1,1,1,1,1,1,1,1,0,0,0,1,1,1,1,1,1,1,1,5.74043156585482,12,TRUE,3.3941556044837,2.39881178768562,0,0.995343816798087,25.4374
"SARIMA","Mzimba",2,"month","incidence",2024-10-01,2024-12-01,0,0,0,0,0,0,0,0,0,0,0,0,0,0,0,0,1,1,1,1,1,1,1,0,0,0,0,1,1,1,1,1,1,1,7.14463156585482,12,TRUE,4.08102214373372,2.71448855080823,0,1.36653359292549,33.5285
"SARIMA","Neno",1,"month","incidence",2024-10-01,2024-11-01,0,0,0,0,0,0,0,0,0,0,0,0,0,0,0,1,1,1,1,1,1,1,1,0,0,0,1,1,1,1,1,1,1,1,11.3687229518553,12,TRUE,7.30972546207389,5.5949365031893,0,1.71478895888459,74.1401
"SARIMA","Neno",2,"month","incidence",2024-10-01,2024-12-01,0,0,0,0,0,0,0,0,0,0,0,0,0,0,0,0,0,0,1,1,1,1,1,0,0,0,0,0,0,1,1,1,1,1,37.6933801630956,12,TRUE,20.1600152922087,7.91243508342661,0,12.2475802087821,140.7174
"SARIMA","Nkhatabay",1,"month","incidence",2024-10-01,2024-11-01,0,0,0,0,0,0,0,0,0,0,0,1,1,1,1,1,1,1,1,1,1,1,1,1,1,1,1,1,1,1,1,1,1,1,0.746616016822756,12,TRUE,3.07443241432818,3.04197084837936,0.0324615659488155,0,101.4993
"SARIMA","Nkhatabay",2,"month","incidence",2024-10-01,2024-12-01,0,0,0,0,0,1,1,1,1,1,1,1,1,1,1,1,1,1,1,1,1,1,1,0,0,0,0,0,0,1,1,1,1,1,15.8619982712603,12,TRUE,8.40238901908714,3.89138675264239,4.51100226644475,0,81.554
"SARIMA","Nkhotakota",1,"month","incidence",2024-10-01,2024-11-01,0,0,0,0,0,0,0,0,0,0,0,0,0,1,1,1,1,1,1,1,1,1,1,0,1,1,1,1,1,1,1,1,1,1,2.7651481410965,12,TRUE,2.79951552946072,2.57067993424218,0,0.228835595218544,62.8758
"SARIMA","Nkhotakota",2,"month","incidence",2024-10-01,2024-12-01,0,0,0,0,0,1,1,1,1,1,1,1,1,1,1,1,1,1,1,1,1,1,1,0,0,0,0,0,0,1,1,1,1,1,17.6050659579261,12,TRUE,9.42462969065283,3.63549042752567,5.78913926312717,0,39.2685
"SARIMA","Nsanje",1,"month","incidence",2024-10-01,2024-11-01,0,0,0,0,0,0,0,0,0,0,0,0,0,0,0,0,0,1,1,1,1,1,1,0,0,0,0,0,1,1,1,1,1,1,7.59124628010969,12,TRUE,4.023069679063,1.99714499656879,0,2.02592468249421,25.1467
"SARIMA","Nsanje",2,"month","incidence",2024-10-01,2024-12-01,0,0,0,0,0,0,0,0,0,0,1,1,1,1,1,1,1,1,1,1,1,1,1,0,1,1,1,1,1,1,1,1,1,1,2.77983159382264,12,TRUE,2.75231649518932,2.51981652374161,0.232499971447707,0,16.5929
"SARIMA","Ntcheu",1,"month","incidence",2024-10-01,2024-11-01,0,0,0,0,0,0,0,0,0,0,0,0,0,1,1,1,1,1,1,1,1,1,1,0,1,1,1,1,1,1,1,1,1,1,1.49833233437994,12,TRUE,2.02187388580923,1.92616995509906,0,0.095703930710175,15.5871
"SARIMA","Ntcheu",2,"month","incidence",2024-10-01,2024-12-01,0,0,0,0,0,0,0,0,0,0,0,0,0,0,0,1,1,1,1,1,1,1,1,0,0,0,1,1,1,1,1,1,1,1,4.94845282537002,12,TRUE,3.14095355763774,2.38016342202832,0,0.760790135609421,25.1458
"SARIMA","Ntchisi",1,"month","incidence",2024-10-01,2024-11-01,0,0,0,0,0,0,0,0,0,0,1,1,1,1,1,1,1,1,1,1,1,1,1,0,1,1,1,1,1,1,1,1,1,1,3.51840376007824,12,TRUE,3.44713691563645,3.14974776138444,0.297389154252012,0,82.3913
"SARIMA","Ntchisi",2,"month","incidence",2024-10-01,2024-12-01,0,0,0,0,0,0,0,0,0,0,0,0,0,0,0,0,1,1,1,1,1,1,1,0,0,0,0,1,1,1,1,1,1,1,10.8101314531834,12,TRUE,6.10014095980579,3.94493312967975,0,2.15520783012604,115.1461
"SARIMA","Phalombe",1,"month","incidence",2024-10-01,2024-11-01,0,0,0,0,0,0,0,0,0,0,0,0,1,1,1,1,1,1,1,1,1,1,1,1,1,1,1,1,1,1,1,1,1,1,0.665906644879092,12,TRUE,1.34155944730482,1.31260698448399,0,0.0289524628208301,9.4784
"SARIMA","Phalombe",2,"month","incidence",2024-10-01,2024-12-01,0,0,0,0,0,0,0,0,0,0,0,0,0,0,0,0,0,1,1,1,1,1,1,0,0,0,0,0,1,1,1,1,1,1,6.66363844844025,12,TRUE,3.52128190894842,1.94558253302552,0,1.5756993759229,17.0178
"SARIMA","Rumphi",1,"month","incidence",2024-10-01,2024-11-01,0,0,0,0,0,0,0,0,0,0,0,0,0,0,0,0,1,1,1,1,1,1,1,0,0,0,0,1,1,1,1,1,1,1,6.93809430099039,12,TRUE,3.817148208852,2.37060344392358,0,1.44654476492842,21.9707
"SARIMA","Rumphi",2,"month","incidence",2024-10-01,2024-12-01,0,0,0,0,0,0,0,0,0,0,0,0,0,0,0,0,0,0,0,0,1,1,1,0,0,0,0,0,0,0,0,1,1,1,20.5280813577935,12,TRUE,11.3890209227161,3.34636035957516,0,8.0426605631409,40.9999
"SARIMA","Salima",1,"month","incidence",2024-10-01,2024-11-01,0,0,0,0,0,0,0,0,0,0,0,0,0,0,0,1,1,1,1,1,1,1,1,0,0,0,1,1,1,1,1,1,1,1,6.58690514301067,12,TRUE,4.16454485630572,3.15318116061321,0,1.01136369569251,29.5214
"SARIMA","Salima",2,"month","incidence",2024-10-01,2024-12-01,0,0,0,0,0,0,0,0,0,0,0,0,1,1,1,1,1,1,1,1,1,1,1,1,1,1,1,1,1,1,1,1,1,1,1.02833962007219,12,TRUE,3.74375433222064,3.69904391395663,0,0.0447104182640083,20.1801
"SARIMA","Thyolo",1,"month","incidence",2024-10-01,2024-11-01,0,0,0,0,0,0,0,0,0,0,0,0,0,0,0,1,1,1,1,1,1,1,1,0,0,0,1,1,1,1,1,1,1,1,2.64552450872723,12,TRUE,1.59864523959081,1.15321334199898,0,0.445431897591825,24.8329
"SARIMA","Thyolo",2,"month","incidence",2024-10-01,2024-12-01,0,0,0,0,0,0,0,0,0,0,0,0,0,0,0,0,0,0,0,0,0,1,1,0,0,0,0,0,0,0,0,0,1,1,12.7892245087272,12,TRUE,8.10661437076775,1.39523082768494,0,6.71138354308281,37.626
"SARIMA","Zomba",1,"month","incidence",2024-10-01,2024-11-01,0,0,0,0,0,0,0,0,0,0,0,0,0,1,1,1,1,1,1,1,1,1,1,0,1,1,1,1,1,1,1,1,1,1,1.58546092142308,12,TRUE,2.33439366172366,2.24260517986413,0,0.0917884818595287,33.8943
"SARIMA","Zomba",2,"month","incidence",2024-10-01,2024-12-01,0,0,0,0,0,0,0,0,0,0,0,0,0,0,0,0,0,0,1,1,1,1,1,0,0,0,0,0,0,1,1,1,1,1,13.4726382034437,12,TRUE,7.20456956206156,2.83618869029446,0,4.36838087176711,48.4267
"SARIMA","Balaka",1,"month","incidence",2024-11-01,2024-12-01,0,0,0,0,0,0,0,0,0,0,0,0,1,1,1,1,1,1,1,1,1,1,1,1,1,1,1,1,1,1,1,1,1,1,0.780793360102505,12,TRUE,2.28223137081328,2.24828383341752,0,0.0339475373957611,14.4188
"SARIMA","Blantyre",1,"month","incidence",2024-11-01,2024-12-01,0,0,0,0,0,0,0,0,0,0,0,0,0,0,0,0,0,0,0,0,1,1,1,0,0,0,0,0,0,0,0,1,1,1,9.2017085569234,12,TRUE,5.17439258946812,1.4915388556934,0,3.68285373377472,25.4673
"SARIMA","Chikwawa",1,"month","incidence",2024-11-01,2024-12-01,0,0,0,0,0,0,0,0,0,0,0,0,0,0,0,1,1,1,1,1,1,1,1,0,0,0,1,1,1,1,1,1,1,1,4.23445073819678,12,TRUE,2.53441306970241,1.8254949453945,0,0.708918124307906,15.585
"SARIMA","Chiradzulu",1,"month","incidence",2024-11-01,2024-12-01,0,0,0,0,0,0,0,0,0,0,0,0,0,1,1,1,1,1,1,1,1,1,1,0,1,1,1,1,1,1,1,1,1,1,1.54650065188136,12,TRUE,2.10849213521408,2.01040017521478,0,0.0980919599993017,17.7739
"SARIMA","Chitipa",1,"month","incidence",2024-11-01,2024-12-01,0,0,0,0,0,0,0,0,0,0,0,0,0,0,0,0,0,0,0,0,1,1,1,0,0,0,0,0,0,0,0,1,1,1,11.4536615397117,12,TRUE,6.44171528088318,1.85570588258897,0,4.58600939829421,33.966
"SARIMA","Dedza",1,"month","incidence",2024-11-01,2024-12-01,0,0,0,0,0,0,0,0,0,0,0,0,0,0,0,0,0,0,0,0,1,1,1,0,0,0,0,0,0,0,0,1,1,1,8.49086993956956,12,TRUE,4.99142502585681,1.17761540085627,0,3.81380962500054,25.3848
"SARIMA","Dowa",1,"month","incidence",2024-11-01,2024-12-01,0,0,0,0,0,0,0,0,0,0,0,0,0,0,0,0,0,1,1,1,1,1,1,0,0,0,0,0,1,1,1,1,1,1,9.81814466351035,12,TRUE,5.19484848098491,2.51141274603077,0,2.68343573495414,46.1951
"SARIMA","Karonga",1,"month","incidence",2024-11-01,2024-12-01,0,0,0,0,0,0,0,0,0,1,1,1,1,1,1,1,1,1,1,1,1,1,1,0,0,1,1,1,1,1,1,1,1,1,2.24716532056662,12,TRUE,1.85903301701736,1.62130089056153,0.237732126455829,0,25.8609
"SARIMA","Kasungu",1,"month","incidence",2024-11-01,2024-12-01,0,0,0,0,0,0,0,0,0,0,0,0,0,0,1,1,1,1,1,1,1,1,1,0,0,1,1,1,1,1,1,1,1,1,3.79051325149796,12,TRUE,3.421880259444,3.07321987121831,0,0.348660388225696,41.7676
"SARIMA","Likoma",1,"month","incidence",2024-11-01,2024-12-01,0,0,0,0,0,0,1,1,1,1,1,1,1,1,1,1,1,1,1,1,1,1,1,0,0,0,0,0,1,1,1,1,1,1,8.01923059060527,12,TRUE,4.30484523092336,2.47143402652054,1.83341120440282,0,9.6307
"SARIMA","Lilongwe",1,"month","incidence",2024-11-01,2024-12-01,0,0,0,0,0,0,0,0,0,0,0,0,0,0,0,0,0,0,0,1,1,1,1,0,0,0,0,0,0,0,1,1,1,1,8.15812827978912,12,TRUE,4.41542479809847,1.59435449605291,0,2.82107030204556,31.877
"SARIMA","Machinga",1,"month","incidence",2024-11-01,2024-12-01,0,0,0,0,0,0,0,0,0,0,0,1,1,1,1,1,1,1,1,1,1,1,1,1,1,1,1,1,1,1,1,1,1,1,0.188057017472715,12,TRUE,1.89765704200399,1.88948064993996,0.0081763920640311,0,25.2573
"SARIMA","Mangochi",1,"month","incidence",2024-11-01,2024-12-01,0,0,0,0,0,0,0,1,1,1,1,1,1,1,1,1,1,1,1,1,1,1,1,0,0,0,0,1,1,1,1,1,1,1,3.46538772916651,12,TRUE,1.88792925173435,1.12205396286347,0.765875288870881,0,18.2915
"SARIMA","Mchinji",1,"month","incidence",2024-11-01,2024-12-01,0,0,0,0,0,0,0,0,0,0,0,0,0,0,0,0,0,0,0,1,1,1,1,0,0,0,0,0,0,0,1,1,1,1,16.2407412163371,12,TRUE,8.92037749720337,2.94424832718755,0,5.97612917001582,55.4455
"SARIMA","Mulanje",1,"month","incidence",2024-11-01,2024-12-01,0,0,0,0,0,0,0,0,0,0,0,0,0,0,0,0,0,0,0,0,0,0,1,0,0,0,0,0,0,0,0,0,0,1,17.7121124436313,12,TRUE,11.3328280056348,1.88887651860439,0,9.44395148703041,69.9528
"SARIMA","Mwanza",1,"month","incidence",2024-11-01,2024-12-01,0,0,0,0,0,0,0,0,0,0,0,0,0,0,1,1,1,1,1,1,1,1,1,0,0,1,1,1,1,1,1,1,1,1,6.39985148915656,12,TRUE,4.64774208661662,3.85234969744381,0,0.795392389172816,70.4018
"SARIMA","Mzimba",1,"month","incidence",2024-11-01,2024-12-01,0,0,0,0,0,0,0,0,0,0,0,0,0,0,1,1,1,1,1,1,1,1,1,0,0,1,1,1,1,1,1,1,1,1,4.1746388145804,12,TRUE,2.94872277892233,2.41469678662991,0,0.53402599229242,33.5285
"SARIMA","Neno",1,"month","incidence",2024-11-01,2024-12-01,0,0,0,0,0,0,0,0,0,0,0,0,0,0,0,0,0,0,1,1,1,1,1,0,0,0,0,0,0,1,1,1,1,1,26.3312728454852,12,TRUE,14.0758612116388,5.57723248608831,0,8.49862872555048,140.7174
"SARIMA","Nkhatabay",1,"month","incidence",2024-11-01,2024-12-01,0,0,0,1,1,1,1,1,1,1,1,1,1,1,1,1,1,1,1,1,1,1,1,0,0,0,0,0,0,0,0,1,1,1,19.9453,12,TRUE,11.2986134209242,3.15718104795696,8.14143237296725,0,81.554
"SARIMA","Nkhotakota",1,"month","incidence",2024-11-01,2024-12-01,0,0,1,1,1,1,1,1,1,1,1,1,1,1,1,1,1,1,1,1,1,1,1,0,0,0,0,0,0,0,0,0,1,1,20.6229849266215,12,TRUE,12.5445973211247,2.54925124177947,9.99534607934526,0,39.2685
"SARIMA","Nsanje",1,"month","incidence",2024-11-01,2024-12-01,0,0,0,0,0,1,1,1,1,1,1,1,1,1,1,1,1,1,1,1,1,1,1,0,0,0,0,0,0,1,1,1,1,1,8.7265079349545,12,TRUE,4.64083883565121,2.01473968287908,2.62609915277212,0,16.5929
"SARIMA","Ntcheu",1,"month","incidence",2024-11-01,2024-12-01,0,0,0,0,0,0,0,0,0,0,0,0,0,0,0,0,0,1,1,1,1,1,1,0,0,0,0,0,1,1,1,1,1,1,6.70945961865901,12,TRUE,3.58970797623619,1.92501962293446,0,1.66468835330173,25.1458
"SARIMA","Ntchisi",1,"month","incidence",2024-11-01,2024-12-01,0,0,0,0,0,0,0,0,0,0,0,0,0,0,0,0,0,0,1,1,1,1,1,0,0,0,0,0,0,1,1,1,1,1,13.4352222112313,12,TRUE,7.14442383593332,3.10569275338044,0,4.03873108255288,115.1461
"SARIMA","Phalombe",1,"month","incidence",2024-11-01,2024-12-01,0,0,0,0,0,0,0,0,0,0,0,0,0,0,0,0,0,0,1,1,1,1,1,0,0,0,0,0,0,1,1,1,1,1,5.90466989190592,12,TRUE,3.1410536308048,1.31632371245165,0,1.82472991835315,17.0178
"SARIMA","Rumphi",1,"month","incidence",2024-11-01,2024-12-01,0,0,0,0,0,0,0,0,0,0,0,0,0,0,0,0,0,0,0,1,1,1,1,0,0,0,0,0,0,0,1,1,1,1,13.5818297444983,12,TRUE,7.48344311763914,2.42082865887734,0,5.06261445876181,40.9999
"SARIMA","Salima",1,"month","incidence",2024-11-01,2024-12-01,0,0,0,0,0,0,0,0,0,0,0,0,1,1,1,1,1,1,1,1,1,1,1,1,1,1,1,1,1,1,1,1,1,1,1.55441559709609,12,TRUE,2.74778284519361,2.68019955836335,0,0.0675832868302647,20.1801
"SARIMA","Thyolo",1,"month","incidence",2024-11-01,2024-12-01,0,0,0,0,0,0,0,0,0,0,0,0,0,0,0,0,0,0,0,0,0,0,1,0,0,0,0,0,0,0,0,0,0,1,10.7377705134387,12,TRUE,7.00941722912329,1.09084704426266,0,5.91857018486063,37.626
"SARIMA","Zomba",1,"month","incidence",2024-11-01,2024-12-01,0,0,0,0,0,0,0,0,0,0,0,0,0,0,0,0,0,0,0,1,1,1,1,0,0,0,0,0,0,0,1,1,1,1,12.1448716287245,12,TRUE,6.67650688126928,2.19145849880243,0,4.48504838246685,48.4267
